ISO-10303-21;
HEADER;
/* Generated by software containing ST-Developer
 * from STEP Tools, Inc. (www.steptools.com) 
 */

FILE_DESCRIPTION(
/* description */ ('STEP AP203'),
/* implementation_level */ '2;1');

FILE_NAME(
/* name */ 'C:\\Users\\Artem\\Downloads\\panel_above.stp',
/* time_stamp */ '2026-05-28T07:12:45+03:00',
/* author */ ('\X2\0410044004420451043C\X0\'),
/* organization */ ('UNSPECIFIED'),
/* preprocessor_version */ 'ST-DEVELOPER v18.1',
/* originating_system */ 'Autodesk Inventor 2022',
/* authorisation */ '');

FILE_SCHEMA (('AUTOMOTIVE_DESIGN { 1 0 10303 214 3 1 1 }'));
ENDSEC;

DATA;
#10=MECHANICAL_DESIGN_GEOMETRIC_PRESENTATION_REPRESENTATION('',(#31,#32,
#33,#34,#35,#36,#37,#38,#39),#2567);
#11=GEOMETRICALLY_BOUNDED_WIREFRAME_SHAPE_REPRESENTATION('',(#12),#2566);
#12=GEOMETRIC_CURVE_SET('\X2\042D0441043A04380437\X0\5',(#16,#17,#18,#19,
#20,#21,#22,#23,#24,#25,#26,#27,#28,#29,#30,#2563));
#13=SHAPE_REPRESENTATION_RELATIONSHIP('SRR','None',#2574,#15);
#14=SHAPE_REPRESENTATION_RELATIONSHIP('SRR','None',#2574,#11);
#15=ADVANCED_BREP_SHAPE_REPRESENTATION('',(#40),#2566);
#16=POLYLINE('',(#2533,#2534));
#17=POLYLINE('',(#2535,#2536));
#18=POLYLINE('',(#2537,#2538));
#19=POLYLINE('',(#2539,#2540));
#20=POLYLINE('',(#2541,#2542));
#21=POLYLINE('',(#2543,#2544));
#22=POLYLINE('',(#2545,#2546));
#23=POLYLINE('',(#2547,#2548));
#24=POLYLINE('',(#2549,#2550));
#25=POLYLINE('',(#2551,#2552));
#26=POLYLINE('',(#2553,#2554));
#27=POLYLINE('',(#2555,#2556));
#28=POLYLINE('',(#2557,#2558));
#29=POLYLINE('',(#2559,#2560));
#30=POLYLINE('',(#2561,#2562));
#31=STYLED_ITEM('',(#2584),#40);
#32=STYLED_ITEM('',(#2585),#16);
#33=STYLED_ITEM('',(#2586),#19);
#34=STYLED_ITEM('',(#2585),#21);
#35=STYLED_ITEM('',(#2586),#23);
#36=STYLED_ITEM('',(#2585),#26);
#37=STYLED_ITEM('',(#2586),#28);
#38=STYLED_ITEM('',(#2586),#29);
#39=STYLED_ITEM('',(#2586),#30);
#40=MANIFOLD_SOLID_BREP('\X2\04220432043504400434043E0435\X0\ \X2\04420435043B043E\X0\1',
#1513);
#41=FACE_BOUND('',#226,.T.);
#42=FACE_BOUND('',#243,.T.);
#43=FACE_BOUND('',#244,.T.);
#44=FACE_BOUND('',#245,.T.);
#45=FACE_BOUND('',#246,.T.);
#46=FACE_BOUND('',#247,.T.);
#47=FACE_BOUND('',#248,.T.);
#48=FACE_BOUND('',#249,.T.);
#49=FACE_BOUND('',#250,.T.);
#50=FACE_BOUND('',#251,.T.);
#51=FACE_BOUND('',#252,.T.);
#52=FACE_BOUND('',#253,.T.);
#53=FACE_BOUND('',#254,.T.);
#54=FACE_BOUND('',#255,.T.);
#55=FACE_BOUND('',#256,.T.);
#56=FACE_BOUND('',#257,.T.);
#57=FACE_BOUND('',#258,.T.);
#58=FACE_BOUND('',#259,.T.);
#59=FACE_BOUND('',#260,.T.);
#60=FACE_BOUND('',#261,.T.);
#61=FACE_BOUND('',#266,.T.);
#62=FACE_BOUND('',#267,.T.);
#63=FACE_BOUND('',#268,.T.);
#64=FACE_BOUND('',#269,.T.);
#65=FACE_BOUND('',#270,.T.);
#66=FACE_BOUND('',#271,.T.);
#67=FACE_BOUND('',#272,.T.);
#68=FACE_BOUND('',#273,.T.);
#69=FACE_BOUND('',#274,.T.);
#70=FACE_BOUND('',#275,.T.);
#71=FACE_BOUND('',#276,.T.);
#72=FACE_BOUND('',#277,.T.);
#73=FACE_BOUND('',#278,.T.);
#74=FACE_BOUND('',#279,.T.);
#75=FACE_BOUND('',#280,.T.);
#76=FACE_BOUND('',#281,.T.);
#77=FACE_BOUND('',#282,.T.);
#78=FACE_BOUND('',#283,.T.);
#79=FACE_BOUND('',#284,.T.);
#80=FACE_BOUND('',#285,.T.);
#81=FACE_BOUND('',#286,.T.);
#82=FACE_BOUND('',#287,.T.);
#83=FACE_BOUND('',#288,.T.);
#84=FACE_BOUND('',#289,.T.);
#85=PLANE('',#1539);
#86=PLANE('',#1540);
#87=PLANE('',#1541);
#88=PLANE('',#1542);
#89=PLANE('',#1546);
#90=PLANE('',#1547);
#91=PLANE('',#1548);
#92=PLANE('',#1549);
#93=PLANE('',#1553);
#94=PLANE('',#1554);
#95=PLANE('',#1555);
#96=PLANE('',#1556);
#97=PLANE('',#1578);
#98=PLANE('',#1579);
#99=PLANE('',#1583);
#100=PLANE('',#1585);
#101=PLANE('',#1587);
#102=PLANE('',#1589);
#103=PLANE('',#1591);
#104=PLANE('',#1593);
#105=PLANE('',#1595);
#106=PLANE('',#1602);
#107=PLANE('',#1605);
#108=PLANE('',#1608);
#109=PLANE('',#1611);
#110=PLANE('',#1612);
#111=PLANE('',#1626);
#112=PLANE('',#1627);
#113=PLANE('',#1628);
#114=PLANE('',#1629);
#115=PLANE('',#1652);
#116=PLANE('',#1653);
#117=PLANE('',#1654);
#118=PLANE('',#1655);
#119=PLANE('',#1660);
#120=PLANE('',#1662);
#121=PLANE('',#1664);
#122=PLANE('',#1668);
#123=PLANE('',#1669);
#124=FACE_OUTER_BOUND('',#200,.T.);
#125=FACE_OUTER_BOUND('',#201,.T.);
#126=FACE_OUTER_BOUND('',#202,.T.);
#127=FACE_OUTER_BOUND('',#203,.T.);
#128=FACE_OUTER_BOUND('',#204,.T.);
#129=FACE_OUTER_BOUND('',#205,.T.);
#130=FACE_OUTER_BOUND('',#206,.T.);
#131=FACE_OUTER_BOUND('',#207,.T.);
#132=FACE_OUTER_BOUND('',#208,.T.);
#133=FACE_OUTER_BOUND('',#209,.T.);
#134=FACE_OUTER_BOUND('',#210,.T.);
#135=FACE_OUTER_BOUND('',#211,.T.);
#136=FACE_OUTER_BOUND('',#212,.T.);
#137=FACE_OUTER_BOUND('',#213,.T.);
#138=FACE_OUTER_BOUND('',#214,.T.);
#139=FACE_OUTER_BOUND('',#215,.T.);
#140=FACE_OUTER_BOUND('',#216,.T.);
#141=FACE_OUTER_BOUND('',#217,.T.);
#142=FACE_OUTER_BOUND('',#218,.T.);
#143=FACE_OUTER_BOUND('',#219,.T.);
#144=FACE_OUTER_BOUND('',#220,.T.);
#145=FACE_OUTER_BOUND('',#221,.T.);
#146=FACE_OUTER_BOUND('',#222,.T.);
#147=FACE_OUTER_BOUND('',#223,.T.);
#148=FACE_OUTER_BOUND('',#224,.T.);
#149=FACE_OUTER_BOUND('',#225,.T.);
#150=FACE_OUTER_BOUND('',#227,.T.);
#151=FACE_OUTER_BOUND('',#228,.T.);
#152=FACE_OUTER_BOUND('',#229,.T.);
#153=FACE_OUTER_BOUND('',#230,.T.);
#154=FACE_OUTER_BOUND('',#231,.T.);
#155=FACE_OUTER_BOUND('',#232,.T.);
#156=FACE_OUTER_BOUND('',#233,.T.);
#157=FACE_OUTER_BOUND('',#234,.T.);
#158=FACE_OUTER_BOUND('',#235,.T.);
#159=FACE_OUTER_BOUND('',#236,.T.);
#160=FACE_OUTER_BOUND('',#237,.T.);
#161=FACE_OUTER_BOUND('',#238,.T.);
#162=FACE_OUTER_BOUND('',#239,.T.);
#163=FACE_OUTER_BOUND('',#240,.T.);
#164=FACE_OUTER_BOUND('',#241,.T.);
#165=FACE_OUTER_BOUND('',#242,.T.);
#166=FACE_OUTER_BOUND('',#262,.T.);
#167=FACE_OUTER_BOUND('',#263,.T.);
#168=FACE_OUTER_BOUND('',#264,.T.);
#169=FACE_OUTER_BOUND('',#265,.T.);
#170=FACE_OUTER_BOUND('',#290,.T.);
#171=FACE_OUTER_BOUND('',#291,.T.);
#172=FACE_OUTER_BOUND('',#292,.T.);
#173=FACE_OUTER_BOUND('',#293,.T.);
#174=FACE_OUTER_BOUND('',#294,.T.);
#175=FACE_OUTER_BOUND('',#295,.T.);
#176=FACE_OUTER_BOUND('',#296,.T.);
#177=FACE_OUTER_BOUND('',#297,.T.);
#178=FACE_OUTER_BOUND('',#298,.T.);
#179=FACE_OUTER_BOUND('',#299,.T.);
#180=FACE_OUTER_BOUND('',#300,.T.);
#181=FACE_OUTER_BOUND('',#301,.T.);
#182=FACE_OUTER_BOUND('',#302,.T.);
#183=FACE_OUTER_BOUND('',#303,.T.);
#184=FACE_OUTER_BOUND('',#304,.T.);
#185=FACE_OUTER_BOUND('',#305,.T.);
#186=FACE_OUTER_BOUND('',#306,.T.);
#187=FACE_OUTER_BOUND('',#307,.T.);
#188=FACE_OUTER_BOUND('',#308,.T.);
#189=FACE_OUTER_BOUND('',#309,.T.);
#190=FACE_OUTER_BOUND('',#310,.T.);
#191=FACE_OUTER_BOUND('',#311,.T.);
#192=FACE_OUTER_BOUND('',#312,.T.);
#193=FACE_OUTER_BOUND('',#313,.T.);
#194=FACE_OUTER_BOUND('',#314,.T.);
#195=FACE_OUTER_BOUND('',#315,.T.);
#196=FACE_OUTER_BOUND('',#316,.T.);
#197=FACE_OUTER_BOUND('',#317,.T.);
#198=FACE_OUTER_BOUND('',#318,.T.);
#199=FACE_OUTER_BOUND('',#319,.T.);
#200=EDGE_LOOP('',(#992,#993,#994,#995));
#201=EDGE_LOOP('',(#996,#997,#998,#999));
#202=EDGE_LOOP('',(#1000,#1001,#1002,#1003));
#203=EDGE_LOOP('',(#1004,#1005,#1006,#1007));
#204=EDGE_LOOP('',(#1008,#1009,#1010,#1011));
#205=EDGE_LOOP('',(#1012,#1013,#1014,#1015));
#206=EDGE_LOOP('',(#1016,#1017,#1018,#1019));
#207=EDGE_LOOP('',(#1020,#1021,#1022,#1023));
#208=EDGE_LOOP('',(#1024,#1025,#1026,#1027));
#209=EDGE_LOOP('',(#1028,#1029,#1030,#1031));
#210=EDGE_LOOP('',(#1032,#1033,#1034,#1035));
#211=EDGE_LOOP('',(#1036,#1037,#1038,#1039));
#212=EDGE_LOOP('',(#1040,#1041,#1042,#1043));
#213=EDGE_LOOP('',(#1044,#1045,#1046,#1047));
#214=EDGE_LOOP('',(#1048,#1049,#1050,#1051,#1052,#1053));
#215=EDGE_LOOP('',(#1054,#1055,#1056,#1057,#1058,#1059));
#216=EDGE_LOOP('',(#1060,#1061,#1062,#1063));
#217=EDGE_LOOP('',(#1064,#1065,#1066,#1067));
#218=EDGE_LOOP('',(#1068,#1069,#1070,#1071));
#219=EDGE_LOOP('',(#1072,#1073,#1074,#1075));
#220=EDGE_LOOP('',(#1076,#1077,#1078,#1079));
#221=EDGE_LOOP('',(#1080,#1081,#1082,#1083));
#222=EDGE_LOOP('',(#1084,#1085,#1086,#1087));
#223=EDGE_LOOP('',(#1088,#1089,#1090,#1091));
#224=EDGE_LOOP('',(#1092,#1093,#1094,#1095));
#225=EDGE_LOOP('',(#1096,#1097,#1098,#1099,#1100,#1101,#1102,#1103,#1104));
#226=EDGE_LOOP('',(#1105));
#227=EDGE_LOOP('',(#1106));
#228=EDGE_LOOP('',(#1107));
#229=EDGE_LOOP('',(#1108));
#230=EDGE_LOOP('',(#1109));
#231=EDGE_LOOP('',(#1110));
#232=EDGE_LOOP('',(#1111));
#233=EDGE_LOOP('',(#1112,#1113,#1114,#1115,#1116,#1117,#1118,#1119));
#234=EDGE_LOOP('',(#1120,#1121,#1122,#1123));
#235=EDGE_LOOP('',(#1124,#1125,#1126,#1127));
#236=EDGE_LOOP('',(#1128,#1129,#1130,#1131));
#237=EDGE_LOOP('',(#1132,#1133,#1134,#1135));
#238=EDGE_LOOP('',(#1136,#1137,#1138,#1139));
#239=EDGE_LOOP('',(#1140,#1141,#1142,#1143));
#240=EDGE_LOOP('',(#1144,#1145,#1146,#1147));
#241=EDGE_LOOP('',(#1148,#1149,#1150,#1151));
#242=EDGE_LOOP('',(#1152,#1153,#1154,#1155,#1156,#1157,#1158,#1159,#1160,
#1161,#1162,#1163,#1164,#1165,#1166,#1167,#1168,#1169));
#243=EDGE_LOOP('',(#1170));
#244=EDGE_LOOP('',(#1171));
#245=EDGE_LOOP('',(#1172));
#246=EDGE_LOOP('',(#1173,#1174,#1175,#1176));
#247=EDGE_LOOP('',(#1177));
#248=EDGE_LOOP('',(#1178,#1179,#1180,#1181));
#249=EDGE_LOOP('',(#1182));
#250=EDGE_LOOP('',(#1183,#1184,#1185,#1186));
#251=EDGE_LOOP('',(#1187));
#252=EDGE_LOOP('',(#1188));
#253=EDGE_LOOP('',(#1189));
#254=EDGE_LOOP('',(#1190));
#255=EDGE_LOOP('',(#1191));
#256=EDGE_LOOP('',(#1192));
#257=EDGE_LOOP('',(#1193));
#258=EDGE_LOOP('',(#1194));
#259=EDGE_LOOP('',(#1195));
#260=EDGE_LOOP('',(#1196));
#261=EDGE_LOOP('',(#1197));
#262=EDGE_LOOP('',(#1198,#1199,#1200,#1201));
#263=EDGE_LOOP('',(#1202,#1203,#1204,#1205));
#264=EDGE_LOOP('',(#1206,#1207,#1208,#1209));
#265=EDGE_LOOP('',(#1210,#1211,#1212,#1213,#1214,#1215,#1216,#1217,#1218,
#1219,#1220,#1221,#1222,#1223,#1224,#1225,#1226,#1227,#1228,#1229,#1230,
#1231,#1232,#1233,#1234,#1235,#1236,#1237,#1238));
#266=EDGE_LOOP('',(#1239));
#267=EDGE_LOOP('',(#1240));
#268=EDGE_LOOP('',(#1241));
#269=EDGE_LOOP('',(#1242,#1243,#1244,#1245));
#270=EDGE_LOOP('',(#1246));
#271=EDGE_LOOP('',(#1247,#1248,#1249,#1250));
#272=EDGE_LOOP('',(#1251));
#273=EDGE_LOOP('',(#1252));
#274=EDGE_LOOP('',(#1253));
#275=EDGE_LOOP('',(#1254));
#276=EDGE_LOOP('',(#1255));
#277=EDGE_LOOP('',(#1256));
#278=EDGE_LOOP('',(#1257));
#279=EDGE_LOOP('',(#1258));
#280=EDGE_LOOP('',(#1259));
#281=EDGE_LOOP('',(#1260,#1261,#1262,#1263,#1264,#1265,#1266,#1267));
#282=EDGE_LOOP('',(#1268));
#283=EDGE_LOOP('',(#1269));
#284=EDGE_LOOP('',(#1270));
#285=EDGE_LOOP('',(#1271));
#286=EDGE_LOOP('',(#1272));
#287=EDGE_LOOP('',(#1273));
#288=EDGE_LOOP('',(#1274));
#289=EDGE_LOOP('',(#1275));
#290=EDGE_LOOP('',(#1276,#1277,#1278,#1279));
#291=EDGE_LOOP('',(#1280,#1281,#1282,#1283));
#292=EDGE_LOOP('',(#1284,#1285,#1286,#1287));
#293=EDGE_LOOP('',(#1288,#1289,#1290,#1291));
#294=EDGE_LOOP('',(#1292,#1293,#1294,#1295,#1296,#1297,#1298,#1299));
#295=EDGE_LOOP('',(#1300,#1301,#1302,#1303));
#296=EDGE_LOOP('',(#1304,#1305,#1306,#1307));
#297=EDGE_LOOP('',(#1308,#1309,#1310,#1311));
#298=EDGE_LOOP('',(#1312,#1313,#1314,#1315));
#299=EDGE_LOOP('',(#1316,#1317,#1318,#1319));
#300=EDGE_LOOP('',(#1320,#1321,#1322,#1323));
#301=EDGE_LOOP('',(#1324,#1325,#1326,#1327));
#302=EDGE_LOOP('',(#1328,#1329,#1330,#1331));
#303=EDGE_LOOP('',(#1332,#1333,#1334,#1335));
#304=EDGE_LOOP('',(#1336,#1337,#1338,#1339));
#305=EDGE_LOOP('',(#1340,#1341,#1342,#1343));
#306=EDGE_LOOP('',(#1344,#1345,#1346,#1347));
#307=EDGE_LOOP('',(#1348,#1349,#1350,#1351));
#308=EDGE_LOOP('',(#1352,#1353,#1354,#1355));
#309=EDGE_LOOP('',(#1356,#1357,#1358,#1359));
#310=EDGE_LOOP('',(#1360,#1361,#1362,#1363));
#311=EDGE_LOOP('',(#1364,#1365,#1366,#1367));
#312=EDGE_LOOP('',(#1368,#1369,#1370,#1371));
#313=EDGE_LOOP('',(#1372,#1373,#1374,#1375));
#314=EDGE_LOOP('',(#1376,#1377,#1378,#1379));
#315=EDGE_LOOP('',(#1380,#1381,#1382,#1383));
#316=EDGE_LOOP('',(#1384,#1385,#1386,#1387));
#317=EDGE_LOOP('',(#1388,#1389,#1390,#1391));
#318=EDGE_LOOP('',(#1392,#1393,#1394,#1395));
#319=EDGE_LOOP('',(#1396,#1397,#1398,#1399));
#320=LINE('',#2121,#448);
#321=LINE('',#2127,#449);
#322=LINE('',#2133,#450);
#323=LINE('',#2138,#451);
#324=LINE('',#2140,#452);
#325=LINE('',#2142,#453);
#326=LINE('',#2143,#454);
#327=LINE('',#2146,#455);
#328=LINE('',#2148,#456);
#329=LINE('',#2149,#457);
#330=LINE('',#2152,#458);
#331=LINE('',#2154,#459);
#332=LINE('',#2155,#460);
#333=LINE('',#2157,#461);
#334=LINE('',#2158,#462);
#335=LINE('',#2163,#463);
#336=LINE('',#2168,#464);
#337=LINE('',#2170,#465);
#338=LINE('',#2172,#466);
#339=LINE('',#2173,#467);
#340=LINE('',#2176,#468);
#341=LINE('',#2178,#469);
#342=LINE('',#2179,#470);
#343=LINE('',#2182,#471);
#344=LINE('',#2184,#472);
#345=LINE('',#2185,#473);
#346=LINE('',#2187,#474);
#347=LINE('',#2188,#475);
#348=LINE('',#2193,#476);
#349=LINE('',#2198,#477);
#350=LINE('',#2200,#478);
#351=LINE('',#2202,#479);
#352=LINE('',#2203,#480);
#353=LINE('',#2206,#481);
#354=LINE('',#2208,#482);
#355=LINE('',#2210,#483);
#356=LINE('',#2212,#484);
#357=LINE('',#2213,#485);
#358=LINE('',#2217,#486);
#359=LINE('',#2219,#487);
#360=LINE('',#2220,#488);
#361=LINE('',#2222,#489);
#362=LINE('',#2223,#490);
#363=LINE('',#2225,#491);
#364=LINE('',#2226,#492);
#365=LINE('',#2231,#493);
#366=LINE('',#2237,#494);
#367=LINE('',#2243,#495);
#368=LINE('',#2249,#496);
#369=LINE('',#2255,#497);
#370=LINE('',#2261,#498);
#371=LINE('',#2267,#499);
#372=LINE('',#2271,#500);
#373=LINE('',#2273,#501);
#374=LINE('',#2274,#502);
#375=LINE('',#2277,#503);
#376=LINE('',#2281,#504);
#377=LINE('',#2285,#505);
#378=LINE('',#2310,#506);
#379=LINE('',#2314,#507);
#380=LINE('',#2318,#508);
#381=LINE('',#2321,#509);
#382=LINE('',#2324,#510);
#383=LINE('',#2327,#511);
#384=LINE('',#2330,#512);
#385=LINE('',#2331,#513);
#386=LINE('',#2334,#514);
#387=LINE('',#2338,#515);
#388=LINE('',#2339,#516);
#389=LINE('',#2342,#517);
#390=LINE('',#2346,#518);
#391=LINE('',#2348,#519);
#392=LINE('',#2349,#520);
#393=LINE('',#2352,#521);
#394=LINE('',#2355,#522);
#395=LINE('',#2363,#523);
#396=LINE('',#2367,#524);
#397=LINE('',#2369,#525);
#398=LINE('',#2373,#526);
#399=LINE('',#2377,#527);
#400=LINE('',#2381,#528);
#401=LINE('',#2385,#529);
#402=LINE('',#2387,#530);
#403=LINE('',#2391,#531);
#404=LINE('',#2403,#532);
#405=LINE('',#2405,#533);
#406=LINE('',#2406,#534);
#407=LINE('',#2409,#535);
#408=LINE('',#2411,#536);
#409=LINE('',#2412,#537);
#410=LINE('',#2415,#538);
#411=LINE('',#2417,#539);
#412=LINE('',#2418,#540);
#413=LINE('',#2426,#541);
#414=LINE('',#2429,#542);
#415=LINE('',#2433,#543);
#416=LINE('',#2437,#544);
#417=LINE('',#2441,#545);
#418=LINE('',#2444,#546);
#419=LINE('',#2448,#547);
#420=LINE('',#2459,#548);
#421=LINE('',#2460,#549);
#422=LINE('',#2478,#550);
#423=LINE('',#2479,#551);
#424=LINE('',#2481,#552);
#425=LINE('',#2483,#553);
#426=LINE('',#2485,#554);
#427=LINE('',#2486,#555);
#428=LINE('',#2488,#556);
#429=LINE('',#2489,#557);
#430=LINE('',#2492,#558);
#431=LINE('',#2494,#559);
#432=LINE('',#2496,#560);
#433=LINE('',#2498,#561);
#434=LINE('',#2500,#562);
#435=LINE('',#2502,#563);
#436=LINE('',#2505,#564);
#437=LINE('',#2507,#565);
#438=LINE('',#2509,#566);
#439=LINE('',#2510,#567);
#440=LINE('',#2514,#568);
#441=LINE('',#2516,#569);
#442=LINE('',#2518,#570);
#443=LINE('',#2520,#571);
#444=LINE('',#2522,#572);
#445=LINE('',#2524,#573);
#446=LINE('',#2526,#574);
#447=LINE('',#2528,#575);
#448=VECTOR('',#1688,1.75000000000001);
#449=VECTOR('',#1695,1.75000000000004);
#450=VECTOR('',#1702,1.74999999999997);
#451=VECTOR('',#1707,10.);
#452=VECTOR('',#1708,10.);
#453=VECTOR('',#1709,10.);
#454=VECTOR('',#1710,10.);
#455=VECTOR('',#1713,10.);
#456=VECTOR('',#1714,10.);
#457=VECTOR('',#1715,10.);
#458=VECTOR('',#1718,10.);
#459=VECTOR('',#1719,10.);
#460=VECTOR('',#1720,10.);
#461=VECTOR('',#1723,10.);
#462=VECTOR('',#1724,10.);
#463=VECTOR('',#1729,1.75000000000002);
#464=VECTOR('',#1734,10.);
#465=VECTOR('',#1735,10.);
#466=VECTOR('',#1736,10.);
#467=VECTOR('',#1737,10.);
#468=VECTOR('',#1740,10.);
#469=VECTOR('',#1741,10.);
#470=VECTOR('',#1742,10.);
#471=VECTOR('',#1745,10.);
#472=VECTOR('',#1746,10.);
#473=VECTOR('',#1747,10.);
#474=VECTOR('',#1750,10.);
#475=VECTOR('',#1751,10.);
#476=VECTOR('',#1756,1.75);
#477=VECTOR('',#1761,10.);
#478=VECTOR('',#1762,10.);
#479=VECTOR('',#1763,10.);
#480=VECTOR('',#1764,10.);
#481=VECTOR('',#1767,10.);
#482=VECTOR('',#1768,10.);
#483=VECTOR('',#1769,10.);
#484=VECTOR('',#1770,10.);
#485=VECTOR('',#1771,10.);
#486=VECTOR('',#1774,10.);
#487=VECTOR('',#1775,10.);
#488=VECTOR('',#1776,10.);
#489=VECTOR('',#1777,10.);
#490=VECTOR('',#1778,10.);
#491=VECTOR('',#1781,10.);
#492=VECTOR('',#1782,10.);
#493=VECTOR('',#1787,1.75000000000004);
#494=VECTOR('',#1794,1.75000000000001);
#495=VECTOR('',#1801,1.75000000000001);
#496=VECTOR('',#1808,1.75000000000001);
#497=VECTOR('',#1815,1.75000000000004);
#498=VECTOR('',#1822,1.75);
#499=VECTOR('',#1829,1.75);
#500=VECTOR('',#1834,10.);
#501=VECTOR('',#1835,1.);
#502=VECTOR('',#1836,1.);
#503=VECTOR('',#1839,10.);
#504=VECTOR('',#1842,10.);
#505=VECTOR('',#1845,10.);
#506=VECTOR('',#1876,10.);
#507=VECTOR('',#1879,10.);
#508=VECTOR('',#1882,10.);
#509=VECTOR('',#1885,10.);
#510=VECTOR('',#1888,1.);
#511=VECTOR('',#1891,1.);
#512=VECTOR('',#1894,1.);
#513=VECTOR('',#1895,1.);
#514=VECTOR('',#1898,1.);
#515=VECTOR('',#1903,1.);
#516=VECTOR('',#1904,1.);
#517=VECTOR('',#1907,1.);
#518=VECTOR('',#1912,1.);
#519=VECTOR('',#1913,1.);
#520=VECTOR('',#1914,1.);
#521=VECTOR('',#1917,1.);
#522=VECTOR('',#1922,1.);
#523=VECTOR('',#1929,1.);
#524=VECTOR('',#1932,1.);
#525=VECTOR('',#1933,1.);
#526=VECTOR('',#1936,1.);
#527=VECTOR('',#1939,1.);
#528=VECTOR('',#1942,1.);
#529=VECTOR('',#1945,1.);
#530=VECTOR('',#1946,1.);
#531=VECTOR('',#1949,1.);
#532=VECTOR('',#1962,1.);
#533=VECTOR('',#1963,1.);
#534=VECTOR('',#1964,1.);
#535=VECTOR('',#1967,1.);
#536=VECTOR('',#1968,1.);
#537=VECTOR('',#1969,1.);
#538=VECTOR('',#1972,1.);
#539=VECTOR('',#1973,1.);
#540=VECTOR('',#1974,1.);
#541=VECTOR('',#1983,1.);
#542=VECTOR('',#1986,1.);
#543=VECTOR('',#1989,1.);
#544=VECTOR('',#1992,1.);
#545=VECTOR('',#1995,1.);
#546=VECTOR('',#1998,1.);
#547=VECTOR('',#2001,1.);
#548=VECTOR('',#2012,1.);
#549=VECTOR('',#2013,1.);
#550=VECTOR('',#2032,1.);
#551=VECTOR('',#2033,1.);
#552=VECTOR('',#2036,1.);
#553=VECTOR('',#2039,1.);
#554=VECTOR('',#2042,1.);
#555=VECTOR('',#2043,1.);
#556=VECTOR('',#2046,1.);
#557=VECTOR('',#2047,1.);
#558=VECTOR('',#2052,1.);
#559=VECTOR('',#2055,1.);
#560=VECTOR('',#2058,1.);
#561=VECTOR('',#2061,1.);
#562=VECTOR('',#2064,1.);
#563=VECTOR('',#2067,1.);
#564=VECTOR('',#2072,1.5);
#565=VECTOR('',#2075,1.5);
#566=VECTOR('',#2078,1.);
#567=VECTOR('',#2079,1.);
#568=VECTOR('',#2086,1.5);
#569=VECTOR('',#2089,1.5);
#570=VECTOR('',#2092,1.5);
#571=VECTOR('',#2095,1.5);
#572=VECTOR('',#2098,1.5);
#573=VECTOR('',#2101,1.5);
#574=VECTOR('',#2104,1.5);
#575=VECTOR('',#2107,1.5);
#576=CIRCLE('',#1531,1.75000000000001);
#577=CIRCLE('',#1532,1.75000000000001);
#578=CIRCLE('',#1534,1.75000000000004);
#579=CIRCLE('',#1535,1.75000000000004);
#580=CIRCLE('',#1537,1.74999999999997);
#581=CIRCLE('',#1538,1.74999999999997);
#582=CIRCLE('',#1544,1.75000000000002);
#583=CIRCLE('',#1545,1.75000000000002);
#584=CIRCLE('',#1551,1.75);
#585=CIRCLE('',#1552,1.75);
#586=CIRCLE('',#1558,1.75000000000004);
#587=CIRCLE('',#1559,1.75000000000004);
#588=CIRCLE('',#1561,1.75000000000001);
#589=CIRCLE('',#1562,1.75000000000001);
#590=CIRCLE('',#1564,1.75000000000001);
#591=CIRCLE('',#1565,1.75000000000001);
#592=CIRCLE('',#1567,1.75000000000001);
#593=CIRCLE('',#1568,1.75000000000001);
#594=CIRCLE('',#1570,1.75000000000004);
#595=CIRCLE('',#1571,1.75000000000004);
#596=CIRCLE('',#1573,1.75);
#597=CIRCLE('',#1574,1.75);
#598=CIRCLE('',#1576,1.75);
#599=CIRCLE('',#1577,1.75);
#600=CIRCLE('',#1580,1.);
#601=CIRCLE('',#1581,58.5);
#602=CIRCLE('',#1582,1.);
#603=CIRCLE('',#1584,1.5);
#604=CIRCLE('',#1586,1.5);
#605=CIRCLE('',#1588,1.5);
#606=CIRCLE('',#1590,1.5);
#607=CIRCLE('',#1592,1.5);
#608=CIRCLE('',#1594,1.5);
#609=CIRCLE('',#1596,2.);
#610=CIRCLE('',#1597,2.);
#611=CIRCLE('',#1598,2.);
#612=CIRCLE('',#1599,2.);
#613=CIRCLE('',#1601,1.99999999999999);
#614=CIRCLE('',#1604,2.00000000000001);
#615=CIRCLE('',#1607,2.);
#616=CIRCLE('',#1610,0.999999999999986);
#617=CIRCLE('',#1613,58.5);
#618=CIRCLE('',#1614,3.00000000000001);
#619=CIRCLE('',#1615,3.);
#620=CIRCLE('',#1616,1.00000000000012);
#621=CIRCLE('',#1617,1.00000000000001);
#622=CIRCLE('',#1618,1.00000000001552);
#623=CIRCLE('',#1619,0.999999999999972);
#624=CIRCLE('',#1620,3.);
#625=CIRCLE('',#1621,2.99999999999998);
#626=CIRCLE('',#1622,1.5);
#627=CIRCLE('',#1623,1.5);
#628=CIRCLE('',#1624,1.5);
#629=CIRCLE('',#1625,1.5);
#630=CIRCLE('',#1630,1.);
#631=CIRCLE('',#1631,58.5);
#632=CIRCLE('',#1632,3.00000000000001);
#633=CIRCLE('',#1633,3.);
#634=CIRCLE('',#1634,0.999999999999547);
#635=CIRCLE('',#1635,1.);
#636=CIRCLE('',#1636,1.00000000000841);
#637=CIRCLE('',#1637,0.999999999999986);
#638=CIRCLE('',#1638,2.99999999999999);
#639=CIRCLE('',#1639,3.);
#640=CIRCLE('',#1640,58.5);
#641=CIRCLE('',#1641,1.5);
#642=CIRCLE('',#1642,1.5);
#643=CIRCLE('',#1643,2.00000000000001);
#644=CIRCLE('',#1644,1.5);
#645=CIRCLE('',#1645,1.5);
#646=CIRCLE('',#1646,1.5);
#647=CIRCLE('',#1647,1.5);
#648=CIRCLE('',#1648,1.5);
#649=CIRCLE('',#1649,1.5);
#650=CIRCLE('',#1650,1.5);
#651=CIRCLE('',#1651,1.5);
#652=VERTEX_POINT('',#2118);
#653=VERTEX_POINT('',#2120);
#654=VERTEX_POINT('',#2124);
#655=VERTEX_POINT('',#2126);
#656=VERTEX_POINT('',#2130);
#657=VERTEX_POINT('',#2132);
#658=VERTEX_POINT('',#2136);
#659=VERTEX_POINT('',#2137);
#660=VERTEX_POINT('',#2139);
#661=VERTEX_POINT('',#2141);
#662=VERTEX_POINT('',#2145);
#663=VERTEX_POINT('',#2147);
#664=VERTEX_POINT('',#2151);
#665=VERTEX_POINT('',#2153);
#666=VERTEX_POINT('',#2160);
#667=VERTEX_POINT('',#2162);
#668=VERTEX_POINT('',#2166);
#669=VERTEX_POINT('',#2167);
#670=VERTEX_POINT('',#2169);
#671=VERTEX_POINT('',#2171);
#672=VERTEX_POINT('',#2175);
#673=VERTEX_POINT('',#2177);
#674=VERTEX_POINT('',#2181);
#675=VERTEX_POINT('',#2183);
#676=VERTEX_POINT('',#2190);
#677=VERTEX_POINT('',#2192);
#678=VERTEX_POINT('',#2196);
#679=VERTEX_POINT('',#2197);
#680=VERTEX_POINT('',#2199);
#681=VERTEX_POINT('',#2201);
#682=VERTEX_POINT('',#2205);
#683=VERTEX_POINT('',#2207);
#684=VERTEX_POINT('',#2209);
#685=VERTEX_POINT('',#2211);
#686=VERTEX_POINT('',#2215);
#687=VERTEX_POINT('',#2216);
#688=VERTEX_POINT('',#2218);
#689=VERTEX_POINT('',#2221);
#690=VERTEX_POINT('',#2228);
#691=VERTEX_POINT('',#2230);
#692=VERTEX_POINT('',#2234);
#693=VERTEX_POINT('',#2236);
#694=VERTEX_POINT('',#2240);
#695=VERTEX_POINT('',#2242);
#696=VERTEX_POINT('',#2246);
#697=VERTEX_POINT('',#2248);
#698=VERTEX_POINT('',#2252);
#699=VERTEX_POINT('',#2254);
#700=VERTEX_POINT('',#2258);
#701=VERTEX_POINT('',#2260);
#702=VERTEX_POINT('',#2264);
#703=VERTEX_POINT('',#2266);
#704=VERTEX_POINT('',#2270);
#705=VERTEX_POINT('',#2272);
#706=VERTEX_POINT('',#2276);
#707=VERTEX_POINT('',#2278);
#708=VERTEX_POINT('',#2280);
#709=VERTEX_POINT('',#2282);
#710=VERTEX_POINT('',#2284);
#711=VERTEX_POINT('',#2288);
#712=VERTEX_POINT('',#2291);
#713=VERTEX_POINT('',#2294);
#714=VERTEX_POINT('',#2297);
#715=VERTEX_POINT('',#2300);
#716=VERTEX_POINT('',#2303);
#717=VERTEX_POINT('',#2306);
#718=VERTEX_POINT('',#2307);
#719=VERTEX_POINT('',#2309);
#720=VERTEX_POINT('',#2311);
#721=VERTEX_POINT('',#2313);
#722=VERTEX_POINT('',#2315);
#723=VERTEX_POINT('',#2317);
#724=VERTEX_POINT('',#2319);
#725=VERTEX_POINT('',#2323);
#726=VERTEX_POINT('',#2325);
#727=VERTEX_POINT('',#2329);
#728=VERTEX_POINT('',#2333);
#729=VERTEX_POINT('',#2337);
#730=VERTEX_POINT('',#2341);
#731=VERTEX_POINT('',#2345);
#732=VERTEX_POINT('',#2347);
#733=VERTEX_POINT('',#2351);
#734=VERTEX_POINT('',#2357);
#735=VERTEX_POINT('',#2358);
#736=VERTEX_POINT('',#2360);
#737=VERTEX_POINT('',#2362);
#738=VERTEX_POINT('',#2364);
#739=VERTEX_POINT('',#2366);
#740=VERTEX_POINT('',#2368);
#741=VERTEX_POINT('',#2370);
#742=VERTEX_POINT('',#2372);
#743=VERTEX_POINT('',#2374);
#744=VERTEX_POINT('',#2376);
#745=VERTEX_POINT('',#2378);
#746=VERTEX_POINT('',#2380);
#747=VERTEX_POINT('',#2382);
#748=VERTEX_POINT('',#2384);
#749=VERTEX_POINT('',#2386);
#750=VERTEX_POINT('',#2388);
#751=VERTEX_POINT('',#2390);
#752=VERTEX_POINT('',#2393);
#753=VERTEX_POINT('',#2395);
#754=VERTEX_POINT('',#2397);
#755=VERTEX_POINT('',#2399);
#756=VERTEX_POINT('',#2402);
#757=VERTEX_POINT('',#2404);
#758=VERTEX_POINT('',#2408);
#759=VERTEX_POINT('',#2410);
#760=VERTEX_POINT('',#2414);
#761=VERTEX_POINT('',#2416);
#762=VERTEX_POINT('',#2421);
#763=VERTEX_POINT('',#2423);
#764=VERTEX_POINT('',#2425);
#765=VERTEX_POINT('',#2427);
#766=VERTEX_POINT('',#2430);
#767=VERTEX_POINT('',#2432);
#768=VERTEX_POINT('',#2434);
#769=VERTEX_POINT('',#2436);
#770=VERTEX_POINT('',#2438);
#771=VERTEX_POINT('',#2440);
#772=VERTEX_POINT('',#2443);
#773=VERTEX_POINT('',#2445);
#774=VERTEX_POINT('',#2447);
#775=VERTEX_POINT('',#2449);
#776=VERTEX_POINT('',#2452);
#777=VERTEX_POINT('',#2454);
#778=VERTEX_POINT('',#2456);
#779=VERTEX_POINT('',#2457);
#780=VERTEX_POINT('',#2461);
#781=VERTEX_POINT('',#2463);
#782=VERTEX_POINT('',#2465);
#783=VERTEX_POINT('',#2467);
#784=VERTEX_POINT('',#2469);
#785=VERTEX_POINT('',#2471);
#786=VERTEX_POINT('',#2473);
#787=VERTEX_POINT('',#2475);
#788=EDGE_CURVE('',#652,#652,#576,.T.);
#789=EDGE_CURVE('',#652,#653,#320,.T.);
#790=EDGE_CURVE('',#653,#653,#577,.T.);
#791=EDGE_CURVE('',#654,#654,#578,.T.);
#792=EDGE_CURVE('',#654,#655,#321,.T.);
#793=EDGE_CURVE('',#655,#655,#579,.T.);
#794=EDGE_CURVE('',#656,#656,#580,.T.);
#795=EDGE_CURVE('',#656,#657,#322,.T.);
#796=EDGE_CURVE('',#657,#657,#581,.T.);
#797=EDGE_CURVE('',#658,#659,#323,.T.);
#798=EDGE_CURVE('',#660,#658,#324,.T.);
#799=EDGE_CURVE('',#661,#660,#325,.T.);
#800=EDGE_CURVE('',#661,#659,#326,.T.);
#801=EDGE_CURVE('',#659,#662,#327,.T.);
#802=EDGE_CURVE('',#663,#661,#328,.T.);
#803=EDGE_CURVE('',#663,#662,#329,.T.);
#804=EDGE_CURVE('',#662,#664,#330,.T.);
#805=EDGE_CURVE('',#665,#663,#331,.T.);
#806=EDGE_CURVE('',#665,#664,#332,.T.);
#807=EDGE_CURVE('',#664,#658,#333,.T.);
#808=EDGE_CURVE('',#660,#665,#334,.T.);
#809=EDGE_CURVE('',#666,#666,#582,.T.);
#810=EDGE_CURVE('',#666,#667,#335,.T.);
#811=EDGE_CURVE('',#667,#667,#583,.T.);
#812=EDGE_CURVE('',#668,#669,#336,.T.);
#813=EDGE_CURVE('',#670,#668,#337,.T.);
#814=EDGE_CURVE('',#671,#670,#338,.T.);
#815=EDGE_CURVE('',#671,#669,#339,.T.);
#816=EDGE_CURVE('',#669,#672,#340,.T.);
#817=EDGE_CURVE('',#673,#671,#341,.T.);
#818=EDGE_CURVE('',#673,#672,#342,.T.);
#819=EDGE_CURVE('',#672,#674,#343,.T.);
#820=EDGE_CURVE('',#675,#673,#344,.T.);
#821=EDGE_CURVE('',#675,#674,#345,.T.);
#822=EDGE_CURVE('',#674,#668,#346,.T.);
#823=EDGE_CURVE('',#670,#675,#347,.T.);
#824=EDGE_CURVE('',#676,#676,#584,.T.);
#825=EDGE_CURVE('',#676,#677,#348,.T.);
#826=EDGE_CURVE('',#677,#677,#585,.T.);
#827=EDGE_CURVE('',#678,#679,#349,.T.);
#828=EDGE_CURVE('',#680,#678,#350,.T.);
#829=EDGE_CURVE('',#681,#680,#351,.T.);
#830=EDGE_CURVE('',#681,#679,#352,.T.);
#831=EDGE_CURVE('',#679,#682,#353,.T.);
#832=EDGE_CURVE('',#683,#681,#354,.T.);
#833=EDGE_CURVE('',#683,#684,#355,.T.);
#834=EDGE_CURVE('',#685,#684,#356,.T.);
#835=EDGE_CURVE('',#682,#685,#357,.T.);
#836=EDGE_CURVE('',#686,#687,#358,.T.);
#837=EDGE_CURVE('',#688,#686,#359,.T.);
#838=EDGE_CURVE('',#684,#688,#360,.T.);
#839=EDGE_CURVE('',#689,#683,#361,.T.);
#840=EDGE_CURVE('',#689,#687,#362,.T.);
#841=EDGE_CURVE('',#687,#678,#363,.T.);
#842=EDGE_CURVE('',#680,#689,#364,.T.);
#843=EDGE_CURVE('',#690,#690,#586,.T.);
#844=EDGE_CURVE('',#690,#691,#365,.T.);
#845=EDGE_CURVE('',#691,#691,#587,.T.);
#846=EDGE_CURVE('',#692,#692,#588,.T.);
#847=EDGE_CURVE('',#692,#693,#366,.T.);
#848=EDGE_CURVE('',#693,#693,#589,.T.);
#849=EDGE_CURVE('',#694,#694,#590,.T.);
#850=EDGE_CURVE('',#694,#695,#367,.T.);
#851=EDGE_CURVE('',#695,#695,#591,.T.);
#852=EDGE_CURVE('',#696,#696,#592,.T.);
#853=EDGE_CURVE('',#696,#697,#368,.T.);
#854=EDGE_CURVE('',#697,#697,#593,.T.);
#855=EDGE_CURVE('',#698,#698,#594,.T.);
#856=EDGE_CURVE('',#698,#699,#369,.T.);
#857=EDGE_CURVE('',#699,#699,#595,.T.);
#858=EDGE_CURVE('',#700,#700,#596,.T.);
#859=EDGE_CURVE('',#700,#701,#370,.T.);
#860=EDGE_CURVE('',#701,#701,#597,.T.);
#861=EDGE_CURVE('',#702,#702,#598,.T.);
#862=EDGE_CURVE('',#702,#703,#371,.T.);
#863=EDGE_CURVE('',#703,#703,#599,.T.);
#864=EDGE_CURVE('',#685,#704,#372,.T.);
#865=EDGE_CURVE('',#704,#705,#373,.T.);
#866=EDGE_CURVE('',#682,#705,#374,.T.);
#867=EDGE_CURVE('',#706,#688,#375,.T.);
#868=EDGE_CURVE('',#707,#706,#600,.T.);
#869=EDGE_CURVE('',#708,#707,#376,.T.);
#870=EDGE_CURVE('',#708,#709,#601,.T.);
#871=EDGE_CURVE('',#710,#709,#377,.T.);
#872=EDGE_CURVE('',#704,#710,#602,.T.);
#873=EDGE_CURVE('',#711,#711,#603,.T.);
#874=EDGE_CURVE('',#712,#712,#604,.T.);
#875=EDGE_CURVE('',#713,#713,#605,.T.);
#876=EDGE_CURVE('',#714,#714,#606,.T.);
#877=EDGE_CURVE('',#715,#715,#607,.T.);
#878=EDGE_CURVE('',#716,#716,#608,.T.);
#879=EDGE_CURVE('',#717,#718,#609,.T.);
#880=EDGE_CURVE('',#719,#717,#378,.T.);
#881=EDGE_CURVE('',#720,#719,#610,.T.);
#882=EDGE_CURVE('',#721,#720,#379,.T.);
#883=EDGE_CURVE('',#722,#721,#611,.T.);
#884=EDGE_CURVE('',#723,#722,#380,.T.);
#885=EDGE_CURVE('',#724,#723,#612,.T.);
#886=EDGE_CURVE('',#718,#724,#381,.T.);
#887=EDGE_CURVE('',#718,#725,#382,.T.);
#888=EDGE_CURVE('',#725,#726,#613,.F.);
#889=EDGE_CURVE('',#717,#726,#383,.T.);
#890=EDGE_CURVE('',#724,#727,#384,.T.);
#891=EDGE_CURVE('',#725,#727,#385,.T.);
#892=EDGE_CURVE('',#723,#728,#386,.T.);
#893=EDGE_CURVE('',#728,#727,#614,.F.);
#894=EDGE_CURVE('',#722,#729,#387,.T.);
#895=EDGE_CURVE('',#728,#729,#388,.T.);
#896=EDGE_CURVE('',#721,#730,#389,.T.);
#897=EDGE_CURVE('',#730,#729,#615,.F.);
#898=EDGE_CURVE('',#707,#731,#390,.T.);
#899=EDGE_CURVE('',#732,#731,#391,.T.);
#900=EDGE_CURVE('',#732,#708,#392,.T.);
#901=EDGE_CURVE('',#706,#733,#393,.T.);
#902=EDGE_CURVE('',#733,#731,#616,.F.);
#903=EDGE_CURVE('',#733,#686,#394,.T.);
#904=EDGE_CURVE('',#734,#735,#617,.F.);
#905=EDGE_CURVE('',#736,#735,#618,.F.);
#906=EDGE_CURVE('',#736,#737,#395,.F.);
#907=EDGE_CURVE('',#738,#737,#619,.F.);
#908=EDGE_CURVE('',#738,#739,#396,.F.);
#909=EDGE_CURVE('',#739,#740,#397,.T.);
#910=EDGE_CURVE('',#741,#740,#620,.F.);
#911=EDGE_CURVE('',#741,#742,#398,.T.);
#912=EDGE_CURVE('',#743,#742,#621,.F.);
#913=EDGE_CURVE('',#743,#744,#399,.T.);
#914=EDGE_CURVE('',#745,#744,#622,.F.);
#915=EDGE_CURVE('',#745,#746,#400,.T.);
#916=EDGE_CURVE('',#747,#746,#623,.F.);
#917=EDGE_CURVE('',#747,#748,#401,.T.);
#918=EDGE_CURVE('',#748,#749,#402,.F.);
#919=EDGE_CURVE('',#750,#749,#624,.F.);
#920=EDGE_CURVE('',#750,#751,#403,.F.);
#921=EDGE_CURVE('',#734,#751,#625,.F.);
#922=EDGE_CURVE('',#752,#752,#626,.F.);
#923=EDGE_CURVE('',#753,#753,#627,.F.);
#924=EDGE_CURVE('',#754,#754,#628,.F.);
#925=EDGE_CURVE('',#755,#755,#629,.F.);
#926=EDGE_CURVE('',#709,#756,#404,.F.);
#927=EDGE_CURVE('',#757,#756,#405,.T.);
#928=EDGE_CURVE('',#710,#757,#406,.T.);
#929=EDGE_CURVE('',#758,#748,#407,.F.);
#930=EDGE_CURVE('',#759,#747,#408,.T.);
#931=EDGE_CURVE('',#759,#758,#409,.T.);
#932=EDGE_CURVE('',#739,#760,#410,.F.);
#933=EDGE_CURVE('',#760,#761,#411,.T.);
#934=EDGE_CURVE('',#761,#740,#412,.T.);
#935=EDGE_CURVE('',#757,#705,#630,.F.);
#936=EDGE_CURVE('',#756,#762,#631,.T.);
#937=EDGE_CURVE('',#763,#762,#632,.F.);
#938=EDGE_CURVE('',#763,#764,#413,.T.);
#939=EDGE_CURVE('',#765,#764,#633,.F.);
#940=EDGE_CURVE('',#765,#758,#414,.T.);
#941=EDGE_CURVE('',#766,#759,#634,.F.);
#942=EDGE_CURVE('',#767,#766,#415,.T.);
#943=EDGE_CURVE('',#768,#767,#635,.F.);
#944=EDGE_CURVE('',#769,#768,#416,.T.);
#945=EDGE_CURVE('',#770,#769,#636,.F.);
#946=EDGE_CURVE('',#771,#770,#417,.T.);
#947=EDGE_CURVE('',#761,#771,#637,.F.);
#948=EDGE_CURVE('',#760,#772,#418,.T.);
#949=EDGE_CURVE('',#773,#772,#638,.F.);
#950=EDGE_CURVE('',#773,#774,#419,.T.);
#951=EDGE_CURVE('',#775,#774,#639,.F.);
#952=EDGE_CURVE('',#775,#732,#640,.T.);
#953=EDGE_CURVE('',#776,#776,#641,.F.);
#954=EDGE_CURVE('',#777,#777,#642,.F.);
#955=EDGE_CURVE('',#778,#779,#643,.F.);
#956=EDGE_CURVE('',#778,#726,#420,.T.);
#957=EDGE_CURVE('',#730,#779,#421,.T.);
#958=EDGE_CURVE('',#780,#780,#644,.F.);
#959=EDGE_CURVE('',#781,#781,#645,.F.);
#960=EDGE_CURVE('',#782,#782,#646,.F.);
#961=EDGE_CURVE('',#783,#783,#647,.F.);
#962=EDGE_CURVE('',#784,#784,#648,.T.);
#963=EDGE_CURVE('',#785,#785,#649,.T.);
#964=EDGE_CURVE('',#786,#786,#650,.T.);
#965=EDGE_CURVE('',#787,#787,#651,.T.);
#966=EDGE_CURVE('',#773,#737,#422,.T.);
#967=EDGE_CURVE('',#774,#736,#423,.T.);
#968=EDGE_CURVE('',#772,#738,#424,.T.);
#969=EDGE_CURVE('',#765,#749,#425,.T.);
#970=EDGE_CURVE('',#763,#751,#426,.T.);
#971=EDGE_CURVE('',#764,#750,#427,.T.);
#972=EDGE_CURVE('',#762,#734,#428,.T.);
#973=EDGE_CURVE('',#775,#735,#429,.T.);
#974=EDGE_CURVE('',#766,#746,#430,.T.);
#975=EDGE_CURVE('',#771,#741,#431,.T.);
#976=EDGE_CURVE('',#767,#745,#432,.T.);
#977=EDGE_CURVE('',#768,#744,#433,.T.);
#978=EDGE_CURVE('',#769,#743,#434,.T.);
#979=EDGE_CURVE('',#770,#742,#435,.T.);
#980=EDGE_CURVE('',#716,#776,#436,.T.);
#981=EDGE_CURVE('',#713,#777,#437,.T.);
#982=EDGE_CURVE('',#719,#778,#438,.T.);
#983=EDGE_CURVE('',#720,#779,#439,.T.);
#984=EDGE_CURVE('',#714,#780,#440,.T.);
#985=EDGE_CURVE('',#711,#781,#441,.T.);
#986=EDGE_CURVE('',#715,#782,#442,.T.);
#987=EDGE_CURVE('',#712,#783,#443,.T.);
#988=EDGE_CURVE('',#784,#755,#444,.T.);
#989=EDGE_CURVE('',#785,#754,#445,.T.);
#990=EDGE_CURVE('',#786,#753,#446,.T.);
#991=EDGE_CURVE('',#787,#752,#447,.T.);
#992=ORIENTED_EDGE('',*,*,#788,.F.);
#993=ORIENTED_EDGE('',*,*,#789,.T.);
#994=ORIENTED_EDGE('',*,*,#790,.F.);
#995=ORIENTED_EDGE('',*,*,#789,.F.);
#996=ORIENTED_EDGE('',*,*,#791,.F.);
#997=ORIENTED_EDGE('',*,*,#792,.T.);
#998=ORIENTED_EDGE('',*,*,#793,.F.);
#999=ORIENTED_EDGE('',*,*,#792,.F.);
#1000=ORIENTED_EDGE('',*,*,#794,.F.);
#1001=ORIENTED_EDGE('',*,*,#795,.T.);
#1002=ORIENTED_EDGE('',*,*,#796,.F.);
#1003=ORIENTED_EDGE('',*,*,#795,.F.);
#1004=ORIENTED_EDGE('',*,*,#797,.F.);
#1005=ORIENTED_EDGE('',*,*,#798,.F.);
#1006=ORIENTED_EDGE('',*,*,#799,.F.);
#1007=ORIENTED_EDGE('',*,*,#800,.T.);
#1008=ORIENTED_EDGE('',*,*,#801,.F.);
#1009=ORIENTED_EDGE('',*,*,#800,.F.);
#1010=ORIENTED_EDGE('',*,*,#802,.F.);
#1011=ORIENTED_EDGE('',*,*,#803,.T.);
#1012=ORIENTED_EDGE('',*,*,#804,.F.);
#1013=ORIENTED_EDGE('',*,*,#803,.F.);
#1014=ORIENTED_EDGE('',*,*,#805,.F.);
#1015=ORIENTED_EDGE('',*,*,#806,.T.);
#1016=ORIENTED_EDGE('',*,*,#807,.F.);
#1017=ORIENTED_EDGE('',*,*,#806,.F.);
#1018=ORIENTED_EDGE('',*,*,#808,.F.);
#1019=ORIENTED_EDGE('',*,*,#798,.T.);
#1020=ORIENTED_EDGE('',*,*,#809,.F.);
#1021=ORIENTED_EDGE('',*,*,#810,.T.);
#1022=ORIENTED_EDGE('',*,*,#811,.F.);
#1023=ORIENTED_EDGE('',*,*,#810,.F.);
#1024=ORIENTED_EDGE('',*,*,#812,.F.);
#1025=ORIENTED_EDGE('',*,*,#813,.F.);
#1026=ORIENTED_EDGE('',*,*,#814,.F.);
#1027=ORIENTED_EDGE('',*,*,#815,.T.);
#1028=ORIENTED_EDGE('',*,*,#816,.F.);
#1029=ORIENTED_EDGE('',*,*,#815,.F.);
#1030=ORIENTED_EDGE('',*,*,#817,.F.);
#1031=ORIENTED_EDGE('',*,*,#818,.T.);
#1032=ORIENTED_EDGE('',*,*,#819,.F.);
#1033=ORIENTED_EDGE('',*,*,#818,.F.);
#1034=ORIENTED_EDGE('',*,*,#820,.F.);
#1035=ORIENTED_EDGE('',*,*,#821,.T.);
#1036=ORIENTED_EDGE('',*,*,#822,.F.);
#1037=ORIENTED_EDGE('',*,*,#821,.F.);
#1038=ORIENTED_EDGE('',*,*,#823,.F.);
#1039=ORIENTED_EDGE('',*,*,#813,.T.);
#1040=ORIENTED_EDGE('',*,*,#824,.F.);
#1041=ORIENTED_EDGE('',*,*,#825,.T.);
#1042=ORIENTED_EDGE('',*,*,#826,.F.);
#1043=ORIENTED_EDGE('',*,*,#825,.F.);
#1044=ORIENTED_EDGE('',*,*,#827,.F.);
#1045=ORIENTED_EDGE('',*,*,#828,.F.);
#1046=ORIENTED_EDGE('',*,*,#829,.F.);
#1047=ORIENTED_EDGE('',*,*,#830,.T.);
#1048=ORIENTED_EDGE('',*,*,#831,.F.);
#1049=ORIENTED_EDGE('',*,*,#830,.F.);
#1050=ORIENTED_EDGE('',*,*,#832,.F.);
#1051=ORIENTED_EDGE('',*,*,#833,.T.);
#1052=ORIENTED_EDGE('',*,*,#834,.F.);
#1053=ORIENTED_EDGE('',*,*,#835,.F.);
#1054=ORIENTED_EDGE('',*,*,#836,.F.);
#1055=ORIENTED_EDGE('',*,*,#837,.F.);
#1056=ORIENTED_EDGE('',*,*,#838,.F.);
#1057=ORIENTED_EDGE('',*,*,#833,.F.);
#1058=ORIENTED_EDGE('',*,*,#839,.F.);
#1059=ORIENTED_EDGE('',*,*,#840,.T.);
#1060=ORIENTED_EDGE('',*,*,#841,.F.);
#1061=ORIENTED_EDGE('',*,*,#840,.F.);
#1062=ORIENTED_EDGE('',*,*,#842,.F.);
#1063=ORIENTED_EDGE('',*,*,#828,.T.);
#1064=ORIENTED_EDGE('',*,*,#843,.F.);
#1065=ORIENTED_EDGE('',*,*,#844,.T.);
#1066=ORIENTED_EDGE('',*,*,#845,.F.);
#1067=ORIENTED_EDGE('',*,*,#844,.F.);
#1068=ORIENTED_EDGE('',*,*,#846,.F.);
#1069=ORIENTED_EDGE('',*,*,#847,.T.);
#1070=ORIENTED_EDGE('',*,*,#848,.F.);
#1071=ORIENTED_EDGE('',*,*,#847,.F.);
#1072=ORIENTED_EDGE('',*,*,#849,.F.);
#1073=ORIENTED_EDGE('',*,*,#850,.T.);
#1074=ORIENTED_EDGE('',*,*,#851,.F.);
#1075=ORIENTED_EDGE('',*,*,#850,.F.);
#1076=ORIENTED_EDGE('',*,*,#852,.F.);
#1077=ORIENTED_EDGE('',*,*,#853,.T.);
#1078=ORIENTED_EDGE('',*,*,#854,.F.);
#1079=ORIENTED_EDGE('',*,*,#853,.F.);
#1080=ORIENTED_EDGE('',*,*,#855,.F.);
#1081=ORIENTED_EDGE('',*,*,#856,.T.);
#1082=ORIENTED_EDGE('',*,*,#857,.F.);
#1083=ORIENTED_EDGE('',*,*,#856,.F.);
#1084=ORIENTED_EDGE('',*,*,#858,.F.);
#1085=ORIENTED_EDGE('',*,*,#859,.T.);
#1086=ORIENTED_EDGE('',*,*,#860,.F.);
#1087=ORIENTED_EDGE('',*,*,#859,.F.);
#1088=ORIENTED_EDGE('',*,*,#861,.F.);
#1089=ORIENTED_EDGE('',*,*,#862,.T.);
#1090=ORIENTED_EDGE('',*,*,#863,.F.);
#1091=ORIENTED_EDGE('',*,*,#862,.F.);
#1092=ORIENTED_EDGE('',*,*,#835,.T.);
#1093=ORIENTED_EDGE('',*,*,#864,.T.);
#1094=ORIENTED_EDGE('',*,*,#865,.T.);
#1095=ORIENTED_EDGE('',*,*,#866,.F.);
#1096=ORIENTED_EDGE('',*,*,#834,.T.);
#1097=ORIENTED_EDGE('',*,*,#838,.T.);
#1098=ORIENTED_EDGE('',*,*,#867,.F.);
#1099=ORIENTED_EDGE('',*,*,#868,.F.);
#1100=ORIENTED_EDGE('',*,*,#869,.F.);
#1101=ORIENTED_EDGE('',*,*,#870,.T.);
#1102=ORIENTED_EDGE('',*,*,#871,.F.);
#1103=ORIENTED_EDGE('',*,*,#872,.F.);
#1104=ORIENTED_EDGE('',*,*,#864,.F.);
#1105=ORIENTED_EDGE('',*,*,#860,.T.);
#1106=ORIENTED_EDGE('',*,*,#873,.F.);
#1107=ORIENTED_EDGE('',*,*,#874,.F.);
#1108=ORIENTED_EDGE('',*,*,#875,.F.);
#1109=ORIENTED_EDGE('',*,*,#876,.F.);
#1110=ORIENTED_EDGE('',*,*,#877,.F.);
#1111=ORIENTED_EDGE('',*,*,#878,.F.);
#1112=ORIENTED_EDGE('',*,*,#879,.F.);
#1113=ORIENTED_EDGE('',*,*,#880,.F.);
#1114=ORIENTED_EDGE('',*,*,#881,.F.);
#1115=ORIENTED_EDGE('',*,*,#882,.F.);
#1116=ORIENTED_EDGE('',*,*,#883,.F.);
#1117=ORIENTED_EDGE('',*,*,#884,.F.);
#1118=ORIENTED_EDGE('',*,*,#885,.F.);
#1119=ORIENTED_EDGE('',*,*,#886,.F.);
#1120=ORIENTED_EDGE('',*,*,#879,.T.);
#1121=ORIENTED_EDGE('',*,*,#887,.T.);
#1122=ORIENTED_EDGE('',*,*,#888,.T.);
#1123=ORIENTED_EDGE('',*,*,#889,.F.);
#1124=ORIENTED_EDGE('',*,*,#886,.T.);
#1125=ORIENTED_EDGE('',*,*,#890,.T.);
#1126=ORIENTED_EDGE('',*,*,#891,.F.);
#1127=ORIENTED_EDGE('',*,*,#887,.F.);
#1128=ORIENTED_EDGE('',*,*,#885,.T.);
#1129=ORIENTED_EDGE('',*,*,#892,.T.);
#1130=ORIENTED_EDGE('',*,*,#893,.T.);
#1131=ORIENTED_EDGE('',*,*,#890,.F.);
#1132=ORIENTED_EDGE('',*,*,#884,.T.);
#1133=ORIENTED_EDGE('',*,*,#894,.T.);
#1134=ORIENTED_EDGE('',*,*,#895,.F.);
#1135=ORIENTED_EDGE('',*,*,#892,.F.);
#1136=ORIENTED_EDGE('',*,*,#883,.T.);
#1137=ORIENTED_EDGE('',*,*,#896,.T.);
#1138=ORIENTED_EDGE('',*,*,#897,.T.);
#1139=ORIENTED_EDGE('',*,*,#894,.F.);
#1140=ORIENTED_EDGE('',*,*,#869,.T.);
#1141=ORIENTED_EDGE('',*,*,#898,.T.);
#1142=ORIENTED_EDGE('',*,*,#899,.F.);
#1143=ORIENTED_EDGE('',*,*,#900,.T.);
#1144=ORIENTED_EDGE('',*,*,#868,.T.);
#1145=ORIENTED_EDGE('',*,*,#901,.T.);
#1146=ORIENTED_EDGE('',*,*,#902,.T.);
#1147=ORIENTED_EDGE('',*,*,#898,.F.);
#1148=ORIENTED_EDGE('',*,*,#837,.T.);
#1149=ORIENTED_EDGE('',*,*,#903,.F.);
#1150=ORIENTED_EDGE('',*,*,#901,.F.);
#1151=ORIENTED_EDGE('',*,*,#867,.T.);
#1152=ORIENTED_EDGE('',*,*,#904,.T.);
#1153=ORIENTED_EDGE('',*,*,#905,.F.);
#1154=ORIENTED_EDGE('',*,*,#906,.T.);
#1155=ORIENTED_EDGE('',*,*,#907,.F.);
#1156=ORIENTED_EDGE('',*,*,#908,.T.);
#1157=ORIENTED_EDGE('',*,*,#909,.T.);
#1158=ORIENTED_EDGE('',*,*,#910,.F.);
#1159=ORIENTED_EDGE('',*,*,#911,.T.);
#1160=ORIENTED_EDGE('',*,*,#912,.F.);
#1161=ORIENTED_EDGE('',*,*,#913,.T.);
#1162=ORIENTED_EDGE('',*,*,#914,.F.);
#1163=ORIENTED_EDGE('',*,*,#915,.T.);
#1164=ORIENTED_EDGE('',*,*,#916,.F.);
#1165=ORIENTED_EDGE('',*,*,#917,.T.);
#1166=ORIENTED_EDGE('',*,*,#918,.T.);
#1167=ORIENTED_EDGE('',*,*,#919,.F.);
#1168=ORIENTED_EDGE('',*,*,#920,.T.);
#1169=ORIENTED_EDGE('',*,*,#921,.F.);
#1170=ORIENTED_EDGE('',*,*,#788,.T.);
#1171=ORIENTED_EDGE('',*,*,#791,.T.);
#1172=ORIENTED_EDGE('',*,*,#794,.T.);
#1173=ORIENTED_EDGE('',*,*,#805,.T.);
#1174=ORIENTED_EDGE('',*,*,#802,.T.);
#1175=ORIENTED_EDGE('',*,*,#799,.T.);
#1176=ORIENTED_EDGE('',*,*,#808,.T.);
#1177=ORIENTED_EDGE('',*,*,#809,.T.);
#1178=ORIENTED_EDGE('',*,*,#820,.T.);
#1179=ORIENTED_EDGE('',*,*,#817,.T.);
#1180=ORIENTED_EDGE('',*,*,#814,.T.);
#1181=ORIENTED_EDGE('',*,*,#823,.T.);
#1182=ORIENTED_EDGE('',*,*,#824,.T.);
#1183=ORIENTED_EDGE('',*,*,#839,.T.);
#1184=ORIENTED_EDGE('',*,*,#832,.T.);
#1185=ORIENTED_EDGE('',*,*,#829,.T.);
#1186=ORIENTED_EDGE('',*,*,#842,.T.);
#1187=ORIENTED_EDGE('',*,*,#843,.T.);
#1188=ORIENTED_EDGE('',*,*,#846,.T.);
#1189=ORIENTED_EDGE('',*,*,#849,.T.);
#1190=ORIENTED_EDGE('',*,*,#852,.T.);
#1191=ORIENTED_EDGE('',*,*,#855,.T.);
#1192=ORIENTED_EDGE('',*,*,#858,.T.);
#1193=ORIENTED_EDGE('',*,*,#861,.T.);
#1194=ORIENTED_EDGE('',*,*,#922,.T.);
#1195=ORIENTED_EDGE('',*,*,#923,.T.);
#1196=ORIENTED_EDGE('',*,*,#924,.T.);
#1197=ORIENTED_EDGE('',*,*,#925,.T.);
#1198=ORIENTED_EDGE('',*,*,#871,.T.);
#1199=ORIENTED_EDGE('',*,*,#926,.T.);
#1200=ORIENTED_EDGE('',*,*,#927,.F.);
#1201=ORIENTED_EDGE('',*,*,#928,.F.);
#1202=ORIENTED_EDGE('',*,*,#929,.T.);
#1203=ORIENTED_EDGE('',*,*,#917,.F.);
#1204=ORIENTED_EDGE('',*,*,#930,.F.);
#1205=ORIENTED_EDGE('',*,*,#931,.T.);
#1206=ORIENTED_EDGE('',*,*,#932,.T.);
#1207=ORIENTED_EDGE('',*,*,#933,.T.);
#1208=ORIENTED_EDGE('',*,*,#934,.T.);
#1209=ORIENTED_EDGE('',*,*,#909,.F.);
#1210=ORIENTED_EDGE('',*,*,#831,.T.);
#1211=ORIENTED_EDGE('',*,*,#866,.T.);
#1212=ORIENTED_EDGE('',*,*,#935,.F.);
#1213=ORIENTED_EDGE('',*,*,#927,.T.);
#1214=ORIENTED_EDGE('',*,*,#936,.T.);
#1215=ORIENTED_EDGE('',*,*,#937,.F.);
#1216=ORIENTED_EDGE('',*,*,#938,.T.);
#1217=ORIENTED_EDGE('',*,*,#939,.F.);
#1218=ORIENTED_EDGE('',*,*,#940,.T.);
#1219=ORIENTED_EDGE('',*,*,#931,.F.);
#1220=ORIENTED_EDGE('',*,*,#941,.F.);
#1221=ORIENTED_EDGE('',*,*,#942,.F.);
#1222=ORIENTED_EDGE('',*,*,#943,.F.);
#1223=ORIENTED_EDGE('',*,*,#944,.F.);
#1224=ORIENTED_EDGE('',*,*,#945,.F.);
#1225=ORIENTED_EDGE('',*,*,#946,.F.);
#1226=ORIENTED_EDGE('',*,*,#947,.F.);
#1227=ORIENTED_EDGE('',*,*,#933,.F.);
#1228=ORIENTED_EDGE('',*,*,#948,.T.);
#1229=ORIENTED_EDGE('',*,*,#949,.F.);
#1230=ORIENTED_EDGE('',*,*,#950,.T.);
#1231=ORIENTED_EDGE('',*,*,#951,.F.);
#1232=ORIENTED_EDGE('',*,*,#952,.T.);
#1233=ORIENTED_EDGE('',*,*,#899,.T.);
#1234=ORIENTED_EDGE('',*,*,#902,.F.);
#1235=ORIENTED_EDGE('',*,*,#903,.T.);
#1236=ORIENTED_EDGE('',*,*,#836,.T.);
#1237=ORIENTED_EDGE('',*,*,#841,.T.);
#1238=ORIENTED_EDGE('',*,*,#827,.T.);
#1239=ORIENTED_EDGE('',*,*,#790,.T.);
#1240=ORIENTED_EDGE('',*,*,#793,.T.);
#1241=ORIENTED_EDGE('',*,*,#796,.T.);
#1242=ORIENTED_EDGE('',*,*,#804,.T.);
#1243=ORIENTED_EDGE('',*,*,#807,.T.);
#1244=ORIENTED_EDGE('',*,*,#797,.T.);
#1245=ORIENTED_EDGE('',*,*,#801,.T.);
#1246=ORIENTED_EDGE('',*,*,#811,.T.);
#1247=ORIENTED_EDGE('',*,*,#819,.T.);
#1248=ORIENTED_EDGE('',*,*,#822,.T.);
#1249=ORIENTED_EDGE('',*,*,#812,.T.);
#1250=ORIENTED_EDGE('',*,*,#816,.T.);
#1251=ORIENTED_EDGE('',*,*,#826,.T.);
#1252=ORIENTED_EDGE('',*,*,#845,.T.);
#1253=ORIENTED_EDGE('',*,*,#848,.T.);
#1254=ORIENTED_EDGE('',*,*,#851,.T.);
#1255=ORIENTED_EDGE('',*,*,#854,.T.);
#1256=ORIENTED_EDGE('',*,*,#857,.T.);
#1257=ORIENTED_EDGE('',*,*,#863,.T.);
#1258=ORIENTED_EDGE('',*,*,#953,.T.);
#1259=ORIENTED_EDGE('',*,*,#954,.T.);
#1260=ORIENTED_EDGE('',*,*,#955,.F.);
#1261=ORIENTED_EDGE('',*,*,#956,.T.);
#1262=ORIENTED_EDGE('',*,*,#888,.F.);
#1263=ORIENTED_EDGE('',*,*,#891,.T.);
#1264=ORIENTED_EDGE('',*,*,#893,.F.);
#1265=ORIENTED_EDGE('',*,*,#895,.T.);
#1266=ORIENTED_EDGE('',*,*,#897,.F.);
#1267=ORIENTED_EDGE('',*,*,#957,.T.);
#1268=ORIENTED_EDGE('',*,*,#958,.T.);
#1269=ORIENTED_EDGE('',*,*,#959,.T.);
#1270=ORIENTED_EDGE('',*,*,#960,.T.);
#1271=ORIENTED_EDGE('',*,*,#961,.T.);
#1272=ORIENTED_EDGE('',*,*,#962,.T.);
#1273=ORIENTED_EDGE('',*,*,#963,.T.);
#1274=ORIENTED_EDGE('',*,*,#964,.T.);
#1275=ORIENTED_EDGE('',*,*,#965,.T.);
#1276=ORIENTED_EDGE('',*,*,#966,.T.);
#1277=ORIENTED_EDGE('',*,*,#906,.F.);
#1278=ORIENTED_EDGE('',*,*,#967,.F.);
#1279=ORIENTED_EDGE('',*,*,#950,.F.);
#1280=ORIENTED_EDGE('',*,*,#968,.F.);
#1281=ORIENTED_EDGE('',*,*,#948,.F.);
#1282=ORIENTED_EDGE('',*,*,#932,.F.);
#1283=ORIENTED_EDGE('',*,*,#908,.F.);
#1284=ORIENTED_EDGE('',*,*,#969,.T.);
#1285=ORIENTED_EDGE('',*,*,#918,.F.);
#1286=ORIENTED_EDGE('',*,*,#929,.F.);
#1287=ORIENTED_EDGE('',*,*,#940,.F.);
#1288=ORIENTED_EDGE('',*,*,#970,.T.);
#1289=ORIENTED_EDGE('',*,*,#920,.F.);
#1290=ORIENTED_EDGE('',*,*,#971,.F.);
#1291=ORIENTED_EDGE('',*,*,#938,.F.);
#1292=ORIENTED_EDGE('',*,*,#972,.F.);
#1293=ORIENTED_EDGE('',*,*,#936,.F.);
#1294=ORIENTED_EDGE('',*,*,#926,.F.);
#1295=ORIENTED_EDGE('',*,*,#870,.F.);
#1296=ORIENTED_EDGE('',*,*,#900,.F.);
#1297=ORIENTED_EDGE('',*,*,#952,.F.);
#1298=ORIENTED_EDGE('',*,*,#973,.T.);
#1299=ORIENTED_EDGE('',*,*,#904,.F.);
#1300=ORIENTED_EDGE('',*,*,#872,.T.);
#1301=ORIENTED_EDGE('',*,*,#928,.T.);
#1302=ORIENTED_EDGE('',*,*,#935,.T.);
#1303=ORIENTED_EDGE('',*,*,#865,.F.);
#1304=ORIENTED_EDGE('',*,*,#974,.F.);
#1305=ORIENTED_EDGE('',*,*,#941,.T.);
#1306=ORIENTED_EDGE('',*,*,#930,.T.);
#1307=ORIENTED_EDGE('',*,*,#916,.T.);
#1308=ORIENTED_EDGE('',*,*,#934,.F.);
#1309=ORIENTED_EDGE('',*,*,#947,.T.);
#1310=ORIENTED_EDGE('',*,*,#975,.T.);
#1311=ORIENTED_EDGE('',*,*,#910,.T.);
#1312=ORIENTED_EDGE('',*,*,#974,.T.);
#1313=ORIENTED_EDGE('',*,*,#915,.F.);
#1314=ORIENTED_EDGE('',*,*,#976,.F.);
#1315=ORIENTED_EDGE('',*,*,#942,.T.);
#1316=ORIENTED_EDGE('',*,*,#977,.F.);
#1317=ORIENTED_EDGE('',*,*,#943,.T.);
#1318=ORIENTED_EDGE('',*,*,#976,.T.);
#1319=ORIENTED_EDGE('',*,*,#914,.T.);
#1320=ORIENTED_EDGE('',*,*,#978,.F.);
#1321=ORIENTED_EDGE('',*,*,#944,.T.);
#1322=ORIENTED_EDGE('',*,*,#977,.T.);
#1323=ORIENTED_EDGE('',*,*,#913,.F.);
#1324=ORIENTED_EDGE('',*,*,#979,.F.);
#1325=ORIENTED_EDGE('',*,*,#945,.T.);
#1326=ORIENTED_EDGE('',*,*,#978,.T.);
#1327=ORIENTED_EDGE('',*,*,#912,.T.);
#1328=ORIENTED_EDGE('',*,*,#975,.F.);
#1329=ORIENTED_EDGE('',*,*,#946,.T.);
#1330=ORIENTED_EDGE('',*,*,#979,.T.);
#1331=ORIENTED_EDGE('',*,*,#911,.F.);
#1332=ORIENTED_EDGE('',*,*,#878,.T.);
#1333=ORIENTED_EDGE('',*,*,#980,.T.);
#1334=ORIENTED_EDGE('',*,*,#953,.F.);
#1335=ORIENTED_EDGE('',*,*,#980,.F.);
#1336=ORIENTED_EDGE('',*,*,#875,.T.);
#1337=ORIENTED_EDGE('',*,*,#981,.T.);
#1338=ORIENTED_EDGE('',*,*,#954,.F.);
#1339=ORIENTED_EDGE('',*,*,#981,.F.);
#1340=ORIENTED_EDGE('',*,*,#881,.T.);
#1341=ORIENTED_EDGE('',*,*,#982,.T.);
#1342=ORIENTED_EDGE('',*,*,#955,.T.);
#1343=ORIENTED_EDGE('',*,*,#983,.F.);
#1344=ORIENTED_EDGE('',*,*,#880,.T.);
#1345=ORIENTED_EDGE('',*,*,#889,.T.);
#1346=ORIENTED_EDGE('',*,*,#956,.F.);
#1347=ORIENTED_EDGE('',*,*,#982,.F.);
#1348=ORIENTED_EDGE('',*,*,#882,.T.);
#1349=ORIENTED_EDGE('',*,*,#983,.T.);
#1350=ORIENTED_EDGE('',*,*,#957,.F.);
#1351=ORIENTED_EDGE('',*,*,#896,.F.);
#1352=ORIENTED_EDGE('',*,*,#876,.T.);
#1353=ORIENTED_EDGE('',*,*,#984,.T.);
#1354=ORIENTED_EDGE('',*,*,#958,.F.);
#1355=ORIENTED_EDGE('',*,*,#984,.F.);
#1356=ORIENTED_EDGE('',*,*,#873,.T.);
#1357=ORIENTED_EDGE('',*,*,#985,.T.);
#1358=ORIENTED_EDGE('',*,*,#959,.F.);
#1359=ORIENTED_EDGE('',*,*,#985,.F.);
#1360=ORIENTED_EDGE('',*,*,#877,.T.);
#1361=ORIENTED_EDGE('',*,*,#986,.T.);
#1362=ORIENTED_EDGE('',*,*,#960,.F.);
#1363=ORIENTED_EDGE('',*,*,#986,.F.);
#1364=ORIENTED_EDGE('',*,*,#874,.T.);
#1365=ORIENTED_EDGE('',*,*,#987,.T.);
#1366=ORIENTED_EDGE('',*,*,#961,.F.);
#1367=ORIENTED_EDGE('',*,*,#987,.F.);
#1368=ORIENTED_EDGE('',*,*,#962,.F.);
#1369=ORIENTED_EDGE('',*,*,#988,.T.);
#1370=ORIENTED_EDGE('',*,*,#925,.F.);
#1371=ORIENTED_EDGE('',*,*,#988,.F.);
#1372=ORIENTED_EDGE('',*,*,#963,.F.);
#1373=ORIENTED_EDGE('',*,*,#989,.T.);
#1374=ORIENTED_EDGE('',*,*,#924,.F.);
#1375=ORIENTED_EDGE('',*,*,#989,.F.);
#1376=ORIENTED_EDGE('',*,*,#964,.F.);
#1377=ORIENTED_EDGE('',*,*,#990,.T.);
#1378=ORIENTED_EDGE('',*,*,#923,.F.);
#1379=ORIENTED_EDGE('',*,*,#990,.F.);
#1380=ORIENTED_EDGE('',*,*,#965,.F.);
#1381=ORIENTED_EDGE('',*,*,#991,.T.);
#1382=ORIENTED_EDGE('',*,*,#922,.F.);
#1383=ORIENTED_EDGE('',*,*,#991,.F.);
#1384=ORIENTED_EDGE('',*,*,#967,.T.);
#1385=ORIENTED_EDGE('',*,*,#905,.T.);
#1386=ORIENTED_EDGE('',*,*,#973,.F.);
#1387=ORIENTED_EDGE('',*,*,#951,.T.);
#1388=ORIENTED_EDGE('',*,*,#968,.T.);
#1389=ORIENTED_EDGE('',*,*,#907,.T.);
#1390=ORIENTED_EDGE('',*,*,#966,.F.);
#1391=ORIENTED_EDGE('',*,*,#949,.T.);
#1392=ORIENTED_EDGE('',*,*,#971,.T.);
#1393=ORIENTED_EDGE('',*,*,#919,.T.);
#1394=ORIENTED_EDGE('',*,*,#969,.F.);
#1395=ORIENTED_EDGE('',*,*,#939,.T.);
#1396=ORIENTED_EDGE('',*,*,#972,.T.);
#1397=ORIENTED_EDGE('',*,*,#921,.T.);
#1398=ORIENTED_EDGE('',*,*,#970,.F.);
#1399=ORIENTED_EDGE('',*,*,#937,.T.);
#1400=CYLINDRICAL_SURFACE('',#1530,1.75000000000001);
#1401=CYLINDRICAL_SURFACE('',#1533,1.75000000000004);
#1402=CYLINDRICAL_SURFACE('',#1536,1.74999999999997);
#1403=CYLINDRICAL_SURFACE('',#1543,1.75000000000002);
#1404=CYLINDRICAL_SURFACE('',#1550,1.75);
#1405=CYLINDRICAL_SURFACE('',#1557,1.75000000000004);
#1406=CYLINDRICAL_SURFACE('',#1560,1.75000000000001);
#1407=CYLINDRICAL_SURFACE('',#1563,1.75000000000001);
#1408=CYLINDRICAL_SURFACE('',#1566,1.75000000000001);
#1409=CYLINDRICAL_SURFACE('',#1569,1.75000000000004);
#1410=CYLINDRICAL_SURFACE('',#1572,1.75);
#1411=CYLINDRICAL_SURFACE('',#1575,1.75);
#1412=CYLINDRICAL_SURFACE('',#1600,2.);
#1413=CYLINDRICAL_SURFACE('',#1603,2.);
#1414=CYLINDRICAL_SURFACE('',#1606,2.);
#1415=CYLINDRICAL_SURFACE('',#1609,1.);
#1416=CYLINDRICAL_SURFACE('',#1656,58.5);
#1417=CYLINDRICAL_SURFACE('',#1657,1.);
#1418=CYLINDRICAL_SURFACE('',#1658,1.);
#1419=CYLINDRICAL_SURFACE('',#1659,1.);
#1420=CYLINDRICAL_SURFACE('',#1661,1.);
#1421=CYLINDRICAL_SURFACE('',#1663,1.);
#1422=CYLINDRICAL_SURFACE('',#1665,1.5);
#1423=CYLINDRICAL_SURFACE('',#1666,1.5);
#1424=CYLINDRICAL_SURFACE('',#1667,2.);
#1425=CYLINDRICAL_SURFACE('',#1670,1.5);
#1426=CYLINDRICAL_SURFACE('',#1671,1.5);
#1427=CYLINDRICAL_SURFACE('',#1672,1.5);
#1428=CYLINDRICAL_SURFACE('',#1673,1.5);
#1429=CYLINDRICAL_SURFACE('',#1674,1.5);
#1430=CYLINDRICAL_SURFACE('',#1675,1.5);
#1431=CYLINDRICAL_SURFACE('',#1676,1.5);
#1432=CYLINDRICAL_SURFACE('',#1677,1.5);
#1433=CYLINDRICAL_SURFACE('',#1678,3.);
#1434=CYLINDRICAL_SURFACE('',#1679,3.);
#1435=CYLINDRICAL_SURFACE('',#1680,3.);
#1436=CYLINDRICAL_SURFACE('',#1681,3.);
#1437=ADVANCED_FACE('',(#124),#1400,.F.);
#1438=ADVANCED_FACE('',(#125),#1401,.F.);
#1439=ADVANCED_FACE('',(#126),#1402,.F.);
#1440=ADVANCED_FACE('',(#127),#85,.F.);
#1441=ADVANCED_FACE('',(#128),#86,.F.);
#1442=ADVANCED_FACE('',(#129),#87,.F.);
#1443=ADVANCED_FACE('',(#130),#88,.F.);
#1444=ADVANCED_FACE('',(#131),#1403,.F.);
#1445=ADVANCED_FACE('',(#132),#89,.F.);
#1446=ADVANCED_FACE('',(#133),#90,.F.);
#1447=ADVANCED_FACE('',(#134),#91,.F.);
#1448=ADVANCED_FACE('',(#135),#92,.F.);
#1449=ADVANCED_FACE('',(#136),#1404,.F.);
#1450=ADVANCED_FACE('',(#137),#93,.F.);
#1451=ADVANCED_FACE('',(#138),#94,.F.);
#1452=ADVANCED_FACE('',(#139),#95,.F.);
#1453=ADVANCED_FACE('',(#140),#96,.F.);
#1454=ADVANCED_FACE('',(#141),#1405,.F.);
#1455=ADVANCED_FACE('',(#142),#1406,.F.);
#1456=ADVANCED_FACE('',(#143),#1407,.F.);
#1457=ADVANCED_FACE('',(#144),#1408,.F.);
#1458=ADVANCED_FACE('',(#145),#1409,.F.);
#1459=ADVANCED_FACE('',(#146),#1410,.F.);
#1460=ADVANCED_FACE('',(#147),#1411,.F.);
#1461=ADVANCED_FACE('',(#148),#97,.F.);
#1462=ADVANCED_FACE('',(#149,#41),#98,.F.);
#1463=ADVANCED_FACE('',(#150),#99,.F.);
#1464=ADVANCED_FACE('',(#151),#100,.F.);
#1465=ADVANCED_FACE('',(#152),#101,.F.);
#1466=ADVANCED_FACE('',(#153),#102,.F.);
#1467=ADVANCED_FACE('',(#154),#103,.F.);
#1468=ADVANCED_FACE('',(#155),#104,.F.);
#1469=ADVANCED_FACE('',(#156),#105,.T.);
#1470=ADVANCED_FACE('',(#157),#1412,.F.);
#1471=ADVANCED_FACE('',(#158),#106,.F.);
#1472=ADVANCED_FACE('',(#159),#1413,.F.);
#1473=ADVANCED_FACE('',(#160),#107,.F.);
#1474=ADVANCED_FACE('',(#161),#1414,.F.);
#1475=ADVANCED_FACE('',(#162),#108,.F.);
#1476=ADVANCED_FACE('',(#163),#1415,.F.);
#1477=ADVANCED_FACE('',(#164),#109,.F.);
#1478=ADVANCED_FACE('',(#165,#42,#43,#44,#45,#46,#47,#48,#49,#50,#51,#52,
#53,#54,#55,#56,#57,#58,#59,#60),#110,.T.);
#1479=ADVANCED_FACE('',(#166),#111,.F.);
#1480=ADVANCED_FACE('',(#167),#112,.T.);
#1481=ADVANCED_FACE('',(#168),#113,.T.);
#1482=ADVANCED_FACE('',(#169,#61,#62,#63,#64,#65,#66,#67,#68,#69,#70,#71,
#72,#73,#74,#75,#76,#77,#78,#79,#80,#81,#82,#83,#84),#114,.F.);
#1483=ADVANCED_FACE('',(#170),#115,.F.);
#1484=ADVANCED_FACE('',(#171),#116,.F.);
#1485=ADVANCED_FACE('',(#172),#117,.F.);
#1486=ADVANCED_FACE('',(#173),#118,.F.);
#1487=ADVANCED_FACE('',(#174),#1416,.F.);
#1488=ADVANCED_FACE('',(#175),#1417,.F.);
#1489=ADVANCED_FACE('',(#176),#1418,.T.);
#1490=ADVANCED_FACE('',(#177),#1419,.T.);
#1491=ADVANCED_FACE('',(#178),#119,.T.);
#1492=ADVANCED_FACE('',(#179),#1420,.T.);
#1493=ADVANCED_FACE('',(#180),#120,.T.);
#1494=ADVANCED_FACE('',(#181),#1421,.T.);
#1495=ADVANCED_FACE('',(#182),#121,.T.);
#1496=ADVANCED_FACE('',(#183),#1422,.F.);
#1497=ADVANCED_FACE('',(#184),#1423,.F.);
#1498=ADVANCED_FACE('',(#185),#1424,.F.);
#1499=ADVANCED_FACE('',(#186),#122,.F.);
#1500=ADVANCED_FACE('',(#187),#123,.F.);
#1501=ADVANCED_FACE('',(#188),#1425,.F.);
#1502=ADVANCED_FACE('',(#189),#1426,.F.);
#1503=ADVANCED_FACE('',(#190),#1427,.F.);
#1504=ADVANCED_FACE('',(#191),#1428,.F.);
#1505=ADVANCED_FACE('',(#192),#1429,.F.);
#1506=ADVANCED_FACE('',(#193),#1430,.F.);
#1507=ADVANCED_FACE('',(#194),#1431,.F.);
#1508=ADVANCED_FACE('',(#195),#1432,.F.);
#1509=ADVANCED_FACE('',(#196),#1433,.T.);
#1510=ADVANCED_FACE('',(#197),#1434,.F.);
#1511=ADVANCED_FACE('',(#198),#1435,.F.);
#1512=ADVANCED_FACE('',(#199),#1436,.T.);
#1513=CLOSED_SHELL('',(#1437,#1438,#1439,#1440,#1441,#1442,#1443,#1444,
#1445,#1446,#1447,#1448,#1449,#1450,#1451,#1452,#1453,#1454,#1455,#1456,
#1457,#1458,#1459,#1460,#1461,#1462,#1463,#1464,#1465,#1466,#1467,#1468,
#1469,#1470,#1471,#1472,#1473,#1474,#1475,#1476,#1477,#1478,#1479,#1480,
#1481,#1482,#1483,#1484,#1485,#1486,#1487,#1488,#1489,#1490,#1491,#1492,
#1493,#1494,#1495,#1496,#1497,#1498,#1499,#1500,#1501,#1502,#1503,#1504,
#1505,#1506,#1507,#1508,#1509,#1510,#1511,#1512));
#1514=DERIVED_UNIT_ELEMENT(#1517,1.);
#1515=DERIVED_UNIT_ELEMENT(#2569,-3.);
#1516=DIMENSIONAL_EXPONENTS(1.,0.,0.,0.,0.,0.,0.);
#1517=(
CONVERSION_BASED_UNIT('gram',#1519)
MASS_UNIT()
NAMED_UNIT(#1516)
);
#1518=(
MASS_UNIT()
NAMED_UNIT(*)
SI_UNIT(.KILO.,.GRAM.)
);
#1519=MASS_MEASURE_WITH_UNIT(MASS_MEASURE(0.001),#1518);
#1520=DERIVED_UNIT((#1514,#1515));
#1521=MEASURE_REPRESENTATION_ITEM('density measure',
POSITIVE_RATIO_MEASURE(1.),#1520);
#1522=PROPERTY_DEFINITION_REPRESENTATION(#1527,#1524);
#1523=PROPERTY_DEFINITION_REPRESENTATION(#1528,#1525);
#1524=REPRESENTATION('material name',(#1526),#2566);
#1525=REPRESENTATION('density',(#1521),#2566);
#1526=DESCRIPTIVE_REPRESENTATION_ITEM('\X2\04220438043F043E0432044B0435\X0\',
'\X2\04220438043F043E0432044B0435\X0\');
#1527=PROPERTY_DEFINITION('material property','material name',#2576);
#1528=PROPERTY_DEFINITION('material property','density of part',#2576);
#1529=AXIS2_PLACEMENT_3D('placement',#2116,#1682,#1683);
#1530=AXIS2_PLACEMENT_3D('',#2117,#1684,#1685);
#1531=AXIS2_PLACEMENT_3D('',#2119,#1686,#1687);
#1532=AXIS2_PLACEMENT_3D('',#2122,#1689,#1690);
#1533=AXIS2_PLACEMENT_3D('',#2123,#1691,#1692);
#1534=AXIS2_PLACEMENT_3D('',#2125,#1693,#1694);
#1535=AXIS2_PLACEMENT_3D('',#2128,#1696,#1697);
#1536=AXIS2_PLACEMENT_3D('',#2129,#1698,#1699);
#1537=AXIS2_PLACEMENT_3D('',#2131,#1700,#1701);
#1538=AXIS2_PLACEMENT_3D('',#2134,#1703,#1704);
#1539=AXIS2_PLACEMENT_3D('',#2135,#1705,#1706);
#1540=AXIS2_PLACEMENT_3D('',#2144,#1711,#1712);
#1541=AXIS2_PLACEMENT_3D('',#2150,#1716,#1717);
#1542=AXIS2_PLACEMENT_3D('',#2156,#1721,#1722);
#1543=AXIS2_PLACEMENT_3D('',#2159,#1725,#1726);
#1544=AXIS2_PLACEMENT_3D('',#2161,#1727,#1728);
#1545=AXIS2_PLACEMENT_3D('',#2164,#1730,#1731);
#1546=AXIS2_PLACEMENT_3D('',#2165,#1732,#1733);
#1547=AXIS2_PLACEMENT_3D('',#2174,#1738,#1739);
#1548=AXIS2_PLACEMENT_3D('',#2180,#1743,#1744);
#1549=AXIS2_PLACEMENT_3D('',#2186,#1748,#1749);
#1550=AXIS2_PLACEMENT_3D('',#2189,#1752,#1753);
#1551=AXIS2_PLACEMENT_3D('',#2191,#1754,#1755);
#1552=AXIS2_PLACEMENT_3D('',#2194,#1757,#1758);
#1553=AXIS2_PLACEMENT_3D('',#2195,#1759,#1760);
#1554=AXIS2_PLACEMENT_3D('',#2204,#1765,#1766);
#1555=AXIS2_PLACEMENT_3D('',#2214,#1772,#1773);
#1556=AXIS2_PLACEMENT_3D('',#2224,#1779,#1780);
#1557=AXIS2_PLACEMENT_3D('',#2227,#1783,#1784);
#1558=AXIS2_PLACEMENT_3D('',#2229,#1785,#1786);
#1559=AXIS2_PLACEMENT_3D('',#2232,#1788,#1789);
#1560=AXIS2_PLACEMENT_3D('',#2233,#1790,#1791);
#1561=AXIS2_PLACEMENT_3D('',#2235,#1792,#1793);
#1562=AXIS2_PLACEMENT_3D('',#2238,#1795,#1796);
#1563=AXIS2_PLACEMENT_3D('',#2239,#1797,#1798);
#1564=AXIS2_PLACEMENT_3D('',#2241,#1799,#1800);
#1565=AXIS2_PLACEMENT_3D('',#2244,#1802,#1803);
#1566=AXIS2_PLACEMENT_3D('',#2245,#1804,#1805);
#1567=AXIS2_PLACEMENT_3D('',#2247,#1806,#1807);
#1568=AXIS2_PLACEMENT_3D('',#2250,#1809,#1810);
#1569=AXIS2_PLACEMENT_3D('',#2251,#1811,#1812);
#1570=AXIS2_PLACEMENT_3D('',#2253,#1813,#1814);
#1571=AXIS2_PLACEMENT_3D('',#2256,#1816,#1817);
#1572=AXIS2_PLACEMENT_3D('',#2257,#1818,#1819);
#1573=AXIS2_PLACEMENT_3D('',#2259,#1820,#1821);
#1574=AXIS2_PLACEMENT_3D('',#2262,#1823,#1824);
#1575=AXIS2_PLACEMENT_3D('',#2263,#1825,#1826);
#1576=AXIS2_PLACEMENT_3D('',#2265,#1827,#1828);
#1577=AXIS2_PLACEMENT_3D('',#2268,#1830,#1831);
#1578=AXIS2_PLACEMENT_3D('',#2269,#1832,#1833);
#1579=AXIS2_PLACEMENT_3D('',#2275,#1837,#1838);
#1580=AXIS2_PLACEMENT_3D('',#2279,#1840,#1841);
#1581=AXIS2_PLACEMENT_3D('',#2283,#1843,#1844);
#1582=AXIS2_PLACEMENT_3D('',#2286,#1846,#1847);
#1583=AXIS2_PLACEMENT_3D('',#2287,#1848,#1849);
#1584=AXIS2_PLACEMENT_3D('',#2289,#1850,#1851);
#1585=AXIS2_PLACEMENT_3D('',#2290,#1852,#1853);
#1586=AXIS2_PLACEMENT_3D('',#2292,#1854,#1855);
#1587=AXIS2_PLACEMENT_3D('',#2293,#1856,#1857);
#1588=AXIS2_PLACEMENT_3D('',#2295,#1858,#1859);
#1589=AXIS2_PLACEMENT_3D('',#2296,#1860,#1861);
#1590=AXIS2_PLACEMENT_3D('',#2298,#1862,#1863);
#1591=AXIS2_PLACEMENT_3D('',#2299,#1864,#1865);
#1592=AXIS2_PLACEMENT_3D('',#2301,#1866,#1867);
#1593=AXIS2_PLACEMENT_3D('',#2302,#1868,#1869);
#1594=AXIS2_PLACEMENT_3D('',#2304,#1870,#1871);
#1595=AXIS2_PLACEMENT_3D('',#2305,#1872,#1873);
#1596=AXIS2_PLACEMENT_3D('',#2308,#1874,#1875);
#1597=AXIS2_PLACEMENT_3D('',#2312,#1877,#1878);
#1598=AXIS2_PLACEMENT_3D('',#2316,#1880,#1881);
#1599=AXIS2_PLACEMENT_3D('',#2320,#1883,#1884);
#1600=AXIS2_PLACEMENT_3D('',#2322,#1886,#1887);
#1601=AXIS2_PLACEMENT_3D('',#2326,#1889,#1890);
#1602=AXIS2_PLACEMENT_3D('',#2328,#1892,#1893);
#1603=AXIS2_PLACEMENT_3D('',#2332,#1896,#1897);
#1604=AXIS2_PLACEMENT_3D('',#2335,#1899,#1900);
#1605=AXIS2_PLACEMENT_3D('',#2336,#1901,#1902);
#1606=AXIS2_PLACEMENT_3D('',#2340,#1905,#1906);
#1607=AXIS2_PLACEMENT_3D('',#2343,#1908,#1909);
#1608=AXIS2_PLACEMENT_3D('',#2344,#1910,#1911);
#1609=AXIS2_PLACEMENT_3D('',#2350,#1915,#1916);
#1610=AXIS2_PLACEMENT_3D('',#2353,#1918,#1919);
#1611=AXIS2_PLACEMENT_3D('',#2354,#1920,#1921);
#1612=AXIS2_PLACEMENT_3D('',#2356,#1923,#1924);
#1613=AXIS2_PLACEMENT_3D('',#2359,#1925,#1926);
#1614=AXIS2_PLACEMENT_3D('',#2361,#1927,#1928);
#1615=AXIS2_PLACEMENT_3D('',#2365,#1930,#1931);
#1616=AXIS2_PLACEMENT_3D('',#2371,#1934,#1935);
#1617=AXIS2_PLACEMENT_3D('',#2375,#1937,#1938);
#1618=AXIS2_PLACEMENT_3D('',#2379,#1940,#1941);
#1619=AXIS2_PLACEMENT_3D('',#2383,#1943,#1944);
#1620=AXIS2_PLACEMENT_3D('',#2389,#1947,#1948);
#1621=AXIS2_PLACEMENT_3D('',#2392,#1950,#1951);
#1622=AXIS2_PLACEMENT_3D('',#2394,#1952,#1953);
#1623=AXIS2_PLACEMENT_3D('',#2396,#1954,#1955);
#1624=AXIS2_PLACEMENT_3D('',#2398,#1956,#1957);
#1625=AXIS2_PLACEMENT_3D('',#2400,#1958,#1959);
#1626=AXIS2_PLACEMENT_3D('',#2401,#1960,#1961);
#1627=AXIS2_PLACEMENT_3D('',#2407,#1965,#1966);
#1628=AXIS2_PLACEMENT_3D('',#2413,#1970,#1971);
#1629=AXIS2_PLACEMENT_3D('',#2419,#1975,#1976);
#1630=AXIS2_PLACEMENT_3D('',#2420,#1977,#1978);
#1631=AXIS2_PLACEMENT_3D('',#2422,#1979,#1980);
#1632=AXIS2_PLACEMENT_3D('',#2424,#1981,#1982);
#1633=AXIS2_PLACEMENT_3D('',#2428,#1984,#1985);
#1634=AXIS2_PLACEMENT_3D('',#2431,#1987,#1988);
#1635=AXIS2_PLACEMENT_3D('',#2435,#1990,#1991);
#1636=AXIS2_PLACEMENT_3D('',#2439,#1993,#1994);
#1637=AXIS2_PLACEMENT_3D('',#2442,#1996,#1997);
#1638=AXIS2_PLACEMENT_3D('',#2446,#1999,#2000);
#1639=AXIS2_PLACEMENT_3D('',#2450,#2002,#2003);
#1640=AXIS2_PLACEMENT_3D('',#2451,#2004,#2005);
#1641=AXIS2_PLACEMENT_3D('',#2453,#2006,#2007);
#1642=AXIS2_PLACEMENT_3D('',#2455,#2008,#2009);
#1643=AXIS2_PLACEMENT_3D('',#2458,#2010,#2011);
#1644=AXIS2_PLACEMENT_3D('',#2462,#2014,#2015);
#1645=AXIS2_PLACEMENT_3D('',#2464,#2016,#2017);
#1646=AXIS2_PLACEMENT_3D('',#2466,#2018,#2019);
#1647=AXIS2_PLACEMENT_3D('',#2468,#2020,#2021);
#1648=AXIS2_PLACEMENT_3D('',#2470,#2022,#2023);
#1649=AXIS2_PLACEMENT_3D('',#2472,#2024,#2025);
#1650=AXIS2_PLACEMENT_3D('',#2474,#2026,#2027);
#1651=AXIS2_PLACEMENT_3D('',#2476,#2028,#2029);
#1652=AXIS2_PLACEMENT_3D('',#2477,#2030,#2031);
#1653=AXIS2_PLACEMENT_3D('',#2480,#2034,#2035);
#1654=AXIS2_PLACEMENT_3D('',#2482,#2037,#2038);
#1655=AXIS2_PLACEMENT_3D('',#2484,#2040,#2041);
#1656=AXIS2_PLACEMENT_3D('',#2487,#2044,#2045);
#1657=AXIS2_PLACEMENT_3D('',#2490,#2048,#2049);
#1658=AXIS2_PLACEMENT_3D('',#2491,#2050,#2051);
#1659=AXIS2_PLACEMENT_3D('',#2493,#2053,#2054);
#1660=AXIS2_PLACEMENT_3D('',#2495,#2056,#2057);
#1661=AXIS2_PLACEMENT_3D('',#2497,#2059,#2060);
#1662=AXIS2_PLACEMENT_3D('',#2499,#2062,#2063);
#1663=AXIS2_PLACEMENT_3D('',#2501,#2065,#2066);
#1664=AXIS2_PLACEMENT_3D('',#2503,#2068,#2069);
#1665=AXIS2_PLACEMENT_3D('',#2504,#2070,#2071);
#1666=AXIS2_PLACEMENT_3D('',#2506,#2073,#2074);
#1667=AXIS2_PLACEMENT_3D('',#2508,#2076,#2077);
#1668=AXIS2_PLACEMENT_3D('',#2511,#2080,#2081);
#1669=AXIS2_PLACEMENT_3D('',#2512,#2082,#2083);
#1670=AXIS2_PLACEMENT_3D('',#2513,#2084,#2085);
#1671=AXIS2_PLACEMENT_3D('',#2515,#2087,#2088);
#1672=AXIS2_PLACEMENT_3D('',#2517,#2090,#2091);
#1673=AXIS2_PLACEMENT_3D('',#2519,#2093,#2094);
#1674=AXIS2_PLACEMENT_3D('',#2521,#2096,#2097);
#1675=AXIS2_PLACEMENT_3D('',#2523,#2099,#2100);
#1676=AXIS2_PLACEMENT_3D('',#2525,#2102,#2103);
#1677=AXIS2_PLACEMENT_3D('',#2527,#2105,#2106);
#1678=AXIS2_PLACEMENT_3D('',#2529,#2108,#2109);
#1679=AXIS2_PLACEMENT_3D('',#2530,#2110,#2111);
#1680=AXIS2_PLACEMENT_3D('',#2531,#2112,#2113);
#1681=AXIS2_PLACEMENT_3D('',#2532,#2114,#2115);
#1682=DIRECTION('axis',(0.,0.,1.));
#1683=DIRECTION('refdir',(1.,0.,0.));
#1684=DIRECTION('center_axis',(-1.,0.,3.64380890133385E-16));
#1685=DIRECTION('ref_axis',(-3.64380890133385E-16,-7.53605931866612E-15,
-1.));
#1686=DIRECTION('center_axis',(-1.,0.,1.83697019872103E-16));
#1687=DIRECTION('ref_axis',(-3.64380890133385E-16,-7.53605931866612E-15,
-1.));
#1688=DIRECTION('',(-1.,0.,3.64380890133385E-16));
#1689=DIRECTION('center_axis',(1.,0.,-1.83697019872103E-16));
#1690=DIRECTION('ref_axis',(-3.64380890133385E-16,-7.53605931866612E-15,
-1.));
#1691=DIRECTION('center_axis',(-1.,0.,3.64380890133385E-16));
#1692=DIRECTION('ref_axis',(-3.64380890133385E-16,-7.53605931866612E-15,
-1.));
#1693=DIRECTION('center_axis',(-1.,0.,1.83697019872103E-16));
#1694=DIRECTION('ref_axis',(-3.64380890133385E-16,-7.53605931866612E-15,
-1.));
#1695=DIRECTION('',(-1.,0.,3.64380890133385E-16));
#1696=DIRECTION('center_axis',(1.,0.,-1.83697019872103E-16));
#1697=DIRECTION('ref_axis',(-3.64380890133385E-16,-7.53605931866612E-15,
-1.));
#1698=DIRECTION('center_axis',(-1.,0.,1.82190445066692E-16));
#1699=DIRECTION('ref_axis',(-1.82190445066692E-16,-7.53605931866612E-15,
-1.));
#1700=DIRECTION('center_axis',(-1.,0.,1.83697019872103E-16));
#1701=DIRECTION('ref_axis',(-1.82190445066692E-16,-7.53605931866612E-15,
-1.));
#1702=DIRECTION('',(-1.,0.,1.82190445066692E-16));
#1703=DIRECTION('center_axis',(1.,0.,-1.83697019872103E-16));
#1704=DIRECTION('ref_axis',(-1.82190445066692E-16,-7.53605931866612E-15,
-1.));
#1705=DIRECTION('center_axis',(1.37299800131678E-30,-1.,7.53605931866612E-15));
#1706=DIRECTION('ref_axis',(1.83697019872103E-16,7.53605931866612E-15,1.));
#1707=DIRECTION('',(-1.83697019872103E-16,-7.53605931866612E-15,-1.));
#1708=DIRECTION('',(-1.,0.,1.82190445066692E-16));
#1709=DIRECTION('',(1.83697019872103E-16,7.53605931866612E-15,1.));
#1710=DIRECTION('',(-1.,0.,1.82190445066692E-16));
#1711=DIRECTION('center_axis',(-1.82190445066692E-16,-7.25184222436208E-15,
-1.));
#1712=DIRECTION('ref_axis',(1.332141805198E-30,-1.,7.25184222436208E-15));
#1713=DIRECTION('',(-1.332141805198E-30,1.,-7.25184222436208E-15));
#1714=DIRECTION('',(1.332141805198E-30,-1.,7.25184222436208E-15));
#1715=DIRECTION('',(-1.,0.,1.82190445066692E-16));
#1716=DIRECTION('center_axis',(-1.24354390404974E-30,1.,-6.82551658290602E-15));
#1717=DIRECTION('ref_axis',(-1.83697019872103E-16,-6.82551658290602E-15,
-1.));
#1718=DIRECTION('',(1.83697019872103E-16,6.82551658290602E-15,1.));
#1719=DIRECTION('',(-1.83697019872103E-16,-6.82551658290602E-15,-1.));
#1720=DIRECTION('',(-1.,0.,1.82190445066692E-16));
#1721=DIRECTION('center_axis',(1.82190445066692E-16,7.53605931866612E-15,
1.));
#1722=DIRECTION('ref_axis',(-1.38435163841836E-30,1.,-7.53605931866612E-15));
#1723=DIRECTION('',(1.38435163841836E-30,-1.,7.53605931866612E-15));
#1724=DIRECTION('',(-1.38435163841836E-30,1.,-7.53605931866612E-15));
#1725=DIRECTION('center_axis',(-1.,0.,1.82190445066692E-16));
#1726=DIRECTION('ref_axis',(-1.82190445066692E-16,-7.53605931866612E-15,
-1.));
#1727=DIRECTION('center_axis',(-1.,0.,1.83697019872103E-16));
#1728=DIRECTION('ref_axis',(-1.82190445066692E-16,-7.53605931866612E-15,
-1.));
#1729=DIRECTION('',(-1.,0.,1.82190445066692E-16));
#1730=DIRECTION('center_axis',(1.,0.,-1.83697019872103E-16));
#1731=DIRECTION('ref_axis',(-1.82190445066692E-16,-7.53605931866612E-15,
-1.));
#1732=DIRECTION('center_axis',(3.64380890133385E-16,7.53605931866612E-15,
1.));
#1733=DIRECTION('ref_axis',(-1.38435163841836E-30,1.,-7.53605931866612E-15));
#1734=DIRECTION('',(1.38435163841836E-30,-1.,7.53605931866612E-15));
#1735=DIRECTION('',(-1.,0.,3.64380890133385E-16));
#1736=DIRECTION('',(-1.38435163841836E-30,1.,-7.53605931866612E-15));
#1737=DIRECTION('',(-1.,0.,3.64380890133385E-16));
#1738=DIRECTION('center_axis',(2.74599600263355E-30,-1.,7.53605931866612E-15));
#1739=DIRECTION('ref_axis',(1.83697019872103E-16,7.53605931866612E-15,1.));
#1740=DIRECTION('',(-1.83697019872103E-16,-7.53605931866612E-15,-1.));
#1741=DIRECTION('',(1.83697019872103E-16,7.53605931866612E-15,1.));
#1742=DIRECTION('',(-1.,0.,3.64380890133385E-16));
#1743=DIRECTION('center_axis',(-3.64380890133385E-16,-7.53605931866612E-15,
-1.));
#1744=DIRECTION('ref_axis',(1.38435163841836E-30,-1.,7.53605931866612E-15));
#1745=DIRECTION('',(-1.38435163841836E-30,1.,-7.53605931866612E-15));
#1746=DIRECTION('',(1.38435163841836E-30,-1.,7.53605931866612E-15));
#1747=DIRECTION('',(-1.,0.,3.64380890133385E-16));
#1748=DIRECTION('center_axis',(-2.74599600263355E-30,1.,-7.53605931866612E-15));
#1749=DIRECTION('ref_axis',(-1.83697019872103E-16,-7.53605931866612E-15,
-1.));
#1750=DIRECTION('',(1.83697019872103E-16,7.53605931866612E-15,1.));
#1751=DIRECTION('',(-1.83697019872103E-16,-7.53605931866612E-15,-1.));
#1752=DIRECTION('center_axis',(-1.,0.,3.64380890133385E-16));
#1753=DIRECTION('ref_axis',(-3.64380890133385E-16,-7.53605931866612E-15,
-1.));
#1754=DIRECTION('center_axis',(-1.,0.,1.83697019872103E-16));
#1755=DIRECTION('ref_axis',(-3.64380890133385E-16,-7.53605931866612E-15,
-1.));
#1756=DIRECTION('',(-1.,0.,3.64380890133385E-16));
#1757=DIRECTION('center_axis',(1.,0.,-1.83697019872103E-16));
#1758=DIRECTION('ref_axis',(-3.64380890133385E-16,-7.53605931866612E-15,
-1.));
#1759=DIRECTION('center_axis',(3.64380890133385E-16,7.53605931866612E-15,
1.));
#1760=DIRECTION('ref_axis',(-1.38435163841836E-30,1.,-7.53605931866612E-15));
#1761=DIRECTION('',(1.38435163841836E-30,-1.,7.53605931866612E-15));
#1762=DIRECTION('',(-1.,0.,3.64380890133385E-16));
#1763=DIRECTION('',(-1.38435163841836E-30,1.,-7.53605931866612E-15));
#1764=DIRECTION('',(-1.,0.,3.64380890133385E-16));
#1765=DIRECTION('center_axis',(2.74599600263355E-30,-1.,7.53605931866612E-15));
#1766=DIRECTION('ref_axis',(1.83697019872103E-16,7.53605931866612E-15,1.));
#1767=DIRECTION('',(-1.83697019872103E-16,-7.53605931866612E-15,-1.));
#1768=DIRECTION('',(1.83697019872103E-16,7.53605931866612E-15,1.));
#1769=DIRECTION('',(-1.,0.,3.64380890133385E-16));
#1770=DIRECTION('',(-1.83697019872103E-16,-7.53605931866612E-15,-1.));
#1771=DIRECTION('',(1.,2.74599600263355E-30,0.));
#1772=DIRECTION('center_axis',(-3.64380890133385E-16,-7.53605931866612E-15,
-1.));
#1773=DIRECTION('ref_axis',(1.38435163841836E-30,-1.,7.53605931866612E-15));
#1774=DIRECTION('',(-1.38435163841836E-30,1.,-7.53605931866612E-15));
#1775=DIRECTION('',(-1.,0.,3.64380890133385E-16));
#1776=DIRECTION('',(-1.38435163841836E-30,1.,-7.53605931866612E-15));
#1777=DIRECTION('',(1.38435163841836E-30,-1.,7.53605931866612E-15));
#1778=DIRECTION('',(-1.,0.,3.64380890133385E-16));
#1779=DIRECTION('center_axis',(-2.74599600263355E-30,1.,-7.53605931866612E-15));
#1780=DIRECTION('ref_axis',(-1.83697019872103E-16,-7.53605931866612E-15,
-1.));
#1781=DIRECTION('',(1.83697019872103E-16,7.53605931866612E-15,1.));
#1782=DIRECTION('',(-1.83697019872103E-16,-7.53605931866612E-15,-1.));
#1783=DIRECTION('center_axis',(-1.,0.,1.82190445066692E-16));
#1784=DIRECTION('ref_axis',(-1.82190445066692E-16,-7.53605931866612E-15,
-1.));
#1785=DIRECTION('center_axis',(-1.,0.,1.83697019872103E-16));
#1786=DIRECTION('ref_axis',(-1.82190445066692E-16,-7.53605931866612E-15,
-1.));
#1787=DIRECTION('',(-1.,0.,1.82190445066692E-16));
#1788=DIRECTION('center_axis',(1.,0.,-1.83697019872103E-16));
#1789=DIRECTION('ref_axis',(-1.82190445066692E-16,-7.53605931866612E-15,
-1.));
#1790=DIRECTION('center_axis',(-1.,0.,1.82190445066692E-16));
#1791=DIRECTION('ref_axis',(-1.82190445066692E-16,-7.53605931866612E-15,
-1.));
#1792=DIRECTION('center_axis',(-1.,0.,1.83697019872103E-16));
#1793=DIRECTION('ref_axis',(-1.82190445066692E-16,-7.53605931866612E-15,
-1.));
#1794=DIRECTION('',(-1.,0.,1.82190445066692E-16));
#1795=DIRECTION('center_axis',(1.,0.,-1.83697019872103E-16));
#1796=DIRECTION('ref_axis',(-1.82190445066692E-16,-7.53605931866612E-15,
-1.));
#1797=DIRECTION('center_axis',(-1.,0.,1.82190445066692E-16));
#1798=DIRECTION('ref_axis',(-1.82190445066692E-16,-7.53605931866612E-15,
-1.));
#1799=DIRECTION('center_axis',(-1.,0.,1.83697019872103E-16));
#1800=DIRECTION('ref_axis',(-1.82190445066692E-16,-7.53605931866612E-15,
-1.));
#1801=DIRECTION('',(-1.,0.,1.82190445066692E-16));
#1802=DIRECTION('center_axis',(1.,0.,-1.83697019872103E-16));
#1803=DIRECTION('ref_axis',(-1.82190445066692E-16,-7.53605931866612E-15,
-1.));
#1804=DIRECTION('center_axis',(-1.,0.,1.82190445066692E-16));
#1805=DIRECTION('ref_axis',(-1.82190445066692E-16,-7.53605931866612E-15,
-1.));
#1806=DIRECTION('center_axis',(-1.,0.,1.83697019872103E-16));
#1807=DIRECTION('ref_axis',(-1.82190445066692E-16,-7.53605931866612E-15,
-1.));
#1808=DIRECTION('',(-1.,0.,1.82190445066692E-16));
#1809=DIRECTION('center_axis',(1.,0.,-1.83697019872103E-16));
#1810=DIRECTION('ref_axis',(-1.82190445066692E-16,-7.53605931866612E-15,
-1.));
#1811=DIRECTION('center_axis',(-1.,0.,3.64380890133385E-16));
#1812=DIRECTION('ref_axis',(-3.64380890133385E-16,-7.53605931866612E-15,
-1.));
#1813=DIRECTION('center_axis',(-1.,0.,1.83697019872103E-16));
#1814=DIRECTION('ref_axis',(-3.64380890133385E-16,-7.53605931866612E-15,
-1.));
#1815=DIRECTION('',(-1.,0.,3.64380890133385E-16));
#1816=DIRECTION('center_axis',(1.,0.,-1.83697019872103E-16));
#1817=DIRECTION('ref_axis',(-3.64380890133385E-16,-7.53605931866612E-15,
-1.));
#1818=DIRECTION('center_axis',(-1.,0.,1.82190445066692E-16));
#1819=DIRECTION('ref_axis',(-1.82190445066692E-16,-7.53605931866612E-15,
-1.));
#1820=DIRECTION('center_axis',(-1.,0.,1.83697019872103E-16));
#1821=DIRECTION('ref_axis',(-1.82190445066692E-16,-7.53605931866612E-15,
-1.));
#1822=DIRECTION('',(-1.,0.,1.82190445066692E-16));
#1823=DIRECTION('center_axis',(1.,0.,-1.83697019872103E-16));
#1824=DIRECTION('ref_axis',(-1.82190445066692E-16,-7.53605931866612E-15,
-1.));
#1825=DIRECTION('center_axis',(-1.,0.,1.82190445066692E-16));
#1826=DIRECTION('ref_axis',(-1.82190445066692E-16,-7.53605931866612E-15,
-1.));
#1827=DIRECTION('center_axis',(-1.,0.,1.83697019872103E-16));
#1828=DIRECTION('ref_axis',(-1.82190445066692E-16,-7.53605931866612E-15,
-1.));
#1829=DIRECTION('',(-1.,0.,1.82190445066692E-16));
#1830=DIRECTION('center_axis',(1.,0.,-1.83697019872103E-16));
#1831=DIRECTION('ref_axis',(-1.82190445066692E-16,-7.53605931866612E-15,
-1.));
#1832=DIRECTION('center_axis',(0.,0.,1.));
#1833=DIRECTION('ref_axis',(0.,1.,0.));
#1834=DIRECTION('',(0.,-1.,0.));
#1835=DIRECTION('',(-1.,0.,0.));
#1836=DIRECTION('',(-8.64505101612063E-32,-1.,-5.84007728021997E-16));
#1837=DIRECTION('center_axis',(1.,0.,-1.83697019872103E-16));
#1838=DIRECTION('ref_axis',(-1.83697019872103E-16,0.,-1.));
#1839=DIRECTION('',(1.83697019872103E-16,0.,1.));
#1840=DIRECTION('center_axis',(1.,0.,-1.83697019872103E-16));
#1841=DIRECTION('ref_axis',(0.,0.,-1.));
#1842=DIRECTION('',(0.,1.,0.));
#1843=DIRECTION('center_axis',(1.,0.,-1.83697019872103E-16));
#1844=DIRECTION('ref_axis',(1.83697019872103E-16,7.53605931866612E-15,1.));
#1845=DIRECTION('',(-1.83697019872103E-16,0.,-1.));
#1846=DIRECTION('center_axis',(1.,0.,-1.83697019872103E-16));
#1847=DIRECTION('ref_axis',(0.,0.,1.));
#1848=DIRECTION('center_axis',(1.,0.,-1.83697019872103E-16));
#1849=DIRECTION('ref_axis',(-1.83697019872103E-16,0.,-1.));
#1850=DIRECTION('center_axis',(1.,0.,-1.83697019872103E-16));
#1851=DIRECTION('ref_axis',(-1.12481983699639E-32,-1.,-6.12323399573676E-17));
#1852=DIRECTION('center_axis',(1.,0.,-1.83697019872103E-16));
#1853=DIRECTION('ref_axis',(-1.83697019872103E-16,0.,-1.));
#1854=DIRECTION('center_axis',(1.,0.,-1.83697019872103E-16));
#1855=DIRECTION('ref_axis',(-1.12481983699639E-32,-1.,-6.12323399573676E-17));
#1856=DIRECTION('center_axis',(1.,0.,-1.83697019872103E-16));
#1857=DIRECTION('ref_axis',(-1.83697019872103E-16,0.,-1.));
#1858=DIRECTION('center_axis',(1.,0.,-1.83697019872103E-16));
#1859=DIRECTION('ref_axis',(-1.12481983699639E-32,1.,-6.12323399573676E-17));
#1860=DIRECTION('center_axis',(1.,0.,-1.83697019872103E-16));
#1861=DIRECTION('ref_axis',(-1.83697019872103E-16,0.,-1.));
#1862=DIRECTION('center_axis',(1.,0.,-1.83697019872103E-16));
#1863=DIRECTION('ref_axis',(-1.12481983699639E-32,-1.,-6.12323399573676E-17));
#1864=DIRECTION('center_axis',(1.,0.,-1.83697019872103E-16));
#1865=DIRECTION('ref_axis',(-1.83697019872103E-16,0.,-1.));
#1866=DIRECTION('center_axis',(1.,0.,-1.83697019872103E-16));
#1867=DIRECTION('ref_axis',(-1.12481983699639E-32,-1.,-6.12323399573676E-17));
#1868=DIRECTION('center_axis',(1.,0.,-1.83697019872103E-16));
#1869=DIRECTION('ref_axis',(-1.83697019872103E-16,0.,-1.));
#1870=DIRECTION('center_axis',(1.,0.,-1.83697019872103E-16));
#1871=DIRECTION('ref_axis',(-1.12481983699639E-32,1.,-6.12323399573676E-17));
#1872=DIRECTION('center_axis',(-1.,0.,0.));
#1873=DIRECTION('ref_axis',(0.,0.,1.));
#1874=DIRECTION('center_axis',(1.,0.,0.));
#1875=DIRECTION('ref_axis',(0.,0.,-1.));
#1876=DIRECTION('',(0.,1.,0.));
#1877=DIRECTION('center_axis',(1.,0.,0.));
#1878=DIRECTION('ref_axis',(0.,-1.,0.));
#1879=DIRECTION('',(0.,0.,-1.));
#1880=DIRECTION('center_axis',(1.,0.,0.));
#1881=DIRECTION('ref_axis',(0.,0.,1.));
#1882=DIRECTION('',(0.,-1.,0.));
#1883=DIRECTION('center_axis',(1.,0.,0.));
#1884=DIRECTION('ref_axis',(0.,1.,0.));
#1885=DIRECTION('',(0.,0.,1.));
#1886=DIRECTION('center_axis',(1.,0.,0.));
#1887=DIRECTION('ref_axis',(0.,0.,-1.));
#1888=DIRECTION('',(-1.,0.,-7.10542735760095E-15));
#1889=DIRECTION('center_axis',(1.,0.,-1.83697019872103E-16));
#1890=DIRECTION('ref_axis',(-1.83697019872103E-16,0.,-1.));
#1891=DIRECTION('',(-1.,0.,0.));
#1892=DIRECTION('center_axis',(0.,1.,0.));
#1893=DIRECTION('ref_axis',(-1.77635683940025E-16,0.,-1.));
#1894=DIRECTION('',(-1.,0.,3.55271367880048E-15));
#1895=DIRECTION('',(1.77801260229612E-16,-2.29207334116161E-15,1.));
#1896=DIRECTION('center_axis',(1.,0.,0.));
#1897=DIRECTION('ref_axis',(0.,1.,0.));
#1898=DIRECTION('',(-1.,0.,0.));
#1899=DIRECTION('center_axis',(1.,0.,-1.83697019872103E-16));
#1900=DIRECTION('ref_axis',(0.,1.,0.));
#1901=DIRECTION('center_axis',(0.,0.,1.));
#1902=DIRECTION('ref_axis',(0.,1.,0.));
#1903=DIRECTION('',(-1.,0.,0.));
#1904=DIRECTION('',(9.28071653201196E-32,-1.,4.17966315153003E-16));
#1905=DIRECTION('center_axis',(1.,0.,0.));
#1906=DIRECTION('ref_axis',(0.,0.,1.));
#1907=DIRECTION('',(-1.,0.,3.55271367880048E-15));
#1908=DIRECTION('center_axis',(1.,0.,-1.83697019872103E-16));
#1909=DIRECTION('ref_axis',(1.83697019872103E-16,0.,1.));
#1910=DIRECTION('center_axis',(0.,0.,-1.));
#1911=DIRECTION('ref_axis',(0.,-1.,0.));
#1912=DIRECTION('',(-1.,-7.10542735760101E-15,0.));
#1913=DIRECTION('',(-3.81750805551181E-31,1.,-1.87554849341311E-15));
#1914=DIRECTION('',(1.,0.,0.));
#1915=DIRECTION('center_axis',(1.,0.,0.));
#1916=DIRECTION('ref_axis',(0.,0.,-1.));
#1917=DIRECTION('',(-1.,0.,0.));
#1918=DIRECTION('center_axis',(1.,0.,-1.83697019872103E-16));
#1919=DIRECTION('ref_axis',(-1.83697019872103E-16,0.,-1.));
#1920=DIRECTION('center_axis',(0.,1.,0.));
#1921=DIRECTION('ref_axis',(-1.88737914186277E-16,0.,-1.));
#1922=DIRECTION('',(1.91184254244618E-16,1.1219095827791E-15,1.));
#1923=DIRECTION('center_axis',(1.,0.,-1.83697019872103E-16));
#1924=DIRECTION('ref_axis',(-1.83697019872103E-16,1.22464679914735E-16,
-1.));
#1925=DIRECTION('center_axis',(1.,-1.23259516440783E-32,-1.83697019872103E-16));
#1926=DIRECTION('ref_axis',(1.83173859506604E-16,-0.0754174643784429,0.997152047616975));
#1927=DIRECTION('center_axis',(1.,0.,-1.83697019872103E-16));
#1928=DIRECTION('ref_axis',(1.76103050460561E-16,0.284552845528453,0.958660355966419));
#1929=DIRECTION('',(2.37575669434699E-16,0.,1.));
#1930=DIRECTION('center_axis',(-1.,0.,1.83697019872103E-16));
#1931=DIRECTION('ref_axis',(0.,1.,0.));
#1932=DIRECTION('',(0.,1.,0.));
#1933=DIRECTION('',(-1.46835948418165E-16,-4.21782359392049E-16,-1.));
#1934=DIRECTION('center_axis',(1.,0.,-1.83697019872103E-16));
#1935=DIRECTION('ref_axis',(-5.22098332203544E-30,-1.,-2.84217094304006E-14));
#1936=DIRECTION('',(3.78485122031223E-17,1.,-1.00660220899326E-14));
#1937=DIRECTION('center_axis',(1.,0.,-1.83697019872103E-16));
#1938=DIRECTION('ref_axis',(-1.83697019872103E-16,0.,-1.));
#1939=DIRECTION('',(3.47954955610486E-16,-3.4846540297813E-15,1.));
#1940=DIRECTION('center_axis',(1.,0.,-1.83697019872103E-16));
#1941=DIRECTION('ref_axis',(-5.22098332195505E-30,1.,-2.8421709429963E-14));
#1942=DIRECTION('',(-5.71933073291626E-17,-1.,-6.45947941599954E-16));
#1943=DIRECTION('center_axis',(1.,0.,-1.83697019872103E-16));
#1944=DIRECTION('ref_axis',(1.83697019872103E-16,2.44249065417541E-14,1.));
#1945=DIRECTION('',(-1.432545838226E-16,-4.21782359392022E-16,-1.));
#1946=DIRECTION('',(0.,-1.,0.));
#1947=DIRECTION('center_axis',(-1.,-2.73691106313441E-48,1.83697019872103E-16));
#1948=DIRECTION('ref_axis',(1.83697019872103E-16,9.76181821336954E-65,1.));
#1949=DIRECTION('',(1.35757525391257E-16,0.,1.));
#1950=DIRECTION('center_axis',(1.,0.,-1.83697019872103E-16));
#1951=DIRECTION('ref_axis',(0.,-1.,0.));
#1952=DIRECTION('center_axis',(1.,0.,-1.83697019872103E-16));
#1953=DIRECTION('ref_axis',(0.,1.,0.));
#1954=DIRECTION('center_axis',(1.,0.,-1.83697019872103E-16));
#1955=DIRECTION('ref_axis',(0.,1.,0.));
#1956=DIRECTION('center_axis',(1.,0.,-1.83697019872103E-16));
#1957=DIRECTION('ref_axis',(0.,1.,0.));
#1958=DIRECTION('center_axis',(1.,0.,-1.83697019872103E-16));
#1959=DIRECTION('ref_axis',(0.,1.,0.));
#1960=DIRECTION('center_axis',(0.,-1.,0.));
#1961=DIRECTION('ref_axis',(1.88737914186277E-16,0.,1.));
#1962=DIRECTION('',(1.,0.,0.));
#1963=DIRECTION('',(-1.89925583007054E-16,-7.32308812263485E-16,-1.));
#1964=DIRECTION('',(-1.,0.,0.));
#1965=DIRECTION('center_axis',(0.,-1.,-1.22464679914721E-16));
#1966=DIRECTION('ref_axis',(-1.83697019872103E-16,1.22464679914721E-16,
-1.));
#1967=DIRECTION('',(-1.,0.,0.));
#1968=DIRECTION('',(1.,0.,1.42108547152021E-14));
#1969=DIRECTION('',(-2.14313189850783E-16,-4.21782359392022E-16,-1.));
#1970=DIRECTION('center_axis',(0.,-1.,-1.22464679914721E-16));
#1971=DIRECTION('ref_axis',(-1.83697019872103E-16,1.22464679914721E-16,
-1.));
#1972=DIRECTION('',(1.,0.,0.));
#1973=DIRECTION('',(-2.14313189850783E-16,-4.21782359392049E-16,-1.));
#1974=DIRECTION('',(1.,0.,0.));
#1975=DIRECTION('center_axis',(1.,0.,-1.83697019872103E-16));
#1976=DIRECTION('ref_axis',(-1.83697019872103E-16,1.22464679914735E-16,
-1.));
#1977=DIRECTION('center_axis',(1.,0.,-1.83697019872103E-16));
#1978=DIRECTION('ref_axis',(1.83697019872103E-16,0.,1.));
#1979=DIRECTION('center_axis',(1.,-1.23259516440783E-32,-1.83697019872103E-16));
#1980=DIRECTION('ref_axis',(1.83173859506604E-16,-0.0754174643784429,0.997152047616975));
#1981=DIRECTION('center_axis',(-1.,-6.16297582203915E-33,1.83697019872103E-16));
#1982=DIRECTION('ref_axis',(-1.76103050460561E-16,0.284552845528442,-0.958660355966422));
#1983=DIRECTION('',(9.18485099360514E-17,0.,1.));
#1984=DIRECTION('center_axis',(1.,0.,-1.83697019872103E-16));
#1985=DIRECTION('ref_axis',(0.,1.,0.));
#1986=DIRECTION('',(0.,-1.,0.));
#1987=DIRECTION('center_axis',(-1.,0.,1.83697019872103E-16));
#1988=DIRECTION('ref_axis',(0.,-1.,0.));
#1989=DIRECTION('',(2.00800957692578E-30,-1.,-6.45947941599954E-16));
#1990=DIRECTION('center_axis',(-1.,0.,1.83697019872103E-16));
#1991=DIRECTION('ref_axis',(1.83697019872103E-16,0.,1.));
#1992=DIRECTION('',(2.14313189850785E-16,-3.4846540297813E-15,1.));
#1993=DIRECTION('center_axis',(-1.,0.,1.83697019872103E-16));
#1994=DIRECTION('ref_axis',(0.,1.,0.));
#1995=DIRECTION('',(-2.74906073031506E-30,1.,-1.00660220899326E-14));
#1996=DIRECTION('center_axis',(-1.,0.,1.83697019872103E-16));
#1997=DIRECTION('ref_axis',(-1.83697019872103E-16,1.11022302462517E-16,
-1.));
#1998=DIRECTION('',(0.,1.,0.));
#1999=DIRECTION('center_axis',(1.,0.,-1.83697019872103E-16));
#2000=DIRECTION('ref_axis',(-1.83697019872103E-16,0.,-1.));
#2001=DIRECTION('',(2.27606035327308E-16,0.,1.));
#2002=DIRECTION('center_axis',(-1.,6.16297582203916E-33,1.83697019872103E-16));
#2003=DIRECTION('ref_axis',(-6.16297582203916E-33,-1.,1.13212029205242E-48));
#2004=DIRECTION('center_axis',(1.,-1.23259516440783E-32,-1.83697019872103E-16));
#2005=DIRECTION('ref_axis',(-1.7610305046056E-16,-0.284552845528454,-0.958660355966418));
#2006=DIRECTION('center_axis',(-1.,0.,1.83697019872103E-16));
#2007=DIRECTION('ref_axis',(0.,1.,0.));
#2008=DIRECTION('center_axis',(-1.,0.,1.83697019872103E-16));
#2009=DIRECTION('ref_axis',(0.,1.,0.));
#2010=DIRECTION('center_axis',(1.,0.,-1.83697019872103E-16));
#2011=DIRECTION('ref_axis',(0.,-1.,0.));
#2012=DIRECTION('',(-7.42457322560954E-31,1.,-4.17966315153001E-15));
#2013=DIRECTION('',(-1.77801260229612E-16,-5.73018335290404E-16,-1.));
#2014=DIRECTION('center_axis',(-1.,0.,1.83697019872103E-16));
#2015=DIRECTION('ref_axis',(0.,-1.,0.));
#2016=DIRECTION('center_axis',(-1.,0.,1.83697019872103E-16));
#2017=DIRECTION('ref_axis',(0.,-1.,0.));
#2018=DIRECTION('center_axis',(-1.,0.,1.83697019872103E-16));
#2019=DIRECTION('ref_axis',(0.,-1.,0.));
#2020=DIRECTION('center_axis',(-1.,0.,1.83697019872103E-16));
#2021=DIRECTION('ref_axis',(0.,-1.,0.));
#2022=DIRECTION('center_axis',(1.,0.,-1.83697019872103E-16));
#2023=DIRECTION('ref_axis',(0.,1.,0.));
#2024=DIRECTION('center_axis',(1.,0.,-1.83697019872103E-16));
#2025=DIRECTION('ref_axis',(0.,1.,0.));
#2026=DIRECTION('center_axis',(1.,0.,-1.83697019872103E-16));
#2027=DIRECTION('ref_axis',(0.,1.,0.));
#2028=DIRECTION('center_axis',(1.,0.,-1.83697019872103E-16));
#2029=DIRECTION('ref_axis',(0.,1.,0.));
#2030=DIRECTION('center_axis',(0.,1.,1.29571330216014E-16));
#2031=DIRECTION('ref_axis',(1.29571330216014E-16,-1.29571330216014E-16,
1.));
#2032=DIRECTION('',(1.,0.,0.));
#2033=DIRECTION('',(1.,0.,0.));
#2034=DIRECTION('center_axis',(0.,0.,-1.));
#2035=DIRECTION('ref_axis',(0.,1.,0.));
#2036=DIRECTION('',(1.,0.,0.));
#2037=DIRECTION('center_axis',(0.,0.,1.));
#2038=DIRECTION('ref_axis',(0.,-1.,0.));
#2039=DIRECTION('',(1.,0.,0.));
#2040=DIRECTION('center_axis',(0.,1.,0.));
#2041=DIRECTION('ref_axis',(1.94356995324021E-16,0.,1.));
#2042=DIRECTION('',(1.,0.,0.));
#2043=DIRECTION('',(1.,0.,0.));
#2044=DIRECTION('center_axis',(1.,0.,-1.83697019872103E-16));
#2045=DIRECTION('ref_axis',(-1.68560022483122E-31,1.,-9.10952225333462E-16));
#2046=DIRECTION('',(1.,0.,0.));
#2047=DIRECTION('',(1.,0.,0.));
#2048=DIRECTION('center_axis',(1.,0.,0.));
#2049=DIRECTION('ref_axis',(0.,0.,1.));
#2050=DIRECTION('center_axis',(-1.,0.,0.));
#2051=DIRECTION('ref_axis',(0.,-1.,0.));
#2052=DIRECTION('',(1.,0.,0.));
#2053=DIRECTION('center_axis',(-1.,0.,0.));
#2054=DIRECTION('ref_axis',(0.,-8.32667268468879E-15,-1.));
#2055=DIRECTION('',(1.,0.,0.));
#2056=DIRECTION('center_axis',(0.,2.67121329233049E-15,1.));
#2057=DIRECTION('ref_axis',(8.30379900232422E-31,-1.,2.67121329233049E-15));
#2058=DIRECTION('',(1.,2.84217094304041E-14,0.));
#2059=DIRECTION('center_axis',(-1.,0.,0.));
#2060=DIRECTION('ref_axis',(0.,0.,1.));
#2061=DIRECTION('',(1.,0.,0.));
#2062=DIRECTION('center_axis',(0.,1.,0.));
#2063=DIRECTION('ref_axis',(1.83697019872103E-16,0.,1.));
#2064=DIRECTION('',(1.,0.,0.));
#2065=DIRECTION('center_axis',(-1.,0.,0.));
#2066=DIRECTION('ref_axis',(0.,1.,0.));
#2067=DIRECTION('',(1.,0.,0.));
#2068=DIRECTION('center_axis',(0.,-8.38760973791795E-15,-1.));
#2069=DIRECTION('ref_axis',(-2.56231512071725E-30,1.,-8.38760973791795E-15));
#2070=DIRECTION('center_axis',(-1.,0.,1.83697019872103E-16));
#2071=DIRECTION('ref_axis',(-1.12481983699639E-32,1.,-6.12323399573676E-17));
#2072=DIRECTION('',(-1.,0.,1.83697019872103E-16));
#2073=DIRECTION('center_axis',(-1.,0.,1.83697019872103E-16));
#2074=DIRECTION('ref_axis',(-1.12481983699639E-32,1.,-6.12323399573676E-17));
#2075=DIRECTION('',(-1.,0.,1.83697019872103E-16));
#2076=DIRECTION('center_axis',(1.,0.,0.));
#2077=DIRECTION('ref_axis',(0.,-1.,0.));
#2078=DIRECTION('',(-1.,1.77635683940024E-15,0.));
#2079=DIRECTION('',(-1.,0.,0.));
#2080=DIRECTION('center_axis',(0.,0.,-1.));
#2081=DIRECTION('ref_axis',(0.,-1.,0.));
#2082=DIRECTION('center_axis',(0.,-1.,0.));
#2083=DIRECTION('ref_axis',(1.77635683940025E-16,0.,1.));
#2084=DIRECTION('center_axis',(-1.,0.,1.83697019872103E-16));
#2085=DIRECTION('ref_axis',(-1.12481983699639E-32,-1.,-6.12323399573676E-17));
#2086=DIRECTION('',(-1.,0.,1.83697019872103E-16));
#2087=DIRECTION('center_axis',(-1.,0.,1.83697019872103E-16));
#2088=DIRECTION('ref_axis',(-1.12481983699639E-32,-1.,-6.12323399573676E-17));
#2089=DIRECTION('',(-1.,0.,1.83697019872103E-16));
#2090=DIRECTION('center_axis',(-1.,0.,1.83697019872103E-16));
#2091=DIRECTION('ref_axis',(-1.12481983699639E-32,-1.,-6.12323399573676E-17));
#2092=DIRECTION('',(-1.,0.,1.83697019872103E-16));
#2093=DIRECTION('center_axis',(-1.,0.,1.83697019872103E-16));
#2094=DIRECTION('ref_axis',(-1.12481983699639E-32,-1.,-6.12323399573676E-17));
#2095=DIRECTION('',(-1.,0.,1.83697019872103E-16));
#2096=DIRECTION('center_axis',(1.,0.,-3.06161699786838E-16));
#2097=DIRECTION('ref_axis',(1.87469972832732E-32,1.,6.12323399573676E-17));
#2098=DIRECTION('',(1.,0.,-3.06161699786838E-16));
#2099=DIRECTION('center_axis',(1.,0.,-3.06161699786838E-16));
#2100=DIRECTION('ref_axis',(1.87469972832732E-32,1.,6.12323399573676E-17));
#2101=DIRECTION('',(1.,0.,-3.06161699786838E-16));
#2102=DIRECTION('center_axis',(1.,0.,-3.06161699786838E-16));
#2103=DIRECTION('ref_axis',(1.87469972832732E-32,1.,6.12323399573676E-17));
#2104=DIRECTION('',(1.,0.,-3.06161699786838E-16));
#2105=DIRECTION('center_axis',(1.,0.,-3.06161699786838E-16));
#2106=DIRECTION('ref_axis',(1.87469972832732E-32,1.,6.12323399573676E-17));
#2107=DIRECTION('',(1.,0.,-3.06161699786838E-16));
#2108=DIRECTION('center_axis',(1.,0.,0.));
#2109=DIRECTION('ref_axis',(0.,0.284552845528454,0.958660355966418));
#2110=DIRECTION('center_axis',(-1.,0.,0.));
#2111=DIRECTION('ref_axis',(0.,1.,0.));
#2112=DIRECTION('center_axis',(-1.,0.,0.));
#2113=DIRECTION('ref_axis',(0.,0.,1.));
#2114=DIRECTION('center_axis',(1.,0.,0.));
#2115=DIRECTION('ref_axis',(0.,-1.,0.));
#2116=CARTESIAN_POINT('',(0.,0.,0.));
#2117=CARTESIAN_POINT('Origin',(2.00000000000002,149.717809045327,124.27127167801));
#2118=CARTESIAN_POINT('',(2.00000000000005,149.717809045327,126.02127167801));
#2119=CARTESIAN_POINT('Origin',(2.00000000000005,149.717809045327,124.27127167801));
#2120=CARTESIAN_POINT('',(4.58792548112086E-14,149.717809045327,126.02127167801));
#2121=CARTESIAN_POINT('',(2.00000000000002,149.717809045327,126.02127167801));
#2122=CARTESIAN_POINT('Origin',(4.52415882534751E-14,149.717809045327,124.27127167801));
#2123=CARTESIAN_POINT('Origin',(2.00000000000002,166.000000000027,119.27127167801));
#2124=CARTESIAN_POINT('',(2.00000000000004,166.000000000027,121.02127167801));
#2125=CARTESIAN_POINT('Origin',(2.00000000000004,166.000000000027,119.27127167801));
#2126=CARTESIAN_POINT('',(4.42139202742708E-14,166.000000000027,121.02127167801));
#2127=CARTESIAN_POINT('',(2.00000000000002,166.000000000027,121.02127167801));
#2128=CARTESIAN_POINT('Origin',(4.35762537165374E-14,166.000000000027,119.27127167801));
#2129=CARTESIAN_POINT('Origin',(2.,241.000000000026,-21.2287283219917));
#2130=CARTESIAN_POINT('',(2.,241.000000000026,-19.4787283219917));
#2131=CARTESIAN_POINT('Origin',(2.,241.000000000026,-21.2287283219917));
#2132=CARTESIAN_POINT('',(-3.56694730732134E-15,241.000000000026,-19.4787283219917));
#2133=CARTESIAN_POINT('',(2.,241.000000000026,-19.4787283219917));
#2134=CARTESIAN_POINT('Origin',(-3.88578058618805E-15,241.000000000026,
-21.2287283219917));
#2135=CARTESIAN_POINT('Origin',(1.99999999999999,113.500000000025,-73.7287283219908));
#2136=CARTESIAN_POINT('',(-4.44089209850063E-15,113.500000000026,-23.7287283219908));
#2137=CARTESIAN_POINT('',(-1.36002320516582E-14,113.500000000025,-73.7287283219908));
#2138=CARTESIAN_POINT('',(-6.80011602582908E-15,113.500000000026,-36.8643641609958));
#2139=CARTESIAN_POINT('',(2.,113.500000000026,-23.7287283219908));
#2140=CARTESIAN_POINT('',(2.,113.500000000026,-23.7287283219908));
#2141=CARTESIAN_POINT('',(1.99999999999999,113.500000000025,-73.7287283219908));
#2142=CARTESIAN_POINT('',(1.99999999999999,113.500000000026,-36.8643641609958));
#2143=CARTESIAN_POINT('',(1.99999999999999,113.500000000025,-73.7287283219908));
#2144=CARTESIAN_POINT('Origin',(1.99999999999999,238.500000000025,-73.7287283219917));
#2145=CARTESIAN_POINT('',(-1.36002320516582E-14,238.500000000025,-73.7287283219917));
#2146=CARTESIAN_POINT('',(-1.36002320516582E-14,119.250000000012,-73.7287283219908));
#2147=CARTESIAN_POINT('',(1.99999999999999,238.500000000025,-73.7287283219917));
#2148=CARTESIAN_POINT('',(1.99999999999999,119.250000000012,-73.7287283219908));
#2149=CARTESIAN_POINT('',(1.99999999999999,238.500000000025,-73.7287283219917));
#2150=CARTESIAN_POINT('Origin',(2.,238.500000000026,-23.7287283219917));
#2151=CARTESIAN_POINT('',(-4.44089209850063E-15,238.500000000026,-23.7287283219917));
#2152=CARTESIAN_POINT('',(-2.22044604925031E-15,238.500000000026,-11.8643641609967));
#2153=CARTESIAN_POINT('',(2.,238.500000000026,-23.7287283219917));
#2154=CARTESIAN_POINT('',(2.,238.500000000026,-11.8643641609967));
#2155=CARTESIAN_POINT('',(2.,238.500000000026,-23.7287283219917));
#2156=CARTESIAN_POINT('Origin',(2.,113.500000000026,-23.7287283219908));
#2157=CARTESIAN_POINT('',(-4.30211422042248E-15,56.7500000000128,-23.7287283219904));
#2158=CARTESIAN_POINT('',(2.,56.7500000000128,-23.7287283219904));
#2159=CARTESIAN_POINT('Origin',(1.99999999999999,241.000000000025,-76.2287283219917));
#2160=CARTESIAN_POINT('',(1.99999999999999,241.000000000025,-74.4787283219917));
#2161=CARTESIAN_POINT('Origin',(1.99999999999999,241.000000000025,-76.2287283219917));
#2162=CARTESIAN_POINT('',(-1.35589545289477E-14,241.000000000025,-74.4787283219917));
#2163=CARTESIAN_POINT('',(1.99999999999999,241.000000000025,-74.4787283219917));
#2164=CARTESIAN_POINT('Origin',(-1.38777878078145E-14,241.000000000025,
-76.2287283219917));
#2165=CARTESIAN_POINT('Origin',(2.00000000000002,168.500000000027,116.77127167801));
#2166=CARTESIAN_POINT('',(2.13717932240343E-14,223.500000000027,116.771271678009));
#2167=CARTESIAN_POINT('',(2.13717932240343E-14,168.500000000027,116.77127167801));
#2168=CARTESIAN_POINT('',(2.15105711021124E-14,84.2500000000138,116.77127167801));
#2169=CARTESIAN_POINT('',(2.00000000000002,223.500000000027,116.771271678009));
#2170=CARTESIAN_POINT('',(2.00000000000002,223.500000000027,116.771271678009));
#2171=CARTESIAN_POINT('',(2.00000000000002,168.500000000027,116.77127167801));
#2172=CARTESIAN_POINT('',(2.00000000000002,84.2500000000138,116.77127167801));
#2173=CARTESIAN_POINT('',(2.00000000000002,168.500000000027,116.77127167801));
#2174=CARTESIAN_POINT('Origin',(2.00000000000002,168.500000000027,81.7712716780098));
#2175=CARTESIAN_POINT('',(1.49880108324396E-14,168.500000000027,81.7712716780098));
#2176=CARTESIAN_POINT('',(7.49400541621981E-15,168.500000000026,40.8856358390043));
#2177=CARTESIAN_POINT('',(2.00000000000002,168.500000000027,81.7712716780098));
#2178=CARTESIAN_POINT('',(2.00000000000001,168.500000000026,40.8856358390043));
#2179=CARTESIAN_POINT('',(2.00000000000002,168.500000000027,81.7712716780098));
#2180=CARTESIAN_POINT('Origin',(2.00000000000002,223.500000000027,81.7712716780094));
#2181=CARTESIAN_POINT('',(1.49880108324396E-14,223.500000000027,81.7712716780094));
#2182=CARTESIAN_POINT('',(1.49880108324396E-14,111.750000000014,81.7712716780103));
#2183=CARTESIAN_POINT('',(2.00000000000002,223.500000000027,81.7712716780094));
#2184=CARTESIAN_POINT('',(2.00000000000002,111.750000000014,81.7712716780103));
#2185=CARTESIAN_POINT('',(2.00000000000002,223.500000000027,81.7712716780094));
#2186=CARTESIAN_POINT('Origin',(2.00000000000002,223.500000000027,116.771271678009));
#2187=CARTESIAN_POINT('',(1.06858966120171E-14,223.500000000026,58.3856358390039));
#2188=CARTESIAN_POINT('',(2.00000000000001,223.500000000026,58.3856358390039));
#2189=CARTESIAN_POINT('Origin',(2.00000000000002,69.7178090453268,124.271271678011));
#2190=CARTESIAN_POINT('',(2.00000000000005,69.7178090453269,126.021271678011));
#2191=CARTESIAN_POINT('Origin',(2.00000000000005,69.7178090453268,124.271271678011));
#2192=CARTESIAN_POINT('',(4.58792548112086E-14,69.7178090453268,126.021271678011));
#2193=CARTESIAN_POINT('',(2.00000000000002,69.7178090453269,126.021271678011));
#2194=CARTESIAN_POINT('Origin',(4.52415882534751E-14,69.7178090453268,124.271271678011));
#2195=CARTESIAN_POINT('Origin',(2.00000000000002,72.2178090453268,122.271271678011));
#2196=CARTESIAN_POINT('',(2.24820162486594E-14,147.217809045327,122.27127167801));
#2197=CARTESIAN_POINT('',(2.24820162486594E-14,72.2178090453268,122.271271678011));
#2198=CARTESIAN_POINT('',(2.24820162486594E-14,36.1089045226639,122.271271678011));
#2199=CARTESIAN_POINT('',(2.00000000000002,147.217809045327,122.27127167801));
#2200=CARTESIAN_POINT('',(2.00000000000002,147.217809045327,122.27127167801));
#2201=CARTESIAN_POINT('',(2.00000000000002,72.2178090453268,122.271271678011));
#2202=CARTESIAN_POINT('',(2.00000000000002,36.1089045226639,122.271271678011));
#2203=CARTESIAN_POINT('',(2.00000000000002,72.2178090453268,122.271271678011));
#2204=CARTESIAN_POINT('Origin',(2.00000000000001,72.2178090453265,76.2712716780106));
#2205=CARTESIAN_POINT('',(2.04151494191588E-14,72.2178090453267,111.064377633451));
#2206=CARTESIAN_POINT('',(6.93889390390723E-15,72.2178090453262,38.135635839005));
#2207=CARTESIAN_POINT('',(2.00000000000001,72.2178090453265,76.2712716780106));
#2208=CARTESIAN_POINT('',(2.00000000000001,72.2178090453262,38.135635839005));
#2209=CARTESIAN_POINT('',(0.250000000000014,72.2178090453265,76.2712716780106));
#2210=CARTESIAN_POINT('',(2.00000000000001,72.2178090453265,76.2712716780106));
#2211=CARTESIAN_POINT('',(0.250000000000021,72.2178090453267,111.064377633451));
#2212=CARTESIAN_POINT('',(0.250000000000015,72.2178090453265,83.6678246557308));
#2213=CARTESIAN_POINT('',(2.50000000000003,72.2178090453267,111.064377633451));
#2214=CARTESIAN_POINT('Origin',(2.00000000000001,147.217809045326,76.27127167801));
#2215=CARTESIAN_POINT('',(1.38625911485225E-14,105.588078333832,76.2712716780103));
#2216=CARTESIAN_POINT('',(1.38777878078145E-14,147.217809045326,76.27127167801));
#2217=CARTESIAN_POINT('',(1.40165656858926E-14,73.6089045226635,76.2712716780105));
#2218=CARTESIAN_POINT('',(0.250000000000014,105.588078333832,76.2712716780103));
#2219=CARTESIAN_POINT('',(2.50000000000003,105.588078333832,76.2712716780103));
#2220=CARTESIAN_POINT('',(0.250000000000014,107.652943689579,76.2712716780103));
#2221=CARTESIAN_POINT('',(2.00000000000001,147.217809045326,76.27127167801));
#2222=CARTESIAN_POINT('',(2.00000000000001,73.6089045226635,76.2712716780105));
#2223=CARTESIAN_POINT('',(2.00000000000001,147.217809045326,76.27127167801));
#2224=CARTESIAN_POINT('Origin',(2.00000000000002,147.217809045327,122.27127167801));
#2225=CARTESIAN_POINT('',(1.12410081243297E-14,147.217809045326,61.1356358390045));
#2226=CARTESIAN_POINT('',(2.00000000000001,147.217809045326,61.1356358390045));
#2227=CARTESIAN_POINT('Origin',(2.00000000000001,166.000000000027,79.2712716780099));
#2228=CARTESIAN_POINT('',(2.00000000000001,166.000000000027,81.0212716780099));
#2229=CARTESIAN_POINT('Origin',(2.00000000000001,166.000000000027,79.2712716780099));
#2230=CARTESIAN_POINT('',(1.47517325989938E-14,166.000000000027,81.0212716780099));
#2231=CARTESIAN_POINT('',(2.00000000000002,166.000000000027,81.0212716780099));
#2232=CARTESIAN_POINT('Origin',(1.4432899320127E-14,166.000000000027,79.2712716780099));
#2233=CARTESIAN_POINT('Origin',(2.00000000000001,226.000000000027,79.2712716780094));
#2234=CARTESIAN_POINT('',(2.00000000000001,226.000000000027,81.0212716780094));
#2235=CARTESIAN_POINT('Origin',(2.00000000000001,226.000000000027,79.2712716780094));
#2236=CARTESIAN_POINT('',(1.47517325989937E-14,226.000000000027,81.0212716780094));
#2237=CARTESIAN_POINT('',(2.00000000000002,226.000000000027,81.0212716780094));
#2238=CARTESIAN_POINT('Origin',(1.4432899320127E-14,226.000000000027,79.2712716780094));
#2239=CARTESIAN_POINT('Origin',(1.99999999999999,111.000000000025,-76.2287283219907));
#2240=CARTESIAN_POINT('',(1.99999999999999,111.000000000025,-74.4787283219907));
#2241=CARTESIAN_POINT('Origin',(1.99999999999999,111.000000000025,-76.2287283219907));
#2242=CARTESIAN_POINT('',(-1.35589545289477E-14,111.000000000025,-74.4787283219907));
#2243=CARTESIAN_POINT('',(1.99999999999999,111.000000000025,-74.4787283219907));
#2244=CARTESIAN_POINT('Origin',(-1.38777878078145E-14,111.000000000025,
-76.2287283219907));
#2245=CARTESIAN_POINT('Origin',(2.,111.000000000026,-21.2287283219907));
#2246=CARTESIAN_POINT('',(2.,111.000000000026,-19.4787283219907));
#2247=CARTESIAN_POINT('Origin',(2.,111.000000000026,-21.2287283219907));
#2248=CARTESIAN_POINT('',(-3.56694730732134E-15,111.000000000026,-19.4787283219907));
#2249=CARTESIAN_POINT('',(2.,111.000000000026,-19.4787283219907));
#2250=CARTESIAN_POINT('Origin',(-3.88578058618805E-15,111.000000000026,
-21.2287283219907));
#2251=CARTESIAN_POINT('Origin',(2.00000000000002,226.000000000027,119.271271678009));
#2252=CARTESIAN_POINT('',(2.00000000000004,226.000000000027,121.021271678009));
#2253=CARTESIAN_POINT('Origin',(2.00000000000004,226.000000000027,119.271271678009));
#2254=CARTESIAN_POINT('',(4.42139202742708E-14,226.000000000027,121.021271678009));
#2255=CARTESIAN_POINT('',(2.00000000000002,226.000000000027,121.021271678009));
#2256=CARTESIAN_POINT('Origin',(4.35762537165374E-14,226.000000000027,119.271271678009));
#2257=CARTESIAN_POINT('Origin',(2.00000000000001,69.7178090453265,74.2712716780106));
#2258=CARTESIAN_POINT('',(2.00000000000001,69.7178090453265,76.0212716780106));
#2259=CARTESIAN_POINT('Origin',(2.00000000000001,69.7178090453265,74.2712716780106));
#2260=CARTESIAN_POINT('',(0.250000000000014,69.7178090453265,76.0212716780106));
#2261=CARTESIAN_POINT('',(2.00000000000001,69.7178090453265,76.0212716780106));
#2262=CARTESIAN_POINT('Origin',(0.250000000000014,69.7178090453265,74.2712716780106));
#2263=CARTESIAN_POINT('Origin',(2.00000000000001,149.717809045326,74.27127167801));
#2264=CARTESIAN_POINT('',(2.00000000000001,149.717809045326,76.02127167801));
#2265=CARTESIAN_POINT('Origin',(2.00000000000001,149.717809045326,74.27127167801));
#2266=CARTESIAN_POINT('',(1.39190653305249E-14,149.717809045326,76.02127167801));
#2267=CARTESIAN_POINT('',(2.00000000000001,149.717809045326,76.02127167801));
#2268=CARTESIAN_POINT('Origin',(1.36002320516582E-14,149.717809045326,74.27127167801));
#2269=CARTESIAN_POINT('Origin',(3.00000000000005,30.5880783338319,111.064377633451));
#2270=CARTESIAN_POINT('',(0.25000000000002,31.5880783338319,111.064377633452));
#2271=CARTESIAN_POINT('',(0.250000000000021,49.3380783338319,111.064377633451));
#2272=CARTESIAN_POINT('',(2.04934823654485E-14,31.5880783338319,111.064377633451));
#2273=CARTESIAN_POINT('',(2.00000000000002,31.5880783338319,111.064377633451));
#2274=CARTESIAN_POINT('',(2.04151494191588E-14,104.588078333832,111.064377633451));
#2275=CARTESIAN_POINT('Origin',(0.250000000000017,68.0880783338319,91.0643776334512));
#2276=CARTESIAN_POINT('',(0.250000000000014,105.588078333832,72.0643776334512));
#2277=CARTESIAN_POINT('',(0.250000000000019,105.588078333832,101.064377633451));
#2278=CARTESIAN_POINT('',(0.250000000000012,104.588078333832,71.0643776334508));
#2279=CARTESIAN_POINT('Origin',(0.250000000000017,104.588078333832,72.0643776334512));
#2280=CARTESIAN_POINT('',(0.250000000000013,59.1266420709669,71.0643776334511));
#2281=CARTESIAN_POINT('',(0.250000000000013,86.838078333832,71.0643776334512));
#2282=CARTESIAN_POINT('',(0.250000000000014,30.5880783338319,76.1046664636015));
#2283=CARTESIAN_POINT('Origin',(0.250000000000003,34.9999999999708,17.7712716780084));
#2284=CARTESIAN_POINT('',(0.25000000000002,30.5880783338322,110.064377633451));
#2285=CARTESIAN_POINT('',(0.250000000000015,30.5880783338319,81.0643776334512));
#2286=CARTESIAN_POINT('Origin',(0.250000000000017,31.5880783338319,110.064377633451));
#2287=CARTESIAN_POINT('Origin',(0.249999999999992,27.0889483905136,-42.3945659630645));
#2288=CARTESIAN_POINT('',(0.249999999999992,28.5889483905136,-42.3945659630645));
#2289=CARTESIAN_POINT('Origin',(0.249999999999992,27.0889483905136,-42.3945659630645));
#2290=CARTESIAN_POINT('Origin',(0.249999999999992,87.0889483905136,-42.3945659630645));
#2291=CARTESIAN_POINT('',(0.249999999999992,88.5889483905136,-42.3945659630645));
#2292=CARTESIAN_POINT('Origin',(0.249999999999992,87.0889483905136,-42.3945659630645));
#2293=CARTESIAN_POINT('Origin',(0.250000000000012,112.837545238145,67.1979952844841));
#2294=CARTESIAN_POINT('',(0.250000000000012,111.337545238145,67.1979952844841));
#2295=CARTESIAN_POINT('Origin',(0.250000000000012,112.837545238145,67.1979952844841));
#2296=CARTESIAN_POINT('Origin',(0.249999999999985,27.0889483905136,-82.3945659630645));
#2297=CARTESIAN_POINT('',(0.249999999999985,28.5889483905136,-82.3945659630645));
#2298=CARTESIAN_POINT('Origin',(0.249999999999985,27.0889483905136,-82.3945659630645));
#2299=CARTESIAN_POINT('Origin',(0.249999999999985,87.0889483905136,-82.3945659630645));
#2300=CARTESIAN_POINT('',(0.249999999999985,88.5889483905136,-82.3945659630645));
#2301=CARTESIAN_POINT('Origin',(0.249999999999985,87.0889483905136,-82.3945659630645));
#2302=CARTESIAN_POINT('Origin',(0.250000000000021,23.3386114295185,114.930759982418));
#2303=CARTESIAN_POINT('',(0.250000000000021,21.8386114295185,114.930759982418));
#2304=CARTESIAN_POINT('Origin',(0.250000000000021,23.3386114295185,114.930759982418));
#2305=CARTESIAN_POINT('Origin',(0.249999999999992,57.0889483905136,-62.3945659630645));
#2306=CARTESIAN_POINT('',(0.249999999999986,82.5889483905136,-79.8945659630649));
#2307=CARTESIAN_POINT('',(0.249999999999986,84.5889483905133,-77.8945659630645));
#2308=CARTESIAN_POINT('Origin',(0.249999999999992,82.5889483905136,-77.8945659630645));
#2309=CARTESIAN_POINT('',(0.249999999999986,31.5889483905136,-79.8945659630645));
#2310=CARTESIAN_POINT('',(0.249999999999992,70.8389483905136,-79.8945659630645));
#2311=CARTESIAN_POINT('',(0.249999999999986,29.5889483905136,-77.8945659630645));
#2312=CARTESIAN_POINT('Origin',(0.249999999999992,31.5889483905136,-77.8945659630645));
#2313=CARTESIAN_POINT('',(0.24999999999999,29.5889483905138,-46.8945659630645));
#2314=CARTESIAN_POINT('',(0.249999999999992,29.5889483905136,-71.1445659630645));
#2315=CARTESIAN_POINT('',(0.249999999999992,31.5889483905136,-44.8945659630641));
#2316=CARTESIAN_POINT('Origin',(0.249999999999992,31.5889483905136,-46.8945659630645));
#2317=CARTESIAN_POINT('',(0.249999999999992,82.5889483905136,-44.8945659630645));
#2318=CARTESIAN_POINT('',(0.249999999999992,43.3389483905136,-44.8945659630645));
#2319=CARTESIAN_POINT('',(0.24999999999999,84.5889483905136,-46.8945659630645));
#2320=CARTESIAN_POINT('Origin',(0.249999999999992,82.5889483905136,-46.8945659630645));
#2321=CARTESIAN_POINT('',(0.249999999999992,84.5889483905136,-53.6445659630645));
#2322=CARTESIAN_POINT('Origin',(10.,82.5889483905136,-77.8945659630645));
#2323=CARTESIAN_POINT('',(-1.38734953458083E-14,84.5889483905136,-77.8945659630645));
#2324=CARTESIAN_POINT('',(2.,84.5889483905136,-77.8945659630645));
#2325=CARTESIAN_POINT('',(-1.41439897623397E-14,82.5889483905136,-79.8945659630645));
#2326=CARTESIAN_POINT('Origin',(-1.43089996316459E-14,82.5889483905136,
-77.8945659630645));
#2327=CARTESIAN_POINT('',(2.,82.5889483905136,-79.8945659630645));
#2328=CARTESIAN_POINT('Origin',(2.00000000000002,84.5889483905136,-44.8945659630645));
#2329=CARTESIAN_POINT('',(-8.71863860156273E-15,84.5889483905136,-46.8945659630645));
#2330=CARTESIAN_POINT('',(2.,84.5889483905136,-46.8945659630645));
#2331=CARTESIAN_POINT('',(-1.4259927173424E-14,84.5889483905136,-77.8945659630645));
#2332=CARTESIAN_POINT('Origin',(10.,82.5889483905136,-46.8945659630645));
#2333=CARTESIAN_POINT('',(-8.4481441850313E-15,82.5889483905136,-44.8945659630645));
#2334=CARTESIAN_POINT('',(2.,82.5889483905136,-44.8945659630645));
#2335=CARTESIAN_POINT('Origin',(-8.61439201561071E-15,82.5889483905136,
-46.8945659630645));
#2336=CARTESIAN_POINT('Origin',(2.00000000000002,29.5889483905136,-44.8945659630645));
#2337=CARTESIAN_POINT('',(-8.44814418503131E-15,31.5889483905136,-44.8945659630645));
#2338=CARTESIAN_POINT('',(2.,31.5889483905136,-44.8945659630645));
#2339=CARTESIAN_POINT('',(-8.34234648150884E-15,82.5889483905136,-44.8945659630645));
#2340=CARTESIAN_POINT('Origin',(10.,31.5889483905136,-46.8945659630645));
#2341=CARTESIAN_POINT('',(-8.71863860156273E-15,29.5889483905136,-46.8945659630645));
#2342=CARTESIAN_POINT('',(2.,29.5889483905136,-46.8945659630645));
#2343=CARTESIAN_POINT('Origin',(-8.61439201561071E-15,31.5889483905136,
-46.8945659630645));
#2344=CARTESIAN_POINT('Origin',(3.00000000000004,105.588078333832,71.0643776334512));
#2345=CARTESIAN_POINT('',(1.31592074588031E-14,104.588078333832,71.0643776334512));
#2346=CARTESIAN_POINT('',(2.00000000000001,104.588078333832,71.0643776334512));
#2347=CARTESIAN_POINT('',(1.29664507379913E-14,59.1266420709669,71.0643776334512));
#2348=CARTESIAN_POINT('',(1.29664507379913E-14,59.1266420709669,71.0643776334512));
#2349=CARTESIAN_POINT('',(1.4432899320127E-14,59.1266420709657,71.0643776334514));
#2350=CARTESIAN_POINT('Origin',(6.00000000000001,104.588078333832,72.0643776334512));
#2351=CARTESIAN_POINT('',(1.32944546670689E-14,105.588078333832,72.0643776334512));
#2352=CARTESIAN_POINT('',(2.00000000000001,105.588078333832,72.0643776334512));
#2353=CARTESIAN_POINT('Origin',(1.32380114102028E-14,104.588078333832,72.0643776334512));
#2354=CARTESIAN_POINT('Origin',(3.00000000000005,105.588078333832,111.064377633451));
#2355=CARTESIAN_POINT('',(1.30582992479273E-14,105.588078333832,72.0643776334512));
#2356=CARTESIAN_POINT('Origin',(2.,0.,0.));
#2357=CARTESIAN_POINT('',(2.00000000000001,18.3536585365562,73.8529025020439));
#2358=CARTESIAN_POINT('',(1.99999999999999,18.3536585365562,-38.310359146027));
#2359=CARTESIAN_POINT('Origin',(2.,34.9999999999708,17.7712716780084));
#2360=CARTESIAN_POINT('',(1.99999999999999,14.4999999999708,-41.1863402139263));
#2361=CARTESIAN_POINT('Origin',(1.99999999999999,17.4999999999708,-41.1863402139263));
#2362=CARTESIAN_POINT('',(1.99999999999999,14.4999999999708,-47.7287283219916));
#2363=CARTESIAN_POINT('',(1.99999999999999,14.4999999999708,-47.7287283219916));
#2364=CARTESIAN_POINT('',(1.99999999999999,11.4999999999708,-50.7287283219916));
#2365=CARTESIAN_POINT('Origin',(1.99999999999999,11.4999999999708,-47.7287283219916));
#2366=CARTESIAN_POINT('',(2.,-1.46347082512907E-11,-50.7287283219916));
#2367=CARTESIAN_POINT('',(1.99999999999999,-2.91523139060742E-11,-50.7287283219916));
#2368=CARTESIAN_POINT('',(1.99999999999998,-2.9331779281684E-11,-112.728728321989));
#2369=CARTESIAN_POINT('',(2.,-1.46347082512907E-11,-50.7287283219916));
#2370=CARTESIAN_POINT('',(1.99999999999998,0.999999999970701,-113.728728321989));
#2371=CARTESIAN_POINT('Origin',(1.99999999999998,0.999999999970709,-112.728728321989));
#2372=CARTESIAN_POINT('',(1.99999999999998,265.000000000027,-113.728728321991));
#2373=CARTESIAN_POINT('',(1.99999999999998,0.999999999970701,-113.728728321989));
#2374=CARTESIAN_POINT('',(1.99999999999998,266.000000000028,-112.728728321991));
#2375=CARTESIAN_POINT('Origin',(1.99999999999998,265.000000000027,-112.728728321991));
#2376=CARTESIAN_POINT('',(2.00000000000003,266.000000000032,148.271271678009));
#2377=CARTESIAN_POINT('',(1.99999999999998,266.000000000029,-112.728728321991));
#2378=CARTESIAN_POINT('',(2.00000000000003,265.000000000027,149.271271678011));
#2379=CARTESIAN_POINT('Origin',(2.00000000000003,265.000000000027,148.271271678009));
#2380=CARTESIAN_POINT('',(2.00000000000003,0.99999999997068,149.271271678009));
#2381=CARTESIAN_POINT('',(2.00000000000003,265.000000000027,149.271271678009));
#2382=CARTESIAN_POINT('',(2.00000000000003,-2.92467503131083E-11,148.271271678009));
#2383=CARTESIAN_POINT('Origin',(2.00000000000003,0.999999999970671,148.271271678009));
#2384=CARTESIAN_POINT('',(2.00000000000002,-1.4576924068054E-11,86.2712716780084));
#2385=CARTESIAN_POINT('',(2.00000000000003,-1.45507735617717E-11,148.271271678009));
#2386=CARTESIAN_POINT('',(2.00000000000002,11.4999999999708,86.2712716780084));
#2387=CARTESIAN_POINT('',(2.00000000000002,11.4999999999708,86.2712716780084));
#2388=CARTESIAN_POINT('',(2.00000000000002,14.4999999999708,83.2712716780084));
#2389=CARTESIAN_POINT('Origin',(2.00000000000002,11.4999999999708,83.2712716780084));
#2390=CARTESIAN_POINT('',(2.00000000000001,14.4999999999708,76.7288835699432));
#2391=CARTESIAN_POINT('',(2.00000000000001,14.4999999999708,76.7288835699432));
#2392=CARTESIAN_POINT('Origin',(2.00000000000001,17.4999999999708,76.7288835699432));
#2393=CARTESIAN_POINT('',(1.99999999999998,57.5070544011081,-103.728728321997));
#2394=CARTESIAN_POINT('Origin',(1.99999999999998,59.0070544011081,-103.728728321997));
#2395=CARTESIAN_POINT('',(1.99999999999998,204.492945598889,-103.728728321997));
#2396=CARTESIAN_POINT('Origin',(1.99999999999998,205.992945598889,-103.728728321997));
#2397=CARTESIAN_POINT('',(2.00000000000002,57.5070544011081,136.271271678007));
#2398=CARTESIAN_POINT('Origin',(2.00000000000002,59.0070544011081,136.271271678007));
#2399=CARTESIAN_POINT('',(2.00000000000002,204.492945598889,136.271271678007));
#2400=CARTESIAN_POINT('Origin',(2.00000000000002,205.992945598889,136.271271678007));
#2401=CARTESIAN_POINT('Origin',(3.00000000000004,30.5880783338319,71.0643776334512));
#2402=CARTESIAN_POINT('',(1.3873482966538E-14,30.5880783338319,76.1046664636015));
#2403=CARTESIAN_POINT('',(1.24344978758018E-14,30.5880783338319,76.1046664636015));
#2404=CARTESIAN_POINT('',(2.01361905522578E-14,30.5880783338319,110.064377633451));
#2405=CARTESIAN_POINT('',(2.03233009092228E-14,30.5880783338319,110.064377633451));
#2406=CARTESIAN_POINT('',(2.00000000000002,30.5880783338319,110.064377633451));
#2407=CARTESIAN_POINT('Origin',(0.,0.,133.855104059272));
#2408=CARTESIAN_POINT('',(1.84890714257981E-14,-1.4576924068054E-11,86.2712716780084));
#2409=CARTESIAN_POINT('',(2.00000000000002,5.57820465994396E-15,86.2712716780084));
#2410=CARTESIAN_POINT('',(3.95400134715004E-14,-2.91760661138738E-11,148.271271678009));
#2411=CARTESIAN_POINT('',(3.9531976574078E-14,-1.46653745787404E-11,148.271271678009));
#2412=CARTESIAN_POINT('',(3.17764891965468E-14,-1.45507735617717E-11,148.271271678009));
#2413=CARTESIAN_POINT('Origin',(0.,0.,133.855104059272));
#2414=CARTESIAN_POINT('',(-1.08718355837592E-14,-1.46347082512907E-11,-50.7287283219916));
#2415=CARTESIAN_POINT('',(-3.38291399368073E-14,2.26049999500032E-14,-50.7287283219916));
#2416=CARTESIAN_POINT('',(-2.99469492766657E-14,-2.93092417542841E-11,-112.728728321989));
#2417=CARTESIAN_POINT('',(-1.08718355837592E-14,-1.46347082512907E-11,-50.7287283219916));
#2418=CARTESIAN_POINT('',(-3.0072507773235E-14,-1.46304081242904E-11,-112.728728321989));
#2419=CARTESIAN_POINT('Origin',(0.,0.,0.));
#2420=CARTESIAN_POINT('Origin',(2.02184981653427E-14,31.5880783338319,110.064377633451));
#2421=CARTESIAN_POINT('',(1.37000297030781E-14,18.3536585365562,73.8529025020439));
#2422=CARTESIAN_POINT('Origin',(3.26452964658766E-15,34.9999999999708,17.7712716780084));
#2423=CARTESIAN_POINT('',(1.40241624901554E-14,14.4999999999708,76.7288835699432));
#2424=CARTESIAN_POINT('Origin',(1.40948672499121E-14,17.4999999999708,76.7288835699432));
#2425=CARTESIAN_POINT('',(1.39806790130714E-14,14.4999999999708,83.2712716780084));
#2426=CARTESIAN_POINT('',(1.41528609825571E-14,14.4999999999708,76.7288835699432));
#2427=CARTESIAN_POINT('',(1.44604355061769E-14,11.4999999999708,86.2712716780084));
#2428=CARTESIAN_POINT('Origin',(1.52966844482104E-14,11.4999999999708,83.2712716780084));
#2429=CARTESIAN_POINT('',(1.59174935312145E-14,11.4999999999708,86.2712716780084));
#2430=CARTESIAN_POINT('',(3.96950224151777E-14,0.999999999970677,149.271271678009));
#2431=CARTESIAN_POINT('Origin',(2.72369907398972E-14,0.999999999970671,
148.271271678009));
#2432=CARTESIAN_POINT('',(3.97690372834859E-14,265.000000000027,149.271271678009));
#2433=CARTESIAN_POINT('',(3.19908023863975E-14,265.000000000027,149.271271678009));
#2434=CARTESIAN_POINT('',(3.96140283398087E-14,266.000000000029,148.271271678009));
#2435=CARTESIAN_POINT('Origin',(2.72369907398972E-14,265.000000000027,148.271271678009));
#2436=CARTESIAN_POINT('',(-3.00209641449744E-14,266.000000000029,-112.728728321991));
#2437=CARTESIAN_POINT('',(-2.41592533545086E-14,266.000000000029,-112.728728321991));
#2438=CARTESIAN_POINT('',(-3.01166558708519E-14,265.000000000027,-113.728728321992));
#2439=CARTESIAN_POINT('Origin',(-2.07079314467217E-14,265.000000000027,
-112.728728321991));
#2440=CARTESIAN_POINT('',(-3.01166558708513E-14,0.999999999970701,-113.728728321989));
#2441=CARTESIAN_POINT('',(-2.4373566544359E-14,0.999999999970701,-113.728728321989));
#2442=CARTESIAN_POINT('Origin',(-2.07079314467213E-14,0.999999999970709,
-112.728728321989));
#2443=CARTESIAN_POINT('',(-8.73136872965126E-15,11.4999999999708,-50.7287283219916));
#2444=CARTESIAN_POINT('',(-9.10025020582633E-15,-2.91523139060742E-11,-50.7287283219916));
#2445=CARTESIAN_POINT('',(-8.54767170977915E-15,14.4999999999708,-47.7287283219916));
#2446=CARTESIAN_POINT('Origin',(-8.76762515503509E-15,11.4999999999708,
-47.7287283219916));
#2447=CARTESIAN_POINT('',(-7.25888755731294E-15,14.4999999999708,-41.1863402139263));
#2448=CARTESIAN_POINT('',(-8.82470467601817E-15,14.4999999999708,-47.7287283219916));
#2449=CARTESIAN_POINT('',(-7.08278450685238E-15,18.3536585365562,-38.310359146027));
#2450=CARTESIAN_POINT('Origin',(-7.56580795673681E-15,17.4999999999708,
-41.1863402139263));
#2451=CARTESIAN_POINT('Origin',(3.26452964658766E-15,34.9999999999708,17.7712716780084));
#2452=CARTESIAN_POINT('',(2.1094237467878E-14,21.8386114295185,114.930759982418));
#2453=CARTESIAN_POINT('Origin',(2.11124381004061E-14,23.3386114295185,114.930759982418));
#2454=CARTESIAN_POINT('',(1.22124532708767E-14,111.337545238145,67.1979952844841));
#2455=CARTESIAN_POINT('Origin',(1.23440714751394E-14,112.837545238145,67.1979952844841));
#2456=CARTESIAN_POINT('',(-1.4440049235573E-14,31.5889483905136,-79.8945659630645));
#2457=CARTESIAN_POINT('',(-1.41695548190416E-14,29.5889483905136,-77.8945659630645));
#2458=CARTESIAN_POINT('Origin',(-1.43089996316459E-14,31.5889483905136,
-77.8945659630645));
#2459=CARTESIAN_POINT('',(-1.46656687982211E-14,31.5889483905136,-79.8945659630645));
#2460=CARTESIAN_POINT('',(-8.74808810630598E-15,29.5889483905136,-46.8945659630645));
#2461=CARTESIAN_POINT('',(-1.49880108324396E-14,28.5889483905136,-82.3945659630645));
#2462=CARTESIAN_POINT('Origin',(-1.51356362210704E-14,27.0889483905136,
-82.3945659630645));
#2463=CARTESIAN_POINT('',(-7.7715611723761E-15,28.5889483905136,-42.3945659630645));
#2464=CARTESIAN_POINT('Origin',(-7.78775542618624E-15,27.0889483905136,
-42.3945659630645));
#2465=CARTESIAN_POINT('',(-1.49880108324396E-14,88.5889483905136,-82.3945659630645));
#2466=CARTESIAN_POINT('Origin',(-1.51356362210704E-14,87.0889483905136,
-82.3945659630645));
#2467=CARTESIAN_POINT('',(-7.7715611723761E-15,88.5889483905136,-42.3945659630645));
#2468=CARTESIAN_POINT('Origin',(-7.78775542618624E-15,87.0889483905136,
-42.3945659630645));
#2469=CARTESIAN_POINT('',(2.48489294815595E-14,204.492945598889,136.271271678007));
#2470=CARTESIAN_POINT('Origin',(2.50326265014316E-14,205.992945598889,136.271271678007));
#2471=CARTESIAN_POINT('',(2.48489294815595E-14,57.5070544011081,136.271271678007));
#2472=CARTESIAN_POINT('Origin',(2.50326265014316E-14,59.0070544011081,136.271271678007));
#2473=CARTESIAN_POINT('',(-1.9238355287746E-14,204.492945598889,-103.728728321997));
#2474=CARTESIAN_POINT('Origin',(-1.90546582678739E-14,205.992945598889,
-103.728728321997));
#2475=CARTESIAN_POINT('',(-1.9238355287746E-14,57.5070544011081,-103.728728321997));
#2476=CARTESIAN_POINT('Origin',(-1.90546582678739E-14,59.0070544011081,
-103.728728321997));
#2477=CARTESIAN_POINT('Origin',(-8.00000000000001,14.4999999999708,-50.7287283219916));
#2478=CARTESIAN_POINT('',(-7.99360577730113E-15,14.4999999999708,-47.7287283219916));
#2479=CARTESIAN_POINT('',(-7.105427357601E-15,14.4999999999708,-41.1863402139263));
#2480=CARTESIAN_POINT('Origin',(-8.00000000000001,-2.91523139060742E-11,
-50.7287283219916));
#2481=CARTESIAN_POINT('',(-7.99360577730113E-15,11.4999999999708,-50.7287283219916));
#2482=CARTESIAN_POINT('Origin',(-7.99999999999998,14.4999999999708,86.2712716780084));
#2483=CARTESIAN_POINT('',(1.33226762955019E-14,11.4999999999708,86.2712716780084));
#2484=CARTESIAN_POINT('Origin',(-7.99999999999999,14.4999999999708,72.5617818052194));
#2485=CARTESIAN_POINT('',(1.37667655053519E-14,14.4999999999708,76.7288835699432));
#2486=CARTESIAN_POINT('',(1.33226762955019E-14,14.4999999999708,83.2712716780084));
#2487=CARTESIAN_POINT('Origin',(-8.,34.9999999999708,17.7712716780084));
#2488=CARTESIAN_POINT('',(1.24344978758018E-14,18.3536585365562,73.8529025020439));
#2489=CARTESIAN_POINT('',(-7.105427357601E-15,18.3536585365562,-38.310359146027));
#2490=CARTESIAN_POINT('Origin',(6.00000000000002,31.5880783338319,110.064377633451));
#2491=CARTESIAN_POINT('Origin',(-3.99999999999996,0.999999999970671,148.271271678009));
#2492=CARTESIAN_POINT('',(3.96094810459166E-14,0.99999999997067,149.271271678009));
#2493=CARTESIAN_POINT('Origin',(-4.00000000000003,0.999999999970709,-112.728728321989));
#2494=CARTESIAN_POINT('',(-3.01573610703278E-14,0.9999999999707,-113.728728321989));
#2495=CARTESIAN_POINT('Origin',(0.,266.000000000042,149.271271678009));
#2496=CARTESIAN_POINT('',(3.98685330849958E-14,265.000000000027,149.271271678009));
#2497=CARTESIAN_POINT('Origin',(-3.99999999999995,265.000000000027,148.271271678009));
#2498=CARTESIAN_POINT('',(3.95689840082321E-14,266.000000000027,148.271271678009));
#2499=CARTESIAN_POINT('Origin',(0.,266.000000000027,-102.000000000015));
#2500=CARTESIAN_POINT('',(-3.01095152073893E-14,266.000000000027,-112.728728321991));
#2501=CARTESIAN_POINT('Origin',(-4.00000000000004,265.000000000027,-112.728728321991));
#2502=CARTESIAN_POINT('',(-3.01573610703281E-14,265.000000000027,-113.728728321991));
#2503=CARTESIAN_POINT('Origin',(0.,0.,-113.728728321989));
#2504=CARTESIAN_POINT('Origin',(3.00000000000005,23.3386114295185,114.930759982418));
#2505=CARTESIAN_POINT('',(3.00000000000005,21.8386114295185,114.930759982418));
#2506=CARTESIAN_POINT('Origin',(3.00000000000004,112.837545238145,67.1979952844841));
#2507=CARTESIAN_POINT('',(3.00000000000004,111.337545238145,67.1979952844841));
#2508=CARTESIAN_POINT('Origin',(10.,31.5889483905136,-77.8945659630645));
#2509=CARTESIAN_POINT('',(2.,31.5889483905136,-79.8945659630645));
#2510=CARTESIAN_POINT('',(2.,29.5889483905136,-77.8945659630645));
#2511=CARTESIAN_POINT('Origin',(2.00000000000001,84.5889483905136,-79.8945659630645));
#2512=CARTESIAN_POINT('Origin',(2.00000000000001,29.5889483905136,-79.8945659630645));
#2513=CARTESIAN_POINT('Origin',(2.00000000000001,27.0889483905136,-82.3945659630645));
#2514=CARTESIAN_POINT('',(2.00000000000001,28.5889483905136,-82.3945659630645));
#2515=CARTESIAN_POINT('Origin',(2.00000000000002,27.0889483905136,-42.3945659630645));
#2516=CARTESIAN_POINT('',(2.00000000000002,28.5889483905136,-42.3945659630645));
#2517=CARTESIAN_POINT('Origin',(2.00000000000001,87.0889483905136,-82.3945659630645));
#2518=CARTESIAN_POINT('',(2.00000000000001,88.5889483905136,-82.3945659630645));
#2519=CARTESIAN_POINT('Origin',(2.00000000000002,87.0889483905136,-42.3945659630645));
#2520=CARTESIAN_POINT('',(2.00000000000002,88.5889483905136,-42.3945659630645));
#2521=CARTESIAN_POINT('Origin',(4.17210441690527E-14,205.992945598889,136.271271678007));
#2522=CARTESIAN_POINT('',(4.17210441690527E-14,204.492945598889,136.271271678007));
#2523=CARTESIAN_POINT('Origin',(4.17210441690527E-14,59.0070544011081,136.271271678007));
#2524=CARTESIAN_POINT('',(4.17210441690527E-14,57.5070544011081,136.271271678007));
#2525=CARTESIAN_POINT('Origin',(-3.17577637797897E-14,205.992945598889,
-103.728728321997));
#2526=CARTESIAN_POINT('',(-3.17577637797897E-14,204.492945598889,-103.728728321997));
#2527=CARTESIAN_POINT('Origin',(-3.17577637797897E-14,59.0070544011081,
-103.728728321997));
#2528=CARTESIAN_POINT('',(-3.17577637797897E-14,57.5070544011081,-103.728728321997));
#2529=CARTESIAN_POINT('Origin',(-6.,17.4999999999708,-41.1863402139263));
#2530=CARTESIAN_POINT('Origin',(-12.,11.4999999999708,-47.7287283219916));
#2531=CARTESIAN_POINT('Origin',(-12.,11.4999999999708,83.2712716780084));
#2532=CARTESIAN_POINT('Origin',(-5.99999999999998,17.4999999999708,76.7288835699432));
#2533=CARTESIAN_POINT('polyline point',(2.00000000000003,-2.91761059756368E-11,
148.271271678009));
#2534=CARTESIAN_POINT('polyline point',(2.00000000000002,-1.45769507575721E-11,
86.2712716780084));
#2535=CARTESIAN_POINT('polyline point',(2.00000000000003,266.000000000027,
149.271271678009));
#2536=CARTESIAN_POINT('polyline point',(2.00000000000002,266.000000000027,
129.271271678009));
#2537=CARTESIAN_POINT('polyline point',(2.00000000000002,266.000000000027,
129.271271678009));
#2538=CARTESIAN_POINT('polyline point',(2.00000000000002,-2.47020459642755E-11,
129.271271678011));
#2539=CARTESIAN_POINT('polyline point',(2.00000000000002,-2.47020459642755E-11,
129.271271678011));
#2540=CARTESIAN_POINT('polyline point',(2.00000000000003,-2.45513331886826E-11,
149.271271678011));
#2541=CARTESIAN_POINT('polyline point',(2.00000000000003,-2.45513331886826E-11,
149.271271678011));
#2542=CARTESIAN_POINT('polyline point',(2.00000000000003,266.000000000027,
149.271271678009));
#2543=CARTESIAN_POINT('polyline point',(1.99999999999998,0.999999999970701,
-113.728728321989));
#2544=CARTESIAN_POINT('polyline point',(1.99999999999998,265.000000000027,
-113.728728321992));
#2545=CARTESIAN_POINT('polyline point',(2.00000000000003,266.000000000027,
149.271271678009));
#2546=CARTESIAN_POINT('polyline point',(1.99999999999998,266.000000000025,
-113.728728321992));
#2547=CARTESIAN_POINT('polyline point',(1.99999999999998,266.000000000025,
-113.728728321992));
#2548=CARTESIAN_POINT('polyline point',(1.99999999999998,246.000000000025,
-113.728728321992));
#2549=CARTESIAN_POINT('polyline point',(1.99999999999998,246.000000000025,
-113.728728321992));
#2550=CARTESIAN_POINT('polyline point',(2.00000000000003,246.000000000027,
149.271271678009));
#2551=CARTESIAN_POINT('polyline point',(2.00000000000003,246.000000000027,
149.271271678009));
#2552=CARTESIAN_POINT('polyline point',(2.00000000000003,266.000000000027,
149.271271678009));
#2553=CARTESIAN_POINT('polyline point',(1.99999999999999,-1.46346823548527E-11,
-50.7287283219916));
#2554=CARTESIAN_POINT('polyline point',(1.99999999999998,-2.93093327385918E-11,
-112.728728321989));
#2555=CARTESIAN_POINT('polyline point',(1.99999999999998,266.000000000025,
-113.728728321992));
#2556=CARTESIAN_POINT('polyline point',(1.99999999999998,266.000000000025,
-93.7287283219919));
#2557=CARTESIAN_POINT('polyline point',(1.99999999999998,266.000000000025,
-93.7287283219919));
#2558=CARTESIAN_POINT('polyline point',(1.99999999999998,-2.48120968215915E-11,
-93.7287283219899));
#2559=CARTESIAN_POINT('polyline point',(1.99999999999998,-2.48120968215915E-11,
-93.7287283219899));
#2560=CARTESIAN_POINT('polyline point',(1.99999999999998,-2.49628095971843E-11,
-113.72872832199));
#2561=CARTESIAN_POINT('polyline point',(1.99999999999998,-2.49628095971843E-11,
-113.72872832199));
#2562=CARTESIAN_POINT('polyline point',(1.99999999999998,266.000000000025,
-113.728728321992));
#2563=CARTESIAN_POINT('',(2.,0.,0.));
#2564=UNCERTAINTY_MEASURE_WITH_UNIT(LENGTH_MEASURE(0.01),#2568,
'DISTANCE_ACCURACY_VALUE',
'Maximum model space distance between geometric entities at asserted c
onnectivities');
#2565=UNCERTAINTY_MEASURE_WITH_UNIT(LENGTH_MEASURE(0.01),#2568,
'DISTANCE_ACCURACY_VALUE',
'Maximum model space distance between geometric entities at asserted c
onnectivities');
#2566=(
GEOMETRIC_REPRESENTATION_CONTEXT(3)
GLOBAL_UNCERTAINTY_ASSIGNED_CONTEXT((#2564))
GLOBAL_UNIT_ASSIGNED_CONTEXT((#2568,#2570,#2571))
REPRESENTATION_CONTEXT('','3D')
);
#2567=(
GEOMETRIC_REPRESENTATION_CONTEXT(3)
GLOBAL_UNCERTAINTY_ASSIGNED_CONTEXT((#2565))
GLOBAL_UNIT_ASSIGNED_CONTEXT((#2568,#2570,#2571))
REPRESENTATION_CONTEXT('','3D')
);
#2568=(
LENGTH_UNIT()
NAMED_UNIT(*)
SI_UNIT(.MILLI.,.METRE.)
);
#2569=(
LENGTH_UNIT()
NAMED_UNIT(*)
SI_UNIT(.CENTI.,.METRE.)
);
#2570=(
NAMED_UNIT(*)
PLANE_ANGLE_UNIT()
SI_UNIT($,.RADIAN.)
);
#2571=(
NAMED_UNIT(*)
SI_UNIT($,.STERADIAN.)
SOLID_ANGLE_UNIT()
);
#2572=SHAPE_DEFINITION_REPRESENTATION(#2573,#2574);
#2573=PRODUCT_DEFINITION_SHAPE('',$,#2576);
#2574=SHAPE_REPRESENTATION('',(#1529),#2566);
#2575=PRODUCT_DEFINITION_CONTEXT('part definition',#2580,'design');
#2576=PRODUCT_DEFINITION('panel_above','panel_above',#2577,#2575);
#2577=PRODUCT_DEFINITION_FORMATION('ANYUNSPECIFIED',$,#2582);
#2578=PRODUCT_RELATED_PRODUCT_CATEGORY('panel_above','panel_above',(#2582));
#2579=APPLICATION_PROTOCOL_DEFINITION('international standard',
'automotive_design',2009,#2580);
#2580=APPLICATION_CONTEXT(
'Core Data for Automotive Mechanical Design Process');
#2581=PRODUCT_CONTEXT('part definition',#2580,'mechanical');
#2582=PRODUCT('panel_above','panel_above','STEP AP203',(#2581));
#2583=PRESENTATION_STYLE_ASSIGNMENT((#2587));
#2584=PRESENTATION_STYLE_ASSIGNMENT((#2588));
#2585=PRESENTATION_STYLE_ASSIGNMENT((#2589));
#2586=PRESENTATION_STYLE_ASSIGNMENT((#2590));
#2587=SURFACE_STYLE_USAGE(.BOTH.,#2595);
#2588=SURFACE_STYLE_USAGE(.BOTH.,#2596);
#2589=SURFACE_STYLE_USAGE(.BOTH.,#2597);
#2590=SURFACE_STYLE_USAGE(.BOTH.,#2598);
#2591=SURFACE_STYLE_RENDERING_WITH_PROPERTIES($,#2611,(#2593));
#2592=SURFACE_STYLE_RENDERING_WITH_PROPERTIES($,#2612,(#2594));
#2593=SURFACE_STYLE_TRANSPARENT(0.);
#2594=SURFACE_STYLE_TRANSPARENT(0.);
#2595=SURFACE_SIDE_STYLE('',(#2599,#2591));
#2596=SURFACE_SIDE_STYLE('',(#2600,#2592));
#2597=SURFACE_SIDE_STYLE('',(#2601));
#2598=SURFACE_SIDE_STYLE('',(#2602));
#2599=SURFACE_STYLE_FILL_AREA(#2603);
#2600=SURFACE_STYLE_FILL_AREA(#2604);
#2601=SURFACE_STYLE_FILL_AREA(#2605);
#2602=SURFACE_STYLE_FILL_AREA(#2606);
#2603=FILL_AREA_STYLE('',(#2607));
#2604=FILL_AREA_STYLE('',(#2608));
#2605=FILL_AREA_STYLE('',(#2609));
#2606=FILL_AREA_STYLE('',(#2610));
#2607=FILL_AREA_STYLE_COLOUR('',#2611);
#2608=FILL_AREA_STYLE_COLOUR('',#2612);
#2609=FILL_AREA_STYLE_COLOUR('',#2613);
#2610=FILL_AREA_STYLE_COLOUR('',#2614);
#2611=COLOUR_RGB('',0.749019607843137,0.749019607843137,0.749019607843137);
#2612=COLOUR_RGB('',0.564705882352941,0.564705882352941,0.564705882352941);
#2613=COLOUR_RGB('',1.,1.,0.);
#2614=COLOUR_RGB('',0.,0.,0.);
ENDSEC;
END-ISO-10303-21;
