ISO-10303-21;
HEADER;
/* Generated by software containing ST-Developer
 * from STEP Tools, Inc. (www.steptools.com) 
 */

FILE_DESCRIPTION(
/* description */ ('STEP AP203'),
/* implementation_level */ '2;1');

FILE_NAME(
/* name */ 'C:\\Users\\Artem\\Downloads\\panel_above_ver2.stp',
/* time_stamp */ '2026-05-30T12:52:28+03:00',
/* author */ ('\X2\0410044004420451043C\X0\'),
/* organization */ (''),
/* preprocessor_version */ 'ST-DEVELOPER v18.1',
/* originating_system */ 'Autodesk Inventor 2022',
/* authorisation */ '');

FILE_SCHEMA (('AUTOMOTIVE_DESIGN { 1 0 10303 214 3 1 1 }'));
ENDSEC;

DATA;
#10=MECHANICAL_DESIGN_GEOMETRIC_PRESENTATION_REPRESENTATION('',(#17),#2931);
#11=GEOMETRICALLY_BOUNDED_WIREFRAME_SHAPE_REPRESENTATION('',(#12,#13),#2930);
#12=GEOMETRIC_CURVE_SET('3D \X2\044D0441043A04380437\X0\1',(#2926));
#13=GEOMETRIC_CURVE_SET('\X2\042D0441043A04380437\X0\2',(#2927));
#14=SHAPE_REPRESENTATION_RELATIONSHIP('SRR','None',#2938,#16);
#15=SHAPE_REPRESENTATION_RELATIONSHIP('SRR','None',#2938,#11);
#16=ADVANCED_BREP_SHAPE_REPRESENTATION('',(#18),#2930);
#17=STYLED_ITEM('',(#2948),#18);
#18=MANIFOLD_SOLID_BREP('\X2\04220432043504400434043E0435\X0\ \X2\04420435043B043E\X0\1',
#1748);
#19=FACE_BOUND('',#235,.T.);
#20=FACE_BOUND('',#236,.T.);
#21=FACE_BOUND('',#237,.T.);
#22=FACE_BOUND('',#238,.T.);
#23=FACE_BOUND('',#239,.T.);
#24=FACE_BOUND('',#240,.T.);
#25=FACE_BOUND('',#241,.T.);
#26=FACE_BOUND('',#242,.T.);
#27=FACE_BOUND('',#243,.T.);
#28=FACE_BOUND('',#244,.T.);
#29=FACE_BOUND('',#245,.T.);
#30=FACE_BOUND('',#246,.T.);
#31=FACE_BOUND('',#247,.T.);
#32=FACE_BOUND('',#248,.T.);
#33=FACE_BOUND('',#249,.T.);
#34=FACE_BOUND('',#250,.T.);
#35=FACE_BOUND('',#251,.T.);
#36=FACE_BOUND('',#252,.T.);
#37=FACE_BOUND('',#253,.T.);
#38=FACE_BOUND('',#254,.T.);
#39=FACE_BOUND('',#255,.T.);
#40=FACE_BOUND('',#256,.T.);
#41=FACE_BOUND('',#257,.T.);
#42=FACE_BOUND('',#258,.T.);
#43=FACE_BOUND('',#259,.T.);
#44=FACE_BOUND('',#260,.T.);
#45=FACE_BOUND('',#261,.T.);
#46=FACE_BOUND('',#262,.T.);
#47=FACE_BOUND('',#263,.T.);
#48=FACE_BOUND('',#264,.T.);
#49=FACE_BOUND('',#265,.T.);
#50=FACE_BOUND('',#266,.T.);
#51=FACE_BOUND('',#267,.T.);
#52=FACE_BOUND('',#268,.T.);
#53=FACE_BOUND('',#269,.T.);
#54=FACE_BOUND('',#299,.T.);
#55=FACE_BOUND('',#300,.T.);
#56=FACE_BOUND('',#301,.T.);
#57=FACE_BOUND('',#302,.T.);
#58=FACE_BOUND('',#303,.T.);
#59=FACE_BOUND('',#304,.T.);
#60=FACE_BOUND('',#305,.T.);
#61=FACE_BOUND('',#306,.T.);
#62=FACE_BOUND('',#307,.T.);
#63=FACE_BOUND('',#308,.T.);
#64=FACE_BOUND('',#309,.T.);
#65=FACE_BOUND('',#310,.T.);
#66=FACE_BOUND('',#311,.T.);
#67=FACE_BOUND('',#312,.T.);
#68=FACE_BOUND('',#313,.T.);
#69=FACE_BOUND('',#314,.T.);
#70=FACE_BOUND('',#315,.T.);
#71=FACE_BOUND('',#316,.T.);
#72=FACE_BOUND('',#317,.T.);
#73=FACE_BOUND('',#318,.T.);
#74=FACE_BOUND('',#319,.T.);
#75=FACE_BOUND('',#320,.T.);
#76=FACE_BOUND('',#321,.T.);
#77=FACE_BOUND('',#322,.T.);
#78=FACE_BOUND('',#323,.T.);
#79=FACE_BOUND('',#324,.T.);
#80=FACE_BOUND('',#325,.T.);
#81=FACE_BOUND('',#326,.T.);
#82=FACE_BOUND('',#327,.T.);
#83=FACE_BOUND('',#328,.T.);
#84=PLANE('',#1810);
#85=PLANE('',#1811);
#86=PLANE('',#1812);
#87=PLANE('',#1813);
#88=PLANE('',#1817);
#89=PLANE('',#1818);
#90=PLANE('',#1819);
#91=PLANE('',#1820);
#92=PLANE('',#1857);
#93=PLANE('',#1858);
#94=PLANE('',#1859);
#95=PLANE('',#1860);
#96=PLANE('',#1863);
#97=PLANE('',#1868);
#98=PLANE('',#1869);
#99=PLANE('',#1870);
#100=PLANE('',#1873);
#101=PLANE('',#1882);
#102=PLANE('',#1883);
#103=PLANE('',#1884);
#104=PLANE('',#1885);
#105=PLANE('',#1890);
#106=PLANE('',#1891);
#107=PLANE('',#1892);
#108=PLANE('',#1893);
#109=PLANE('',#1903);
#110=PLANE('',#1906);
#111=PLANE('',#1910);
#112=PLANE('',#1912);
#113=PLANE('',#1913);
#114=PLANE('',#1915);
#115=PLANE('',#1917);
#116=PLANE('',#1919);
#117=PLANE('',#1921);
#118=PLANE('',#1922);
#119=PLANE('',#1924);
#120=PLANE('',#1926);
#121=PLANE('',#1938);
#122=PLANE('',#1940);
#123=PLANE('',#1941);
#124=PLANE('',#1942);
#125=PLANE('',#1943);
#126=PLANE('',#1944);
#127=FACE_OUTER_BOUND('',#213,.T.);
#128=FACE_OUTER_BOUND('',#214,.T.);
#129=FACE_OUTER_BOUND('',#215,.T.);
#130=FACE_OUTER_BOUND('',#216,.T.);
#131=FACE_OUTER_BOUND('',#217,.T.);
#132=FACE_OUTER_BOUND('',#218,.T.);
#133=FACE_OUTER_BOUND('',#219,.T.);
#134=FACE_OUTER_BOUND('',#220,.T.);
#135=FACE_OUTER_BOUND('',#221,.T.);
#136=FACE_OUTER_BOUND('',#222,.T.);
#137=FACE_OUTER_BOUND('',#223,.T.);
#138=FACE_OUTER_BOUND('',#224,.T.);
#139=FACE_OUTER_BOUND('',#225,.T.);
#140=FACE_OUTER_BOUND('',#226,.T.);
#141=FACE_OUTER_BOUND('',#227,.T.);
#142=FACE_OUTER_BOUND('',#228,.T.);
#143=FACE_OUTER_BOUND('',#229,.T.);
#144=FACE_OUTER_BOUND('',#230,.T.);
#145=FACE_OUTER_BOUND('',#231,.T.);
#146=FACE_OUTER_BOUND('',#232,.T.);
#147=FACE_OUTER_BOUND('',#233,.T.);
#148=FACE_OUTER_BOUND('',#234,.T.);
#149=FACE_OUTER_BOUND('',#270,.T.);
#150=FACE_OUTER_BOUND('',#271,.T.);
#151=FACE_OUTER_BOUND('',#272,.T.);
#152=FACE_OUTER_BOUND('',#273,.T.);
#153=FACE_OUTER_BOUND('',#274,.T.);
#154=FACE_OUTER_BOUND('',#275,.T.);
#155=FACE_OUTER_BOUND('',#276,.T.);
#156=FACE_OUTER_BOUND('',#277,.T.);
#157=FACE_OUTER_BOUND('',#278,.T.);
#158=FACE_OUTER_BOUND('',#279,.T.);
#159=FACE_OUTER_BOUND('',#280,.T.);
#160=FACE_OUTER_BOUND('',#281,.T.);
#161=FACE_OUTER_BOUND('',#282,.T.);
#162=FACE_OUTER_BOUND('',#283,.T.);
#163=FACE_OUTER_BOUND('',#284,.T.);
#164=FACE_OUTER_BOUND('',#285,.T.);
#165=FACE_OUTER_BOUND('',#286,.T.);
#166=FACE_OUTER_BOUND('',#287,.T.);
#167=FACE_OUTER_BOUND('',#288,.T.);
#168=FACE_OUTER_BOUND('',#289,.T.);
#169=FACE_OUTER_BOUND('',#290,.T.);
#170=FACE_OUTER_BOUND('',#291,.T.);
#171=FACE_OUTER_BOUND('',#292,.T.);
#172=FACE_OUTER_BOUND('',#293,.T.);
#173=FACE_OUTER_BOUND('',#294,.T.);
#174=FACE_OUTER_BOUND('',#295,.T.);
#175=FACE_OUTER_BOUND('',#296,.T.);
#176=FACE_OUTER_BOUND('',#297,.T.);
#177=FACE_OUTER_BOUND('',#298,.T.);
#178=FACE_OUTER_BOUND('',#329,.T.);
#179=FACE_OUTER_BOUND('',#330,.T.);
#180=FACE_OUTER_BOUND('',#331,.T.);
#181=FACE_OUTER_BOUND('',#332,.T.);
#182=FACE_OUTER_BOUND('',#333,.T.);
#183=FACE_OUTER_BOUND('',#334,.T.);
#184=FACE_OUTER_BOUND('',#335,.T.);
#185=FACE_OUTER_BOUND('',#336,.T.);
#186=FACE_OUTER_BOUND('',#337,.T.);
#187=FACE_OUTER_BOUND('',#338,.T.);
#188=FACE_OUTER_BOUND('',#339,.T.);
#189=FACE_OUTER_BOUND('',#340,.T.);
#190=FACE_OUTER_BOUND('',#341,.T.);
#191=FACE_OUTER_BOUND('',#342,.T.);
#192=FACE_OUTER_BOUND('',#343,.T.);
#193=FACE_OUTER_BOUND('',#344,.T.);
#194=FACE_OUTER_BOUND('',#345,.T.);
#195=FACE_OUTER_BOUND('',#346,.T.);
#196=FACE_OUTER_BOUND('',#347,.T.);
#197=FACE_OUTER_BOUND('',#348,.T.);
#198=FACE_OUTER_BOUND('',#349,.T.);
#199=FACE_OUTER_BOUND('',#350,.T.);
#200=FACE_OUTER_BOUND('',#351,.T.);
#201=FACE_OUTER_BOUND('',#352,.T.);
#202=FACE_OUTER_BOUND('',#353,.T.);
#203=FACE_OUTER_BOUND('',#354,.T.);
#204=FACE_OUTER_BOUND('',#355,.T.);
#205=FACE_OUTER_BOUND('',#356,.T.);
#206=FACE_OUTER_BOUND('',#357,.T.);
#207=FACE_OUTER_BOUND('',#358,.T.);
#208=FACE_OUTER_BOUND('',#359,.T.);
#209=FACE_OUTER_BOUND('',#360,.T.);
#210=FACE_OUTER_BOUND('',#361,.T.);
#211=FACE_OUTER_BOUND('',#362,.T.);
#212=FACE_OUTER_BOUND('',#363,.T.);
#213=EDGE_LOOP('',(#1145,#1146,#1147,#1148));
#214=EDGE_LOOP('',(#1149,#1150,#1151,#1152));
#215=EDGE_LOOP('',(#1153,#1154,#1155,#1156));
#216=EDGE_LOOP('',(#1157,#1158,#1159,#1160));
#217=EDGE_LOOP('',(#1161,#1162,#1163,#1164));
#218=EDGE_LOOP('',(#1165,#1166,#1167,#1168));
#219=EDGE_LOOP('',(#1169,#1170,#1171,#1172));
#220=EDGE_LOOP('',(#1173,#1174,#1175,#1176));
#221=EDGE_LOOP('',(#1177,#1178,#1179,#1180));
#222=EDGE_LOOP('',(#1181,#1182,#1183,#1184));
#223=EDGE_LOOP('',(#1185,#1186,#1187,#1188));
#224=EDGE_LOOP('',(#1189,#1190,#1191,#1192));
#225=EDGE_LOOP('',(#1193,#1194,#1195,#1196));
#226=EDGE_LOOP('',(#1197,#1198,#1199,#1200));
#227=EDGE_LOOP('',(#1201,#1202,#1203,#1204));
#228=EDGE_LOOP('',(#1205,#1206,#1207,#1208));
#229=EDGE_LOOP('',(#1209,#1210,#1211,#1212));
#230=EDGE_LOOP('',(#1213,#1214,#1215,#1216));
#231=EDGE_LOOP('',(#1217,#1218,#1219,#1220));
#232=EDGE_LOOP('',(#1221,#1222,#1223,#1224));
#233=EDGE_LOOP('',(#1225,#1226,#1227,#1228));
#234=EDGE_LOOP('',(#1229,#1230,#1231,#1232,#1233,#1234,#1235,#1236,#1237,
#1238,#1239,#1240,#1241,#1242,#1243,#1244,#1245,#1246,#1247,#1248,#1249,
#1250,#1251,#1252,#1253,#1254,#1255));
#235=EDGE_LOOP('',(#1256));
#236=EDGE_LOOP('',(#1257));
#237=EDGE_LOOP('',(#1258));
#238=EDGE_LOOP('',(#1259));
#239=EDGE_LOOP('',(#1260));
#240=EDGE_LOOP('',(#1261));
#241=EDGE_LOOP('',(#1262));
#242=EDGE_LOOP('',(#1263));
#243=EDGE_LOOP('',(#1264));
#244=EDGE_LOOP('',(#1265));
#245=EDGE_LOOP('',(#1266));
#246=EDGE_LOOP('',(#1267));
#247=EDGE_LOOP('',(#1268));
#248=EDGE_LOOP('',(#1269,#1270,#1271,#1272));
#249=EDGE_LOOP('',(#1273));
#250=EDGE_LOOP('',(#1274));
#251=EDGE_LOOP('',(#1275));
#252=EDGE_LOOP('',(#1276,#1277,#1278,#1279,#1280,#1281));
#253=EDGE_LOOP('',(#1282));
#254=EDGE_LOOP('',(#1283));
#255=EDGE_LOOP('',(#1284));
#256=EDGE_LOOP('',(#1285));
#257=EDGE_LOOP('',(#1286,#1287,#1288,#1289));
#258=EDGE_LOOP('',(#1290,#1291,#1292,#1293));
#259=EDGE_LOOP('',(#1294));
#260=EDGE_LOOP('',(#1295));
#261=EDGE_LOOP('',(#1296));
#262=EDGE_LOOP('',(#1297));
#263=EDGE_LOOP('',(#1298));
#264=EDGE_LOOP('',(#1299));
#265=EDGE_LOOP('',(#1300));
#266=EDGE_LOOP('',(#1301,#1302,#1303,#1304));
#267=EDGE_LOOP('',(#1305));
#268=EDGE_LOOP('',(#1306));
#269=EDGE_LOOP('',(#1307));
#270=EDGE_LOOP('',(#1308,#1309,#1310,#1311));
#271=EDGE_LOOP('',(#1312,#1313,#1314,#1315));
#272=EDGE_LOOP('',(#1316,#1317,#1318,#1319));
#273=EDGE_LOOP('',(#1320,#1321,#1322,#1323));
#274=EDGE_LOOP('',(#1324,#1325,#1326,#1327));
#275=EDGE_LOOP('',(#1328,#1329,#1330,#1331));
#276=EDGE_LOOP('',(#1332,#1333,#1334,#1335));
#277=EDGE_LOOP('',(#1336,#1337,#1338,#1339));
#278=EDGE_LOOP('',(#1340,#1341,#1342,#1343));
#279=EDGE_LOOP('',(#1344,#1345,#1346,#1347));
#280=EDGE_LOOP('',(#1348,#1349,#1350,#1351));
#281=EDGE_LOOP('',(#1352,#1353,#1354,#1355));
#282=EDGE_LOOP('',(#1356,#1357,#1358,#1359));
#283=EDGE_LOOP('',(#1360,#1361,#1362,#1363,#1364,#1365));
#284=EDGE_LOOP('',(#1366,#1367,#1368,#1369));
#285=EDGE_LOOP('',(#1370,#1371,#1372,#1373));
#286=EDGE_LOOP('',(#1374,#1375,#1376,#1377));
#287=EDGE_LOOP('',(#1378,#1379,#1380,#1381));
#288=EDGE_LOOP('',(#1382,#1383,#1384,#1385));
#289=EDGE_LOOP('',(#1386,#1387,#1388,#1389));
#290=EDGE_LOOP('',(#1390,#1391,#1392,#1393));
#291=EDGE_LOOP('',(#1394,#1395,#1396,#1397));
#292=EDGE_LOOP('',(#1398,#1399,#1400,#1401));
#293=EDGE_LOOP('',(#1402,#1403,#1404,#1405));
#294=EDGE_LOOP('',(#1406,#1407,#1408,#1409));
#295=EDGE_LOOP('',(#1410,#1411,#1412,#1413));
#296=EDGE_LOOP('',(#1414,#1415,#1416,#1417));
#297=EDGE_LOOP('',(#1418,#1419,#1420,#1421));
#298=EDGE_LOOP('',(#1422,#1423,#1424,#1425,#1426,#1427,#1428,#1429,#1430,
#1431,#1432,#1433,#1434,#1435,#1436,#1437,#1438,#1439));
#299=EDGE_LOOP('',(#1440));
#300=EDGE_LOOP('',(#1441));
#301=EDGE_LOOP('',(#1442));
#302=EDGE_LOOP('',(#1443));
#303=EDGE_LOOP('',(#1444));
#304=EDGE_LOOP('',(#1445));
#305=EDGE_LOOP('',(#1446));
#306=EDGE_LOOP('',(#1447));
#307=EDGE_LOOP('',(#1448));
#308=EDGE_LOOP('',(#1449));
#309=EDGE_LOOP('',(#1450));
#310=EDGE_LOOP('',(#1451));
#311=EDGE_LOOP('',(#1452));
#312=EDGE_LOOP('',(#1453,#1454,#1455,#1456));
#313=EDGE_LOOP('',(#1457));
#314=EDGE_LOOP('',(#1458));
#315=EDGE_LOOP('',(#1459));
#316=EDGE_LOOP('',(#1460));
#317=EDGE_LOOP('',(#1461,#1462,#1463,#1464));
#318=EDGE_LOOP('',(#1465));
#319=EDGE_LOOP('',(#1466,#1467,#1468,#1469));
#320=EDGE_LOOP('',(#1470));
#321=EDGE_LOOP('',(#1471));
#322=EDGE_LOOP('',(#1472));
#323=EDGE_LOOP('',(#1473));
#324=EDGE_LOOP('',(#1474));
#325=EDGE_LOOP('',(#1475));
#326=EDGE_LOOP('',(#1476,#1477,#1478,#1479));
#327=EDGE_LOOP('',(#1480));
#328=EDGE_LOOP('',(#1481));
#329=EDGE_LOOP('',(#1482,#1483,#1484,#1485));
#330=EDGE_LOOP('',(#1486,#1487,#1488,#1489));
#331=EDGE_LOOP('',(#1490,#1491,#1492,#1493));
#332=EDGE_LOOP('',(#1494,#1495,#1496,#1497,#1498,#1499,#1500,#1501));
#333=EDGE_LOOP('',(#1502,#1503,#1504,#1505));
#334=EDGE_LOOP('',(#1506,#1507,#1508,#1509));
#335=EDGE_LOOP('',(#1510,#1511,#1512,#1513));
#336=EDGE_LOOP('',(#1514,#1515,#1516,#1517));
#337=EDGE_LOOP('',(#1518,#1519,#1520,#1521));
#338=EDGE_LOOP('',(#1522,#1523,#1524,#1525));
#339=EDGE_LOOP('',(#1526,#1527,#1528,#1529));
#340=EDGE_LOOP('',(#1530,#1531,#1532,#1533));
#341=EDGE_LOOP('',(#1534,#1535,#1536,#1537));
#342=EDGE_LOOP('',(#1538,#1539,#1540,#1541));
#343=EDGE_LOOP('',(#1542,#1543,#1544,#1545));
#344=EDGE_LOOP('',(#1546,#1547,#1548,#1549));
#345=EDGE_LOOP('',(#1550,#1551,#1552,#1553));
#346=EDGE_LOOP('',(#1554,#1555,#1556,#1557));
#347=EDGE_LOOP('',(#1558,#1559,#1560,#1561));
#348=EDGE_LOOP('',(#1562,#1563,#1564,#1565));
#349=EDGE_LOOP('',(#1566,#1567,#1568,#1569));
#350=EDGE_LOOP('',(#1570,#1571,#1572,#1573));
#351=EDGE_LOOP('',(#1574,#1575,#1576,#1577));
#352=EDGE_LOOP('',(#1578,#1579,#1580,#1581));
#353=EDGE_LOOP('',(#1582,#1583,#1584,#1585));
#354=EDGE_LOOP('',(#1586,#1587,#1588,#1589));
#355=EDGE_LOOP('',(#1590,#1591,#1592,#1593));
#356=EDGE_LOOP('',(#1594,#1595,#1596,#1597));
#357=EDGE_LOOP('',(#1598,#1599,#1600,#1601));
#358=EDGE_LOOP('',(#1602,#1603,#1604,#1605));
#359=EDGE_LOOP('',(#1606,#1607,#1608,#1609,#1610,#1611,#1612,#1613,#1614));
#360=EDGE_LOOP('',(#1615));
#361=EDGE_LOOP('',(#1616));
#362=EDGE_LOOP('',(#1617));
#363=EDGE_LOOP('',(#1618));
#364=LINE('',#2449,#513);
#365=LINE('',#2455,#514);
#366=LINE('',#2461,#515);
#367=LINE('',#2467,#516);
#368=LINE('',#2473,#517);
#369=LINE('',#2479,#518);
#370=LINE('',#2485,#519);
#371=LINE('',#2491,#520);
#372=LINE('',#2497,#521);
#373=LINE('',#2503,#522);
#374=LINE('',#2509,#523);
#375=LINE('',#2515,#524);
#376=LINE('',#2521,#525);
#377=LINE('',#2526,#526);
#378=LINE('',#2528,#527);
#379=LINE('',#2530,#528);
#380=LINE('',#2531,#529);
#381=LINE('',#2534,#530);
#382=LINE('',#2536,#531);
#383=LINE('',#2537,#532);
#384=LINE('',#2540,#533);
#385=LINE('',#2542,#534);
#386=LINE('',#2543,#535);
#387=LINE('',#2545,#536);
#388=LINE('',#2546,#537);
#389=LINE('',#2551,#538);
#390=LINE('',#2556,#539);
#391=LINE('',#2558,#540);
#392=LINE('',#2560,#541);
#393=LINE('',#2561,#542);
#394=LINE('',#2564,#543);
#395=LINE('',#2566,#544);
#396=LINE('',#2567,#545);
#397=LINE('',#2570,#546);
#398=LINE('',#2572,#547);
#399=LINE('',#2573,#548);
#400=LINE('',#2576,#549);
#401=LINE('',#2580,#550);
#402=LINE('',#2586,#551);
#403=LINE('',#2590,#552);
#404=LINE('',#2592,#553);
#405=LINE('',#2596,#554);
#406=LINE('',#2600,#555);
#407=LINE('',#2604,#556);
#408=LINE('',#2608,#557);
#409=LINE('',#2610,#558);
#410=LINE('',#2614,#559);
#411=LINE('',#2620,#560);
#412=LINE('',#2628,#561);
#413=LINE('',#2632,#562);
#414=LINE('',#2636,#563);
#415=LINE('',#2637,#564);
#416=LINE('',#2648,#565);
#417=LINE('',#2650,#566);
#418=LINE('',#2652,#567);
#419=LINE('',#2653,#568);
#420=LINE('',#2656,#569);
#421=LINE('',#2658,#570);
#422=LINE('',#2660,#571);
#423=LINE('',#2661,#572);
#424=LINE('',#2678,#573);
#425=LINE('',#2680,#574);
#426=LINE('',#2682,#575);
#427=LINE('',#2683,#576);
#428=LINE('',#2693,#577);
#429=LINE('',#2697,#578);
#430=LINE('',#2701,#579);
#431=LINE('',#2705,#580);
#432=LINE('',#2706,#581);
#433=LINE('',#2707,#582);
#434=LINE('',#2710,#583);
#435=LINE('',#2711,#584);
#436=LINE('',#2714,#585);
#437=LINE('',#2715,#586);
#438=LINE('',#2717,#587);
#439=LINE('',#2721,#588);
#440=LINE('',#2725,#589);
#441=LINE('',#2726,#590);
#442=LINE('',#2727,#591);
#443=LINE('',#2731,#592);
#444=LINE('',#2735,#593);
#445=LINE('',#2738,#594);
#446=LINE('',#2740,#595);
#447=LINE('',#2741,#596);
#448=LINE('',#2744,#597);
#449=LINE('',#2745,#598);
#450=LINE('',#2748,#599);
#451=LINE('',#2752,#600);
#452=LINE('',#2755,#601);
#453=LINE('',#2759,#602);
#454=LINE('',#2763,#603);
#455=LINE('',#2767,#604);
#456=LINE('',#2771,#605);
#457=LINE('',#2775,#606);
#458=LINE('',#2776,#607);
#459=LINE('',#2777,#608);
#460=LINE('',#2780,#609);
#461=LINE('',#2781,#610);
#462=LINE('',#2784,#611);
#463=LINE('',#2785,#612);
#464=LINE('',#2787,#613);
#465=LINE('',#2790,#614);
#466=LINE('',#2794,#615);
#467=LINE('',#2798,#616);
#468=LINE('',#2799,#617);
#469=LINE('',#2802,#618);
#470=LINE('',#2803,#619);
#471=LINE('',#2805,#620);
#472=LINE('',#2813,#621);
#473=LINE('',#2817,#622);
#474=LINE('',#2819,#623);
#475=LINE('',#2823,#624);
#476=LINE('',#2827,#625);
#477=LINE('',#2831,#626);
#478=LINE('',#2835,#627);
#479=LINE('',#2837,#628);
#480=LINE('',#2841,#629);
#481=LINE('',#2845,#630);
#482=LINE('',#2846,#631);
#483=LINE('',#2850,#632);
#484=LINE('',#2853,#633);
#485=LINE('',#2854,#634);
#486=LINE('',#2856,#635);
#487=LINE('',#2859,#636);
#488=LINE('',#2860,#637);
#489=LINE('',#2862,#638);
#490=LINE('',#2864,#639);
#491=LINE('',#2866,#640);
#492=LINE('',#2868,#641);
#493=LINE('',#2870,#642);
#494=LINE('',#2872,#643);
#495=LINE('',#2874,#644);
#496=LINE('',#2876,#645);
#497=LINE('',#2878,#646);
#498=LINE('',#2880,#647);
#499=LINE('',#2882,#648);
#500=LINE('',#2884,#649);
#501=LINE('',#2886,#650);
#502=LINE('',#2888,#651);
#503=LINE('',#2890,#652);
#504=LINE('',#2892,#653);
#505=LINE('',#2896,#654);
#506=LINE('',#2897,#655);
#507=LINE('',#2903,#656);
#508=LINE('',#2907,#657);
#509=LINE('',#2911,#658);
#510=LINE('',#2915,#659);
#511=LINE('',#2917,#660);
#512=LINE('',#2919,#661);
#513=VECTOR('',#1951,1.99999999999998);
#514=VECTOR('',#1958,1.99999999999998);
#515=VECTOR('',#1965,1.99999999999998);
#516=VECTOR('',#1972,1.99999999999998);
#517=VECTOR('',#1979,1.99999999999998);
#518=VECTOR('',#1986,1.99999999999998);
#519=VECTOR('',#1993,1.99999999999998);
#520=VECTOR('',#2000,1.99999999999998);
#521=VECTOR('',#2007,1.99999999999998);
#522=VECTOR('',#2014,1.99999999999998);
#523=VECTOR('',#2021,1.74999999999997);
#524=VECTOR('',#2028,1.74999999999997);
#525=VECTOR('',#2035,1.74999999999999);
#526=VECTOR('',#2040,10.);
#527=VECTOR('',#2041,10.);
#528=VECTOR('',#2042,10.);
#529=VECTOR('',#2043,10.);
#530=VECTOR('',#2046,10.);
#531=VECTOR('',#2047,10.);
#532=VECTOR('',#2048,10.);
#533=VECTOR('',#2051,10.);
#534=VECTOR('',#2052,10.);
#535=VECTOR('',#2053,10.);
#536=VECTOR('',#2056,10.);
#537=VECTOR('',#2057,10.);
#538=VECTOR('',#2062,1.74999999999999);
#539=VECTOR('',#2067,10.);
#540=VECTOR('',#2068,10.);
#541=VECTOR('',#2069,10.);
#542=VECTOR('',#2070,10.);
#543=VECTOR('',#2073,10.);
#544=VECTOR('',#2074,10.);
#545=VECTOR('',#2075,10.);
#546=VECTOR('',#2078,1.);
#547=VECTOR('',#2079,1.);
#548=VECTOR('',#2080,1.);
#549=VECTOR('',#2083,1.);
#550=VECTOR('',#2086,1.);
#551=VECTOR('',#2091,1.);
#552=VECTOR('',#2094,1.);
#553=VECTOR('',#2095,1.);
#554=VECTOR('',#2098,1.);
#555=VECTOR('',#2101,1.);
#556=VECTOR('',#2104,1.);
#557=VECTOR('',#2107,1.);
#558=VECTOR('',#2108,1.);
#559=VECTOR('',#2111,1.);
#560=VECTOR('',#2116,1.);
#561=VECTOR('',#2123,1.);
#562=VECTOR('',#2126,1.);
#563=VECTOR('',#2129,1.);
#564=VECTOR('',#2130,10.);
#565=VECTOR('',#2139,10.);
#566=VECTOR('',#2140,10.);
#567=VECTOR('',#2141,10.);
#568=VECTOR('',#2142,10.);
#569=VECTOR('',#2143,1.);
#570=VECTOR('',#2144,10.);
#571=VECTOR('',#2145,1.);
#572=VECTOR('',#2146,1.);
#573=VECTOR('',#2161,10.);
#574=VECTOR('',#2162,10.);
#575=VECTOR('',#2163,10.);
#576=VECTOR('',#2164,10.);
#577=VECTOR('',#2175,1.75000000000001);
#578=VECTOR('',#2180,1.75000000000001);
#579=VECTOR('',#2185,1.75);
#580=VECTOR('',#2188,10.);
#581=VECTOR('',#2189,10.);
#582=VECTOR('',#2190,10.);
#583=VECTOR('',#2193,10.);
#584=VECTOR('',#2194,10.);
#585=VECTOR('',#2197,10.);
#586=VECTOR('',#2198,10.);
#587=VECTOR('',#2201,10.);
#588=VECTOR('',#2206,1.74999999999999);
#589=VECTOR('',#2209,10.);
#590=VECTOR('',#2210,10.);
#591=VECTOR('',#2211,10.);
#592=VECTOR('',#2216,1.75000000000001);
#593=VECTOR('',#2221,1.75);
#594=VECTOR('',#2224,10.);
#595=VECTOR('',#2225,10.);
#596=VECTOR('',#2226,10.);
#597=VECTOR('',#2229,1.);
#598=VECTOR('',#2230,1.);
#599=VECTOR('',#2233,1.);
#600=VECTOR('',#2236,1.);
#601=VECTOR('',#2241,1.);
#602=VECTOR('',#2246,1.75000000000001);
#603=VECTOR('',#2251,1.74999999999999);
#604=VECTOR('',#2256,1.74999999999999);
#605=VECTOR('',#2261,1.74999999999999);
#606=VECTOR('',#2264,10.);
#607=VECTOR('',#2265,10.);
#608=VECTOR('',#2266,10.);
#609=VECTOR('',#2269,10.);
#610=VECTOR('',#2270,10.);
#611=VECTOR('',#2273,10.);
#612=VECTOR('',#2274,10.);
#613=VECTOR('',#2277,10.);
#614=VECTOR('',#2280,1.75);
#615=VECTOR('',#2285,1.75);
#616=VECTOR('',#2290,1.);
#617=VECTOR('',#2291,1.);
#618=VECTOR('',#2294,1.);
#619=VECTOR('',#2295,1.);
#620=VECTOR('',#2298,1.);
#621=VECTOR('',#2305,1.);
#622=VECTOR('',#2308,1.);
#623=VECTOR('',#2309,1.);
#624=VECTOR('',#2312,1.);
#625=VECTOR('',#2315,1.);
#626=VECTOR('',#2318,1.);
#627=VECTOR('',#2321,1.);
#628=VECTOR('',#2322,1.);
#629=VECTOR('',#2325,1.);
#630=VECTOR('',#2330,1.);
#631=VECTOR('',#2331,1.);
#632=VECTOR('',#2336,1.);
#633=VECTOR('',#2339,1.);
#634=VECTOR('',#2340,1.);
#635=VECTOR('',#2343,1.);
#636=VECTOR('',#2346,1.);
#637=VECTOR('',#2347,1.);
#638=VECTOR('',#2350,1.);
#639=VECTOR('',#2353,1.);
#640=VECTOR('',#2356,1.);
#641=VECTOR('',#2359,1.);
#642=VECTOR('',#2362,1.);
#643=VECTOR('',#2365,1.);
#644=VECTOR('',#2368,1.);
#645=VECTOR('',#2371,1.);
#646=VECTOR('',#2374,1.);
#647=VECTOR('',#2377,1.);
#648=VECTOR('',#2380,1.);
#649=VECTOR('',#2383,1.);
#650=VECTOR('',#2386,1.);
#651=VECTOR('',#2389,1.);
#652=VECTOR('',#2392,1.);
#653=VECTOR('',#2395,1.);
#654=VECTOR('',#2400,1.);
#655=VECTOR('',#2401,1.);
#656=VECTOR('',#2410,1.5);
#657=VECTOR('',#2415,1.5);
#658=VECTOR('',#2420,1.5);
#659=VECTOR('',#2425,1.5);
#660=VECTOR('',#2428,1.);
#661=VECTOR('',#2431,1.);
#662=CIRCLE('',#1772,1.99999999999998);
#663=CIRCLE('',#1773,1.99999999999998);
#664=CIRCLE('',#1775,1.99999999999998);
#665=CIRCLE('',#1776,1.99999999999998);
#666=CIRCLE('',#1778,1.99999999999998);
#667=CIRCLE('',#1779,1.99999999999998);
#668=CIRCLE('',#1781,1.99999999999998);
#669=CIRCLE('',#1782,1.99999999999998);
#670=CIRCLE('',#1784,1.99999999999998);
#671=CIRCLE('',#1785,1.99999999999998);
#672=CIRCLE('',#1787,1.99999999999998);
#673=CIRCLE('',#1788,1.99999999999998);
#674=CIRCLE('',#1790,1.99999999999998);
#675=CIRCLE('',#1791,1.99999999999998);
#676=CIRCLE('',#1793,1.99999999999998);
#677=CIRCLE('',#1794,1.99999999999998);
#678=CIRCLE('',#1796,1.99999999999998);
#679=CIRCLE('',#1797,1.99999999999998);
#680=CIRCLE('',#1799,1.99999999999998);
#681=CIRCLE('',#1800,1.99999999999998);
#682=CIRCLE('',#1802,1.74999999999997);
#683=CIRCLE('',#1803,1.74999999999997);
#684=CIRCLE('',#1805,1.74999999999997);
#685=CIRCLE('',#1806,1.74999999999997);
#686=CIRCLE('',#1808,1.74999999999999);
#687=CIRCLE('',#1809,1.74999999999999);
#688=CIRCLE('',#1815,1.74999999999999);
#689=CIRCLE('',#1816,1.74999999999999);
#690=CIRCLE('',#1821,1.);
#691=CIRCLE('',#1822,58.5);
#692=CIRCLE('',#1823,3.00000000000001);
#693=CIRCLE('',#1824,3.);
#694=CIRCLE('',#1825,0.999999999999547);
#695=CIRCLE('',#1826,1.);
#696=CIRCLE('',#1827,1.00000000000841);
#697=CIRCLE('',#1828,0.999999999999986);
#698=CIRCLE('',#1829,2.99999999999999);
#699=CIRCLE('',#1830,3.);
#700=CIRCLE('',#1831,58.5);
#701=CIRCLE('',#1832,0.999999999999986);
#702=CIRCLE('',#1833,1.75000000000001);
#703=CIRCLE('',#1834,1.75);
#704=CIRCLE('',#1835,2.00000000000001);
#705=CIRCLE('',#1836,2.);
#706=CIRCLE('',#1837,1.75000000000001);
#707=CIRCLE('',#1838,1.74999999999999);
#708=CIRCLE('',#1839,1.74999999999999);
#709=CIRCLE('',#1840,1.74999999999999);
#710=CIRCLE('',#1841,1.75);
#711=CIRCLE('',#1842,1.75);
#712=CIRCLE('',#1843,1.5);
#713=CIRCLE('',#1844,1.5);
#714=CIRCLE('',#1845,1.5);
#715=CIRCLE('',#1846,1.5);
#716=CIRCLE('',#1847,1.74999999999999);
#717=CIRCLE('',#1848,1.75);
#718=CIRCLE('',#1849,1.75000000000001);
#719=CIRCLE('',#1850,1.75000000000001);
#720=CIRCLE('',#1852,1.75000000000001);
#721=CIRCLE('',#1854,1.75000000000001);
#722=CIRCLE('',#1856,1.75);
#723=CIRCLE('',#1862,1.74999999999999);
#724=CIRCLE('',#1865,1.75000000000001);
#725=CIRCLE('',#1867,1.75);
#726=CIRCLE('',#1871,2.);
#727=CIRCLE('',#1872,2.);
#728=CIRCLE('',#1875,1.75000000000001);
#729=CIRCLE('',#1877,1.74999999999999);
#730=CIRCLE('',#1879,1.74999999999999);
#731=CIRCLE('',#1881,1.74999999999999);
#732=CIRCLE('',#1887,1.75);
#733=CIRCLE('',#1889,1.75);
#734=CIRCLE('',#1894,58.5);
#735=CIRCLE('',#1895,3.00000000000001);
#736=CIRCLE('',#1896,3.);
#737=CIRCLE('',#1897,1.00000000000012);
#738=CIRCLE('',#1898,1.00000000000001);
#739=CIRCLE('',#1899,1.00000000001552);
#740=CIRCLE('',#1900,0.999999999999972);
#741=CIRCLE('',#1901,3.);
#742=CIRCLE('',#1902,2.99999999999998);
#743=CIRCLE('',#1905,1.);
#744=CIRCLE('',#1908,58.5);
#745=CIRCLE('',#1928,1.);
#746=CIRCLE('',#1930,1.5);
#747=CIRCLE('',#1932,1.5);
#748=CIRCLE('',#1934,1.5);
#749=CIRCLE('',#1936,1.5);
#750=VERTEX_POINT('',#2446);
#751=VERTEX_POINT('',#2448);
#752=VERTEX_POINT('',#2452);
#753=VERTEX_POINT('',#2454);
#754=VERTEX_POINT('',#2458);
#755=VERTEX_POINT('',#2460);
#756=VERTEX_POINT('',#2464);
#757=VERTEX_POINT('',#2466);
#758=VERTEX_POINT('',#2470);
#759=VERTEX_POINT('',#2472);
#760=VERTEX_POINT('',#2476);
#761=VERTEX_POINT('',#2478);
#762=VERTEX_POINT('',#2482);
#763=VERTEX_POINT('',#2484);
#764=VERTEX_POINT('',#2488);
#765=VERTEX_POINT('',#2490);
#766=VERTEX_POINT('',#2494);
#767=VERTEX_POINT('',#2496);
#768=VERTEX_POINT('',#2500);
#769=VERTEX_POINT('',#2502);
#770=VERTEX_POINT('',#2506);
#771=VERTEX_POINT('',#2508);
#772=VERTEX_POINT('',#2512);
#773=VERTEX_POINT('',#2514);
#774=VERTEX_POINT('',#2518);
#775=VERTEX_POINT('',#2520);
#776=VERTEX_POINT('',#2524);
#777=VERTEX_POINT('',#2525);
#778=VERTEX_POINT('',#2527);
#779=VERTEX_POINT('',#2529);
#780=VERTEX_POINT('',#2533);
#781=VERTEX_POINT('',#2535);
#782=VERTEX_POINT('',#2539);
#783=VERTEX_POINT('',#2541);
#784=VERTEX_POINT('',#2548);
#785=VERTEX_POINT('',#2550);
#786=VERTEX_POINT('',#2554);
#787=VERTEX_POINT('',#2555);
#788=VERTEX_POINT('',#2557);
#789=VERTEX_POINT('',#2559);
#790=VERTEX_POINT('',#2563);
#791=VERTEX_POINT('',#2565);
#792=VERTEX_POINT('',#2569);
#793=VERTEX_POINT('',#2571);
#794=VERTEX_POINT('',#2575);
#795=VERTEX_POINT('',#2577);
#796=VERTEX_POINT('',#2579);
#797=VERTEX_POINT('',#2581);
#798=VERTEX_POINT('',#2583);
#799=VERTEX_POINT('',#2585);
#800=VERTEX_POINT('',#2587);
#801=VERTEX_POINT('',#2589);
#802=VERTEX_POINT('',#2591);
#803=VERTEX_POINT('',#2593);
#804=VERTEX_POINT('',#2595);
#805=VERTEX_POINT('',#2597);
#806=VERTEX_POINT('',#2599);
#807=VERTEX_POINT('',#2601);
#808=VERTEX_POINT('',#2603);
#809=VERTEX_POINT('',#2605);
#810=VERTEX_POINT('',#2607);
#811=VERTEX_POINT('',#2609);
#812=VERTEX_POINT('',#2611);
#813=VERTEX_POINT('',#2613);
#814=VERTEX_POINT('',#2615);
#815=VERTEX_POINT('',#2617);
#816=VERTEX_POINT('',#2619);
#817=VERTEX_POINT('',#2622);
#818=VERTEX_POINT('',#2624);
#819=VERTEX_POINT('',#2626);
#820=VERTEX_POINT('',#2627);
#821=VERTEX_POINT('',#2629);
#822=VERTEX_POINT('',#2631);
#823=VERTEX_POINT('',#2633);
#824=VERTEX_POINT('',#2635);
#825=VERTEX_POINT('',#2638);
#826=VERTEX_POINT('',#2640);
#827=VERTEX_POINT('',#2642);
#828=VERTEX_POINT('',#2644);
#829=VERTEX_POINT('',#2646);
#830=VERTEX_POINT('',#2647);
#831=VERTEX_POINT('',#2649);
#832=VERTEX_POINT('',#2651);
#833=VERTEX_POINT('',#2654);
#834=VERTEX_POINT('',#2655);
#835=VERTEX_POINT('',#2657);
#836=VERTEX_POINT('',#2659);
#837=VERTEX_POINT('',#2662);
#838=VERTEX_POINT('',#2664);
#839=VERTEX_POINT('',#2666);
#840=VERTEX_POINT('',#2668);
#841=VERTEX_POINT('',#2670);
#842=VERTEX_POINT('',#2672);
#843=VERTEX_POINT('',#2674);
#844=VERTEX_POINT('',#2676);
#845=VERTEX_POINT('',#2677);
#846=VERTEX_POINT('',#2679);
#847=VERTEX_POINT('',#2681);
#848=VERTEX_POINT('',#2684);
#849=VERTEX_POINT('',#2686);
#850=VERTEX_POINT('',#2688);
#851=VERTEX_POINT('',#2691);
#852=VERTEX_POINT('',#2695);
#853=VERTEX_POINT('',#2699);
#854=VERTEX_POINT('',#2703);
#855=VERTEX_POINT('',#2704);
#856=VERTEX_POINT('',#2709);
#857=VERTEX_POINT('',#2713);
#858=VERTEX_POINT('',#2719);
#859=VERTEX_POINT('',#2723);
#860=VERTEX_POINT('',#2724);
#861=VERTEX_POINT('',#2729);
#862=VERTEX_POINT('',#2733);
#863=VERTEX_POINT('',#2737);
#864=VERTEX_POINT('',#2739);
#865=VERTEX_POINT('',#2743);
#866=VERTEX_POINT('',#2747);
#867=VERTEX_POINT('',#2749);
#868=VERTEX_POINT('',#2751);
#869=VERTEX_POINT('',#2757);
#870=VERTEX_POINT('',#2761);
#871=VERTEX_POINT('',#2765);
#872=VERTEX_POINT('',#2769);
#873=VERTEX_POINT('',#2773);
#874=VERTEX_POINT('',#2774);
#875=VERTEX_POINT('',#2779);
#876=VERTEX_POINT('',#2783);
#877=VERTEX_POINT('',#2789);
#878=VERTEX_POINT('',#2793);
#879=VERTEX_POINT('',#2797);
#880=VERTEX_POINT('',#2801);
#881=VERTEX_POINT('',#2807);
#882=VERTEX_POINT('',#2808);
#883=VERTEX_POINT('',#2810);
#884=VERTEX_POINT('',#2812);
#885=VERTEX_POINT('',#2814);
#886=VERTEX_POINT('',#2816);
#887=VERTEX_POINT('',#2818);
#888=VERTEX_POINT('',#2820);
#889=VERTEX_POINT('',#2822);
#890=VERTEX_POINT('',#2824);
#891=VERTEX_POINT('',#2826);
#892=VERTEX_POINT('',#2828);
#893=VERTEX_POINT('',#2830);
#894=VERTEX_POINT('',#2832);
#895=VERTEX_POINT('',#2834);
#896=VERTEX_POINT('',#2836);
#897=VERTEX_POINT('',#2838);
#898=VERTEX_POINT('',#2840);
#899=VERTEX_POINT('',#2844);
#900=VERTEX_POINT('',#2848);
#901=VERTEX_POINT('',#2852);
#902=VERTEX_POINT('',#2857);
#903=VERTEX_POINT('',#2895);
#904=VERTEX_POINT('',#2901);
#905=VERTEX_POINT('',#2905);
#906=VERTEX_POINT('',#2909);
#907=VERTEX_POINT('',#2913);
#908=EDGE_CURVE('',#750,#750,#662,.T.);
#909=EDGE_CURVE('',#750,#751,#364,.T.);
#910=EDGE_CURVE('',#751,#751,#663,.T.);
#911=EDGE_CURVE('',#752,#752,#664,.T.);
#912=EDGE_CURVE('',#752,#753,#365,.T.);
#913=EDGE_CURVE('',#753,#753,#665,.T.);
#914=EDGE_CURVE('',#754,#754,#666,.T.);
#915=EDGE_CURVE('',#754,#755,#366,.T.);
#916=EDGE_CURVE('',#755,#755,#667,.T.);
#917=EDGE_CURVE('',#756,#756,#668,.T.);
#918=EDGE_CURVE('',#756,#757,#367,.T.);
#919=EDGE_CURVE('',#757,#757,#669,.T.);
#920=EDGE_CURVE('',#758,#758,#670,.T.);
#921=EDGE_CURVE('',#758,#759,#368,.T.);
#922=EDGE_CURVE('',#759,#759,#671,.T.);
#923=EDGE_CURVE('',#760,#760,#672,.T.);
#924=EDGE_CURVE('',#760,#761,#369,.T.);
#925=EDGE_CURVE('',#761,#761,#673,.T.);
#926=EDGE_CURVE('',#762,#762,#674,.T.);
#927=EDGE_CURVE('',#762,#763,#370,.T.);
#928=EDGE_CURVE('',#763,#763,#675,.T.);
#929=EDGE_CURVE('',#764,#764,#676,.T.);
#930=EDGE_CURVE('',#764,#765,#371,.T.);
#931=EDGE_CURVE('',#765,#765,#677,.T.);
#932=EDGE_CURVE('',#766,#766,#678,.T.);
#933=EDGE_CURVE('',#766,#767,#372,.T.);
#934=EDGE_CURVE('',#767,#767,#679,.T.);
#935=EDGE_CURVE('',#768,#768,#680,.T.);
#936=EDGE_CURVE('',#768,#769,#373,.T.);
#937=EDGE_CURVE('',#769,#769,#681,.T.);
#938=EDGE_CURVE('',#770,#770,#682,.T.);
#939=EDGE_CURVE('',#770,#771,#374,.T.);
#940=EDGE_CURVE('',#771,#771,#683,.T.);
#941=EDGE_CURVE('',#772,#772,#684,.T.);
#942=EDGE_CURVE('',#772,#773,#375,.T.);
#943=EDGE_CURVE('',#773,#773,#685,.T.);
#944=EDGE_CURVE('',#774,#774,#686,.T.);
#945=EDGE_CURVE('',#774,#775,#376,.T.);
#946=EDGE_CURVE('',#775,#775,#687,.T.);
#947=EDGE_CURVE('',#776,#777,#377,.T.);
#948=EDGE_CURVE('',#776,#778,#378,.T.);
#949=EDGE_CURVE('',#779,#778,#379,.T.);
#950=EDGE_CURVE('',#777,#779,#380,.T.);
#951=EDGE_CURVE('',#780,#776,#381,.T.);
#952=EDGE_CURVE('',#780,#781,#382,.T.);
#953=EDGE_CURVE('',#778,#781,#383,.T.);
#954=EDGE_CURVE('',#782,#780,#384,.T.);
#955=EDGE_CURVE('',#782,#783,#385,.T.);
#956=EDGE_CURVE('',#781,#783,#386,.T.);
#957=EDGE_CURVE('',#777,#782,#387,.T.);
#958=EDGE_CURVE('',#783,#779,#388,.T.);
#959=EDGE_CURVE('',#784,#784,#688,.T.);
#960=EDGE_CURVE('',#784,#785,#389,.T.);
#961=EDGE_CURVE('',#785,#785,#689,.T.);
#962=EDGE_CURVE('',#786,#787,#390,.T.);
#963=EDGE_CURVE('',#788,#786,#391,.T.);
#964=EDGE_CURVE('',#788,#789,#392,.T.);
#965=EDGE_CURVE('',#787,#789,#393,.T.);
#966=EDGE_CURVE('',#790,#788,#394,.T.);
#967=EDGE_CURVE('',#791,#790,#395,.T.);
#968=EDGE_CURVE('',#789,#791,#396,.T.);
#969=EDGE_CURVE('',#792,#787,#397,.T.);
#970=EDGE_CURVE('',#793,#792,#398,.T.);
#971=EDGE_CURVE('',#793,#786,#399,.T.);
#972=EDGE_CURVE('',#791,#794,#400,.T.);
#973=EDGE_CURVE('',#795,#794,#690,.F.);
#974=EDGE_CURVE('',#795,#796,#401,.T.);
#975=EDGE_CURVE('',#796,#797,#691,.T.);
#976=EDGE_CURVE('',#798,#797,#692,.F.);
#977=EDGE_CURVE('',#798,#799,#402,.T.);
#978=EDGE_CURVE('',#800,#799,#693,.F.);
#979=EDGE_CURVE('',#800,#801,#403,.T.);
#980=EDGE_CURVE('',#802,#801,#404,.T.);
#981=EDGE_CURVE('',#803,#802,#694,.F.);
#982=EDGE_CURVE('',#804,#803,#405,.T.);
#983=EDGE_CURVE('',#805,#804,#695,.F.);
#984=EDGE_CURVE('',#806,#805,#406,.T.);
#985=EDGE_CURVE('',#807,#806,#696,.F.);
#986=EDGE_CURVE('',#808,#807,#407,.T.);
#987=EDGE_CURVE('',#809,#808,#697,.F.);
#988=EDGE_CURVE('',#810,#809,#408,.T.);
#989=EDGE_CURVE('',#810,#811,#409,.T.);
#990=EDGE_CURVE('',#812,#811,#698,.F.);
#991=EDGE_CURVE('',#812,#813,#410,.T.);
#992=EDGE_CURVE('',#814,#813,#699,.F.);
#993=EDGE_CURVE('',#814,#815,#700,.T.);
#994=EDGE_CURVE('',#815,#816,#411,.T.);
#995=EDGE_CURVE('',#792,#816,#701,.F.);
#996=EDGE_CURVE('',#817,#817,#702,.T.);
#997=EDGE_CURVE('',#818,#818,#703,.T.);
#998=EDGE_CURVE('',#819,#820,#412,.T.);
#999=EDGE_CURVE('',#821,#820,#704,.F.);
#1000=EDGE_CURVE('',#821,#822,#413,.T.);
#1001=EDGE_CURVE('',#823,#822,#705,.F.);
#1002=EDGE_CURVE('',#823,#824,#414,.T.);
#1003=EDGE_CURVE('',#824,#819,#415,.T.);
#1004=EDGE_CURVE('',#825,#825,#706,.T.);
#1005=EDGE_CURVE('',#826,#826,#707,.T.);
#1006=EDGE_CURVE('',#827,#827,#708,.T.);
#1007=EDGE_CURVE('',#828,#828,#709,.T.);
#1008=EDGE_CURVE('',#829,#830,#416,.T.);
#1009=EDGE_CURVE('',#830,#831,#417,.T.);
#1010=EDGE_CURVE('',#831,#832,#418,.T.);
#1011=EDGE_CURVE('',#832,#829,#419,.T.);
#1012=EDGE_CURVE('',#833,#834,#420,.T.);
#1013=EDGE_CURVE('',#834,#835,#421,.T.);
#1014=EDGE_CURVE('',#835,#836,#422,.T.);
#1015=EDGE_CURVE('',#836,#833,#423,.T.);
#1016=EDGE_CURVE('',#837,#837,#710,.T.);
#1017=EDGE_CURVE('',#838,#838,#711,.T.);
#1018=EDGE_CURVE('',#839,#839,#712,.F.);
#1019=EDGE_CURVE('',#840,#840,#713,.F.);
#1020=EDGE_CURVE('',#841,#841,#714,.F.);
#1021=EDGE_CURVE('',#842,#842,#715,.F.);
#1022=EDGE_CURVE('',#843,#843,#716,.T.);
#1023=EDGE_CURVE('',#844,#845,#424,.T.);
#1024=EDGE_CURVE('',#845,#846,#425,.T.);
#1025=EDGE_CURVE('',#846,#847,#426,.T.);
#1026=EDGE_CURVE('',#847,#844,#427,.T.);
#1027=EDGE_CURVE('',#848,#848,#717,.T.);
#1028=EDGE_CURVE('',#849,#849,#718,.T.);
#1029=EDGE_CURVE('',#850,#850,#719,.T.);
#1030=EDGE_CURVE('',#851,#851,#720,.T.);
#1031=EDGE_CURVE('',#851,#850,#428,.T.);
#1032=EDGE_CURVE('',#852,#852,#721,.T.);
#1033=EDGE_CURVE('',#852,#849,#429,.T.);
#1034=EDGE_CURVE('',#853,#853,#722,.T.);
#1035=EDGE_CURVE('',#853,#848,#430,.T.);
#1036=EDGE_CURVE('',#854,#855,#431,.T.);
#1037=EDGE_CURVE('',#854,#845,#432,.T.);
#1038=EDGE_CURVE('',#855,#844,#433,.T.);
#1039=EDGE_CURVE('',#856,#854,#434,.T.);
#1040=EDGE_CURVE('',#856,#846,#435,.T.);
#1041=EDGE_CURVE('',#857,#856,#436,.T.);
#1042=EDGE_CURVE('',#857,#847,#437,.T.);
#1043=EDGE_CURVE('',#855,#857,#438,.T.);
#1044=EDGE_CURVE('',#858,#858,#723,.T.);
#1045=EDGE_CURVE('',#858,#843,#439,.T.);
#1046=EDGE_CURVE('',#859,#860,#440,.T.);
#1047=EDGE_CURVE('',#859,#835,#441,.T.);
#1048=EDGE_CURVE('',#860,#834,#442,.T.);
#1049=EDGE_CURVE('',#861,#861,#724,.T.);
#1050=EDGE_CURVE('',#861,#817,#443,.T.);
#1051=EDGE_CURVE('',#862,#862,#725,.T.);
#1052=EDGE_CURVE('',#862,#818,#444,.T.);
#1053=EDGE_CURVE('',#819,#863,#445,.T.);
#1054=EDGE_CURVE('',#864,#824,#446,.T.);
#1055=EDGE_CURVE('',#863,#864,#447,.T.);
#1056=EDGE_CURVE('',#863,#865,#448,.T.);
#1057=EDGE_CURVE('',#865,#820,#449,.T.);
#1058=EDGE_CURVE('',#866,#864,#450,.T.);
#1059=EDGE_CURVE('',#867,#866,#726,.T.);
#1060=EDGE_CURVE('',#868,#867,#451,.T.);
#1061=EDGE_CURVE('',#865,#868,#727,.T.);
#1062=EDGE_CURVE('',#866,#823,#452,.T.);
#1063=EDGE_CURVE('',#869,#869,#728,.T.);
#1064=EDGE_CURVE('',#869,#825,#453,.T.);
#1065=EDGE_CURVE('',#870,#870,#729,.T.);
#1066=EDGE_CURVE('',#870,#826,#454,.T.);
#1067=EDGE_CURVE('',#871,#871,#730,.T.);
#1068=EDGE_CURVE('',#871,#827,#455,.T.);
#1069=EDGE_CURVE('',#872,#872,#731,.T.);
#1070=EDGE_CURVE('',#872,#828,#456,.T.);
#1071=EDGE_CURVE('',#873,#874,#457,.T.);
#1072=EDGE_CURVE('',#873,#830,#458,.T.);
#1073=EDGE_CURVE('',#874,#829,#459,.T.);
#1074=EDGE_CURVE('',#875,#873,#460,.T.);
#1075=EDGE_CURVE('',#875,#831,#461,.T.);
#1076=EDGE_CURVE('',#876,#875,#462,.T.);
#1077=EDGE_CURVE('',#876,#832,#463,.T.);
#1078=EDGE_CURVE('',#874,#876,#464,.T.);
#1079=EDGE_CURVE('',#838,#877,#465,.T.);
#1080=EDGE_CURVE('',#877,#877,#732,.F.);
#1081=EDGE_CURVE('',#837,#878,#466,.T.);
#1082=EDGE_CURVE('',#878,#878,#733,.F.);
#1083=EDGE_CURVE('',#833,#879,#467,.T.);
#1084=EDGE_CURVE('',#860,#879,#468,.F.);
#1085=EDGE_CURVE('',#836,#880,#469,.T.);
#1086=EDGE_CURVE('',#879,#880,#470,.F.);
#1087=EDGE_CURVE('',#880,#859,#471,.F.);
#1088=EDGE_CURVE('',#881,#882,#734,.F.);
#1089=EDGE_CURVE('',#883,#882,#735,.F.);
#1090=EDGE_CURVE('',#883,#884,#472,.F.);
#1091=EDGE_CURVE('',#885,#884,#736,.F.);
#1092=EDGE_CURVE('',#885,#886,#473,.F.);
#1093=EDGE_CURVE('',#886,#887,#474,.T.);
#1094=EDGE_CURVE('',#888,#887,#737,.F.);
#1095=EDGE_CURVE('',#888,#889,#475,.T.);
#1096=EDGE_CURVE('',#890,#889,#738,.F.);
#1097=EDGE_CURVE('',#890,#891,#476,.T.);
#1098=EDGE_CURVE('',#892,#891,#739,.F.);
#1099=EDGE_CURVE('',#892,#893,#477,.T.);
#1100=EDGE_CURVE('',#894,#893,#740,.F.);
#1101=EDGE_CURVE('',#894,#895,#478,.T.);
#1102=EDGE_CURVE('',#895,#896,#479,.F.);
#1103=EDGE_CURVE('',#897,#896,#741,.F.);
#1104=EDGE_CURVE('',#897,#898,#480,.F.);
#1105=EDGE_CURVE('',#881,#898,#742,.F.);
#1106=EDGE_CURVE('',#790,#899,#481,.T.);
#1107=EDGE_CURVE('',#899,#794,#482,.T.);
#1108=EDGE_CURVE('',#899,#900,#743,.T.);
#1109=EDGE_CURVE('',#900,#795,#483,.T.);
#1110=EDGE_CURVE('',#900,#901,#484,.T.);
#1111=EDGE_CURVE('',#901,#796,#485,.F.);
#1112=EDGE_CURVE('',#797,#881,#486,.T.);
#1113=EDGE_CURVE('',#902,#901,#744,.T.);
#1114=EDGE_CURVE('',#815,#902,#487,.T.);
#1115=EDGE_CURVE('',#814,#882,#488,.T.);
#1116=EDGE_CURVE('',#798,#898,#489,.T.);
#1117=EDGE_CURVE('',#799,#897,#490,.T.);
#1118=EDGE_CURVE('',#800,#896,#491,.T.);
#1119=EDGE_CURVE('',#801,#895,#492,.F.);
#1120=EDGE_CURVE('',#802,#894,#493,.T.);
#1121=EDGE_CURVE('',#803,#893,#494,.T.);
#1122=EDGE_CURVE('',#804,#892,#495,.T.);
#1123=EDGE_CURVE('',#805,#891,#496,.T.);
#1124=EDGE_CURVE('',#806,#890,#497,.T.);
#1125=EDGE_CURVE('',#807,#889,#498,.T.);
#1126=EDGE_CURVE('',#808,#888,#499,.T.);
#1127=EDGE_CURVE('',#809,#887,#500,.T.);
#1128=EDGE_CURVE('',#886,#810,#501,.F.);
#1129=EDGE_CURVE('',#811,#885,#502,.T.);
#1130=EDGE_CURVE('',#812,#884,#503,.T.);
#1131=EDGE_CURVE('',#813,#883,#504,.T.);
#1132=EDGE_CURVE('',#902,#903,#505,.T.);
#1133=EDGE_CURVE('',#903,#816,#506,.T.);
#1134=EDGE_CURVE('',#903,#793,#745,.T.);
#1135=EDGE_CURVE('',#904,#904,#746,.T.);
#1136=EDGE_CURVE('',#904,#839,#507,.T.);
#1137=EDGE_CURVE('',#905,#905,#747,.T.);
#1138=EDGE_CURVE('',#905,#840,#508,.T.);
#1139=EDGE_CURVE('',#906,#906,#748,.T.);
#1140=EDGE_CURVE('',#906,#841,#509,.T.);
#1141=EDGE_CURVE('',#907,#907,#749,.T.);
#1142=EDGE_CURVE('',#907,#842,#510,.T.);
#1143=EDGE_CURVE('',#868,#821,#511,.T.);
#1144=EDGE_CURVE('',#867,#822,#512,.T.);
#1145=ORIENTED_EDGE('',*,*,#908,.F.);
#1146=ORIENTED_EDGE('',*,*,#909,.T.);
#1147=ORIENTED_EDGE('',*,*,#910,.F.);
#1148=ORIENTED_EDGE('',*,*,#909,.F.);
#1149=ORIENTED_EDGE('',*,*,#911,.F.);
#1150=ORIENTED_EDGE('',*,*,#912,.T.);
#1151=ORIENTED_EDGE('',*,*,#913,.F.);
#1152=ORIENTED_EDGE('',*,*,#912,.F.);
#1153=ORIENTED_EDGE('',*,*,#914,.F.);
#1154=ORIENTED_EDGE('',*,*,#915,.T.);
#1155=ORIENTED_EDGE('',*,*,#916,.F.);
#1156=ORIENTED_EDGE('',*,*,#915,.F.);
#1157=ORIENTED_EDGE('',*,*,#917,.F.);
#1158=ORIENTED_EDGE('',*,*,#918,.T.);
#1159=ORIENTED_EDGE('',*,*,#919,.F.);
#1160=ORIENTED_EDGE('',*,*,#918,.F.);
#1161=ORIENTED_EDGE('',*,*,#920,.F.);
#1162=ORIENTED_EDGE('',*,*,#921,.T.);
#1163=ORIENTED_EDGE('',*,*,#922,.F.);
#1164=ORIENTED_EDGE('',*,*,#921,.F.);
#1165=ORIENTED_EDGE('',*,*,#923,.F.);
#1166=ORIENTED_EDGE('',*,*,#924,.T.);
#1167=ORIENTED_EDGE('',*,*,#925,.F.);
#1168=ORIENTED_EDGE('',*,*,#924,.F.);
#1169=ORIENTED_EDGE('',*,*,#926,.F.);
#1170=ORIENTED_EDGE('',*,*,#927,.T.);
#1171=ORIENTED_EDGE('',*,*,#928,.F.);
#1172=ORIENTED_EDGE('',*,*,#927,.F.);
#1173=ORIENTED_EDGE('',*,*,#929,.F.);
#1174=ORIENTED_EDGE('',*,*,#930,.T.);
#1175=ORIENTED_EDGE('',*,*,#931,.F.);
#1176=ORIENTED_EDGE('',*,*,#930,.F.);
#1177=ORIENTED_EDGE('',*,*,#932,.F.);
#1178=ORIENTED_EDGE('',*,*,#933,.T.);
#1179=ORIENTED_EDGE('',*,*,#934,.F.);
#1180=ORIENTED_EDGE('',*,*,#933,.F.);
#1181=ORIENTED_EDGE('',*,*,#935,.F.);
#1182=ORIENTED_EDGE('',*,*,#936,.T.);
#1183=ORIENTED_EDGE('',*,*,#937,.F.);
#1184=ORIENTED_EDGE('',*,*,#936,.F.);
#1185=ORIENTED_EDGE('',*,*,#938,.F.);
#1186=ORIENTED_EDGE('',*,*,#939,.T.);
#1187=ORIENTED_EDGE('',*,*,#940,.F.);
#1188=ORIENTED_EDGE('',*,*,#939,.F.);
#1189=ORIENTED_EDGE('',*,*,#941,.F.);
#1190=ORIENTED_EDGE('',*,*,#942,.T.);
#1191=ORIENTED_EDGE('',*,*,#943,.F.);
#1192=ORIENTED_EDGE('',*,*,#942,.F.);
#1193=ORIENTED_EDGE('',*,*,#944,.F.);
#1194=ORIENTED_EDGE('',*,*,#945,.T.);
#1195=ORIENTED_EDGE('',*,*,#946,.F.);
#1196=ORIENTED_EDGE('',*,*,#945,.F.);
#1197=ORIENTED_EDGE('',*,*,#947,.F.);
#1198=ORIENTED_EDGE('',*,*,#948,.T.);
#1199=ORIENTED_EDGE('',*,*,#949,.F.);
#1200=ORIENTED_EDGE('',*,*,#950,.F.);
#1201=ORIENTED_EDGE('',*,*,#951,.F.);
#1202=ORIENTED_EDGE('',*,*,#952,.T.);
#1203=ORIENTED_EDGE('',*,*,#953,.F.);
#1204=ORIENTED_EDGE('',*,*,#948,.F.);
#1205=ORIENTED_EDGE('',*,*,#954,.F.);
#1206=ORIENTED_EDGE('',*,*,#955,.T.);
#1207=ORIENTED_EDGE('',*,*,#956,.F.);
#1208=ORIENTED_EDGE('',*,*,#952,.F.);
#1209=ORIENTED_EDGE('',*,*,#957,.F.);
#1210=ORIENTED_EDGE('',*,*,#950,.T.);
#1211=ORIENTED_EDGE('',*,*,#958,.F.);
#1212=ORIENTED_EDGE('',*,*,#955,.F.);
#1213=ORIENTED_EDGE('',*,*,#959,.F.);
#1214=ORIENTED_EDGE('',*,*,#960,.T.);
#1215=ORIENTED_EDGE('',*,*,#961,.F.);
#1216=ORIENTED_EDGE('',*,*,#960,.F.);
#1217=ORIENTED_EDGE('',*,*,#962,.F.);
#1218=ORIENTED_EDGE('',*,*,#963,.F.);
#1219=ORIENTED_EDGE('',*,*,#964,.T.);
#1220=ORIENTED_EDGE('',*,*,#965,.F.);
#1221=ORIENTED_EDGE('',*,*,#966,.F.);
#1222=ORIENTED_EDGE('',*,*,#967,.F.);
#1223=ORIENTED_EDGE('',*,*,#968,.F.);
#1224=ORIENTED_EDGE('',*,*,#964,.F.);
#1225=ORIENTED_EDGE('',*,*,#962,.T.);
#1226=ORIENTED_EDGE('',*,*,#969,.F.);
#1227=ORIENTED_EDGE('',*,*,#970,.F.);
#1228=ORIENTED_EDGE('',*,*,#971,.T.);
#1229=ORIENTED_EDGE('',*,*,#965,.T.);
#1230=ORIENTED_EDGE('',*,*,#968,.T.);
#1231=ORIENTED_EDGE('',*,*,#972,.T.);
#1232=ORIENTED_EDGE('',*,*,#973,.F.);
#1233=ORIENTED_EDGE('',*,*,#974,.T.);
#1234=ORIENTED_EDGE('',*,*,#975,.T.);
#1235=ORIENTED_EDGE('',*,*,#976,.F.);
#1236=ORIENTED_EDGE('',*,*,#977,.T.);
#1237=ORIENTED_EDGE('',*,*,#978,.F.);
#1238=ORIENTED_EDGE('',*,*,#979,.T.);
#1239=ORIENTED_EDGE('',*,*,#980,.F.);
#1240=ORIENTED_EDGE('',*,*,#981,.F.);
#1241=ORIENTED_EDGE('',*,*,#982,.F.);
#1242=ORIENTED_EDGE('',*,*,#983,.F.);
#1243=ORIENTED_EDGE('',*,*,#984,.F.);
#1244=ORIENTED_EDGE('',*,*,#985,.F.);
#1245=ORIENTED_EDGE('',*,*,#986,.F.);
#1246=ORIENTED_EDGE('',*,*,#987,.F.);
#1247=ORIENTED_EDGE('',*,*,#988,.F.);
#1248=ORIENTED_EDGE('',*,*,#989,.T.);
#1249=ORIENTED_EDGE('',*,*,#990,.F.);
#1250=ORIENTED_EDGE('',*,*,#991,.T.);
#1251=ORIENTED_EDGE('',*,*,#992,.F.);
#1252=ORIENTED_EDGE('',*,*,#993,.T.);
#1253=ORIENTED_EDGE('',*,*,#994,.T.);
#1254=ORIENTED_EDGE('',*,*,#995,.F.);
#1255=ORIENTED_EDGE('',*,*,#969,.T.);
#1256=ORIENTED_EDGE('',*,*,#910,.T.);
#1257=ORIENTED_EDGE('',*,*,#913,.T.);
#1258=ORIENTED_EDGE('',*,*,#916,.T.);
#1259=ORIENTED_EDGE('',*,*,#919,.T.);
#1260=ORIENTED_EDGE('',*,*,#922,.T.);
#1261=ORIENTED_EDGE('',*,*,#925,.T.);
#1262=ORIENTED_EDGE('',*,*,#928,.T.);
#1263=ORIENTED_EDGE('',*,*,#931,.T.);
#1264=ORIENTED_EDGE('',*,*,#934,.T.);
#1265=ORIENTED_EDGE('',*,*,#937,.T.);
#1266=ORIENTED_EDGE('',*,*,#940,.T.);
#1267=ORIENTED_EDGE('',*,*,#943,.T.);
#1268=ORIENTED_EDGE('',*,*,#946,.T.);
#1269=ORIENTED_EDGE('',*,*,#949,.T.);
#1270=ORIENTED_EDGE('',*,*,#953,.T.);
#1271=ORIENTED_EDGE('',*,*,#956,.T.);
#1272=ORIENTED_EDGE('',*,*,#958,.T.);
#1273=ORIENTED_EDGE('',*,*,#961,.T.);
#1274=ORIENTED_EDGE('',*,*,#996,.T.);
#1275=ORIENTED_EDGE('',*,*,#997,.T.);
#1276=ORIENTED_EDGE('',*,*,#998,.T.);
#1277=ORIENTED_EDGE('',*,*,#999,.F.);
#1278=ORIENTED_EDGE('',*,*,#1000,.T.);
#1279=ORIENTED_EDGE('',*,*,#1001,.F.);
#1280=ORIENTED_EDGE('',*,*,#1002,.T.);
#1281=ORIENTED_EDGE('',*,*,#1003,.T.);
#1282=ORIENTED_EDGE('',*,*,#1004,.T.);
#1283=ORIENTED_EDGE('',*,*,#1005,.T.);
#1284=ORIENTED_EDGE('',*,*,#1006,.T.);
#1285=ORIENTED_EDGE('',*,*,#1007,.T.);
#1286=ORIENTED_EDGE('',*,*,#1008,.T.);
#1287=ORIENTED_EDGE('',*,*,#1009,.T.);
#1288=ORIENTED_EDGE('',*,*,#1010,.T.);
#1289=ORIENTED_EDGE('',*,*,#1011,.T.);
#1290=ORIENTED_EDGE('',*,*,#1012,.T.);
#1291=ORIENTED_EDGE('',*,*,#1013,.T.);
#1292=ORIENTED_EDGE('',*,*,#1014,.T.);
#1293=ORIENTED_EDGE('',*,*,#1015,.T.);
#1294=ORIENTED_EDGE('',*,*,#1016,.T.);
#1295=ORIENTED_EDGE('',*,*,#1017,.T.);
#1296=ORIENTED_EDGE('',*,*,#1018,.T.);
#1297=ORIENTED_EDGE('',*,*,#1019,.T.);
#1298=ORIENTED_EDGE('',*,*,#1020,.T.);
#1299=ORIENTED_EDGE('',*,*,#1021,.T.);
#1300=ORIENTED_EDGE('',*,*,#1022,.T.);
#1301=ORIENTED_EDGE('',*,*,#1023,.T.);
#1302=ORIENTED_EDGE('',*,*,#1024,.T.);
#1303=ORIENTED_EDGE('',*,*,#1025,.T.);
#1304=ORIENTED_EDGE('',*,*,#1026,.T.);
#1305=ORIENTED_EDGE('',*,*,#1027,.T.);
#1306=ORIENTED_EDGE('',*,*,#1028,.T.);
#1307=ORIENTED_EDGE('',*,*,#1029,.T.);
#1308=ORIENTED_EDGE('',*,*,#1030,.F.);
#1309=ORIENTED_EDGE('',*,*,#1031,.T.);
#1310=ORIENTED_EDGE('',*,*,#1029,.F.);
#1311=ORIENTED_EDGE('',*,*,#1031,.F.);
#1312=ORIENTED_EDGE('',*,*,#1032,.F.);
#1313=ORIENTED_EDGE('',*,*,#1033,.T.);
#1314=ORIENTED_EDGE('',*,*,#1028,.F.);
#1315=ORIENTED_EDGE('',*,*,#1033,.F.);
#1316=ORIENTED_EDGE('',*,*,#1034,.F.);
#1317=ORIENTED_EDGE('',*,*,#1035,.T.);
#1318=ORIENTED_EDGE('',*,*,#1027,.F.);
#1319=ORIENTED_EDGE('',*,*,#1035,.F.);
#1320=ORIENTED_EDGE('',*,*,#1036,.F.);
#1321=ORIENTED_EDGE('',*,*,#1037,.T.);
#1322=ORIENTED_EDGE('',*,*,#1023,.F.);
#1323=ORIENTED_EDGE('',*,*,#1038,.F.);
#1324=ORIENTED_EDGE('',*,*,#1039,.F.);
#1325=ORIENTED_EDGE('',*,*,#1040,.T.);
#1326=ORIENTED_EDGE('',*,*,#1024,.F.);
#1327=ORIENTED_EDGE('',*,*,#1037,.F.);
#1328=ORIENTED_EDGE('',*,*,#1041,.F.);
#1329=ORIENTED_EDGE('',*,*,#1042,.T.);
#1330=ORIENTED_EDGE('',*,*,#1025,.F.);
#1331=ORIENTED_EDGE('',*,*,#1040,.F.);
#1332=ORIENTED_EDGE('',*,*,#1043,.F.);
#1333=ORIENTED_EDGE('',*,*,#1038,.T.);
#1334=ORIENTED_EDGE('',*,*,#1026,.F.);
#1335=ORIENTED_EDGE('',*,*,#1042,.F.);
#1336=ORIENTED_EDGE('',*,*,#1044,.F.);
#1337=ORIENTED_EDGE('',*,*,#1045,.T.);
#1338=ORIENTED_EDGE('',*,*,#1022,.F.);
#1339=ORIENTED_EDGE('',*,*,#1045,.F.);
#1340=ORIENTED_EDGE('',*,*,#1046,.F.);
#1341=ORIENTED_EDGE('',*,*,#1047,.T.);
#1342=ORIENTED_EDGE('',*,*,#1013,.F.);
#1343=ORIENTED_EDGE('',*,*,#1048,.F.);
#1344=ORIENTED_EDGE('',*,*,#1049,.F.);
#1345=ORIENTED_EDGE('',*,*,#1050,.T.);
#1346=ORIENTED_EDGE('',*,*,#996,.F.);
#1347=ORIENTED_EDGE('',*,*,#1050,.F.);
#1348=ORIENTED_EDGE('',*,*,#1051,.F.);
#1349=ORIENTED_EDGE('',*,*,#1052,.T.);
#1350=ORIENTED_EDGE('',*,*,#997,.F.);
#1351=ORIENTED_EDGE('',*,*,#1052,.F.);
#1352=ORIENTED_EDGE('',*,*,#1053,.F.);
#1353=ORIENTED_EDGE('',*,*,#1003,.F.);
#1354=ORIENTED_EDGE('',*,*,#1054,.F.);
#1355=ORIENTED_EDGE('',*,*,#1055,.F.);
#1356=ORIENTED_EDGE('',*,*,#1053,.T.);
#1357=ORIENTED_EDGE('',*,*,#1056,.T.);
#1358=ORIENTED_EDGE('',*,*,#1057,.T.);
#1359=ORIENTED_EDGE('',*,*,#998,.F.);
#1360=ORIENTED_EDGE('',*,*,#1055,.T.);
#1361=ORIENTED_EDGE('',*,*,#1058,.F.);
#1362=ORIENTED_EDGE('',*,*,#1059,.F.);
#1363=ORIENTED_EDGE('',*,*,#1060,.F.);
#1364=ORIENTED_EDGE('',*,*,#1061,.F.);
#1365=ORIENTED_EDGE('',*,*,#1056,.F.);
#1366=ORIENTED_EDGE('',*,*,#1054,.T.);
#1367=ORIENTED_EDGE('',*,*,#1002,.F.);
#1368=ORIENTED_EDGE('',*,*,#1062,.F.);
#1369=ORIENTED_EDGE('',*,*,#1058,.T.);
#1370=ORIENTED_EDGE('',*,*,#1063,.F.);
#1371=ORIENTED_EDGE('',*,*,#1064,.T.);
#1372=ORIENTED_EDGE('',*,*,#1004,.F.);
#1373=ORIENTED_EDGE('',*,*,#1064,.F.);
#1374=ORIENTED_EDGE('',*,*,#1065,.F.);
#1375=ORIENTED_EDGE('',*,*,#1066,.T.);
#1376=ORIENTED_EDGE('',*,*,#1005,.F.);
#1377=ORIENTED_EDGE('',*,*,#1066,.F.);
#1378=ORIENTED_EDGE('',*,*,#1067,.F.);
#1379=ORIENTED_EDGE('',*,*,#1068,.T.);
#1380=ORIENTED_EDGE('',*,*,#1006,.F.);
#1381=ORIENTED_EDGE('',*,*,#1068,.F.);
#1382=ORIENTED_EDGE('',*,*,#1069,.F.);
#1383=ORIENTED_EDGE('',*,*,#1070,.T.);
#1384=ORIENTED_EDGE('',*,*,#1007,.F.);
#1385=ORIENTED_EDGE('',*,*,#1070,.F.);
#1386=ORIENTED_EDGE('',*,*,#1071,.F.);
#1387=ORIENTED_EDGE('',*,*,#1072,.T.);
#1388=ORIENTED_EDGE('',*,*,#1008,.F.);
#1389=ORIENTED_EDGE('',*,*,#1073,.F.);
#1390=ORIENTED_EDGE('',*,*,#1074,.F.);
#1391=ORIENTED_EDGE('',*,*,#1075,.T.);
#1392=ORIENTED_EDGE('',*,*,#1009,.F.);
#1393=ORIENTED_EDGE('',*,*,#1072,.F.);
#1394=ORIENTED_EDGE('',*,*,#1076,.F.);
#1395=ORIENTED_EDGE('',*,*,#1077,.T.);
#1396=ORIENTED_EDGE('',*,*,#1010,.F.);
#1397=ORIENTED_EDGE('',*,*,#1075,.F.);
#1398=ORIENTED_EDGE('',*,*,#1078,.F.);
#1399=ORIENTED_EDGE('',*,*,#1073,.T.);
#1400=ORIENTED_EDGE('',*,*,#1011,.F.);
#1401=ORIENTED_EDGE('',*,*,#1077,.F.);
#1402=ORIENTED_EDGE('',*,*,#1017,.F.);
#1403=ORIENTED_EDGE('',*,*,#1079,.T.);
#1404=ORIENTED_EDGE('',*,*,#1080,.F.);
#1405=ORIENTED_EDGE('',*,*,#1079,.F.);
#1406=ORIENTED_EDGE('',*,*,#1016,.F.);
#1407=ORIENTED_EDGE('',*,*,#1081,.T.);
#1408=ORIENTED_EDGE('',*,*,#1082,.F.);
#1409=ORIENTED_EDGE('',*,*,#1081,.F.);
#1410=ORIENTED_EDGE('',*,*,#1012,.F.);
#1411=ORIENTED_EDGE('',*,*,#1083,.T.);
#1412=ORIENTED_EDGE('',*,*,#1084,.F.);
#1413=ORIENTED_EDGE('',*,*,#1048,.T.);
#1414=ORIENTED_EDGE('',*,*,#1015,.F.);
#1415=ORIENTED_EDGE('',*,*,#1085,.T.);
#1416=ORIENTED_EDGE('',*,*,#1086,.F.);
#1417=ORIENTED_EDGE('',*,*,#1083,.F.);
#1418=ORIENTED_EDGE('',*,*,#1014,.F.);
#1419=ORIENTED_EDGE('',*,*,#1047,.F.);
#1420=ORIENTED_EDGE('',*,*,#1087,.F.);
#1421=ORIENTED_EDGE('',*,*,#1085,.F.);
#1422=ORIENTED_EDGE('',*,*,#1088,.T.);
#1423=ORIENTED_EDGE('',*,*,#1089,.F.);
#1424=ORIENTED_EDGE('',*,*,#1090,.T.);
#1425=ORIENTED_EDGE('',*,*,#1091,.F.);
#1426=ORIENTED_EDGE('',*,*,#1092,.T.);
#1427=ORIENTED_EDGE('',*,*,#1093,.T.);
#1428=ORIENTED_EDGE('',*,*,#1094,.F.);
#1429=ORIENTED_EDGE('',*,*,#1095,.T.);
#1430=ORIENTED_EDGE('',*,*,#1096,.F.);
#1431=ORIENTED_EDGE('',*,*,#1097,.T.);
#1432=ORIENTED_EDGE('',*,*,#1098,.F.);
#1433=ORIENTED_EDGE('',*,*,#1099,.T.);
#1434=ORIENTED_EDGE('',*,*,#1100,.F.);
#1435=ORIENTED_EDGE('',*,*,#1101,.T.);
#1436=ORIENTED_EDGE('',*,*,#1102,.T.);
#1437=ORIENTED_EDGE('',*,*,#1103,.F.);
#1438=ORIENTED_EDGE('',*,*,#1104,.T.);
#1439=ORIENTED_EDGE('',*,*,#1105,.F.);
#1440=ORIENTED_EDGE('',*,*,#908,.T.);
#1441=ORIENTED_EDGE('',*,*,#911,.T.);
#1442=ORIENTED_EDGE('',*,*,#914,.T.);
#1443=ORIENTED_EDGE('',*,*,#917,.T.);
#1444=ORIENTED_EDGE('',*,*,#920,.T.);
#1445=ORIENTED_EDGE('',*,*,#923,.T.);
#1446=ORIENTED_EDGE('',*,*,#926,.T.);
#1447=ORIENTED_EDGE('',*,*,#929,.T.);
#1448=ORIENTED_EDGE('',*,*,#932,.T.);
#1449=ORIENTED_EDGE('',*,*,#935,.T.);
#1450=ORIENTED_EDGE('',*,*,#938,.T.);
#1451=ORIENTED_EDGE('',*,*,#941,.T.);
#1452=ORIENTED_EDGE('',*,*,#944,.T.);
#1453=ORIENTED_EDGE('',*,*,#947,.T.);
#1454=ORIENTED_EDGE('',*,*,#957,.T.);
#1455=ORIENTED_EDGE('',*,*,#954,.T.);
#1456=ORIENTED_EDGE('',*,*,#951,.T.);
#1457=ORIENTED_EDGE('',*,*,#959,.T.);
#1458=ORIENTED_EDGE('',*,*,#1030,.T.);
#1459=ORIENTED_EDGE('',*,*,#1032,.T.);
#1460=ORIENTED_EDGE('',*,*,#1034,.T.);
#1461=ORIENTED_EDGE('',*,*,#1036,.T.);
#1462=ORIENTED_EDGE('',*,*,#1043,.T.);
#1463=ORIENTED_EDGE('',*,*,#1041,.T.);
#1464=ORIENTED_EDGE('',*,*,#1039,.T.);
#1465=ORIENTED_EDGE('',*,*,#1044,.T.);
#1466=ORIENTED_EDGE('',*,*,#1084,.T.);
#1467=ORIENTED_EDGE('',*,*,#1086,.T.);
#1468=ORIENTED_EDGE('',*,*,#1087,.T.);
#1469=ORIENTED_EDGE('',*,*,#1046,.T.);
#1470=ORIENTED_EDGE('',*,*,#1049,.T.);
#1471=ORIENTED_EDGE('',*,*,#1051,.T.);
#1472=ORIENTED_EDGE('',*,*,#1063,.T.);
#1473=ORIENTED_EDGE('',*,*,#1065,.T.);
#1474=ORIENTED_EDGE('',*,*,#1067,.T.);
#1475=ORIENTED_EDGE('',*,*,#1069,.T.);
#1476=ORIENTED_EDGE('',*,*,#1071,.T.);
#1477=ORIENTED_EDGE('',*,*,#1078,.T.);
#1478=ORIENTED_EDGE('',*,*,#1076,.T.);
#1479=ORIENTED_EDGE('',*,*,#1074,.T.);
#1480=ORIENTED_EDGE('',*,*,#1082,.T.);
#1481=ORIENTED_EDGE('',*,*,#1080,.T.);
#1482=ORIENTED_EDGE('',*,*,#967,.T.);
#1483=ORIENTED_EDGE('',*,*,#1106,.T.);
#1484=ORIENTED_EDGE('',*,*,#1107,.T.);
#1485=ORIENTED_EDGE('',*,*,#972,.F.);
#1486=ORIENTED_EDGE('',*,*,#1108,.T.);
#1487=ORIENTED_EDGE('',*,*,#1109,.T.);
#1488=ORIENTED_EDGE('',*,*,#973,.T.);
#1489=ORIENTED_EDGE('',*,*,#1107,.F.);
#1490=ORIENTED_EDGE('',*,*,#1110,.T.);
#1491=ORIENTED_EDGE('',*,*,#1111,.T.);
#1492=ORIENTED_EDGE('',*,*,#974,.F.);
#1493=ORIENTED_EDGE('',*,*,#1109,.F.);
#1494=ORIENTED_EDGE('',*,*,#1112,.F.);
#1495=ORIENTED_EDGE('',*,*,#975,.F.);
#1496=ORIENTED_EDGE('',*,*,#1111,.F.);
#1497=ORIENTED_EDGE('',*,*,#1113,.F.);
#1498=ORIENTED_EDGE('',*,*,#1114,.F.);
#1499=ORIENTED_EDGE('',*,*,#993,.F.);
#1500=ORIENTED_EDGE('',*,*,#1115,.T.);
#1501=ORIENTED_EDGE('',*,*,#1088,.F.);
#1502=ORIENTED_EDGE('',*,*,#1112,.T.);
#1503=ORIENTED_EDGE('',*,*,#1105,.T.);
#1504=ORIENTED_EDGE('',*,*,#1116,.F.);
#1505=ORIENTED_EDGE('',*,*,#976,.T.);
#1506=ORIENTED_EDGE('',*,*,#1116,.T.);
#1507=ORIENTED_EDGE('',*,*,#1104,.F.);
#1508=ORIENTED_EDGE('',*,*,#1117,.F.);
#1509=ORIENTED_EDGE('',*,*,#977,.F.);
#1510=ORIENTED_EDGE('',*,*,#1117,.T.);
#1511=ORIENTED_EDGE('',*,*,#1103,.T.);
#1512=ORIENTED_EDGE('',*,*,#1118,.F.);
#1513=ORIENTED_EDGE('',*,*,#978,.T.);
#1514=ORIENTED_EDGE('',*,*,#1118,.T.);
#1515=ORIENTED_EDGE('',*,*,#1102,.F.);
#1516=ORIENTED_EDGE('',*,*,#1119,.F.);
#1517=ORIENTED_EDGE('',*,*,#979,.F.);
#1518=ORIENTED_EDGE('',*,*,#1119,.T.);
#1519=ORIENTED_EDGE('',*,*,#1101,.F.);
#1520=ORIENTED_EDGE('',*,*,#1120,.F.);
#1521=ORIENTED_EDGE('',*,*,#980,.T.);
#1522=ORIENTED_EDGE('',*,*,#1121,.F.);
#1523=ORIENTED_EDGE('',*,*,#981,.T.);
#1524=ORIENTED_EDGE('',*,*,#1120,.T.);
#1525=ORIENTED_EDGE('',*,*,#1100,.T.);
#1526=ORIENTED_EDGE('',*,*,#1121,.T.);
#1527=ORIENTED_EDGE('',*,*,#1099,.F.);
#1528=ORIENTED_EDGE('',*,*,#1122,.F.);
#1529=ORIENTED_EDGE('',*,*,#982,.T.);
#1530=ORIENTED_EDGE('',*,*,#1123,.F.);
#1531=ORIENTED_EDGE('',*,*,#983,.T.);
#1532=ORIENTED_EDGE('',*,*,#1122,.T.);
#1533=ORIENTED_EDGE('',*,*,#1098,.T.);
#1534=ORIENTED_EDGE('',*,*,#1124,.F.);
#1535=ORIENTED_EDGE('',*,*,#984,.T.);
#1536=ORIENTED_EDGE('',*,*,#1123,.T.);
#1537=ORIENTED_EDGE('',*,*,#1097,.F.);
#1538=ORIENTED_EDGE('',*,*,#1125,.F.);
#1539=ORIENTED_EDGE('',*,*,#985,.T.);
#1540=ORIENTED_EDGE('',*,*,#1124,.T.);
#1541=ORIENTED_EDGE('',*,*,#1096,.T.);
#1542=ORIENTED_EDGE('',*,*,#1126,.F.);
#1543=ORIENTED_EDGE('',*,*,#986,.T.);
#1544=ORIENTED_EDGE('',*,*,#1125,.T.);
#1545=ORIENTED_EDGE('',*,*,#1095,.F.);
#1546=ORIENTED_EDGE('',*,*,#1127,.F.);
#1547=ORIENTED_EDGE('',*,*,#987,.T.);
#1548=ORIENTED_EDGE('',*,*,#1126,.T.);
#1549=ORIENTED_EDGE('',*,*,#1094,.T.);
#1550=ORIENTED_EDGE('',*,*,#1128,.T.);
#1551=ORIENTED_EDGE('',*,*,#988,.T.);
#1552=ORIENTED_EDGE('',*,*,#1127,.T.);
#1553=ORIENTED_EDGE('',*,*,#1093,.F.);
#1554=ORIENTED_EDGE('',*,*,#1129,.F.);
#1555=ORIENTED_EDGE('',*,*,#989,.F.);
#1556=ORIENTED_EDGE('',*,*,#1128,.F.);
#1557=ORIENTED_EDGE('',*,*,#1092,.F.);
#1558=ORIENTED_EDGE('',*,*,#1129,.T.);
#1559=ORIENTED_EDGE('',*,*,#1091,.T.);
#1560=ORIENTED_EDGE('',*,*,#1130,.F.);
#1561=ORIENTED_EDGE('',*,*,#990,.T.);
#1562=ORIENTED_EDGE('',*,*,#1130,.T.);
#1563=ORIENTED_EDGE('',*,*,#1090,.F.);
#1564=ORIENTED_EDGE('',*,*,#1131,.F.);
#1565=ORIENTED_EDGE('',*,*,#991,.F.);
#1566=ORIENTED_EDGE('',*,*,#1131,.T.);
#1567=ORIENTED_EDGE('',*,*,#1089,.T.);
#1568=ORIENTED_EDGE('',*,*,#1115,.F.);
#1569=ORIENTED_EDGE('',*,*,#992,.T.);
#1570=ORIENTED_EDGE('',*,*,#1132,.T.);
#1571=ORIENTED_EDGE('',*,*,#1133,.T.);
#1572=ORIENTED_EDGE('',*,*,#994,.F.);
#1573=ORIENTED_EDGE('',*,*,#1114,.T.);
#1574=ORIENTED_EDGE('',*,*,#1134,.T.);
#1575=ORIENTED_EDGE('',*,*,#970,.T.);
#1576=ORIENTED_EDGE('',*,*,#995,.T.);
#1577=ORIENTED_EDGE('',*,*,#1133,.F.);
#1578=ORIENTED_EDGE('',*,*,#1135,.T.);
#1579=ORIENTED_EDGE('',*,*,#1136,.T.);
#1580=ORIENTED_EDGE('',*,*,#1018,.F.);
#1581=ORIENTED_EDGE('',*,*,#1136,.F.);
#1582=ORIENTED_EDGE('',*,*,#1137,.T.);
#1583=ORIENTED_EDGE('',*,*,#1138,.T.);
#1584=ORIENTED_EDGE('',*,*,#1019,.F.);
#1585=ORIENTED_EDGE('',*,*,#1138,.F.);
#1586=ORIENTED_EDGE('',*,*,#1139,.T.);
#1587=ORIENTED_EDGE('',*,*,#1140,.T.);
#1588=ORIENTED_EDGE('',*,*,#1020,.F.);
#1589=ORIENTED_EDGE('',*,*,#1140,.F.);
#1590=ORIENTED_EDGE('',*,*,#1141,.T.);
#1591=ORIENTED_EDGE('',*,*,#1142,.T.);
#1592=ORIENTED_EDGE('',*,*,#1021,.F.);
#1593=ORIENTED_EDGE('',*,*,#1142,.F.);
#1594=ORIENTED_EDGE('',*,*,#1061,.T.);
#1595=ORIENTED_EDGE('',*,*,#1143,.T.);
#1596=ORIENTED_EDGE('',*,*,#999,.T.);
#1597=ORIENTED_EDGE('',*,*,#1057,.F.);
#1598=ORIENTED_EDGE('',*,*,#1060,.T.);
#1599=ORIENTED_EDGE('',*,*,#1144,.T.);
#1600=ORIENTED_EDGE('',*,*,#1000,.F.);
#1601=ORIENTED_EDGE('',*,*,#1143,.F.);
#1602=ORIENTED_EDGE('',*,*,#1059,.T.);
#1603=ORIENTED_EDGE('',*,*,#1062,.T.);
#1604=ORIENTED_EDGE('',*,*,#1001,.T.);
#1605=ORIENTED_EDGE('',*,*,#1144,.F.);
#1606=ORIENTED_EDGE('',*,*,#963,.T.);
#1607=ORIENTED_EDGE('',*,*,#971,.F.);
#1608=ORIENTED_EDGE('',*,*,#1134,.F.);
#1609=ORIENTED_EDGE('',*,*,#1132,.F.);
#1610=ORIENTED_EDGE('',*,*,#1113,.T.);
#1611=ORIENTED_EDGE('',*,*,#1110,.F.);
#1612=ORIENTED_EDGE('',*,*,#1108,.F.);
#1613=ORIENTED_EDGE('',*,*,#1106,.F.);
#1614=ORIENTED_EDGE('',*,*,#966,.T.);
#1615=ORIENTED_EDGE('',*,*,#1135,.F.);
#1616=ORIENTED_EDGE('',*,*,#1137,.F.);
#1617=ORIENTED_EDGE('',*,*,#1139,.F.);
#1618=ORIENTED_EDGE('',*,*,#1141,.F.);
#1619=CYLINDRICAL_SURFACE('',#1771,1.99999999999998);
#1620=CYLINDRICAL_SURFACE('',#1774,1.99999999999998);
#1621=CYLINDRICAL_SURFACE('',#1777,1.99999999999998);
#1622=CYLINDRICAL_SURFACE('',#1780,1.99999999999998);
#1623=CYLINDRICAL_SURFACE('',#1783,1.99999999999998);
#1624=CYLINDRICAL_SURFACE('',#1786,1.99999999999998);
#1625=CYLINDRICAL_SURFACE('',#1789,1.99999999999998);
#1626=CYLINDRICAL_SURFACE('',#1792,1.99999999999998);
#1627=CYLINDRICAL_SURFACE('',#1795,1.99999999999998);
#1628=CYLINDRICAL_SURFACE('',#1798,1.99999999999998);
#1629=CYLINDRICAL_SURFACE('',#1801,1.74999999999997);
#1630=CYLINDRICAL_SURFACE('',#1804,1.74999999999997);
#1631=CYLINDRICAL_SURFACE('',#1807,1.74999999999999);
#1632=CYLINDRICAL_SURFACE('',#1814,1.74999999999999);
#1633=CYLINDRICAL_SURFACE('',#1851,1.75000000000001);
#1634=CYLINDRICAL_SURFACE('',#1853,1.75000000000001);
#1635=CYLINDRICAL_SURFACE('',#1855,1.75);
#1636=CYLINDRICAL_SURFACE('',#1861,1.74999999999999);
#1637=CYLINDRICAL_SURFACE('',#1864,1.75000000000001);
#1638=CYLINDRICAL_SURFACE('',#1866,1.75);
#1639=CYLINDRICAL_SURFACE('',#1874,1.75000000000001);
#1640=CYLINDRICAL_SURFACE('',#1876,1.74999999999999);
#1641=CYLINDRICAL_SURFACE('',#1878,1.74999999999999);
#1642=CYLINDRICAL_SURFACE('',#1880,1.74999999999999);
#1643=CYLINDRICAL_SURFACE('',#1886,1.75);
#1644=CYLINDRICAL_SURFACE('',#1888,1.75);
#1645=CYLINDRICAL_SURFACE('',#1904,1.);
#1646=CYLINDRICAL_SURFACE('',#1907,58.5);
#1647=CYLINDRICAL_SURFACE('',#1909,3.);
#1648=CYLINDRICAL_SURFACE('',#1911,3.);
#1649=CYLINDRICAL_SURFACE('',#1914,1.);
#1650=CYLINDRICAL_SURFACE('',#1916,1.);
#1651=CYLINDRICAL_SURFACE('',#1918,1.);
#1652=CYLINDRICAL_SURFACE('',#1920,1.);
#1653=CYLINDRICAL_SURFACE('',#1923,3.);
#1654=CYLINDRICAL_SURFACE('',#1925,3.);
#1655=CYLINDRICAL_SURFACE('',#1927,1.);
#1656=CYLINDRICAL_SURFACE('',#1929,1.5);
#1657=CYLINDRICAL_SURFACE('',#1931,1.5);
#1658=CYLINDRICAL_SURFACE('',#1933,1.5);
#1659=CYLINDRICAL_SURFACE('',#1935,1.5);
#1660=CYLINDRICAL_SURFACE('',#1937,2.);
#1661=CYLINDRICAL_SURFACE('',#1939,2.);
#1662=ADVANCED_FACE('',(#127),#1619,.F.);
#1663=ADVANCED_FACE('',(#128),#1620,.F.);
#1664=ADVANCED_FACE('',(#129),#1621,.F.);
#1665=ADVANCED_FACE('',(#130),#1622,.F.);
#1666=ADVANCED_FACE('',(#131),#1623,.F.);
#1667=ADVANCED_FACE('',(#132),#1624,.F.);
#1668=ADVANCED_FACE('',(#133),#1625,.F.);
#1669=ADVANCED_FACE('',(#134),#1626,.F.);
#1670=ADVANCED_FACE('',(#135),#1627,.F.);
#1671=ADVANCED_FACE('',(#136),#1628,.F.);
#1672=ADVANCED_FACE('',(#137),#1629,.F.);
#1673=ADVANCED_FACE('',(#138),#1630,.F.);
#1674=ADVANCED_FACE('',(#139),#1631,.F.);
#1675=ADVANCED_FACE('',(#140),#84,.F.);
#1676=ADVANCED_FACE('',(#141),#85,.F.);
#1677=ADVANCED_FACE('',(#142),#86,.F.);
#1678=ADVANCED_FACE('',(#143),#87,.F.);
#1679=ADVANCED_FACE('',(#144),#1632,.F.);
#1680=ADVANCED_FACE('',(#145),#88,.T.);
#1681=ADVANCED_FACE('',(#146),#89,.T.);
#1682=ADVANCED_FACE('',(#147),#90,.F.);
#1683=ADVANCED_FACE('',(#148,#19,#20,#21,#22,#23,#24,#25,#26,#27,#28,#29,
#30,#31,#32,#33,#34,#35,#36,#37,#38,#39,#40,#41,#42,#43,#44,#45,#46,#47,
#48,#49,#50,#51,#52,#53),#91,.F.);
#1684=ADVANCED_FACE('',(#149),#1633,.F.);
#1685=ADVANCED_FACE('',(#150),#1634,.F.);
#1686=ADVANCED_FACE('',(#151),#1635,.F.);
#1687=ADVANCED_FACE('',(#152),#92,.F.);
#1688=ADVANCED_FACE('',(#153),#93,.F.);
#1689=ADVANCED_FACE('',(#154),#94,.F.);
#1690=ADVANCED_FACE('',(#155),#95,.F.);
#1691=ADVANCED_FACE('',(#156),#1636,.F.);
#1692=ADVANCED_FACE('',(#157),#96,.F.);
#1693=ADVANCED_FACE('',(#158),#1637,.F.);
#1694=ADVANCED_FACE('',(#159),#1638,.F.);
#1695=ADVANCED_FACE('',(#160),#97,.T.);
#1696=ADVANCED_FACE('',(#161),#98,.F.);
#1697=ADVANCED_FACE('',(#162),#99,.T.);
#1698=ADVANCED_FACE('',(#163),#100,.F.);
#1699=ADVANCED_FACE('',(#164),#1639,.F.);
#1700=ADVANCED_FACE('',(#165),#1640,.F.);
#1701=ADVANCED_FACE('',(#166),#1641,.F.);
#1702=ADVANCED_FACE('',(#167),#1642,.F.);
#1703=ADVANCED_FACE('',(#168),#101,.F.);
#1704=ADVANCED_FACE('',(#169),#102,.F.);
#1705=ADVANCED_FACE('',(#170),#103,.F.);
#1706=ADVANCED_FACE('',(#171),#104,.F.);
#1707=ADVANCED_FACE('',(#172),#1643,.F.);
#1708=ADVANCED_FACE('',(#173),#1644,.F.);
#1709=ADVANCED_FACE('',(#174),#105,.F.);
#1710=ADVANCED_FACE('',(#175),#106,.F.);
#1711=ADVANCED_FACE('',(#176),#107,.F.);
#1712=ADVANCED_FACE('',(#177,#54,#55,#56,#57,#58,#59,#60,#61,#62,#63,#64,
#65,#66,#67,#68,#69,#70,#71,#72,#73,#74,#75,#76,#77,#78,#79,#80,#81,#82,
#83),#108,.T.);
#1713=ADVANCED_FACE('',(#178),#109,.F.);
#1714=ADVANCED_FACE('',(#179),#1645,.F.);
#1715=ADVANCED_FACE('',(#180),#110,.F.);
#1716=ADVANCED_FACE('',(#181),#1646,.F.);
#1717=ADVANCED_FACE('',(#182),#1647,.T.);
#1718=ADVANCED_FACE('',(#183),#111,.F.);
#1719=ADVANCED_FACE('',(#184),#1648,.F.);
#1720=ADVANCED_FACE('',(#185),#112,.F.);
#1721=ADVANCED_FACE('',(#186),#113,.T.);
#1722=ADVANCED_FACE('',(#187),#1649,.T.);
#1723=ADVANCED_FACE('',(#188),#114,.T.);
#1724=ADVANCED_FACE('',(#189),#1650,.T.);
#1725=ADVANCED_FACE('',(#190),#115,.T.);
#1726=ADVANCED_FACE('',(#191),#1651,.T.);
#1727=ADVANCED_FACE('',(#192),#116,.T.);
#1728=ADVANCED_FACE('',(#193),#1652,.T.);
#1729=ADVANCED_FACE('',(#194),#117,.T.);
#1730=ADVANCED_FACE('',(#195),#118,.F.);
#1731=ADVANCED_FACE('',(#196),#1653,.F.);
#1732=ADVANCED_FACE('',(#197),#119,.F.);
#1733=ADVANCED_FACE('',(#198),#1654,.T.);
#1734=ADVANCED_FACE('',(#199),#120,.F.);
#1735=ADVANCED_FACE('',(#200),#1655,.F.);
#1736=ADVANCED_FACE('',(#201),#1656,.F.);
#1737=ADVANCED_FACE('',(#202),#1657,.F.);
#1738=ADVANCED_FACE('',(#203),#1658,.F.);
#1739=ADVANCED_FACE('',(#204),#1659,.F.);
#1740=ADVANCED_FACE('',(#205),#1660,.F.);
#1741=ADVANCED_FACE('',(#206),#121,.F.);
#1742=ADVANCED_FACE('',(#207),#1661,.F.);
#1743=ADVANCED_FACE('',(#208),#122,.F.);
#1744=ADVANCED_FACE('',(#209),#123,.F.);
#1745=ADVANCED_FACE('',(#210),#124,.F.);
#1746=ADVANCED_FACE('',(#211),#125,.F.);
#1747=ADVANCED_FACE('',(#212),#126,.F.);
#1748=CLOSED_SHELL('',(#1662,#1663,#1664,#1665,#1666,#1667,#1668,#1669,
#1670,#1671,#1672,#1673,#1674,#1675,#1676,#1677,#1678,#1679,#1680,#1681,
#1682,#1683,#1684,#1685,#1686,#1687,#1688,#1689,#1690,#1691,#1692,#1693,
#1694,#1695,#1696,#1697,#1698,#1699,#1700,#1701,#1702,#1703,#1704,#1705,
#1706,#1707,#1708,#1709,#1710,#1711,#1712,#1713,#1714,#1715,#1716,#1717,
#1718,#1719,#1720,#1721,#1722,#1723,#1724,#1725,#1726,#1727,#1728,#1729,
#1730,#1731,#1732,#1733,#1734,#1735,#1736,#1737,#1738,#1739,#1740,#1741,
#1742,#1743,#1744,#1745,#1746,#1747));
#1749=DERIVED_UNIT_ELEMENT(#1752,1.);
#1750=DERIVED_UNIT_ELEMENT(#2933,-3.);
#1751=DIMENSIONAL_EXPONENTS(1.,0.,0.,0.,0.,0.,0.);
#1752=(
CONVERSION_BASED_UNIT('gram',#1754)
MASS_UNIT()
NAMED_UNIT(#1751)
);
#1753=(
MASS_UNIT()
NAMED_UNIT(*)
SI_UNIT(.KILO.,.GRAM.)
);
#1754=MASS_MEASURE_WITH_UNIT(MASS_MEASURE(0.001),#1753);
#1755=DERIVED_UNIT((#1749,#1750));
#1756=MEASURE_REPRESENTATION_ITEM('density measure',
POSITIVE_RATIO_MEASURE(1.),#1755);
#1757=PROPERTY_DEFINITION_REPRESENTATION(#1762,#1759);
#1758=PROPERTY_DEFINITION_REPRESENTATION(#1763,#1760);
#1759=REPRESENTATION('material name',(#1761),#2930);
#1760=REPRESENTATION('density',(#1756),#2930);
#1761=DESCRIPTIVE_REPRESENTATION_ITEM('\X2\04220438043F043E0432044B0435\X0\',
'\X2\04220438043F043E0432044B0435\X0\');
#1762=PROPERTY_DEFINITION('material property','material name',#2940);
#1763=PROPERTY_DEFINITION('material property','density of part',#2940);
#1764=DATE_TIME_ROLE('creation_date');
#1765=APPLIED_DATE_AND_TIME_ASSIGNMENT(#1766,#1764,(#2940));
#1766=DATE_AND_TIME(#1767,#1768);
#1767=CALENDAR_DATE(2026,28,5);
#1768=LOCAL_TIME(14,21,3.,#1769);
#1769=COORDINATED_UNIVERSAL_TIME_OFFSET(0,0,.BEHIND.);
#1770=AXIS2_PLACEMENT_3D('placement',#2444,#1945,#1946);
#1771=AXIS2_PLACEMENT_3D('',#2445,#1947,#1948);
#1772=AXIS2_PLACEMENT_3D('',#2447,#1949,#1950);
#1773=AXIS2_PLACEMENT_3D('',#2450,#1952,#1953);
#1774=AXIS2_PLACEMENT_3D('',#2451,#1954,#1955);
#1775=AXIS2_PLACEMENT_3D('',#2453,#1956,#1957);
#1776=AXIS2_PLACEMENT_3D('',#2456,#1959,#1960);
#1777=AXIS2_PLACEMENT_3D('',#2457,#1961,#1962);
#1778=AXIS2_PLACEMENT_3D('',#2459,#1963,#1964);
#1779=AXIS2_PLACEMENT_3D('',#2462,#1966,#1967);
#1780=AXIS2_PLACEMENT_3D('',#2463,#1968,#1969);
#1781=AXIS2_PLACEMENT_3D('',#2465,#1970,#1971);
#1782=AXIS2_PLACEMENT_3D('',#2468,#1973,#1974);
#1783=AXIS2_PLACEMENT_3D('',#2469,#1975,#1976);
#1784=AXIS2_PLACEMENT_3D('',#2471,#1977,#1978);
#1785=AXIS2_PLACEMENT_3D('',#2474,#1980,#1981);
#1786=AXIS2_PLACEMENT_3D('',#2475,#1982,#1983);
#1787=AXIS2_PLACEMENT_3D('',#2477,#1984,#1985);
#1788=AXIS2_PLACEMENT_3D('',#2480,#1987,#1988);
#1789=AXIS2_PLACEMENT_3D('',#2481,#1989,#1990);
#1790=AXIS2_PLACEMENT_3D('',#2483,#1991,#1992);
#1791=AXIS2_PLACEMENT_3D('',#2486,#1994,#1995);
#1792=AXIS2_PLACEMENT_3D('',#2487,#1996,#1997);
#1793=AXIS2_PLACEMENT_3D('',#2489,#1998,#1999);
#1794=AXIS2_PLACEMENT_3D('',#2492,#2001,#2002);
#1795=AXIS2_PLACEMENT_3D('',#2493,#2003,#2004);
#1796=AXIS2_PLACEMENT_3D('',#2495,#2005,#2006);
#1797=AXIS2_PLACEMENT_3D('',#2498,#2008,#2009);
#1798=AXIS2_PLACEMENT_3D('',#2499,#2010,#2011);
#1799=AXIS2_PLACEMENT_3D('',#2501,#2012,#2013);
#1800=AXIS2_PLACEMENT_3D('',#2504,#2015,#2016);
#1801=AXIS2_PLACEMENT_3D('',#2505,#2017,#2018);
#1802=AXIS2_PLACEMENT_3D('',#2507,#2019,#2020);
#1803=AXIS2_PLACEMENT_3D('',#2510,#2022,#2023);
#1804=AXIS2_PLACEMENT_3D('',#2511,#2024,#2025);
#1805=AXIS2_PLACEMENT_3D('',#2513,#2026,#2027);
#1806=AXIS2_PLACEMENT_3D('',#2516,#2029,#2030);
#1807=AXIS2_PLACEMENT_3D('',#2517,#2031,#2032);
#1808=AXIS2_PLACEMENT_3D('',#2519,#2033,#2034);
#1809=AXIS2_PLACEMENT_3D('',#2522,#2036,#2037);
#1810=AXIS2_PLACEMENT_3D('',#2523,#2038,#2039);
#1811=AXIS2_PLACEMENT_3D('',#2532,#2044,#2045);
#1812=AXIS2_PLACEMENT_3D('',#2538,#2049,#2050);
#1813=AXIS2_PLACEMENT_3D('',#2544,#2054,#2055);
#1814=AXIS2_PLACEMENT_3D('',#2547,#2058,#2059);
#1815=AXIS2_PLACEMENT_3D('',#2549,#2060,#2061);
#1816=AXIS2_PLACEMENT_3D('',#2552,#2063,#2064);
#1817=AXIS2_PLACEMENT_3D('',#2553,#2065,#2066);
#1818=AXIS2_PLACEMENT_3D('',#2562,#2071,#2072);
#1819=AXIS2_PLACEMENT_3D('',#2568,#2076,#2077);
#1820=AXIS2_PLACEMENT_3D('',#2574,#2081,#2082);
#1821=AXIS2_PLACEMENT_3D('',#2578,#2084,#2085);
#1822=AXIS2_PLACEMENT_3D('',#2582,#2087,#2088);
#1823=AXIS2_PLACEMENT_3D('',#2584,#2089,#2090);
#1824=AXIS2_PLACEMENT_3D('',#2588,#2092,#2093);
#1825=AXIS2_PLACEMENT_3D('',#2594,#2096,#2097);
#1826=AXIS2_PLACEMENT_3D('',#2598,#2099,#2100);
#1827=AXIS2_PLACEMENT_3D('',#2602,#2102,#2103);
#1828=AXIS2_PLACEMENT_3D('',#2606,#2105,#2106);
#1829=AXIS2_PLACEMENT_3D('',#2612,#2109,#2110);
#1830=AXIS2_PLACEMENT_3D('',#2616,#2112,#2113);
#1831=AXIS2_PLACEMENT_3D('',#2618,#2114,#2115);
#1832=AXIS2_PLACEMENT_3D('',#2621,#2117,#2118);
#1833=AXIS2_PLACEMENT_3D('',#2623,#2119,#2120);
#1834=AXIS2_PLACEMENT_3D('',#2625,#2121,#2122);
#1835=AXIS2_PLACEMENT_3D('',#2630,#2124,#2125);
#1836=AXIS2_PLACEMENT_3D('',#2634,#2127,#2128);
#1837=AXIS2_PLACEMENT_3D('',#2639,#2131,#2132);
#1838=AXIS2_PLACEMENT_3D('',#2641,#2133,#2134);
#1839=AXIS2_PLACEMENT_3D('',#2643,#2135,#2136);
#1840=AXIS2_PLACEMENT_3D('',#2645,#2137,#2138);
#1841=AXIS2_PLACEMENT_3D('',#2663,#2147,#2148);
#1842=AXIS2_PLACEMENT_3D('',#2665,#2149,#2150);
#1843=AXIS2_PLACEMENT_3D('',#2667,#2151,#2152);
#1844=AXIS2_PLACEMENT_3D('',#2669,#2153,#2154);
#1845=AXIS2_PLACEMENT_3D('',#2671,#2155,#2156);
#1846=AXIS2_PLACEMENT_3D('',#2673,#2157,#2158);
#1847=AXIS2_PLACEMENT_3D('',#2675,#2159,#2160);
#1848=AXIS2_PLACEMENT_3D('',#2685,#2165,#2166);
#1849=AXIS2_PLACEMENT_3D('',#2687,#2167,#2168);
#1850=AXIS2_PLACEMENT_3D('',#2689,#2169,#2170);
#1851=AXIS2_PLACEMENT_3D('',#2690,#2171,#2172);
#1852=AXIS2_PLACEMENT_3D('',#2692,#2173,#2174);
#1853=AXIS2_PLACEMENT_3D('',#2694,#2176,#2177);
#1854=AXIS2_PLACEMENT_3D('',#2696,#2178,#2179);
#1855=AXIS2_PLACEMENT_3D('',#2698,#2181,#2182);
#1856=AXIS2_PLACEMENT_3D('',#2700,#2183,#2184);
#1857=AXIS2_PLACEMENT_3D('',#2702,#2186,#2187);
#1858=AXIS2_PLACEMENT_3D('',#2708,#2191,#2192);
#1859=AXIS2_PLACEMENT_3D('',#2712,#2195,#2196);
#1860=AXIS2_PLACEMENT_3D('',#2716,#2199,#2200);
#1861=AXIS2_PLACEMENT_3D('',#2718,#2202,#2203);
#1862=AXIS2_PLACEMENT_3D('',#2720,#2204,#2205);
#1863=AXIS2_PLACEMENT_3D('',#2722,#2207,#2208);
#1864=AXIS2_PLACEMENT_3D('',#2728,#2212,#2213);
#1865=AXIS2_PLACEMENT_3D('',#2730,#2214,#2215);
#1866=AXIS2_PLACEMENT_3D('',#2732,#2217,#2218);
#1867=AXIS2_PLACEMENT_3D('',#2734,#2219,#2220);
#1868=AXIS2_PLACEMENT_3D('',#2736,#2222,#2223);
#1869=AXIS2_PLACEMENT_3D('',#2742,#2227,#2228);
#1870=AXIS2_PLACEMENT_3D('',#2746,#2231,#2232);
#1871=AXIS2_PLACEMENT_3D('',#2750,#2234,#2235);
#1872=AXIS2_PLACEMENT_3D('',#2753,#2237,#2238);
#1873=AXIS2_PLACEMENT_3D('',#2754,#2239,#2240);
#1874=AXIS2_PLACEMENT_3D('',#2756,#2242,#2243);
#1875=AXIS2_PLACEMENT_3D('',#2758,#2244,#2245);
#1876=AXIS2_PLACEMENT_3D('',#2760,#2247,#2248);
#1877=AXIS2_PLACEMENT_3D('',#2762,#2249,#2250);
#1878=AXIS2_PLACEMENT_3D('',#2764,#2252,#2253);
#1879=AXIS2_PLACEMENT_3D('',#2766,#2254,#2255);
#1880=AXIS2_PLACEMENT_3D('',#2768,#2257,#2258);
#1881=AXIS2_PLACEMENT_3D('',#2770,#2259,#2260);
#1882=AXIS2_PLACEMENT_3D('',#2772,#2262,#2263);
#1883=AXIS2_PLACEMENT_3D('',#2778,#2267,#2268);
#1884=AXIS2_PLACEMENT_3D('',#2782,#2271,#2272);
#1885=AXIS2_PLACEMENT_3D('',#2786,#2275,#2276);
#1886=AXIS2_PLACEMENT_3D('',#2788,#2278,#2279);
#1887=AXIS2_PLACEMENT_3D('',#2791,#2281,#2282);
#1888=AXIS2_PLACEMENT_3D('',#2792,#2283,#2284);
#1889=AXIS2_PLACEMENT_3D('',#2795,#2286,#2287);
#1890=AXIS2_PLACEMENT_3D('',#2796,#2288,#2289);
#1891=AXIS2_PLACEMENT_3D('',#2800,#2292,#2293);
#1892=AXIS2_PLACEMENT_3D('',#2804,#2296,#2297);
#1893=AXIS2_PLACEMENT_3D('',#2806,#2299,#2300);
#1894=AXIS2_PLACEMENT_3D('',#2809,#2301,#2302);
#1895=AXIS2_PLACEMENT_3D('',#2811,#2303,#2304);
#1896=AXIS2_PLACEMENT_3D('',#2815,#2306,#2307);
#1897=AXIS2_PLACEMENT_3D('',#2821,#2310,#2311);
#1898=AXIS2_PLACEMENT_3D('',#2825,#2313,#2314);
#1899=AXIS2_PLACEMENT_3D('',#2829,#2316,#2317);
#1900=AXIS2_PLACEMENT_3D('',#2833,#2319,#2320);
#1901=AXIS2_PLACEMENT_3D('',#2839,#2323,#2324);
#1902=AXIS2_PLACEMENT_3D('',#2842,#2326,#2327);
#1903=AXIS2_PLACEMENT_3D('',#2843,#2328,#2329);
#1904=AXIS2_PLACEMENT_3D('',#2847,#2332,#2333);
#1905=AXIS2_PLACEMENT_3D('',#2849,#2334,#2335);
#1906=AXIS2_PLACEMENT_3D('',#2851,#2337,#2338);
#1907=AXIS2_PLACEMENT_3D('',#2855,#2341,#2342);
#1908=AXIS2_PLACEMENT_3D('',#2858,#2344,#2345);
#1909=AXIS2_PLACEMENT_3D('',#2861,#2348,#2349);
#1910=AXIS2_PLACEMENT_3D('',#2863,#2351,#2352);
#1911=AXIS2_PLACEMENT_3D('',#2865,#2354,#2355);
#1912=AXIS2_PLACEMENT_3D('',#2867,#2357,#2358);
#1913=AXIS2_PLACEMENT_3D('',#2869,#2360,#2361);
#1914=AXIS2_PLACEMENT_3D('',#2871,#2363,#2364);
#1915=AXIS2_PLACEMENT_3D('',#2873,#2366,#2367);
#1916=AXIS2_PLACEMENT_3D('',#2875,#2369,#2370);
#1917=AXIS2_PLACEMENT_3D('',#2877,#2372,#2373);
#1918=AXIS2_PLACEMENT_3D('',#2879,#2375,#2376);
#1919=AXIS2_PLACEMENT_3D('',#2881,#2378,#2379);
#1920=AXIS2_PLACEMENT_3D('',#2883,#2381,#2382);
#1921=AXIS2_PLACEMENT_3D('',#2885,#2384,#2385);
#1922=AXIS2_PLACEMENT_3D('',#2887,#2387,#2388);
#1923=AXIS2_PLACEMENT_3D('',#2889,#2390,#2391);
#1924=AXIS2_PLACEMENT_3D('',#2891,#2393,#2394);
#1925=AXIS2_PLACEMENT_3D('',#2893,#2396,#2397);
#1926=AXIS2_PLACEMENT_3D('',#2894,#2398,#2399);
#1927=AXIS2_PLACEMENT_3D('',#2898,#2402,#2403);
#1928=AXIS2_PLACEMENT_3D('',#2899,#2404,#2405);
#1929=AXIS2_PLACEMENT_3D('',#2900,#2406,#2407);
#1930=AXIS2_PLACEMENT_3D('',#2902,#2408,#2409);
#1931=AXIS2_PLACEMENT_3D('',#2904,#2411,#2412);
#1932=AXIS2_PLACEMENT_3D('',#2906,#2413,#2414);
#1933=AXIS2_PLACEMENT_3D('',#2908,#2416,#2417);
#1934=AXIS2_PLACEMENT_3D('',#2910,#2418,#2419);
#1935=AXIS2_PLACEMENT_3D('',#2912,#2421,#2422);
#1936=AXIS2_PLACEMENT_3D('',#2914,#2423,#2424);
#1937=AXIS2_PLACEMENT_3D('',#2916,#2426,#2427);
#1938=AXIS2_PLACEMENT_3D('',#2918,#2429,#2430);
#1939=AXIS2_PLACEMENT_3D('',#2920,#2432,#2433);
#1940=AXIS2_PLACEMENT_3D('',#2921,#2434,#2435);
#1941=AXIS2_PLACEMENT_3D('',#2922,#2436,#2437);
#1942=AXIS2_PLACEMENT_3D('',#2923,#2438,#2439);
#1943=AXIS2_PLACEMENT_3D('',#2924,#2440,#2441);
#1944=AXIS2_PLACEMENT_3D('',#2925,#2442,#2443);
#1945=DIRECTION('axis',(0.,0.,1.));
#1946=DIRECTION('refdir',(1.,0.,0.));
#1947=DIRECTION('center_axis',(-1.,0.,0.));
#1948=DIRECTION('ref_axis',(0.,-7.53605931866612E-15,-1.));
#1949=DIRECTION('center_axis',(-1.,0.,1.83697019872103E-16));
#1950=DIRECTION('ref_axis',(0.,-7.53605931866612E-15,-1.));
#1951=DIRECTION('',(-1.,0.,0.));
#1952=DIRECTION('center_axis',(1.,0.,-1.83697019872103E-16));
#1953=DIRECTION('ref_axis',(0.,-7.53605931866612E-15,-1.));
#1954=DIRECTION('center_axis',(-1.,0.,0.));
#1955=DIRECTION('ref_axis',(0.,-7.53605931866612E-15,-1.));
#1956=DIRECTION('center_axis',(-1.,0.,1.83697019872103E-16));
#1957=DIRECTION('ref_axis',(0.,-7.53605931866612E-15,-1.));
#1958=DIRECTION('',(-1.,0.,0.));
#1959=DIRECTION('center_axis',(1.,0.,-1.83697019872103E-16));
#1960=DIRECTION('ref_axis',(0.,-7.53605931866612E-15,-1.));
#1961=DIRECTION('center_axis',(-1.,0.,0.));
#1962=DIRECTION('ref_axis',(0.,-7.53605931866612E-15,-1.));
#1963=DIRECTION('center_axis',(-1.,0.,1.83697019872103E-16));
#1964=DIRECTION('ref_axis',(0.,-7.53605931866612E-15,-1.));
#1965=DIRECTION('',(-1.,0.,0.));
#1966=DIRECTION('center_axis',(1.,0.,-1.83697019872103E-16));
#1967=DIRECTION('ref_axis',(0.,-7.53605931866612E-15,-1.));
#1968=DIRECTION('center_axis',(-1.,0.,0.));
#1969=DIRECTION('ref_axis',(0.,-7.53605931866612E-15,-1.));
#1970=DIRECTION('center_axis',(-1.,0.,1.83697019872103E-16));
#1971=DIRECTION('ref_axis',(0.,-7.53605931866612E-15,-1.));
#1972=DIRECTION('',(-1.,0.,0.));
#1973=DIRECTION('center_axis',(1.,0.,-1.83697019872103E-16));
#1974=DIRECTION('ref_axis',(0.,-7.53605931866612E-15,-1.));
#1975=DIRECTION('center_axis',(-1.,0.,0.));
#1976=DIRECTION('ref_axis',(0.,-7.53605931866612E-15,-1.));
#1977=DIRECTION('center_axis',(-1.,0.,1.83697019872103E-16));
#1978=DIRECTION('ref_axis',(0.,-7.53605931866612E-15,-1.));
#1979=DIRECTION('',(-1.,0.,0.));
#1980=DIRECTION('center_axis',(1.,0.,-1.83697019872103E-16));
#1981=DIRECTION('ref_axis',(0.,-7.53605931866612E-15,-1.));
#1982=DIRECTION('center_axis',(-1.,0.,0.));
#1983=DIRECTION('ref_axis',(0.,-7.53605931866612E-15,-1.));
#1984=DIRECTION('center_axis',(-1.,0.,1.83697019872103E-16));
#1985=DIRECTION('ref_axis',(0.,-7.53605931866612E-15,-1.));
#1986=DIRECTION('',(-1.,0.,0.));
#1987=DIRECTION('center_axis',(1.,0.,-1.83697019872103E-16));
#1988=DIRECTION('ref_axis',(0.,-7.53605931866612E-15,-1.));
#1989=DIRECTION('center_axis',(-1.,0.,0.));
#1990=DIRECTION('ref_axis',(0.,-7.53605931866612E-15,-1.));
#1991=DIRECTION('center_axis',(-1.,0.,1.83697019872103E-16));
#1992=DIRECTION('ref_axis',(0.,-7.53605931866612E-15,-1.));
#1993=DIRECTION('',(-1.,0.,0.));
#1994=DIRECTION('center_axis',(1.,0.,-1.83697019872103E-16));
#1995=DIRECTION('ref_axis',(0.,-7.53605931866612E-15,-1.));
#1996=DIRECTION('center_axis',(-1.,0.,0.));
#1997=DIRECTION('ref_axis',(0.,-7.53605931866612E-15,-1.));
#1998=DIRECTION('center_axis',(-1.,0.,1.83697019872103E-16));
#1999=DIRECTION('ref_axis',(0.,-7.53605931866612E-15,-1.));
#2000=DIRECTION('',(-1.,0.,0.));
#2001=DIRECTION('center_axis',(1.,0.,-1.83697019872103E-16));
#2002=DIRECTION('ref_axis',(0.,-7.53605931866612E-15,-1.));
#2003=DIRECTION('center_axis',(-1.,0.,0.));
#2004=DIRECTION('ref_axis',(0.,-7.53605931866612E-15,-1.));
#2005=DIRECTION('center_axis',(-1.,0.,1.83697019872103E-16));
#2006=DIRECTION('ref_axis',(0.,-7.53605931866612E-15,-1.));
#2007=DIRECTION('',(-1.,0.,0.));
#2008=DIRECTION('center_axis',(1.,0.,-1.83697019872103E-16));
#2009=DIRECTION('ref_axis',(0.,-7.53605931866612E-15,-1.));
#2010=DIRECTION('center_axis',(-1.,0.,0.));
#2011=DIRECTION('ref_axis',(0.,-7.53605931866612E-15,-1.));
#2012=DIRECTION('center_axis',(-1.,0.,1.83697019872103E-16));
#2013=DIRECTION('ref_axis',(0.,-7.53605931866612E-15,-1.));
#2014=DIRECTION('',(-1.,0.,0.));
#2015=DIRECTION('center_axis',(1.,0.,-1.83697019872103E-16));
#2016=DIRECTION('ref_axis',(0.,-7.53605931866612E-15,-1.));
#2017=DIRECTION('center_axis',(-1.,0.,0.));
#2018=DIRECTION('ref_axis',(0.,-7.53605931866612E-15,-1.));
#2019=DIRECTION('center_axis',(-1.,0.,1.83697019872103E-16));
#2020=DIRECTION('ref_axis',(0.,-7.53605931866612E-15,-1.));
#2021=DIRECTION('',(-1.,0.,0.));
#2022=DIRECTION('center_axis',(1.,0.,-1.83697019872103E-16));
#2023=DIRECTION('ref_axis',(0.,-7.53605931866612E-15,-1.));
#2024=DIRECTION('center_axis',(-1.,0.,0.));
#2025=DIRECTION('ref_axis',(0.,-7.53605931866612E-15,-1.));
#2026=DIRECTION('center_axis',(-1.,0.,1.83697019872103E-16));
#2027=DIRECTION('ref_axis',(0.,-7.53605931866612E-15,-1.));
#2028=DIRECTION('',(-1.,0.,0.));
#2029=DIRECTION('center_axis',(1.,0.,-1.83697019872103E-16));
#2030=DIRECTION('ref_axis',(0.,-7.53605931866612E-15,-1.));
#2031=DIRECTION('center_axis',(-1.,0.,0.));
#2032=DIRECTION('ref_axis',(0.,-7.53605931866612E-15,-1.));
#2033=DIRECTION('center_axis',(-1.,0.,1.83697019872103E-16));
#2034=DIRECTION('ref_axis',(0.,-7.53605931866612E-15,-1.));
#2035=DIRECTION('',(-1.,0.,0.));
#2036=DIRECTION('center_axis',(1.,0.,-1.83697019872103E-16));
#2037=DIRECTION('ref_axis',(0.,-7.53605931866612E-15,-1.));
#2038=DIRECTION('center_axis',(0.,1.,-7.02852879312319E-15));
#2039=DIRECTION('ref_axis',(-1.83697019872103E-16,-7.02852879312319E-15,
-1.));
#2040=DIRECTION('',(-1.83697019872103E-16,-7.02852879312319E-15,-1.));
#2041=DIRECTION('',(-1.,0.,0.));
#2042=DIRECTION('',(1.83697019872103E-16,7.02852879312319E-15,1.));
#2043=DIRECTION('',(-1.,0.,0.));
#2044=DIRECTION('center_axis',(0.,7.53605931866612E-15,1.));
#2045=DIRECTION('ref_axis',(-1.38435163841836E-30,1.,-7.53605931866612E-15));
#2046=DIRECTION('',(-1.38435163841836E-30,1.,-7.53605931866612E-15));
#2047=DIRECTION('',(-1.,0.,0.));
#2048=DIRECTION('',(1.38435163841836E-30,-1.,7.53605931866612E-15));
#2049=DIRECTION('center_axis',(0.,-1.,7.53605931866612E-15));
#2050=DIRECTION('ref_axis',(1.83697019872103E-16,7.53605931866612E-15,1.));
#2051=DIRECTION('',(1.83697019872103E-16,7.53605931866612E-15,1.));
#2052=DIRECTION('',(-1.,0.,0.));
#2053=DIRECTION('',(-1.83697019872103E-16,-7.53605931866612E-15,-1.));
#2054=DIRECTION('center_axis',(0.,-7.53605931866612E-15,-1.));
#2055=DIRECTION('ref_axis',(1.38435163841836E-30,-1.,7.53605931866612E-15));
#2056=DIRECTION('',(1.38435163841836E-30,-1.,7.53605931866612E-15));
#2057=DIRECTION('',(-1.38435163841836E-30,1.,-7.53605931866612E-15));
#2058=DIRECTION('center_axis',(-1.,0.,0.));
#2059=DIRECTION('ref_axis',(0.,-7.53605931866612E-15,-1.));
#2060=DIRECTION('center_axis',(-1.,0.,1.83697019872103E-16));
#2061=DIRECTION('ref_axis',(0.,-7.53605931866612E-15,-1.));
#2062=DIRECTION('',(-1.,0.,0.));
#2063=DIRECTION('center_axis',(1.,0.,-1.83697019872103E-16));
#2064=DIRECTION('ref_axis',(0.,-7.53605931866612E-15,-1.));
#2065=DIRECTION('center_axis',(0.,-7.53605931866612E-15,-1.));
#2066=DIRECTION('ref_axis',(1.38435163841836E-30,-1.,7.53605931866612E-15));
#2067=DIRECTION('',(-1.,0.,0.));
#2068=DIRECTION('',(-1.38435163841836E-30,1.,-7.53605931866612E-15));
#2069=DIRECTION('',(-1.,0.,0.));
#2070=DIRECTION('',(1.38435163841836E-30,-1.,7.53605931866612E-15));
#2071=DIRECTION('center_axis',(0.,-1.,7.53605931866612E-15));
#2072=DIRECTION('ref_axis',(1.83697019872103E-16,7.53605931866612E-15,1.));
#2073=DIRECTION('',(-1.83697019872103E-16,-7.53605931866612E-15,-1.));
#2074=DIRECTION('',(1.,0.,0.));
#2075=DIRECTION('',(1.83697019872103E-16,7.53605931866612E-15,1.));
#2076=DIRECTION('center_axis',(0.,1.,0.));
#2077=DIRECTION('ref_axis',(-1.88737914186277E-16,0.,-1.));
#2078=DIRECTION('',(1.97410762074162E-16,-3.37799206841954E-15,1.));
#2079=DIRECTION('',(-1.,0.,0.));
#2080=DIRECTION('',(1.84733941241694E-16,6.7559841368391E-15,1.));
#2081=DIRECTION('center_axis',(1.,0.,-1.83697019872103E-16));
#2082=DIRECTION('ref_axis',(-1.83697019872103E-16,1.22464679914735E-16,
-1.));
#2083=DIRECTION('',(0.,-1.,0.));
#2084=DIRECTION('center_axis',(1.,0.,-1.83697019872103E-16));
#2085=DIRECTION('ref_axis',(1.83697019872103E-16,0.,1.));
#2086=DIRECTION('',(-1.89925583007054E-16,-7.32308812263484E-16,-1.));
#2087=DIRECTION('center_axis',(1.,1.54074395550979E-33,-1.83697019872103E-16));
#2088=DIRECTION('ref_axis',(1.83173859506604E-16,-0.0754174643784429,0.997152047616975));
#2089=DIRECTION('center_axis',(-1.,0.,1.83697019872103E-16));
#2090=DIRECTION('ref_axis',(-1.76103050460561E-16,0.284552845528442,-0.958660355966422));
#2091=DIRECTION('',(2.39697472404228E-17,8.14545152347546E-16,1.));
#2092=DIRECTION('center_axis',(1.,0.,-1.83697019872103E-16));
#2093=DIRECTION('ref_axis',(0.,1.,0.));
#2094=DIRECTION('',(5.48772803632706E-31,-1.,3.70717949092698E-15));
#2095=DIRECTION('',(-1.9900510486144E-16,-1.49658839739285E-16,-1.));
#2096=DIRECTION('center_axis',(-1.,0.,1.83697019872103E-16));
#2097=DIRECTION('ref_axis',(0.,-1.,0.));
#2098=DIRECTION('',(-3.05982411722024E-30,-1.,-6.45947941599954E-16));
#2099=DIRECTION('center_axis',(-1.,0.,1.83697019872103E-16));
#2100=DIRECTION('ref_axis',(1.83697019872103E-16,0.,1.));
#2101=DIRECTION('',(1.99005104861443E-16,4.35581753722663E-16,1.));
#2102=DIRECTION('center_axis',(-1.,0.,1.83697019872103E-16));
#2103=DIRECTION('ref_axis',(0.,1.,0.));
#2104=DIRECTION('',(-3.20325337271494E-30,1.,-1.00660220899326E-14));
#2105=DIRECTION('center_axis',(-1.,0.,1.83697019872103E-16));
#2106=DIRECTION('ref_axis',(-1.83697019872103E-16,1.11022302462517E-16,
-1.));
#2107=DIRECTION('',(-1.99005104861443E-16,-1.49658839738563E-16,-1.));
#2108=DIRECTION('',(-2.74386401816352E-31,1.,-2.4714529939513E-15));
#2109=DIRECTION('center_axis',(1.,0.,-1.83697019872103E-16));
#2110=DIRECTION('ref_axis',(-1.83697019872103E-16,0.,-1.));
#2111=DIRECTION('',(2.27606035327308E-16,-5.43030101565024E-16,1.));
#2112=DIRECTION('center_axis',(-1.,0.,1.83697019872103E-16));
#2113=DIRECTION('ref_axis',(0.,-1.,0.));
#2114=DIRECTION('center_axis',(1.,6.16297582203915E-33,-1.83697019872103E-16));
#2115=DIRECTION('ref_axis',(-1.7610305046056E-16,-0.284552845528454,-0.958660355966418));
#2116=DIRECTION('',(-5.55273898983535E-31,1.,-2.81332274011966E-15));
#2117=DIRECTION('center_axis',(1.,0.,-1.83697019872103E-16));
#2118=DIRECTION('ref_axis',(-1.83697019872103E-16,0.,-1.));
#2119=DIRECTION('center_axis',(1.,0.,-1.83697019872103E-16));
#2120=DIRECTION('ref_axis',(0.,-7.53605931866612E-15,-1.));
#2121=DIRECTION('center_axis',(1.,0.,-1.83697019872103E-16));
#2122=DIRECTION('ref_axis',(0.,-7.53605931866612E-15,-1.));
#2123=DIRECTION('',(1.83722732712033E-16,-3.52797015459768E-15,1.));
#2124=DIRECTION('center_axis',(1.,0.,-1.83697019872103E-16));
#2125=DIRECTION('ref_axis',(0.,1.,0.));
#2126=DIRECTION('',(9.28071653201196E-32,-1.,4.17966315153003E-16));
#2127=DIRECTION('center_axis',(1.,0.,-1.83697019872103E-16));
#2128=DIRECTION('ref_axis',(1.83697019872103E-16,0.,1.));
#2129=DIRECTION('',(-1.69150421369928E-16,-8.24553721961354E-16,-1.));
#2130=DIRECTION('',(-1.38435163841836E-30,1.,-7.53605931866612E-15));
#2131=DIRECTION('center_axis',(1.,0.,-1.83697019872103E-16));
#2132=DIRECTION('ref_axis',(0.,-7.53605931866612E-15,-1.));
#2133=DIRECTION('center_axis',(1.,0.,-1.83697019872103E-16));
#2134=DIRECTION('ref_axis',(0.,-7.53605931866612E-15,-1.));
#2135=DIRECTION('center_axis',(1.,0.,-1.83697019872103E-16));
#2136=DIRECTION('ref_axis',(0.,-7.53605931866612E-15,-1.));
#2137=DIRECTION('center_axis',(1.,0.,-1.83697019872103E-16));
#2138=DIRECTION('ref_axis',(0.,-7.53605931866612E-15,-1.));
#2139=DIRECTION('',(-1.38435163841836E-30,1.,-7.53605931866612E-15));
#2140=DIRECTION('',(1.83697019872103E-16,7.53605931866612E-15,1.));
#2141=DIRECTION('',(1.38435163841836E-30,-1.,7.53605931866612E-15));
#2142=DIRECTION('',(-1.83697019872103E-16,-7.53605931866612E-15,-1.));
#2143=DIRECTION('',(7.17146277473647E-33,-1.,1.29189588320018E-16));
#2144=DIRECTION('',(-1.83697019872103E-16,-7.53605931866612E-15,-1.));
#2145=DIRECTION('',(0.,1.,-1.29189588320018E-16));
#2146=DIRECTION('',(2.2103809825607E-16,0.,1.));
#2147=DIRECTION('center_axis',(1.,0.,-1.83697019872103E-16));
#2148=DIRECTION('ref_axis',(-1.83697019872103E-16,-1.22464679914735E-16,
-1.));
#2149=DIRECTION('center_axis',(1.,0.,-1.83697019872103E-16));
#2150=DIRECTION('ref_axis',(1.83697019872103E-16,1.22464679914735E-16,1.));
#2151=DIRECTION('center_axis',(-1.,0.,1.83697019872103E-16));
#2152=DIRECTION('ref_axis',(0.,-1.,0.));
#2153=DIRECTION('center_axis',(-1.,0.,1.83697019872103E-16));
#2154=DIRECTION('ref_axis',(0.,-1.,0.));
#2155=DIRECTION('center_axis',(-1.,0.,1.83697019872103E-16));
#2156=DIRECTION('ref_axis',(0.,1.,0.));
#2157=DIRECTION('center_axis',(-1.,0.,1.83697019872103E-16));
#2158=DIRECTION('ref_axis',(0.,1.,0.));
#2159=DIRECTION('center_axis',(1.,0.,-1.83697019872103E-16));
#2160=DIRECTION('ref_axis',(0.,-7.53605931866612E-15,-1.));
#2161=DIRECTION('',(1.83697019872103E-16,7.53605931866612E-15,1.));
#2162=DIRECTION('',(1.38435163841836E-30,-1.,7.53605931866612E-15));
#2163=DIRECTION('',(-1.83697019872103E-16,-7.53605931866612E-15,-1.));
#2164=DIRECTION('',(-1.38435163841836E-30,1.,-7.53605931866612E-15));
#2165=DIRECTION('center_axis',(1.,0.,-1.83697019872103E-16));
#2166=DIRECTION('ref_axis',(0.,-7.53605931866612E-15,-1.));
#2167=DIRECTION('center_axis',(1.,0.,-1.83697019872103E-16));
#2168=DIRECTION('ref_axis',(0.,-7.53605931866612E-15,-1.));
#2169=DIRECTION('center_axis',(1.,0.,-1.83697019872103E-16));
#2170=DIRECTION('ref_axis',(0.,-7.53605931866612E-15,-1.));
#2171=DIRECTION('center_axis',(-1.,0.,0.));
#2172=DIRECTION('ref_axis',(0.,-7.53605931866612E-15,-1.));
#2173=DIRECTION('center_axis',(-1.,0.,1.83697019872103E-16));
#2174=DIRECTION('ref_axis',(0.,-7.53605931866612E-15,-1.));
#2175=DIRECTION('',(-1.,0.,0.));
#2176=DIRECTION('center_axis',(-1.,0.,0.));
#2177=DIRECTION('ref_axis',(0.,-7.53605931866612E-15,-1.));
#2178=DIRECTION('center_axis',(-1.,0.,1.83697019872103E-16));
#2179=DIRECTION('ref_axis',(0.,-7.53605931866612E-15,-1.));
#2180=DIRECTION('',(-1.,0.,0.));
#2181=DIRECTION('center_axis',(-1.,0.,0.));
#2182=DIRECTION('ref_axis',(0.,-7.53605931866612E-15,-1.));
#2183=DIRECTION('center_axis',(-1.,0.,1.83697019872103E-16));
#2184=DIRECTION('ref_axis',(0.,-7.53605931866612E-15,-1.));
#2185=DIRECTION('',(-1.,0.,0.));
#2186=DIRECTION('center_axis',(0.,1.,-7.53605931866612E-15));
#2187=DIRECTION('ref_axis',(-1.83697019872103E-16,-7.53605931866612E-15,
-1.));
#2188=DIRECTION('',(-1.83697019872103E-16,-7.53605931866612E-15,-1.));
#2189=DIRECTION('',(-1.,0.,0.));
#2190=DIRECTION('',(-1.,0.,0.));
#2191=DIRECTION('center_axis',(0.,7.53605931866612E-15,1.));
#2192=DIRECTION('ref_axis',(-1.38435163841836E-30,1.,-7.53605931866612E-15));
#2193=DIRECTION('',(-1.38435163841836E-30,1.,-7.53605931866612E-15));
#2194=DIRECTION('',(-1.,0.,0.));
#2195=DIRECTION('center_axis',(0.,-1.,7.53605931866612E-15));
#2196=DIRECTION('ref_axis',(1.83697019872103E-16,7.53605931866612E-15,1.));
#2197=DIRECTION('',(1.83697019872103E-16,7.53605931866612E-15,1.));
#2198=DIRECTION('',(-1.,0.,0.));
#2199=DIRECTION('center_axis',(0.,-7.53605931866612E-15,-1.));
#2200=DIRECTION('ref_axis',(1.38435163841836E-30,-1.,7.53605931866612E-15));
#2201=DIRECTION('',(1.38435163841836E-30,-1.,7.53605931866612E-15));
#2202=DIRECTION('center_axis',(-1.,0.,0.));
#2203=DIRECTION('ref_axis',(0.,-7.53605931866612E-15,-1.));
#2204=DIRECTION('center_axis',(-1.,0.,1.83697019872103E-16));
#2205=DIRECTION('ref_axis',(0.,-7.53605931866612E-15,-1.));
#2206=DIRECTION('',(-1.,0.,0.));
#2207=DIRECTION('center_axis',(0.,-1.,7.53605931866612E-15));
#2208=DIRECTION('ref_axis',(1.83697019872103E-16,7.53605931866612E-15,1.));
#2209=DIRECTION('',(1.83697019872103E-16,7.53605931866612E-15,1.));
#2210=DIRECTION('',(-1.,0.,0.));
#2211=DIRECTION('',(-1.,0.,0.));
#2212=DIRECTION('center_axis',(-1.,0.,0.));
#2213=DIRECTION('ref_axis',(0.,-7.53605931866612E-15,-1.));
#2214=DIRECTION('center_axis',(-1.,0.,1.83697019872103E-16));
#2215=DIRECTION('ref_axis',(0.,-7.53605931866612E-15,-1.));
#2216=DIRECTION('',(-1.,0.,0.));
#2217=DIRECTION('center_axis',(-1.,0.,0.));
#2218=DIRECTION('ref_axis',(0.,-7.53605931866612E-15,-1.));
#2219=DIRECTION('center_axis',(-1.,0.,1.83697019872103E-16));
#2220=DIRECTION('ref_axis',(0.,-7.53605931866612E-15,-1.));
#2221=DIRECTION('',(-1.,0.,0.));
#2222=DIRECTION('center_axis',(0.,7.53605931866612E-15,1.));
#2223=DIRECTION('ref_axis',(-1.38435163841836E-30,1.,-7.53605931866612E-15));
#2224=DIRECTION('',(1.,0.,0.));
#2225=DIRECTION('',(-1.,0.,0.));
#2226=DIRECTION('',(0.,-1.,7.53605931866612E-15));
#2227=DIRECTION('center_axis',(0.,1.,0.));
#2228=DIRECTION('ref_axis',(-1.77635683940025E-16,0.,-1.));
#2229=DIRECTION('',(9.18742227759817E-18,0.,1.));
#2230=DIRECTION('',(-1.,0.,2.84217094304042E-14));
#2231=DIRECTION('center_axis',(-1.,0.,0.));
#2232=DIRECTION('ref_axis',(0.,0.,1.));
#2233=DIRECTION('',(1.28836519056462E-17,-4.12276860980677E-16,-1.));
#2234=DIRECTION('center_axis',(1.,0.,0.));
#2235=DIRECTION('ref_axis',(0.,0.,1.));
#2236=DIRECTION('',(0.,-1.,1.39322105051E-16));
#2237=DIRECTION('center_axis',(1.,0.,0.));
#2238=DIRECTION('ref_axis',(0.,1.,0.));
#2239=DIRECTION('center_axis',(0.,-1.,0.));
#2240=DIRECTION('ref_axis',(1.77635683940025E-16,0.,1.));
#2241=DIRECTION('',(-1.,0.,2.84217094304042E-14));
#2242=DIRECTION('center_axis',(-1.,0.,0.));
#2243=DIRECTION('ref_axis',(0.,-7.53605931866612E-15,-1.));
#2244=DIRECTION('center_axis',(-1.,0.,1.83697019872103E-16));
#2245=DIRECTION('ref_axis',(0.,-7.53605931866612E-15,-1.));
#2246=DIRECTION('',(-1.,0.,0.));
#2247=DIRECTION('center_axis',(-1.,0.,0.));
#2248=DIRECTION('ref_axis',(0.,-7.53605931866612E-15,-1.));
#2249=DIRECTION('center_axis',(-1.,0.,1.83697019872103E-16));
#2250=DIRECTION('ref_axis',(0.,-7.53605931866612E-15,-1.));
#2251=DIRECTION('',(-1.,0.,0.));
#2252=DIRECTION('center_axis',(-1.,0.,0.));
#2253=DIRECTION('ref_axis',(0.,-7.53605931866612E-15,-1.));
#2254=DIRECTION('center_axis',(-1.,0.,1.83697019872103E-16));
#2255=DIRECTION('ref_axis',(0.,-7.53605931866612E-15,-1.));
#2256=DIRECTION('',(-1.,0.,0.));
#2257=DIRECTION('center_axis',(-1.,0.,0.));
#2258=DIRECTION('ref_axis',(0.,-7.53605931866612E-15,-1.));
#2259=DIRECTION('center_axis',(-1.,0.,1.83697019872103E-16));
#2260=DIRECTION('ref_axis',(0.,-7.53605931866612E-15,-1.));
#2261=DIRECTION('',(-1.,0.,0.));
#2262=DIRECTION('center_axis',(0.,-7.53605931866612E-15,-1.));
#2263=DIRECTION('ref_axis',(1.38435163841836E-30,-1.,7.53605931866612E-15));
#2264=DIRECTION('',(1.38435163841836E-30,-1.,7.53605931866612E-15));
#2265=DIRECTION('',(-1.,0.,0.));
#2266=DIRECTION('',(-1.,0.,0.));
#2267=DIRECTION('center_axis',(0.,1.,-7.53605931866612E-15));
#2268=DIRECTION('ref_axis',(-1.83697019872103E-16,-7.53605931866612E-15,
-1.));
#2269=DIRECTION('',(-1.83697019872103E-16,-7.53605931866612E-15,-1.));
#2270=DIRECTION('',(-1.,0.,0.));
#2271=DIRECTION('center_axis',(0.,7.53605931866612E-15,1.));
#2272=DIRECTION('ref_axis',(-1.38435163841836E-30,1.,-7.53605931866612E-15));
#2273=DIRECTION('',(-1.38435163841836E-30,1.,-7.53605931866612E-15));
#2274=DIRECTION('',(-1.,0.,0.));
#2275=DIRECTION('center_axis',(0.,-1.,7.53605931866612E-15));
#2276=DIRECTION('ref_axis',(1.83697019872103E-16,7.53605931866612E-15,1.));
#2277=DIRECTION('',(1.83697019872103E-16,7.53605931866612E-15,1.));
#2278=DIRECTION('center_axis',(1.,0.,-1.83697019872103E-16));
#2279=DIRECTION('ref_axis',(1.83697019872103E-16,1.22464679914735E-16,1.));
#2280=DIRECTION('',(1.,0.,-1.83697019872103E-16));
#2281=DIRECTION('center_axis',(1.,0.,-1.83697019872103E-16));
#2282=DIRECTION('ref_axis',(1.83697019872103E-16,1.22464679914735E-16,1.));
#2283=DIRECTION('center_axis',(1.,0.,-1.83697019872103E-16));
#2284=DIRECTION('ref_axis',(-1.83697019872103E-16,-1.22464679914735E-16,
-1.));
#2285=DIRECTION('',(1.,0.,-1.83697019872103E-16));
#2286=DIRECTION('center_axis',(1.,0.,-1.83697019872103E-16));
#2287=DIRECTION('ref_axis',(-1.83697019872103E-16,-1.22464679914735E-16,
-1.));
#2288=DIRECTION('center_axis',(1.84556554742883E-16,1.29189588320018E-16,
1.));
#2289=DIRECTION('ref_axis',(0.,-1.,1.29189588320018E-16));
#2290=DIRECTION('',(1.,0.,0.));
#2291=DIRECTION('',(0.,-1.,1.29189588320018E-16));
#2292=DIRECTION('center_axis',(0.,1.,0.));
#2293=DIRECTION('ref_axis',(2.58379176640036E-16,0.,1.));
#2294=DIRECTION('',(1.,0.,0.));
#2295=DIRECTION('',(2.22044604925031E-16,0.,1.));
#2296=DIRECTION('center_axis',(-1.84556554742883E-16,-1.29189588320018E-16,
-1.));
#2297=DIRECTION('ref_axis',(0.,1.,-1.29189588320018E-16));
#2298=DIRECTION('',(0.,1.,-1.29189588320018E-16));
#2299=DIRECTION('center_axis',(1.,0.,-1.83697019872103E-16));
#2300=DIRECTION('ref_axis',(-1.83697019872103E-16,1.22464679914735E-16,
-1.));
#2301=DIRECTION('center_axis',(1.,6.16297582203916E-33,-1.83697019872103E-16));
#2302=DIRECTION('ref_axis',(-1.7610305046056E-16,-0.284552845528455,-0.958660355966418));
#2303=DIRECTION('center_axis',(1.,6.16297582203915E-33,-1.83697019872103E-16));
#2304=DIRECTION('ref_axis',(1.76103050460561E-16,0.284552845528452,0.958660355966419));
#2305=DIRECTION('',(2.37575669434698E-16,-5.43030101565024E-16,1.));
#2306=DIRECTION('center_axis',(-1.,0.,1.83697019872103E-16));
#2307=DIRECTION('ref_axis',(0.,1.,0.));
#2308=DIRECTION('',(1.54465812121957E-16,1.,-2.4714529939513E-15));
#2309=DIRECTION('',(-2.00556417351648E-16,-1.49658839738563E-16,-1.));
#2310=DIRECTION('center_axis',(1.,0.,-1.83697019872103E-16));
#2311=DIRECTION('ref_axis',(-5.22098332203544E-30,-1.,-2.84217094304006E-14));
#2312=DIRECTION('',(3.78485122031223E-17,1.,-1.00660220899326E-14));
#2313=DIRECTION('center_axis',(1.,0.,-1.83697019872103E-16));
#2314=DIRECTION('ref_axis',(-1.83697019872103E-16,0.,-1.));
#2315=DIRECTION('',(3.47954955610486E-16,4.35581753722663E-16,1.));
#2316=DIRECTION('center_axis',(1.,0.,-1.83697019872103E-16));
#2317=DIRECTION('ref_axis',(-5.22098332195505E-30,1.,-2.8421709429963E-14));
#2318=DIRECTION('',(-5.71933073291626E-17,-1.,-6.45947941599954E-16));
#2319=DIRECTION('center_axis',(1.,0.,-1.83697019872103E-16));
#2320=DIRECTION('ref_axis',(1.83697019872103E-16,2.44249065417541E-14,1.));
#2321=DIRECTION('',(-1.00278208675819E-16,-1.49658839739285E-16,-1.));
#2322=DIRECTION('',(7.72329060609786E-17,-1.,3.70717949092698E-15));
#2323=DIRECTION('center_axis',(-1.,0.,1.83697019872103E-16));
#2324=DIRECTION('ref_axis',(1.83697019872103E-16,0.,1.));
#2325=DIRECTION('',(1.35757525391258E-16,8.14545152347546E-16,1.));
#2326=DIRECTION('center_axis',(1.,0.,-1.83697019872103E-16));
#2327=DIRECTION('ref_axis',(0.,-1.,0.));
#2328=DIRECTION('center_axis',(0.,0.,1.));
#2329=DIRECTION('ref_axis',(0.,1.,0.));
#2330=DIRECTION('',(0.,-1.,3.49764925003097E-16));
#2331=DIRECTION('',(-1.,0.,0.));
#2332=DIRECTION('center_axis',(1.,0.,0.));
#2333=DIRECTION('ref_axis',(0.,0.,1.));
#2334=DIRECTION('center_axis',(1.,0.,-1.83697019872103E-16));
#2335=DIRECTION('ref_axis',(1.83697019872103E-16,0.,1.));
#2336=DIRECTION('',(-1.,0.,0.));
#2337=DIRECTION('center_axis',(0.,-1.,0.));
#2338=DIRECTION('ref_axis',(1.88737914186277E-16,0.,1.));
#2339=DIRECTION('',(-1.89615674603938E-16,2.09231089218139E-16,-1.));
#2340=DIRECTION('',(1.,0.,0.));
#2341=DIRECTION('center_axis',(1.,0.,-1.83697019872103E-16));
#2342=DIRECTION('ref_axis',(-1.67339209039617E-31,1.,-9.10952225333462E-16));
#2343=DIRECTION('',(1.,0.,0.));
#2344=DIRECTION('center_axis',(1.,-1.23259516440783E-32,-1.83697019872103E-16));
#2345=DIRECTION('ref_axis',(1.67346747756291E-16,0.41242123198284,0.910993264195601));
#2346=DIRECTION('',(1.,0.,0.));
#2347=DIRECTION('',(1.,0.,0.));
#2348=DIRECTION('center_axis',(1.,0.,0.));
#2349=DIRECTION('ref_axis',(0.,-1.,0.));
#2350=DIRECTION('',(1.,0.,0.));
#2351=DIRECTION('center_axis',(0.,1.,0.));
#2352=DIRECTION('ref_axis',(1.94356995324021E-16,0.,1.));
#2353=DIRECTION('',(1.,0.,7.10542735760098E-15));
#2354=DIRECTION('center_axis',(-1.,0.,0.));
#2355=DIRECTION('ref_axis',(0.,0.,1.));
#2356=DIRECTION('',(1.,0.,0.));
#2357=DIRECTION('center_axis',(0.,0.,1.));
#2358=DIRECTION('ref_axis',(0.,-1.,0.));
#2359=DIRECTION('',(-1.,0.,0.));
#2360=DIRECTION('center_axis',(0.,-1.,-1.22464679914721E-16));
#2361=DIRECTION('ref_axis',(-1.83697019872103E-16,1.22464679914721E-16,
-1.));
#2362=DIRECTION('',(1.,0.,2.84217094304041E-14));
#2363=DIRECTION('center_axis',(-1.,0.,0.));
#2364=DIRECTION('ref_axis',(0.,-1.,0.));
#2365=DIRECTION('',(1.,0.,0.));
#2366=DIRECTION('center_axis',(0.,2.67121329233049E-15,1.));
#2367=DIRECTION('ref_axis',(8.30379900232422E-31,-1.,2.67121329233049E-15));
#2368=DIRECTION('',(1.,2.84217094304041E-14,0.));
#2369=DIRECTION('center_axis',(-1.,0.,0.));
#2370=DIRECTION('ref_axis',(0.,0.,1.));
#2371=DIRECTION('',(1.,0.,0.));
#2372=DIRECTION('center_axis',(0.,1.,0.));
#2373=DIRECTION('ref_axis',(1.83697019872103E-16,0.,1.));
#2374=DIRECTION('',(1.,0.,-7.10542735760096E-15));
#2375=DIRECTION('center_axis',(-1.,0.,0.));
#2376=DIRECTION('ref_axis',(0.,1.,0.));
#2377=DIRECTION('',(1.,0.,0.));
#2378=DIRECTION('center_axis',(0.,-8.38760973791795E-15,-1.));
#2379=DIRECTION('ref_axis',(-2.56231512071725E-30,1.,-8.38760973791795E-15));
#2380=DIRECTION('',(1.,0.,0.));
#2381=DIRECTION('center_axis',(-1.,0.,0.));
#2382=DIRECTION('ref_axis',(0.,-8.32667268468879E-15,-1.));
#2383=DIRECTION('',(1.,0.,0.));
#2384=DIRECTION('center_axis',(0.,-1.,-1.22464679914721E-16));
#2385=DIRECTION('ref_axis',(-1.83697019872103E-16,1.22464679914721E-16,
-1.));
#2386=DIRECTION('',(1.,0.,0.));
#2387=DIRECTION('center_axis',(0.,0.,-1.));
#2388=DIRECTION('ref_axis',(0.,1.,0.));
#2389=DIRECTION('',(1.,8.88178419700126E-16,0.));
#2390=DIRECTION('center_axis',(-1.,0.,0.));
#2391=DIRECTION('ref_axis',(0.,1.,0.));
#2392=DIRECTION('',(1.,0.,0.));
#2393=DIRECTION('center_axis',(0.,1.,1.29571330216014E-16));
#2394=DIRECTION('ref_axis',(1.29571330216014E-16,-1.29571330216014E-16,
1.));
#2395=DIRECTION('',(1.,0.,0.));
#2396=DIRECTION('center_axis',(1.,0.,0.));
#2397=DIRECTION('ref_axis',(0.,0.284552845528454,0.958660355966418));
#2398=DIRECTION('center_axis',(0.,0.,-1.));
#2399=DIRECTION('ref_axis',(0.,-1.,0.));
#2400=DIRECTION('',(0.,1.,6.25182831137698E-16));
#2401=DIRECTION('',(-1.,-5.68434188608083E-14,0.));
#2402=DIRECTION('center_axis',(1.,0.,0.));
#2403=DIRECTION('ref_axis',(0.,0.,-1.));
#2404=DIRECTION('center_axis',(1.,0.,-1.83697019872103E-16));
#2405=DIRECTION('ref_axis',(-1.83697019872103E-16,0.,-1.));
#2406=DIRECTION('center_axis',(-1.,0.,1.83697019872103E-16));
#2407=DIRECTION('ref_axis',(-1.12481983699639E-32,1.,-6.12323399573676E-17));
#2408=DIRECTION('center_axis',(1.,0.,-1.83697019872103E-16));
#2409=DIRECTION('ref_axis',(0.,-1.,0.));
#2410=DIRECTION('',(-1.,0.,1.83697019872103E-16));
#2411=DIRECTION('center_axis',(-1.,0.,1.83697019872103E-16));
#2412=DIRECTION('ref_axis',(-1.12481983699639E-32,1.,-6.12323399573676E-17));
#2413=DIRECTION('center_axis',(1.,0.,-1.83697019872103E-16));
#2414=DIRECTION('ref_axis',(0.,-1.,0.));
#2415=DIRECTION('',(-1.,0.,1.83697019872103E-16));
#2416=DIRECTION('center_axis',(-1.,0.,1.83697019872103E-16));
#2417=DIRECTION('ref_axis',(-1.12481983699639E-32,-1.,-6.12323399573676E-17));
#2418=DIRECTION('center_axis',(1.,0.,-1.83697019872103E-16));
#2419=DIRECTION('ref_axis',(0.,1.,0.));
#2420=DIRECTION('',(-1.,0.,1.83697019872103E-16));
#2421=DIRECTION('center_axis',(-1.,0.,1.83697019872103E-16));
#2422=DIRECTION('ref_axis',(-1.12481983699639E-32,-1.,-6.12323399573676E-17));
#2423=DIRECTION('center_axis',(1.,0.,-1.83697019872103E-16));
#2424=DIRECTION('ref_axis',(0.,1.,0.));
#2425=DIRECTION('',(-1.,0.,1.83697019872103E-16));
#2426=DIRECTION('center_axis',(1.,0.,0.));
#2427=DIRECTION('ref_axis',(0.,1.,0.));
#2428=DIRECTION('',(-1.,0.,0.));
#2429=DIRECTION('center_axis',(0.,0.,1.));
#2430=DIRECTION('ref_axis',(0.,1.,0.));
#2431=DIRECTION('',(-1.,1.42108547152019E-14,0.));
#2432=DIRECTION('center_axis',(1.,0.,0.));
#2433=DIRECTION('ref_axis',(0.,0.,1.));
#2434=DIRECTION('center_axis',(1.,0.,-1.83697019872103E-16));
#2435=DIRECTION('ref_axis',(-1.83697019872103E-16,0.,-1.));
#2436=DIRECTION('center_axis',(1.,0.,-1.83697019872103E-16));
#2437=DIRECTION('ref_axis',(-1.83697019872103E-16,0.,-1.));
#2438=DIRECTION('center_axis',(1.,0.,-1.83697019872103E-16));
#2439=DIRECTION('ref_axis',(-1.83697019872103E-16,0.,-1.));
#2440=DIRECTION('center_axis',(1.,0.,-1.83697019872103E-16));
#2441=DIRECTION('ref_axis',(-1.83697019872103E-16,0.,-1.));
#2442=DIRECTION('center_axis',(1.,0.,-1.83697019872103E-16));
#2443=DIRECTION('ref_axis',(-1.83697019872103E-16,0.,-1.));
#2444=CARTESIAN_POINT('',(0.,0.,0.));
#2445=CARTESIAN_POINT('Origin',(1.99999999999998,126.000000000031,-103.728728321992));
#2446=CARTESIAN_POINT('',(2.,126.000000000031,-101.728728321992));
#2447=CARTESIAN_POINT('Origin',(2.,126.000000000031,-103.728728321992));
#2448=CARTESIAN_POINT('',(0.,126.000000000031,-101.728728321992));
#2449=CARTESIAN_POINT('',(1.99999999999998,126.000000000031,-101.728728321992));
#2450=CARTESIAN_POINT('Origin',(0.,126.000000000031,-103.728728321992));
#2451=CARTESIAN_POINT('Origin',(2.00000000000003,71.0000000000308,139.271271678009));
#2452=CARTESIAN_POINT('',(2.,71.0000000000308,141.271271678009));
#2453=CARTESIAN_POINT('Origin',(2.,71.0000000000308,139.271271678009));
#2454=CARTESIAN_POINT('',(0.,71.0000000000308,141.271271678009));
#2455=CARTESIAN_POINT('',(2.00000000000003,71.0000000000308,141.271271678009));
#2456=CARTESIAN_POINT('Origin',(0.,71.0000000000308,139.271271678009));
#2457=CARTESIAN_POINT('Origin',(2.00000000000003,236.000000000031,139.271271678008));
#2458=CARTESIAN_POINT('',(2.,236.000000000031,141.271271678008));
#2459=CARTESIAN_POINT('Origin',(2.,236.000000000031,139.271271678008));
#2460=CARTESIAN_POINT('',(0.,236.000000000031,141.271271678008));
#2461=CARTESIAN_POINT('',(2.00000000000003,236.000000000031,141.271271678008));
#2462=CARTESIAN_POINT('Origin',(0.,236.000000000031,139.271271678008));
#2463=CARTESIAN_POINT('Origin',(2.00000000000003,16.0000000000308,139.27127167801));
#2464=CARTESIAN_POINT('',(2.,16.0000000000308,141.27127167801));
#2465=CARTESIAN_POINT('Origin',(2.,16.0000000000308,139.27127167801));
#2466=CARTESIAN_POINT('',(0.,16.0000000000308,141.27127167801));
#2467=CARTESIAN_POINT('',(2.00000000000003,16.0000000000308,141.27127167801));
#2468=CARTESIAN_POINT('Origin',(0.,16.0000000000308,139.27127167801));
#2469=CARTESIAN_POINT('Origin',(1.99999999999998,181.000000000031,-103.728728321991));
#2470=CARTESIAN_POINT('',(2.,181.000000000031,-101.728728321991));
#2471=CARTESIAN_POINT('Origin',(2.,181.000000000031,-103.728728321991));
#2472=CARTESIAN_POINT('',(0.,181.000000000031,-101.728728321991));
#2473=CARTESIAN_POINT('',(1.99999999999998,181.000000000031,-101.728728321991));
#2474=CARTESIAN_POINT('Origin',(0.,181.000000000031,-103.728728321991));
#2475=CARTESIAN_POINT('Origin',(1.99999999999998,71.0000000000313,-103.728728321992));
#2476=CARTESIAN_POINT('',(2.,71.0000000000313,-101.728728321992));
#2477=CARTESIAN_POINT('Origin',(2.,71.0000000000313,-103.728728321992));
#2478=CARTESIAN_POINT('',(0.,71.0000000000313,-101.728728321992));
#2479=CARTESIAN_POINT('',(1.99999999999998,71.0000000000313,-101.728728321992));
#2480=CARTESIAN_POINT('Origin',(0.,71.0000000000313,-103.728728321992));
#2481=CARTESIAN_POINT('Origin',(2.00000000000003,126.000000000031,139.271271678009));
#2482=CARTESIAN_POINT('',(2.,126.000000000031,141.271271678009));
#2483=CARTESIAN_POINT('Origin',(2.,126.000000000031,139.271271678009));
#2484=CARTESIAN_POINT('',(0.,126.000000000031,141.271271678009));
#2485=CARTESIAN_POINT('',(2.00000000000003,126.000000000031,141.271271678009));
#2486=CARTESIAN_POINT('Origin',(0.,126.000000000031,139.271271678009));
#2487=CARTESIAN_POINT('Origin',(2.00000000000003,181.000000000031,139.271271678009));
#2488=CARTESIAN_POINT('',(2.,181.000000000031,141.271271678009));
#2489=CARTESIAN_POINT('Origin',(2.,181.000000000031,139.271271678009));
#2490=CARTESIAN_POINT('',(0.,181.000000000031,141.271271678009));
#2491=CARTESIAN_POINT('',(2.00000000000003,181.000000000031,141.271271678009));
#2492=CARTESIAN_POINT('Origin',(0.,181.000000000031,139.271271678009));
#2493=CARTESIAN_POINT('Origin',(1.99999999999998,16.0000000000313,-103.728728321993));
#2494=CARTESIAN_POINT('',(2.,16.0000000000313,-101.728728321993));
#2495=CARTESIAN_POINT('Origin',(2.,16.0000000000313,-103.728728321993));
#2496=CARTESIAN_POINT('',(0.,16.0000000000313,-101.728728321993));
#2497=CARTESIAN_POINT('',(1.99999999999998,16.0000000000313,-101.728728321993));
#2498=CARTESIAN_POINT('Origin',(0.,16.0000000000313,-103.728728321993));
#2499=CARTESIAN_POINT('Origin',(1.99999999999998,236.000000000031,-103.72872832199));
#2500=CARTESIAN_POINT('',(2.,236.000000000031,-101.72872832199));
#2501=CARTESIAN_POINT('Origin',(2.,236.000000000031,-103.72872832199));
#2502=CARTESIAN_POINT('',(0.,236.000000000031,-101.72872832199));
#2503=CARTESIAN_POINT('',(1.99999999999998,236.000000000031,-101.72872832199));
#2504=CARTESIAN_POINT('Origin',(0.,236.000000000031,-103.72872832199));
#2505=CARTESIAN_POINT('Origin',(2.00000000000001,79.9999999999712,79.2712716780084));
#2506=CARTESIAN_POINT('',(2.,79.9999999999712,81.0212716780083));
#2507=CARTESIAN_POINT('Origin',(2.,79.9999999999712,79.2712716780084));
#2508=CARTESIAN_POINT('',(0.,79.9999999999712,81.0212716780083));
#2509=CARTESIAN_POINT('',(2.00000000000001,79.9999999999712,81.0212716780083));
#2510=CARTESIAN_POINT('Origin',(0.,79.9999999999712,79.2712716780084));
#2511=CARTESIAN_POINT('Origin',(2.00000000000002,79.9999999999715,119.271271678008));
#2512=CARTESIAN_POINT('',(2.,79.9999999999715,121.021271678008));
#2513=CARTESIAN_POINT('Origin',(2.,79.9999999999715,119.271271678008));
#2514=CARTESIAN_POINT('',(-2.77555756156289E-16,79.9999999999715,121.021271678008));
#2515=CARTESIAN_POINT('',(2.00000000000002,79.9999999999715,121.021271678008));
#2516=CARTESIAN_POINT('Origin',(0.,79.9999999999715,119.271271678008));
#2517=CARTESIAN_POINT('Origin',(2.00000000000001,139.999999999971,79.2712716780079));
#2518=CARTESIAN_POINT('',(2.,139.999999999971,81.0212716780079));
#2519=CARTESIAN_POINT('Origin',(2.,139.999999999971,79.2712716780079));
#2520=CARTESIAN_POINT('',(0.,139.999999999971,81.0212716780079));
#2521=CARTESIAN_POINT('',(2.00000000000001,139.999999999971,81.0212716780079));
#2522=CARTESIAN_POINT('Origin',(0.,139.999999999971,79.2712716780079));
#2523=CARTESIAN_POINT('Origin',(2.00000000000002,136.499999999972,116.771271678008));
#2524=CARTESIAN_POINT('',(2.00000000000002,136.499999999972,116.771271678008));
#2525=CARTESIAN_POINT('',(2.00000000000002,136.499999999971,81.7712716780079));
#2526=CARTESIAN_POINT('',(2.00000000000001,136.499999999971,58.3856358390035));
#2527=CARTESIAN_POINT('',(2.16493489801906E-14,136.499999999972,116.771271678008));
#2528=CARTESIAN_POINT('',(2.00000000000002,136.499999999972,116.771271678008));
#2529=CARTESIAN_POINT('',(1.49880108324396E-14,136.499999999971,81.7712716780079));
#2530=CARTESIAN_POINT('',(1.06858966120171E-14,136.499999999971,58.3856358390035));
#2531=CARTESIAN_POINT('',(2.00000000000002,136.499999999971,81.7712716780079));
#2532=CARTESIAN_POINT('Origin',(2.00000000000002,83.4999999999715,116.771271678008));
#2533=CARTESIAN_POINT('',(2.00000000000002,83.4999999999715,116.771271678008));
#2534=CARTESIAN_POINT('',(2.00000000000002,41.7499999999862,116.771271678009));
#2535=CARTESIAN_POINT('',(2.16493489801906E-14,83.4999999999715,116.771271678008));
#2536=CARTESIAN_POINT('',(2.00000000000002,83.4999999999715,116.771271678008));
#2537=CARTESIAN_POINT('',(2.15105711021124E-14,41.7499999999862,116.771271678009));
#2538=CARTESIAN_POINT('Origin',(2.00000000000002,83.4999999999713,81.7712716780084));
#2539=CARTESIAN_POINT('',(2.00000000000002,83.4999999999713,81.7712716780084));
#2540=CARTESIAN_POINT('',(2.00000000000001,83.499999999971,40.8856358390039));
#2541=CARTESIAN_POINT('',(1.49880108324396E-14,83.4999999999713,81.7712716780084));
#2542=CARTESIAN_POINT('',(2.00000000000002,83.4999999999713,81.7712716780084));
#2543=CARTESIAN_POINT('',(7.49400541621981E-15,83.499999999971,40.8856358390039));
#2544=CARTESIAN_POINT('Origin',(2.00000000000002,136.499999999971,81.771271678008));
#2545=CARTESIAN_POINT('',(2.00000000000002,68.2499999999859,81.7712716780085));
#2546=CARTESIAN_POINT('',(1.49880108324396E-14,68.2499999999859,81.7712716780085));
#2547=CARTESIAN_POINT('Origin',(2.00000000000002,139.999999999972,119.271271678008));
#2548=CARTESIAN_POINT('',(2.,139.999999999972,121.021271678008));
#2549=CARTESIAN_POINT('Origin',(2.,139.999999999972,119.271271678008));
#2550=CARTESIAN_POINT('',(0.,139.999999999972,121.021271678008));
#2551=CARTESIAN_POINT('',(2.00000000000002,139.999999999972,121.021271678008));
#2552=CARTESIAN_POINT('Origin',(0.,139.999999999972,119.271271678008));
#2553=CARTESIAN_POINT('Origin',(2.00000000000001,152.579618529376,72.1602231891966));
#2554=CARTESIAN_POINT('',(0.250000000000013,105.588078333832,72.1602231891969));
#2555=CARTESIAN_POINT('',(1.30772201921285E-14,105.588078333832,72.1602231891969));
#2556=CARTESIAN_POINT('',(2.50000000000003,105.588078333832,72.1602231891969));
#2557=CARTESIAN_POINT('',(0.250000000000013,66.4849125844021,72.1602231891972));
#2558=CARTESIAN_POINT('',(0.250000000000014,110.333848431604,72.1602231891969));
#2559=CARTESIAN_POINT('',(1.33226762955019E-14,66.4849125844021,72.1602231891972));
#2560=CARTESIAN_POINT('',(2.00000000000001,66.4849125844021,72.1602231891972));
#2561=CARTESIAN_POINT('',(1.33226762955019E-14,66.4849125844021,72.1602231891972));
#2562=CARTESIAN_POINT('Origin',(2.00000000000001,66.4849125844021,72.1602231891972));
#2563=CARTESIAN_POINT('',(0.250000000000021,66.4849125844024,111.064377633451));
#2564=CARTESIAN_POINT('',(0.250000000000015,66.4849125844022,81.6123004113242));
#2565=CARTESIAN_POINT('',(2.04151494191588E-14,66.4849125844024,111.064377633451));
#2566=CARTESIAN_POINT('',(2.50000000000003,66.4849125844024,111.064377633451));
#2567=CARTESIAN_POINT('',(2.33146835171283E-14,66.4849125844025,126.947762287241));
#2568=CARTESIAN_POINT('Origin',(3.00000000000005,105.588078333832,111.064377633451));
#2569=CARTESIAN_POINT('',(1.32944546670689E-14,105.588078333832,72.0643776334512));
#2570=CARTESIAN_POINT('',(1.30582992479273E-14,105.588078333832,72.0643776334512));
#2571=CARTESIAN_POINT('',(0.250000000000014,105.588078333832,72.0643776334512));
#2572=CARTESIAN_POINT('',(0.250000000000014,105.588078333832,72.0643776334512));
#2573=CARTESIAN_POINT('',(0.250000000000013,105.588078333832,72.0643776334512));
#2574=CARTESIAN_POINT('Origin',(0.,0.,0.));
#2575=CARTESIAN_POINT('',(2.04934823654485E-14,31.5880783338319,111.064377633451));
#2576=CARTESIAN_POINT('',(2.04151494191588E-14,72.2178090453267,111.064377633451));
#2577=CARTESIAN_POINT('',(2.01361905522578E-14,30.5880783338319,110.064377633451));
#2578=CARTESIAN_POINT('Origin',(2.02184981653427E-14,31.5880783338319,110.064377633451));
#2579=CARTESIAN_POINT('',(1.3873482966538E-14,30.5880783338319,76.1046664636015));
#2580=CARTESIAN_POINT('',(2.03233009092228E-14,30.5880783338319,110.064377633451));
#2581=CARTESIAN_POINT('',(1.37000297030781E-14,18.3536585365562,73.8529025020439));
#2582=CARTESIAN_POINT('Origin',(3.26452964658765E-15,34.9999999999708,17.7712716780084));
#2583=CARTESIAN_POINT('',(1.40241624901554E-14,14.4999999999708,76.7288835699432));
#2584=CARTESIAN_POINT('Origin',(1.40948672499121E-14,17.4999999999708,76.7288835699432));
#2585=CARTESIAN_POINT('',(1.39806790130714E-14,14.4999999999708,83.2712716780084));
#2586=CARTESIAN_POINT('',(1.41528609825571E-14,14.4999999999708,76.7288835699432));
#2587=CARTESIAN_POINT('',(1.44604355061769E-14,11.4999999999708,86.2712716780084));
#2588=CARTESIAN_POINT('Origin',(1.52966844482104E-14,11.4999999999708,83.2712716780084));
#2589=CARTESIAN_POINT('',(1.84890714257981E-14,-1.4576924068054E-11,86.2712716780084));
#2590=CARTESIAN_POINT('',(1.59174935312145E-14,11.4999999999708,86.2712716780084));
#2591=CARTESIAN_POINT('',(3.95400134715004E-14,-2.91760661138738E-11,148.271271678009));
#2592=CARTESIAN_POINT('',(2.9506739968222E-14,-7.27626951656236E-12,148.271271678009));
#2593=CARTESIAN_POINT('',(3.96950224151777E-14,0.999999999970677,149.271271678009));
#2594=CARTESIAN_POINT('Origin',(2.72369907398972E-14,0.999999999970671,
148.271271678009));
#2595=CARTESIAN_POINT('',(3.97690372834859E-14,265.000000000027,149.271271678009));
#2596=CARTESIAN_POINT('',(2.97057450730834E-14,265.000000000027,149.271271678009));
#2597=CARTESIAN_POINT('',(3.96140283398087E-14,266.000000000029,148.271271678009));
#2598=CARTESIAN_POINT('Origin',(2.72369907398972E-14,265.000000000027,148.271271678009));
#2599=CARTESIAN_POINT('',(-3.00209641449744E-14,266.000000000029,-112.728728321991));
#2600=CARTESIAN_POINT('',(-2.24335924006151E-14,266.000000000028,-112.728728321991));
#2601=CARTESIAN_POINT('',(-3.01166558708519E-14,265.000000000027,-113.728728321992));
#2602=CARTESIAN_POINT('Origin',(-2.07079314467217E-14,265.000000000027,
-112.728728321991));
#2603=CARTESIAN_POINT('',(-3.01166558708513E-14,0.999999999970701,-113.728728321989));
#2604=CARTESIAN_POINT('',(-2.26325975054762E-14,0.999999999970701,-113.728728321989));
#2605=CARTESIAN_POINT('',(-2.99469492766657E-14,-2.93092417542841E-11,-112.728728321989));
#2606=CARTESIAN_POINT('Origin',(-2.07079314467213E-14,0.999999999970709,
-112.728728321989));
#2607=CARTESIAN_POINT('',(-1.08718355837592E-14,-1.46347082512907E-11,-50.7287283219916));
#2608=CARTESIAN_POINT('',(-1.00952758992053E-14,-7.30605162567035E-12,-50.7287283219916));
#2609=CARTESIAN_POINT('',(-8.73136872965126E-15,11.4999999999708,-50.7287283219916));
#2610=CARTESIAN_POINT('',(-9.10025020582633E-15,-1.46347082512907E-11,-50.7287283219916));
#2611=CARTESIAN_POINT('',(-8.54767170977915E-15,14.4999999999708,-47.7287283219916));
#2612=CARTESIAN_POINT('Origin',(-8.7676251550351E-15,11.4999999999708,-47.7287283219916));
#2613=CARTESIAN_POINT('',(-7.25888755731294E-15,14.4999999999708,-41.1863402139263));
#2614=CARTESIAN_POINT('',(-8.82470467601818E-15,14.4999999999708,-47.7287283219916));
#2615=CARTESIAN_POINT('',(-7.08278450685238E-15,18.3536585365562,-38.310359146027));
#2616=CARTESIAN_POINT('Origin',(-7.56580795673682E-15,17.4999999999708,
-41.1863402139263));
#2617=CARTESIAN_POINT('',(1.29664507379913E-14,59.1266420709669,71.0643776334512));
#2618=CARTESIAN_POINT('Origin',(3.26452964658765E-15,34.9999999999708,17.7712716780084));
#2619=CARTESIAN_POINT('',(1.31592074588031E-14,104.588078333832,71.0643776334512));
#2620=CARTESIAN_POINT('',(1.29664507379913E-14,59.1266420709669,71.0643776334512));
#2621=CARTESIAN_POINT('Origin',(1.32380114102028E-14,104.588078333832,72.0643776334512));
#2622=CARTESIAN_POINT('',(0.,94.2499999999851,-25.47872832199));
#2623=CARTESIAN_POINT('Origin',(0.,94.249999999985,-27.22872832199));
#2624=CARTESIAN_POINT('',(0.,94.2499999999846,-85.47872832199));
#2625=CARTESIAN_POINT('Origin',(0.,94.2499999999846,-87.22872832199));
#2626=CARTESIAN_POINT('',(-1.01823615442875E-14,84.5889483905136,-54.7012941605465));
#2627=CARTESIAN_POINT('',(-8.71863860156273E-15,84.5889483905136,-46.8945659630645));
#2628=CARTESIAN_POINT('',(-1.09682234374239E-14,84.5889483905136,-58.9787283219911));
#2629=CARTESIAN_POINT('',(-8.4481441850313E-15,82.5889483905136,-44.8945659630645));
#2630=CARTESIAN_POINT('Origin',(-8.61439201561071E-15,82.5889483905136,
-46.8945659630645));
#2631=CARTESIAN_POINT('',(-8.44814418503131E-15,31.5889483905136,-44.8945659630645));
#2632=CARTESIAN_POINT('',(-8.34234648150884E-15,82.5889483905136,-44.8945659630645));
#2633=CARTESIAN_POINT('',(-8.71863860156273E-15,29.5889483905136,-46.8945659630645));
#2634=CARTESIAN_POINT('Origin',(-8.61439201561071E-15,31.5889483905136,
-46.8945659630645));
#2635=CARTESIAN_POINT('',(-1.00685994704305E-14,29.5889483905136,-54.7012941605461));
#2636=CARTESIAN_POINT('',(-8.74808810630598E-15,29.5889483905136,-46.8945659630645));
#2637=CARTESIAN_POINT('',(-9.99200722162641E-15,106.744442680753,-54.7012941605467));
#2638=CARTESIAN_POINT('',(0.,126.749999999971,57.0212716780077));
#2639=CARTESIAN_POINT('Origin',(0.,126.749999999971,55.2712716780077));
#2640=CARTESIAN_POINT('',(-2.77555756156289E-16,126.749999999971,-17.9787283219923));
#2641=CARTESIAN_POINT('Origin',(0.,126.749999999971,-19.7287283219923));
#2642=CARTESIAN_POINT('',(0.,96.7499999999711,57.0212716780079));
#2643=CARTESIAN_POINT('Origin',(0.,96.7499999999711,55.271271678008));
#2644=CARTESIAN_POINT('',(-2.77555756156289E-16,96.7499999999705,-17.9787283219921));
#2645=CARTESIAN_POINT('Origin',(0.,96.7499999999705,-19.7287283219921));
#2646=CARTESIAN_POINT('',(-3.33066907387547E-15,98.4999999999705,-17.9787283219921));
#2647=CARTESIAN_POINT('',(-3.33066907387547E-15,124.999999999971,-17.9787283219923));
#2648=CARTESIAN_POINT('',(-3.33066907387547E-15,62.4999999999852,-17.9787283219918));
#2649=CARTESIAN_POINT('',(9.99200722162641E-15,124.999999999971,53.5212716780077));
#2650=CARTESIAN_POINT('',(4.85722573273506E-15,124.999999999971,26.7606358390034));
#2651=CARTESIAN_POINT('',(9.99200722162641E-15,98.4999999999711,53.5212716780079));
#2652=CARTESIAN_POINT('',(9.85322934354826E-15,49.2499999999857,53.5212716780083));
#2653=CARTESIAN_POINT('',(-1.66533453693773E-15,98.4999999999706,-8.9893641609964));
#2654=CARTESIAN_POINT('',(0.,236.749999999985,-29.7287283219911));
#2655=CARTESIAN_POINT('',(-5.27355936696949E-15,96.7499999999704,-29.7287283219909));
#2656=CARTESIAN_POINT('',(-2.73053939866858E-15,236.749999999985,-29.7287283219911));
#2657=CARTESIAN_POINT('',(-1.55431223447522E-14,96.74999999997,-84.72872832199));
#2658=CARTESIAN_POINT('',(-7.7715611723761E-15,96.7499999999704,-42.3643641609954));
#2659=CARTESIAN_POINT('',(-1.4210854715202E-14,236.749999999985,-84.7287283219911));
#2660=CARTESIAN_POINT('',(-1.48876348027524E-14,126.749999999985,-84.7287283219911));
#2661=CARTESIAN_POINT('',(-1.48876348027524E-14,236.749999999985,-84.7287283219911));
#2662=CARTESIAN_POINT('',(-8.88178419700125E-15,239.249999999985,-25.4787283219911));
#2663=CARTESIAN_POINT('Origin',(-5.0018362476569E-15,239.249999999985,-27.2287283219911));
#2664=CARTESIAN_POINT('',(-2.66453525910038E-14,239.249999999985,-88.9787283219911));
#2665=CARTESIAN_POINT('Origin',(-1.60236574399831E-14,239.249999999985,
-87.2287283219911));
#2666=CARTESIAN_POINT('',(2.1094237467878E-14,21.8386114295185,114.930759982418));
#2667=CARTESIAN_POINT('Origin',(2.11124381004061E-14,23.3386114295185,114.930759982418));
#2668=CARTESIAN_POINT('',(1.22124532708767E-14,111.337545238145,67.1979952844841));
#2669=CARTESIAN_POINT('Origin',(1.23440714751394E-14,112.837545238145,67.1979952844841));
#2670=CARTESIAN_POINT('',(-7.7715611723761E-15,28.5889483905136,-42.3945659630645));
#2671=CARTESIAN_POINT('Origin',(-7.78775542618624E-15,27.0889483905136,
-42.3945659630645));
#2672=CARTESIAN_POINT('',(-7.7715611723761E-15,88.5889483905136,-42.3945659630645));
#2673=CARTESIAN_POINT('Origin',(-7.78775542618624E-15,87.0889483905136,
-42.3945659630645));
#2674=CARTESIAN_POINT('',(0.,240.117580870235,122.021271678007));
#2675=CARTESIAN_POINT('Origin',(0.,240.117580870235,120.271271678007));
#2676=CARTESIAN_POINT('',(1.47104550762833E-14,234.117580870234,80.2712716780073));
#2677=CARTESIAN_POINT('',(2.19269047363468E-14,234.117580870235,118.271271678007));
#2678=CARTESIAN_POINT('',(1.08246744900953E-14,234.117580870234,59.1356358390027));
#2679=CARTESIAN_POINT('',(2.19269047363468E-14,162.117580870235,118.271271678008));
#2680=CARTESIAN_POINT('',(2.17881268582687E-14,81.0587904351178,118.271271678008));
#2681=CARTESIAN_POINT('',(1.47104550762833E-14,162.117580870234,80.2712716780078));
#2682=CARTESIAN_POINT('',(7.35522753814166E-15,162.117580870234,40.1356358390033));
#2683=CARTESIAN_POINT('',(1.47104550762833E-14,117.058790435118,80.2712716780081));
#2684=CARTESIAN_POINT('',(2.77555756156289E-16,240.117580870235,80.0212716780072));
#2685=CARTESIAN_POINT('Origin',(0.,240.117580870235,78.2712716780072));
#2686=CARTESIAN_POINT('',(0.,156.117580870235,122.021271678008));
#2687=CARTESIAN_POINT('Origin',(0.,156.117580870235,120.271271678008));
#2688=CARTESIAN_POINT('',(0.,156.117580870235,80.0212716780077));
#2689=CARTESIAN_POINT('Origin',(0.,156.117580870235,78.2712716780077));
#2690=CARTESIAN_POINT('Origin',(2.00000000000001,156.117580870235,78.2712716780077));
#2691=CARTESIAN_POINT('',(2.,156.117580870235,80.0212716780077));
#2692=CARTESIAN_POINT('Origin',(2.,156.117580870235,78.2712716780077));
#2693=CARTESIAN_POINT('',(2.00000000000001,156.117580870235,80.0212716780077));
#2694=CARTESIAN_POINT('Origin',(2.00000000000002,156.117580870235,120.271271678008));
#2695=CARTESIAN_POINT('',(2.,156.117580870235,122.021271678008));
#2696=CARTESIAN_POINT('Origin',(2.,156.117580870235,120.271271678008));
#2697=CARTESIAN_POINT('',(2.00000000000002,156.117580870235,122.021271678008));
#2698=CARTESIAN_POINT('Origin',(2.00000000000001,240.117580870235,78.2712716780072));
#2699=CARTESIAN_POINT('',(2.,240.117580870235,80.0212716780072));
#2700=CARTESIAN_POINT('Origin',(2.,240.117580870235,78.2712716780072));
#2701=CARTESIAN_POINT('',(2.00000000000001,240.117580870235,80.0212716780072));
#2702=CARTESIAN_POINT('Origin',(2.00000000000002,234.117580870235,118.271271678007));
#2703=CARTESIAN_POINT('',(2.00000000000002,234.117580870235,118.271271678007));
#2704=CARTESIAN_POINT('',(2.00000000000001,234.117580870234,80.2712716780073));
#2705=CARTESIAN_POINT('',(2.00000000000001,234.117580870234,59.1356358390027));
#2706=CARTESIAN_POINT('',(2.00000000000002,234.117580870235,118.271271678007));
#2707=CARTESIAN_POINT('',(2.00000000000001,234.117580870234,80.2712716780073));
#2708=CARTESIAN_POINT('Origin',(2.00000000000002,162.117580870235,118.271271678008));
#2709=CARTESIAN_POINT('',(2.00000000000002,162.117580870235,118.271271678008));
#2710=CARTESIAN_POINT('',(2.00000000000002,81.0587904351178,118.271271678008));
#2711=CARTESIAN_POINT('',(2.00000000000002,162.117580870235,118.271271678008));
#2712=CARTESIAN_POINT('Origin',(2.00000000000001,162.117580870234,80.2712716780078));
#2713=CARTESIAN_POINT('',(2.00000000000001,162.117580870234,80.2712716780078));
#2714=CARTESIAN_POINT('',(2.00000000000001,162.117580870234,40.1356358390033));
#2715=CARTESIAN_POINT('',(2.00000000000001,162.117580870234,80.2712716780078));
#2716=CARTESIAN_POINT('Origin',(2.00000000000001,234.117580870234,80.2712716780073));
#2717=CARTESIAN_POINT('',(2.00000000000001,117.058790435118,80.2712716780081));
#2718=CARTESIAN_POINT('Origin',(2.00000000000002,240.117580870235,120.271271678007));
#2719=CARTESIAN_POINT('',(2.,240.117580870235,122.021271678007));
#2720=CARTESIAN_POINT('Origin',(2.,240.117580870235,120.271271678007));
#2721=CARTESIAN_POINT('',(2.00000000000002,240.117580870235,122.021271678007));
#2722=CARTESIAN_POINT('Origin',(1.99999999999998,96.74999999997,-84.72872832199));
#2723=CARTESIAN_POINT('',(1.99999999999998,96.74999999997,-84.72872832199));
#2724=CARTESIAN_POINT('',(1.99999999999999,96.7499999999704,-29.7287283219909));
#2725=CARTESIAN_POINT('',(1.99999999999999,96.7499999999704,-42.3643641609954));
#2726=CARTESIAN_POINT('',(1.99999999999998,96.74999999997,-84.72872832199));
#2727=CARTESIAN_POINT('',(1.99999999999999,96.7499999999704,-29.7287283219909));
#2728=CARTESIAN_POINT('Origin',(2.,94.249999999985,-27.22872832199));
#2729=CARTESIAN_POINT('',(2.,94.2499999999851,-25.47872832199));
#2730=CARTESIAN_POINT('Origin',(2.,94.249999999985,-27.22872832199));
#2731=CARTESIAN_POINT('',(2.,94.2499999999851,-25.47872832199));
#2732=CARTESIAN_POINT('Origin',(1.99999999999998,94.2499999999846,-87.22872832199));
#2733=CARTESIAN_POINT('',(2.,94.2499999999846,-85.47872832199));
#2734=CARTESIAN_POINT('Origin',(2.,94.2499999999846,-87.22872832199));
#2735=CARTESIAN_POINT('',(1.99999999999998,94.2499999999846,-85.47872832199));
#2736=CARTESIAN_POINT('Origin',(1.99999999999999,24.613134287198,-54.7012941605461));
#2737=CARTESIAN_POINT('',(0.249999999999992,84.5889483905136,-54.7012941605465));
#2738=CARTESIAN_POINT('',(2.00000000000001,84.5889483905136,-54.7012941605465));
#2739=CARTESIAN_POINT('',(0.249999999999992,29.5889483905136,-54.7012941605461));
#2740=CARTESIAN_POINT('',(2.,29.5889483905136,-54.7012941605461));
#2741=CARTESIAN_POINT('',(0.249999999999992,40.8510413388558,-54.7012941605462));
#2742=CARTESIAN_POINT('Origin',(2.00000000000002,84.5889483905136,-44.8945659630645));
#2743=CARTESIAN_POINT('',(0.24999999999999,84.5889483905136,-46.8945659630645));
#2744=CARTESIAN_POINT('',(0.249999999999992,84.5889483905136,-58.9787283219911));
#2745=CARTESIAN_POINT('',(0.24999999999999,84.5889483905136,-46.8945659630645));
#2746=CARTESIAN_POINT('Origin',(0.249999999999992,57.0889483905136,-62.3945659630645));
#2747=CARTESIAN_POINT('',(0.24999999999999,29.5889483905138,-46.8945659630645));
#2748=CARTESIAN_POINT('',(0.249999999999992,29.5889483905136,-46.8945659630645));
#2749=CARTESIAN_POINT('',(0.249999999999992,31.5889483905136,-44.8945659630641));
#2750=CARTESIAN_POINT('Origin',(0.249999999999992,31.5889483905136,-46.8945659630645));
#2751=CARTESIAN_POINT('',(0.249999999999992,82.5889483905136,-44.8945659630645));
#2752=CARTESIAN_POINT('',(0.249999999999992,82.5889483905136,-44.8945659630645));
#2753=CARTESIAN_POINT('Origin',(0.249999999999992,82.5889483905136,-46.8945659630645));
#2754=CARTESIAN_POINT('Origin',(2.00000000000001,29.5889483905136,-79.8945659630645));
#2755=CARTESIAN_POINT('',(0.24999999999999,29.5889483905136,-46.8945659630645));
#2756=CARTESIAN_POINT('Origin',(2.00000000000001,126.749999999971,55.2712716780077));
#2757=CARTESIAN_POINT('',(2.,126.749999999971,57.0212716780077));
#2758=CARTESIAN_POINT('Origin',(2.,126.749999999971,55.2712716780077));
#2759=CARTESIAN_POINT('',(2.00000000000001,126.749999999971,57.0212716780077));
#2760=CARTESIAN_POINT('Origin',(2.,126.749999999971,-19.7287283219923));
#2761=CARTESIAN_POINT('',(2.,126.749999999971,-17.9787283219923));
#2762=CARTESIAN_POINT('Origin',(2.,126.749999999971,-19.7287283219923));
#2763=CARTESIAN_POINT('',(2.,126.749999999971,-17.9787283219923));
#2764=CARTESIAN_POINT('Origin',(2.00000000000001,96.7499999999711,55.271271678008));
#2765=CARTESIAN_POINT('',(2.,96.7499999999711,57.0212716780079));
#2766=CARTESIAN_POINT('Origin',(2.,96.7499999999711,55.271271678008));
#2767=CARTESIAN_POINT('',(2.00000000000001,96.7499999999711,57.0212716780079));
#2768=CARTESIAN_POINT('Origin',(2.,96.7499999999705,-19.7287283219921));
#2769=CARTESIAN_POINT('',(2.,96.7499999999705,-17.9787283219921));
#2770=CARTESIAN_POINT('Origin',(2.,96.7499999999705,-19.7287283219921));
#2771=CARTESIAN_POINT('',(2.,96.7499999999705,-17.9787283219921));
#2772=CARTESIAN_POINT('Origin',(2.,124.999999999971,-17.9787283219923));
#2773=CARTESIAN_POINT('',(2.,124.999999999971,-17.9787283219923));
#2774=CARTESIAN_POINT('',(2.,98.4999999999705,-17.9787283219921));
#2775=CARTESIAN_POINT('',(2.,62.4999999999852,-17.9787283219918));
#2776=CARTESIAN_POINT('',(2.,124.999999999971,-17.9787283219923));
#2777=CARTESIAN_POINT('',(2.,98.4999999999705,-17.9787283219921));
#2778=CARTESIAN_POINT('Origin',(2.00000000000001,124.999999999971,53.5212716780077));
#2779=CARTESIAN_POINT('',(2.00000000000001,124.999999999971,53.5212716780077));
#2780=CARTESIAN_POINT('',(2.00000000000001,124.999999999971,26.7606358390034));
#2781=CARTESIAN_POINT('',(2.00000000000001,124.999999999971,53.5212716780077));
#2782=CARTESIAN_POINT('Origin',(2.00000000000001,98.4999999999711,53.5212716780079));
#2783=CARTESIAN_POINT('',(2.00000000000001,98.4999999999711,53.5212716780079));
#2784=CARTESIAN_POINT('',(2.00000000000001,49.2499999999857,53.5212716780083));
#2785=CARTESIAN_POINT('',(2.00000000000001,98.4999999999711,53.5212716780079));
#2786=CARTESIAN_POINT('Origin',(2.,98.4999999999705,-17.9787283219921));
#2787=CARTESIAN_POINT('',(2.,98.4999999999706,-8.9893641609964));
#2788=CARTESIAN_POINT('Origin',(-75.,239.249999999985,-87.2287283219911));
#2789=CARTESIAN_POINT('',(1.99999999999998,239.249999999985,-88.9787283219911));
#2790=CARTESIAN_POINT('',(-75.,239.249999999985,-88.9787283219911));
#2791=CARTESIAN_POINT('Origin',(1.99999999999998,239.249999999985,-87.2287283219911));
#2792=CARTESIAN_POINT('Origin',(-75.,239.249999999985,-27.2287283219911));
#2793=CARTESIAN_POINT('',(1.99999999999999,239.249999999985,-25.4787283219911));
#2794=CARTESIAN_POINT('',(-75.,239.249999999985,-25.4787283219911));
#2795=CARTESIAN_POINT('Origin',(1.99999999999999,239.249999999985,-27.2287283219911));
#2796=CARTESIAN_POINT('Origin',(-75.,236.749999999985,-29.7287283219911));
#2797=CARTESIAN_POINT('',(1.99999999999999,236.749999999985,-29.7287283219911));
#2798=CARTESIAN_POINT('',(0.,236.749999999985,-29.7287283219911));
#2799=CARTESIAN_POINT('',(2.,236.749999999985,-29.7287283219911));
#2800=CARTESIAN_POINT('Origin',(-75.,236.749999999985,-84.7287283219911));
#2801=CARTESIAN_POINT('',(1.99999999999998,236.749999999985,-84.7287283219911));
#2802=CARTESIAN_POINT('',(-1.4210854715202E-14,236.749999999985,-84.7287283219911));
#2803=CARTESIAN_POINT('',(1.99999999999999,236.749999999985,-84.7287283219911));
#2804=CARTESIAN_POINT('Origin',(-75.,126.749999999985,-84.7287283219911));
#2805=CARTESIAN_POINT('',(1.99999999999999,126.749999999985,-84.7287283219911));
#2806=CARTESIAN_POINT('Origin',(2.,0.,0.));
#2807=CARTESIAN_POINT('',(2.00000000000001,18.3536585365562,73.8529025020439));
#2808=CARTESIAN_POINT('',(1.99999999999999,18.3536585365562,-38.310359146027));
#2809=CARTESIAN_POINT('Origin',(2.,34.9999999999708,17.7712716780084));
#2810=CARTESIAN_POINT('',(1.99999999999999,14.4999999999708,-41.1863402139263));
#2811=CARTESIAN_POINT('Origin',(1.99999999999999,17.4999999999708,-41.1863402139263));
#2812=CARTESIAN_POINT('',(1.99999999999999,14.4999999999708,-47.7287283219916));
#2813=CARTESIAN_POINT('',(1.99999999999999,14.4999999999708,-47.7287283219916));
#2814=CARTESIAN_POINT('',(1.99999999999999,11.4999999999708,-50.7287283219916));
#2815=CARTESIAN_POINT('Origin',(1.99999999999999,11.4999999999708,-47.7287283219916));
#2816=CARTESIAN_POINT('',(2.,-1.46347082512907E-11,-50.7287283219916));
#2817=CARTESIAN_POINT('',(1.99999999999999,-1.46347082512907E-11,-50.7287283219916));
#2818=CARTESIAN_POINT('',(1.99999999999998,-2.9331779281684E-11,-112.728728321989));
#2819=CARTESIAN_POINT('',(2.,-7.30605162567035E-12,-50.7287283219916));
#2820=CARTESIAN_POINT('',(1.99999999999998,0.999999999970701,-113.728728321989));
#2821=CARTESIAN_POINT('Origin',(1.99999999999998,0.999999999970709,-112.728728321989));
#2822=CARTESIAN_POINT('',(1.99999999999998,265.000000000027,-113.728728321991));
#2823=CARTESIAN_POINT('',(1.99999999999998,0.999999999970701,-113.728728321989));
#2824=CARTESIAN_POINT('',(1.99999999999998,266.000000000028,-112.728728321991));
#2825=CARTESIAN_POINT('Origin',(1.99999999999998,265.000000000027,-112.728728321991));
#2826=CARTESIAN_POINT('',(2.00000000000003,266.000000000032,148.271271678009));
#2827=CARTESIAN_POINT('',(1.99999999999998,266.000000000028,-112.728728321991));
#2828=CARTESIAN_POINT('',(2.00000000000003,265.000000000027,149.271271678011));
#2829=CARTESIAN_POINT('Origin',(2.00000000000003,265.000000000027,148.271271678009));
#2830=CARTESIAN_POINT('',(2.00000000000003,0.99999999997068,149.271271678009));
#2831=CARTESIAN_POINT('',(2.00000000000003,265.000000000027,149.271271678009));
#2832=CARTESIAN_POINT('',(2.00000000000003,-2.92467503131083E-11,148.271271678009));
#2833=CARTESIAN_POINT('Origin',(2.00000000000003,0.999999999970671,148.271271678009));
#2834=CARTESIAN_POINT('',(2.00000000000002,-1.4576924068054E-11,86.2712716780084));
#2835=CARTESIAN_POINT('',(2.00000000000003,-7.27626951656236E-12,148.271271678009));
#2836=CARTESIAN_POINT('',(2.00000000000002,11.4999999999708,86.2712716780084));
#2837=CARTESIAN_POINT('',(2.00000000000002,11.4999999999708,86.2712716780084));
#2838=CARTESIAN_POINT('',(2.00000000000002,14.4999999999708,83.2712716780084));
#2839=CARTESIAN_POINT('Origin',(2.00000000000002,11.4999999999708,83.2712716780084));
#2840=CARTESIAN_POINT('',(2.00000000000001,14.4999999999708,76.7288835699432));
#2841=CARTESIAN_POINT('',(2.00000000000001,14.4999999999708,76.7288835699432));
#2842=CARTESIAN_POINT('Origin',(2.00000000000001,17.4999999999708,76.7288835699432));
#2843=CARTESIAN_POINT('Origin',(3.00000000000005,30.5880783338319,111.064377633451));
#2844=CARTESIAN_POINT('',(0.25000000000002,31.5880783338319,111.064377633452));
#2845=CARTESIAN_POINT('',(0.250000000000021,72.2178090453267,111.064377633451));
#2846=CARTESIAN_POINT('',(0.25000000000002,31.5880783338319,111.064377633451));
#2847=CARTESIAN_POINT('Origin',(6.00000000000002,31.5880783338319,110.064377633451));
#2848=CARTESIAN_POINT('',(0.25000000000002,30.5880783338322,110.064377633451));
#2849=CARTESIAN_POINT('Origin',(0.25000000000002,31.5880783338319,110.064377633451));
#2850=CARTESIAN_POINT('',(0.25000000000002,30.5880783338319,110.064377633451));
#2851=CARTESIAN_POINT('Origin',(3.00000000000004,30.5880783338319,71.0643776334512));
#2852=CARTESIAN_POINT('',(0.250000000000014,30.5880783338319,76.1046664636015));
#2853=CARTESIAN_POINT('',(0.25000000000002,30.5880783338319,110.064377633451));
#2854=CARTESIAN_POINT('',(1.3988810110277E-14,30.5880783338319,76.1046664636015));
#2855=CARTESIAN_POINT('Origin',(-8.,34.9999999999708,17.7712716780084));
#2856=CARTESIAN_POINT('',(1.33226762955019E-14,18.3536585365562,73.852902502044));
#2857=CARTESIAN_POINT('',(0.250000000000013,59.1266420709669,71.0643776334511));
#2858=CARTESIAN_POINT('Origin',(0.250000000000004,34.9999999999708,17.7712716780084));
#2859=CARTESIAN_POINT('',(1.26565424807268E-14,59.1266420709657,71.0643776334514));
#2860=CARTESIAN_POINT('',(-7.105427357601E-15,18.3536585365562,-38.3103591460271));
#2861=CARTESIAN_POINT('Origin',(-5.99999999999998,17.4999999999708,76.7288835699432));
#2862=CARTESIAN_POINT('',(1.33226762955019E-14,14.4999999999708,76.7288835699432));
#2863=CARTESIAN_POINT('Origin',(-7.99999999999999,14.4999999999708,72.5617818052194));
#2864=CARTESIAN_POINT('',(1.37667655053519E-14,14.4999999999708,83.2712716780084));
#2865=CARTESIAN_POINT('Origin',(-12.,11.4999999999708,83.2712716780084));
#2866=CARTESIAN_POINT('',(1.4210854715202E-14,11.4999999999708,86.2712716780084));
#2867=CARTESIAN_POINT('Origin',(-7.99999999999998,14.4999999999708,86.2712716780084));
#2868=CARTESIAN_POINT('',(2.00000000000002,5.57820465994397E-15,86.2712716780084));
#2869=CARTESIAN_POINT('Origin',(0.,0.,133.855104059272));
#2870=CARTESIAN_POINT('',(3.9531976574078E-14,-1.46653745787404E-11,148.271271678009));
#2871=CARTESIAN_POINT('Origin',(-3.99999999999996,0.999999999970671,148.271271678009));
#2872=CARTESIAN_POINT('',(3.96094810459166E-14,0.99999999997067,149.271271678009));
#2873=CARTESIAN_POINT('Origin',(0.,266.000000000042,149.271271678009));
#2874=CARTESIAN_POINT('',(3.98685330849958E-14,265.000000000027,149.271271678009));
#2875=CARTESIAN_POINT('Origin',(-3.99999999999995,265.000000000027,148.271271678009));
#2876=CARTESIAN_POINT('',(3.95689840082321E-14,266.000000000027,148.271271678009));
#2877=CARTESIAN_POINT('Origin',(0.,266.000000000027,-102.000000000015));
#2878=CARTESIAN_POINT('',(-3.01095152073893E-14,266.000000000027,-112.728728321991));
#2879=CARTESIAN_POINT('Origin',(-4.00000000000004,265.000000000027,-112.728728321991));
#2880=CARTESIAN_POINT('',(-3.01573610703281E-14,265.000000000027,-113.728728321991));
#2881=CARTESIAN_POINT('Origin',(0.,0.,-113.728728321989));
#2882=CARTESIAN_POINT('',(-3.01573610703278E-14,0.9999999999707,-113.728728321989));
#2883=CARTESIAN_POINT('Origin',(-4.00000000000003,0.999999999970709,-112.728728321989));
#2884=CARTESIAN_POINT('',(-3.0072507773235E-14,-1.46304081242904E-11,-112.728728321989));
#2885=CARTESIAN_POINT('Origin',(0.,0.,133.855104059272));
#2886=CARTESIAN_POINT('',(-1.07649883100804E-14,2.26049999500036E-14,-50.7287283219916));
#2887=CARTESIAN_POINT('Origin',(-8.00000000000001,0.,-50.7287283219916));
#2888=CARTESIAN_POINT('',(-8.88178419700125E-15,11.4999999999708,-50.7287283219916));
#2889=CARTESIAN_POINT('Origin',(-12.,11.4999999999708,-47.7287283219916));
#2890=CARTESIAN_POINT('',(-8.88178419700125E-15,14.4999999999708,-47.7287283219916));
#2891=CARTESIAN_POINT('Origin',(-8.00000000000001,14.4999999999708,-50.7287283219916));
#2892=CARTESIAN_POINT('',(-7.105427357601E-15,14.4999999999708,-41.1863402139263));
#2893=CARTESIAN_POINT('Origin',(-6.,17.4999999999708,-41.1863402139263));
#2894=CARTESIAN_POINT('Origin',(3.00000000000004,105.588078333832,71.0643776334512));
#2895=CARTESIAN_POINT('',(0.250000000000012,104.588078333832,71.0643776334508));
#2896=CARTESIAN_POINT('',(0.250000000000013,59.1266420709669,71.0643776334512));
#2897=CARTESIAN_POINT('',(0.250000000000012,104.588078333832,71.0643776334512));
#2898=CARTESIAN_POINT('Origin',(6.00000000000001,104.588078333832,72.0643776334512));
#2899=CARTESIAN_POINT('Origin',(0.250000000000014,104.588078333832,72.0643776334512));
#2900=CARTESIAN_POINT('Origin',(3.00000000000005,23.3386114295185,114.930759982418));
#2901=CARTESIAN_POINT('',(0.250000000000021,21.8386114295185,114.930759982418));
#2902=CARTESIAN_POINT('Origin',(0.250000000000021,23.3386114295185,114.930759982418));
#2903=CARTESIAN_POINT('',(3.00000000000005,21.8386114295185,114.930759982418));
#2904=CARTESIAN_POINT('Origin',(3.00000000000004,112.837545238145,67.1979952844841));
#2905=CARTESIAN_POINT('',(0.250000000000012,111.337545238145,67.1979952844841));
#2906=CARTESIAN_POINT('Origin',(0.250000000000012,112.837545238145,67.1979952844841));
#2907=CARTESIAN_POINT('',(3.00000000000004,111.337545238145,67.1979952844841));
#2908=CARTESIAN_POINT('Origin',(2.00000000000002,27.0889483905136,-42.3945659630645));
#2909=CARTESIAN_POINT('',(0.249999999999992,28.5889483905136,-42.3945659630645));
#2910=CARTESIAN_POINT('Origin',(0.249999999999992,27.0889483905136,-42.3945659630645));
#2911=CARTESIAN_POINT('',(2.00000000000002,28.5889483905136,-42.3945659630645));
#2912=CARTESIAN_POINT('Origin',(2.00000000000002,87.0889483905136,-42.3945659630645));
#2913=CARTESIAN_POINT('',(0.249999999999992,88.5889483905136,-42.3945659630645));
#2914=CARTESIAN_POINT('Origin',(0.249999999999992,87.0889483905136,-42.3945659630645));
#2915=CARTESIAN_POINT('',(2.00000000000002,88.5889483905136,-42.3945659630645));
#2916=CARTESIAN_POINT('Origin',(10.,82.5889483905136,-46.8945659630645));
#2917=CARTESIAN_POINT('',(0.249999999999992,82.5889483905136,-44.8945659630645));
#2918=CARTESIAN_POINT('Origin',(2.00000000000002,29.5889483905136,-44.8945659630645));
#2919=CARTESIAN_POINT('',(0.249999999999992,31.5889483905136,-44.8945659630645));
#2920=CARTESIAN_POINT('Origin',(10.,31.5889483905136,-46.8945659630645));
#2921=CARTESIAN_POINT('Origin',(0.250000000000017,68.0880783338319,91.0643776334512));
#2922=CARTESIAN_POINT('Origin',(0.250000000000021,23.3386114295185,114.930759982418));
#2923=CARTESIAN_POINT('Origin',(0.250000000000012,112.837545238145,67.1979952844841));
#2924=CARTESIAN_POINT('Origin',(0.249999999999992,27.0889483905136,-42.3945659630645));
#2925=CARTESIAN_POINT('Origin',(0.249999999999992,87.0889483905136,-42.3945659630645));
#2926=CARTESIAN_POINT('',(2.,0.,0.));
#2927=CARTESIAN_POINT('',(2.,0.,0.));
#2928=UNCERTAINTY_MEASURE_WITH_UNIT(LENGTH_MEASURE(0.01),#2932,
'DISTANCE_ACCURACY_VALUE',
'Maximum model space distance between geometric entities at asserted c
onnectivities');
#2929=UNCERTAINTY_MEASURE_WITH_UNIT(LENGTH_MEASURE(0.01),#2932,
'DISTANCE_ACCURACY_VALUE',
'Maximum model space distance between geometric entities at asserted c
onnectivities');
#2930=(
GEOMETRIC_REPRESENTATION_CONTEXT(3)
GLOBAL_UNCERTAINTY_ASSIGNED_CONTEXT((#2928))
GLOBAL_UNIT_ASSIGNED_CONTEXT((#2932,#2934,#2935))
REPRESENTATION_CONTEXT('','3D')
);
#2931=(
GEOMETRIC_REPRESENTATION_CONTEXT(3)
GLOBAL_UNCERTAINTY_ASSIGNED_CONTEXT((#2929))
GLOBAL_UNIT_ASSIGNED_CONTEXT((#2932,#2934,#2935))
REPRESENTATION_CONTEXT('','3D')
);
#2932=(
LENGTH_UNIT()
NAMED_UNIT(*)
SI_UNIT(.MILLI.,.METRE.)
);
#2933=(
LENGTH_UNIT()
NAMED_UNIT(*)
SI_UNIT(.CENTI.,.METRE.)
);
#2934=(
NAMED_UNIT(*)
PLANE_ANGLE_UNIT()
SI_UNIT($,.RADIAN.)
);
#2935=(
NAMED_UNIT(*)
SI_UNIT($,.STERADIAN.)
SOLID_ANGLE_UNIT()
);
#2936=SHAPE_DEFINITION_REPRESENTATION(#2937,#2938);
#2937=PRODUCT_DEFINITION_SHAPE('',$,#2940);
#2938=SHAPE_REPRESENTATION('',(#1770),#2930);
#2939=PRODUCT_DEFINITION_CONTEXT('part definition',#2944,'design');
#2940=PRODUCT_DEFINITION('panel_above_ver2','panel_above_ver2',#2941,#2939);
#2941=PRODUCT_DEFINITION_FORMATION('ANYUNSPECIFIED',$,#2946);
#2942=PRODUCT_RELATED_PRODUCT_CATEGORY('panel_above_ver2',
'panel_above_ver2',(#2946));
#2943=APPLICATION_PROTOCOL_DEFINITION('international standard',
'automotive_design',2009,#2944);
#2944=APPLICATION_CONTEXT(
'Core Data for Automotive Mechanical Design Process');
#2945=PRODUCT_CONTEXT('part definition',#2944,'mechanical');
#2946=PRODUCT('panel_above_ver2','panel_above_ver2','STEP AP203',(#2945));
#2947=PRESENTATION_STYLE_ASSIGNMENT((#2951));
#2948=PRESENTATION_STYLE_ASSIGNMENT((#2952));
#2949=PRESENTATION_STYLE_ASSIGNMENT((#2953));
#2950=PRESENTATION_STYLE_ASSIGNMENT((#2954));
#2951=SURFACE_STYLE_USAGE(.BOTH.,#2959);
#2952=SURFACE_STYLE_USAGE(.BOTH.,#2960);
#2953=SURFACE_STYLE_USAGE(.BOTH.,#2961);
#2954=SURFACE_STYLE_USAGE(.BOTH.,#2962);
#2955=SURFACE_STYLE_RENDERING_WITH_PROPERTIES($,#2975,(#2957));
#2956=SURFACE_STYLE_RENDERING_WITH_PROPERTIES($,#2976,(#2958));
#2957=SURFACE_STYLE_TRANSPARENT(0.);
#2958=SURFACE_STYLE_TRANSPARENT(0.);
#2959=SURFACE_SIDE_STYLE('',(#2963,#2955));
#2960=SURFACE_SIDE_STYLE('',(#2964,#2956));
#2961=SURFACE_SIDE_STYLE('',(#2965));
#2962=SURFACE_SIDE_STYLE('',(#2966));
#2963=SURFACE_STYLE_FILL_AREA(#2967);
#2964=SURFACE_STYLE_FILL_AREA(#2968);
#2965=SURFACE_STYLE_FILL_AREA(#2969);
#2966=SURFACE_STYLE_FILL_AREA(#2970);
#2967=FILL_AREA_STYLE('',(#2971));
#2968=FILL_AREA_STYLE('',(#2972));
#2969=FILL_AREA_STYLE('',(#2973));
#2970=FILL_AREA_STYLE('',(#2974));
#2971=FILL_AREA_STYLE_COLOUR('',#2975);
#2972=FILL_AREA_STYLE_COLOUR('',#2976);
#2973=FILL_AREA_STYLE_COLOUR('',#2977);
#2974=FILL_AREA_STYLE_COLOUR('',#2978);
#2975=COLOUR_RGB('',0.749019607843137,0.749019607843137,0.749019607843137);
#2976=COLOUR_RGB('',0.564705882352941,0.564705882352941,0.564705882352941);
#2977=COLOUR_RGB('',0.501960784313725,0.0941176470588235,1.);
#2978=COLOUR_RGB('',1.,1.,0.);
ENDSEC;
END-ISO-10303-21;
