ISO-10303-21;
HEADER;
FILE_DESCRIPTION(('STEP AP203'),
    '1');
FILE_NAME('деталь поворотного механизма',
    '',
    ('UNSPECIFIED'),
    ('UNSPECIFIED'),
    'C3D Converter',
    'C3D Toolkit',
    '');
FILE_SCHEMA(('CONFIG_CONTROL_DESIGN'));
ENDSEC;

DATA;
#1=PRODUCT_DEFINITION('','UNSPECIFIED',#39,#42);
#2=SHAPE_DEFINITION_REPRESENTATION(#37,#3);
#3=SHAPE_REPRESENTATION('NONE',(#4),#8);
#4=AXIS2_PLACEMENT_3D('',#5,#6,#7);
#5=CARTESIAN_POINT('',(0.,0.,0.));
#6=DIRECTION('',(0.,0.,1.));
#7=DIRECTION('',(1.,0.,0.));
#8=(GEOMETRIC_REPRESENTATION_CONTEXT(3)GLOBAL_UNCERTAINTY_ASSIGNED_CONTEXT((#10))
GLOBAL_UNIT_ASSIGNED_CONTEXT((#9,#11,#12))REPRESENTATION_CONTEXT('NONE','NONE'));
#9=(LENGTH_UNIT()NAMED_UNIT(*)SI_UNIT(.MILLI.,.METRE.));
#10=UNCERTAINTY_MEASURE_WITH_UNIT(LENGTH_MEASURE(1.E-5),#9,'NONE','NONE');
#11=(NAMED_UNIT(*)PLANE_ANGLE_UNIT()SI_UNIT($,.RADIAN.));
#12=(NAMED_UNIT(*)SI_UNIT($,.STERADIAN.)SOLID_ANGLE_UNIT());
#13=MANIFOLD_SOLID_BREP('',#14);
#14=CLOSED_SHELL('',(#64,#65,#66,#67,#68,#69,#70,#71,#72,#73,#74,#75,#76,#77,#78,
#79,#80,#81,#82,#83,#84,#85,#86,#87,#88,#89,#90,#91,#92,#93,#94,#95,#96,#97,#98,
#99,#100,#101,#102,#103,#104,#105,#106,#107,#108,#109,#110,#111,#112,#113,#114,#115,
#116,#117,#118,#119,#120,#121,#122,#123,#124,#125,#126,#127,#128,#129,#130,#131,
#132,#133,#134,#135,#136,#137));
#15=COLOUR_RGB('',0.564705882352941,0.564705882352941,0.564705882352941);
#16=FILL_AREA_STYLE_COLOUR('',#15);
#17=FILL_AREA_STYLE($,(#16));
#18=SURFACE_STYLE_FILL_AREA(#17);
#19=SURFACE_SIDE_STYLE('',(#18));
#20=SURFACE_STYLE_USAGE(.BOTH.,#19);
#21=PRESENTATION_STYLE_ASSIGNMENT((#20));
#22=MECHANICAL_DESIGN_GEOMETRIC_PRESENTATION_REPRESENTATION('NONE',(#23,#151,#157,
#163,#169,#175,#181,#187,#193,#199,#205,#211,#217,#223),#8);
#23=STYLED_ITEM('',(#21),#13);
#24=ADVANCED_BREP_SHAPE_REPRESENTATION('NONE',(#13),#8);
#25=SHAPE_REPRESENTATION_RELATIONSHIP('','',#3,#24);
#26=GEOMETRIC_CURVE_SET('',(#138));
#27=GEOMETRIC_CURVE_SET('',(#139));
#28=GEOMETRIC_CURVE_SET('',(#140));
#29=GEOMETRIC_CURVE_SET('',(#141));
#30=GEOMETRIC_CURVE_SET('',(#142));
#31=GEOMETRIC_CURVE_SET('',(#143));
#32=GEOMETRIC_CURVE_SET('',(#144));
#33=GEOMETRIC_CURVE_SET('',(#145));
#34=GEOMETRIC_CURVE_SET('',(#146,#152,#158,#164,#170,#176,#182,#188,#194,#200,#206,
#212,#218));
#35=GEOMETRICALLY_BOUNDED_WIREFRAME_SHAPE_REPRESENTATION('NONE',(#26,#27,#28,#29,
#30,#31,#32,#33,#34),#8);
#36=SHAPE_REPRESENTATION_RELATIONSHIP('','',#3,#35);
#37=PRODUCT_DEFINITION_SHAPE('NONE','NONE',#1);
#38=MECHANICAL_CONTEXT('NONE',#43,'mechanical');
#39=PRODUCT_DEFINITION_FORMATION_WITH_SPECIFIED_SOURCE('ANY','UNSPECIFIED',#40,.NOT_KNOWN.);
#40=PRODUCT('','\X2\0414043504420430043B044C\X0\','NONE',(#38));
#41=PRODUCT_RELATED_PRODUCT_CATEGORY('detail','',(#40));
#42=DESIGN_CONTEXT('detailed design',#43,'design');
#43=APPLICATION_CONTEXT('configuration controlled 3d designs of mechanical parts and assemblies');
#44=APPLICATION_PROTOCOL_DEFINITION('international standard','config_control_design',
1994,#43);
#45=CC_DESIGN_DATE_AND_TIME_ASSIGNMENT(#46,#50,(#1));
#46=DATE_AND_TIME(#47,#48);
#47=CALENDAR_DATE(0,1,1);
#48=LOCAL_TIME(0,0,0.,#49);
#49=COORDINATED_UNIVERSAL_TIME_OFFSET(0,0,.AHEAD.);
#50=DATE_TIME_ROLE('creation_date');
#51=CC_DESIGN_APPROVAL(#52,(#1));
#52=APPROVAL(#53,'UNSPECIFIED');
#53=APPROVAL_STATUS('not_yet_approved');
#54=APPROVAL_DATE_TIME(#55,#52);
#55=DATE_AND_TIME(#56,#57);
#56=CALENDAR_DATE(0,1,1);
#57=LOCAL_TIME(0,0,0.,#58);
#58=COORDINATED_UNIVERSAL_TIME_OFFSET(0,0,.AHEAD.);
#59=PERSON('UNSPECIFIED','pr11','UNSPECIFIED',('UNSPECIFIED'),('UNSPECIFIED'),('UNSPECIFIED'));
#60=ORGANIZATION('UNSPECIFIED','UNSPECIFIED','UNSPECIFIED');
#61=PERSON_AND_ORGANIZATION(#59,#60);
#62=PERSON_AND_ORGANIZATION_ROLE('creator');
#63=CC_DESIGN_PERSON_AND_ORGANIZATION_ASSIGNMENT(#61,#62,(#39,#1));
#64=ADVANCED_FACE('',(#224,#226,#228),#230,.T.);
#65=ADVANCED_FACE('',(#235),#237,.T.);
#66=ADVANCED_FACE('',(#242,#244),#246,.F.);
#67=ADVANCED_FACE('',(#251),#253,.T.);
#68=ADVANCED_FACE('',(#258),#260,.F.);
#69=ADVANCED_FACE('',(#265),#267,.T.);
#70=ADVANCED_FACE('',(#272),#274,.F.);
#71=ADVANCED_FACE('',(#279),#281,.T.);
#72=ADVANCED_FACE('',(#286,#288),#290,.F.);
#73=ADVANCED_FACE('',(#295,#297),#299,.F.);
#74=ADVANCED_FACE('',(#304,#306),#308,.F.);
#75=ADVANCED_FACE('',(#313),#315,.F.);
#76=ADVANCED_FACE('',(#320),#322,.T.);
#77=ADVANCED_FACE('',(#327),#329,.T.);
#78=ADVANCED_FACE('',(#334,#336,#338,#340,#342),#344,.T.);
#79=ADVANCED_FACE('',(#349),#351,.T.);
#80=ADVANCED_FACE('',(#356,#358),#360,.T.);
#81=ADVANCED_FACE('',(#365),#367,.F.);
#82=ADVANCED_FACE('',(#372),#374,.F.);
#83=ADVANCED_FACE('',(#379),#381,.F.);
#84=ADVANCED_FACE('',(#386),#388,.T.);
#85=ADVANCED_FACE('',(#393),#395,.F.);
#86=ADVANCED_FACE('',(#400),#402,.T.);
#87=ADVANCED_FACE('',(#407),#409,.T.);
#88=ADVANCED_FACE('',(#414),#416,.F.);
#89=ADVANCED_FACE('',(#421),#423,.T.);
#90=ADVANCED_FACE('',(#428),#430,.T.);
#91=ADVANCED_FACE('',(#435),#437,.F.);
#92=ADVANCED_FACE('',(#442),#444,.T.);
#93=ADVANCED_FACE('',(#449),#451,.T.);
#94=ADVANCED_FACE('',(#456),#458,.F.);
#95=ADVANCED_FACE('',(#463),#465,.T.);
#96=ADVANCED_FACE('',(#470),#472,.T.);
#97=ADVANCED_FACE('',(#477),#479,.T.);
#98=ADVANCED_FACE('',(#484),#486,.T.);
#99=ADVANCED_FACE('',(#491),#493,.T.);
#100=ADVANCED_FACE('',(#498,#500),#502,.T.);
#101=ADVANCED_FACE('',(#507,#509),#511,.F.);
#102=ADVANCED_FACE('',(#516),#518,.T.);
#103=ADVANCED_FACE('',(#523),#525,.T.);
#104=ADVANCED_FACE('',(#530),#532,.T.);
#105=ADVANCED_FACE('',(#537),#539,.F.);
#106=ADVANCED_FACE('',(#544),#546,.F.);
#107=ADVANCED_FACE('',(#551,#553,#555),#557,.F.);
#108=ADVANCED_FACE('',(#562),#564,.T.);
#109=ADVANCED_FACE('',(#569,#571,#573),#575,.T.);
#110=ADVANCED_FACE('',(#580),#582,.T.);
#111=ADVANCED_FACE('',(#587),#589,.F.);
#112=ADVANCED_FACE('',(#594),#596,.T.);
#113=ADVANCED_FACE('',(#601,#603),#605,.F.);
#114=ADVANCED_FACE('',(#610),#612,.T.);
#115=ADVANCED_FACE('',(#617),#619,.T.);
#116=ADVANCED_FACE('',(#624,#626),#628,.F.);
#117=ADVANCED_FACE('',(#633,#635),#637,.F.);
#118=ADVANCED_FACE('',(#642),#644,.F.);
#119=ADVANCED_FACE('',(#649),#651,.F.);
#120=ADVANCED_FACE('',(#656),#658,.F.);
#121=ADVANCED_FACE('',(#663),#665,.F.);
#122=ADVANCED_FACE('',(#670),#672,.T.);
#123=ADVANCED_FACE('',(#691),#693,.F.);
#124=ADVANCED_FACE('',(#712),#714,.T.);
#125=ADVANCED_FACE('',(#733),#735,.F.);
#126=ADVANCED_FACE('',(#754),#756,.T.);
#127=ADVANCED_FACE('',(#775),#777,.F.);
#128=ADVANCED_FACE('',(#796),#798,.F.);
#129=ADVANCED_FACE('',(#803),#805,.F.);
#130=ADVANCED_FACE('',(#810),#812,.F.);
#131=ADVANCED_FACE('',(#817),#819,.F.);
#132=ADVANCED_FACE('',(#824),#826,.F.);
#133=ADVANCED_FACE('',(#831),#833,.F.);
#134=ADVANCED_FACE('',(#838),#840,.F.);
#135=ADVANCED_FACE('',(#845),#847,.T.);
#136=ADVANCED_FACE('',(#852),#854,.T.);
#137=ADVANCED_FACE('',(#859),#861,.T.);
#138=CARTESIAN_POINT('',(-14.7921540626053,-7.94253427711728,-51.5439550932801));
#139=CARTESIAN_POINT('',(-17.2921540626053,-7.9425342787237,-51.5439550918495));
#140=CARTESIAN_POINT('',(-14.7921540626053,-7.68093269991417,-51.3169488311547));
#141=CARTESIAN_POINT('',(-17.2921540626053,-51.5261995279162,-8.05691750636803));
#142=CARTESIAN_POINT('',(-14.7921540626053,-51.5261995256117,-8.05691750827575));
#143=CARTESIAN_POINT('',(-14.7921540626053,-51.3012387631444,-7.78516961836472));
#144=CARTESIAN_POINT('',(-17.2921540626053,-51.5261995257934,-8.05691750849526));
#145=CARTESIAN_POINT('',(-17.2921540626053,-7.94253427860828,-51.543955091786));
#146=POLYLINE('',(#866,#867));
#147=COLOUR_RGB('',0.,0.,1.);
#148=PRESENTATION_STYLE_ASSIGNMENT((#149));
#149=CURVE_STYLE('',#150,POSITIVE_LENGTH_MEASURE(0.1),#147);
#150=PRE_DEFINED_CURVE_FONT('continuous');
#151=STYLED_ITEM('',(#148),#146);
#152=POLYLINE('',(#868,#869));
#153=COLOUR_RGB('',0.,0.,1.);
#154=PRESENTATION_STYLE_ASSIGNMENT((#155));
#155=CURVE_STYLE('',#156,POSITIVE_LENGTH_MEASURE(0.1),#153);
#156=PRE_DEFINED_CURVE_FONT('continuous');
#157=STYLED_ITEM('',(#154),#152);
#158=POLYLINE('',(#870,#871));
#159=COLOUR_RGB('',0.,0.,1.);
#160=PRESENTATION_STYLE_ASSIGNMENT((#161));
#161=CURVE_STYLE('',#162,POSITIVE_LENGTH_MEASURE(0.1),#159);
#162=PRE_DEFINED_CURVE_FONT('continuous');
#163=STYLED_ITEM('',(#160),#158);
#164=POLYLINE('',(#872,#873,#874,#875));
#165=COLOUR_RGB('',0.,0.,1.);
#166=PRESENTATION_STYLE_ASSIGNMENT((#167));
#167=CURVE_STYLE('',#168,POSITIVE_LENGTH_MEASURE(0.1),#165);
#168=PRE_DEFINED_CURVE_FONT('continuous');
#169=STYLED_ITEM('',(#166),#164);
#170=POLYLINE('',(#876,#877));
#171=COLOUR_RGB('',0.,0.,1.);
#172=PRESENTATION_STYLE_ASSIGNMENT((#173));
#173=CURVE_STYLE('',#174,POSITIVE_LENGTH_MEASURE(0.1),#171);
#174=PRE_DEFINED_CURVE_FONT('continuous');
#175=STYLED_ITEM('',(#172),#170);
#176=POLYLINE('',(#878,#879));
#177=COLOUR_RGB('',0.,0.,1.);
#178=PRESENTATION_STYLE_ASSIGNMENT((#179));
#179=CURVE_STYLE('',#180,POSITIVE_LENGTH_MEASURE(0.1),#177);
#180=PRE_DEFINED_CURVE_FONT('continuous');
#181=STYLED_ITEM('',(#178),#176);
#182=POLYLINE('',(#880,#881));
#183=COLOUR_RGB('',0.,0.,1.);
#184=PRESENTATION_STYLE_ASSIGNMENT((#185));
#185=CURVE_STYLE('',#186,POSITIVE_LENGTH_MEASURE(0.1),#183);
#186=PRE_DEFINED_CURVE_FONT('continuous');
#187=STYLED_ITEM('',(#184),#182);
#188=POLYLINE('',(#882,#883));
#189=COLOUR_RGB('',0.,0.,1.);
#190=PRESENTATION_STYLE_ASSIGNMENT((#191));
#191=CURVE_STYLE('',#192,POSITIVE_LENGTH_MEASURE(0.1),#189);
#192=PRE_DEFINED_CURVE_FONT('continuous');
#193=STYLED_ITEM('',(#190),#188);
#194=POLYLINE('',(#884,#885));
#195=COLOUR_RGB('',0.,0.,1.);
#196=PRESENTATION_STYLE_ASSIGNMENT((#197));
#197=CURVE_STYLE('',#198,POSITIVE_LENGTH_MEASURE(0.1),#195);
#198=PRE_DEFINED_CURVE_FONT('continuous');
#199=STYLED_ITEM('',(#196),#194);
#200=POLYLINE('',(#886,#887));
#201=COLOUR_RGB('',0.,0.,1.);
#202=PRESENTATION_STYLE_ASSIGNMENT((#203));
#203=CURVE_STYLE('',#204,POSITIVE_LENGTH_MEASURE(0.1),#201);
#204=PRE_DEFINED_CURVE_FONT('continuous');
#205=STYLED_ITEM('',(#202),#200);
#206=POLYLINE('',(#888,#889));
#207=COLOUR_RGB('',0.,0.,1.);
#208=PRESENTATION_STYLE_ASSIGNMENT((#209));
#209=CURVE_STYLE('',#210,POSITIVE_LENGTH_MEASURE(0.1),#207);
#210=PRE_DEFINED_CURVE_FONT('continuous');
#211=STYLED_ITEM('',(#208),#206);
#212=POLYLINE('',(#890,#891));
#213=COLOUR_RGB('',0.,0.,1.);
#214=PRESENTATION_STYLE_ASSIGNMENT((#215));
#215=CURVE_STYLE('',#216,POSITIVE_LENGTH_MEASURE(0.1),#213);
#216=PRE_DEFINED_CURVE_FONT('continuous');
#217=STYLED_ITEM('',(#214),#212);
#218=POLYLINE('',(#892,#893));
#219=COLOUR_RGB('',0.,0.,1.);
#220=PRESENTATION_STYLE_ASSIGNMENT((#221));
#221=CURVE_STYLE('',#222,POSITIVE_LENGTH_MEASURE(0.1),#219);
#222=PRE_DEFINED_CURVE_FONT('continuous');
#223=STYLED_ITEM('',(#220),#218);
#224=FACE_BOUND('',#225,.T.);
#225=EDGE_LOOP('',(#894,#895,#896,#897,#898,#899));
#226=FACE_BOUND('',#227,.T.);
#227=EDGE_LOOP('',(#900));
#228=FACE_BOUND('',#229,.T.);
#229=EDGE_LOOP('',(#901));
#230=PLANE('',#231);
#231=AXIS2_PLACEMENT_3D('',#232,#233,#234);
#232=CARTESIAN_POINT('',(-14.7921540626053,0.,0.));
#233=DIRECTION('',(1.,7.49879891330929E-33,-1.22464679914735E-16));
#234=DIRECTION('',(-1.22464679914735E-16,1.83697019872103E-16,-1.));
#235=FACE_BOUND('',#236,.T.);
#236=EDGE_LOOP('',(#902,#903,#904,#905,#906));
#237=PLANE('',#238);
#238=AXIS2_PLACEMENT_3D('',#239,#240,#241);
#239=CARTESIAN_POINT('',(-17.2921540626053,-13.3647278966168,-44.2297652291142));
#240=DIRECTION('',(0.,-0.706363326816067,0.707849454707241));
#241=DIRECTION('',(0.,-0.707849454707241,-0.706363326816067));
#242=FACE_BOUND('',#243,.T.);
#243=EDGE_LOOP('',(#907,#908,#909,#910,#911));
#244=FACE_BOUND('',#245,.T.);
#245=EDGE_LOOP('',(#912));
#246=PLANE('',#247);
#247=AXIS2_PLACEMENT_3D('',#248,#249,#250);
#248=CARTESIAN_POINT('',(-17.2921540626053,-1.87469972832732E-32,3.06161699786838E-16));
#249=DIRECTION('',(1.,7.49879891330929E-33,-1.22464679914735E-16));
#250=DIRECTION('',(-1.22464679914735E-16,1.83697019872103E-16,-1.));
#251=FACE_BOUND('',#252,.T.);
#252=EDGE_LOOP('',(#913,#914,#915,#916,#917,#918,#919,#920,#921,#922,#923,#924,#925,
#926,#927));
#253=PLANE('',#254);
#254=AXIS2_PLACEMENT_3D('',#255,#256,#257);
#255=CARTESIAN_POINT('',(-29.9921540626053,-0.399251904239626,-44.998228830888));
#256=DIRECTION('',(1.53365817499188E-16,-0.655400128393317,0.755281849180836));
#257=DIRECTION('',(-1.58786358509548E-16,-0.755281849180836,-0.655400128393317));
#258=FACE_BOUND('',#259,.T.);
#259=EDGE_LOOP('',(#928,#929,#930,#931,#932,#933,#934,#935,#936,#937,#938,#939,#940,
#941,#942,#943,#944,#945,#946,#947,#948,#949,#950,#951,#952,#953,#954,#955));
#260=CONICAL_SURFACE('',#261,52.2292461058671,0.105097511623066);
#261=AXIS2_PLACEMENT_3D('',#262,#263,#264);
#262=CARTESIAN_POINT('',(-18.0215273475247,0.,0.));
#263=DIRECTION('',(-1.,0.,0.));
#264=DIRECTION('',(0.,1.27738201163234E-16,-1.));
#265=FACE_BOUND('',#266,.T.);
#266=EDGE_LOOP('',(#956,#957,#958,#959));
#267=PLANE('',#268);
#268=AXIS2_PLACEMENT_3D('',#269,#270,#271);
#269=CARTESIAN_POINT('',(-14.7921540626053,17.3468635581887,-76.397401427238));
#270=DIRECTION('',(-0.136907962042157,0.701184183059168,0.699712048886619));
#271=DIRECTION('',(-0.990583772292613,-0.0969102262766215,-0.0967067635357052));
#272=FACE_BOUND('',#273,.T.);
#273=EDGE_LOOP('',(#960,#961));
#274=PLANE('',#275);
#275=AXIS2_PLACEMENT_3D('',#276,#277,#278);
#276=CARTESIAN_POINT('',(-29.9921540626053,-0.399251904239626,-44.998228830888));
#277=DIRECTION('',(1.53365817499188E-16,-0.655400128393317,0.755281849180836));
#278=DIRECTION('',(-1.58786358509548E-16,-0.755281849180836,-0.655400128393317));
#279=FACE_BOUND('',#280,.T.);
#280=EDGE_LOOP('',(#962,#963,#964,#965));
#281=PLANE('',#282);
#282=AXIS2_PLACEMENT_3D('',#283,#284,#285);
#283=CARTESIAN_POINT('',(-17.2921540626053,-26.8138675360543,-57.6506684386195));
#284=DIRECTION('',(0.,-0.707849454707241,-0.706363326816066));
#285=DIRECTION('',(0.,0.706363326816066,-0.707849454707241));
#286=FACE_OUTER_BOUND('',#287,.T.);
#287=EDGE_LOOP('',(#966));
#288=FACE_OUTER_BOUND('',#289,.T.);
#289=EDGE_LOOP('',(#967));
#290=CYLINDRICAL_SURFACE('',#291,2.);
#291=AXIS2_PLACEMENT_3D('',#292,#293,#294);
#292=CARTESIAN_POINT('',(-18.2921540626053,-14.1927654118227,-50.2944457785425));
#293=DIRECTION('',(1.,7.49879891330929E-33,-1.22464679914735E-16));
#294=DIRECTION('',(-1.22464679914735E-16,-1.22464679914735E-16,-1.));
#295=FACE_OUTER_BOUND('',#296,.T.);
#296=EDGE_LOOP('',(#968));
#297=FACE_OUTER_BOUND('',#298,.T.);
#298=EDGE_LOOP('',(#969));
#299=CYLINDRICAL_SURFACE('',#300,2.);
#300=AXIS2_PLACEMENT_3D('',#301,#302,#303);
#301=CARTESIAN_POINT('',(-18.2921540626053,-21.2712599588951,-57.3580790467032));
#302=DIRECTION('',(1.,7.49879891330929E-33,-1.22464679914735E-16));
#303=DIRECTION('',(-1.22464679914735E-16,-1.22464679914735E-16,-1.));
#304=FACE_BOUND('',#305,.T.);
#305=EDGE_LOOP('',(#970,#971,#972,#973,#974,#975));
#306=FACE_BOUND('',#307,.T.);
#307=EDGE_LOOP('',(#976));
#308=PLANE('',#309);
#309=AXIS2_PLACEMENT_3D('',#310,#311,#312);
#310=CARTESIAN_POINT('',(-17.2921540626053,-1.87469972832732E-32,3.06161699786838E-16));
#311=DIRECTION('',(1.,7.49879891330929E-33,-1.22464679914735E-16));
#312=DIRECTION('',(-1.22464679914735E-16,1.83697019872103E-16,-1.));
#313=FACE_BOUND('',#314,.T.);
#314=EDGE_LOOP('',(#977,#978,#979,#980));
#315=PLANE('',#316);
#316=AXIS2_PLACEMENT_3D('',#317,#318,#319);
#317=CARTESIAN_POINT('',(0.,-34.7359419877483,-34.663013977603));
#318=DIRECTION('',(6.16297582203915E-33,-0.707849454707241,-0.706363326816066));
#319=DIRECTION('',(-6.12323399573677E-17,0.706363326816066,-0.707849454707241));
#320=FACE_BOUND('',#321,.T.);
#321=EDGE_LOOP('',(#981,#982,#983,#984));
#322=PLANE('',#323);
#323=AXIS2_PLACEMENT_3D('',#324,#325,#326);
#324=CARTESIAN_POINT('',(0.,-36.8594903518701,-36.7821039580512));
#325=DIRECTION('',(6.16297582203915E-33,-0.707849454707241,-0.706363326816066));
#326=DIRECTION('',(-6.12323399573677E-17,0.706363326816066,-0.707849454707241));
#327=FACE_BOUND('',#328,.T.);
#328=EDGE_LOOP('',(#985,#986,#987,#988));
#329=PLANE('',#330);
#330=AXIS2_PLACEMENT_3D('',#331,#332,#333);
#331=CARTESIAN_POINT('',(-17.2921528969999,-19.2894260814297,-50.1420280293355));
#332=DIRECTION('',(-0.684488529915141,-0.514955556283067,0.516038978632241));
#333=DIRECTION('',(-0.729023629531039,0.483497595158298,-0.484514832653794));
#334=FACE_BOUND('',#335,.T.);
#335=EDGE_LOOP('',(#989,#990,#991,#992,#993,#994));
#336=FACE_BOUND('',#337,.T.);
#337=EDGE_LOOP('',(#995,#996,#997,#998,#999,#1000,#1001,#1002,#1003,#1004,#1005,
#1006,#1007));
#338=FACE_BOUND('',#339,.T.);
#339=EDGE_LOOP('',(#1008));
#340=FACE_BOUND('',#341,.T.);
#341=EDGE_LOOP('',(#1009,#1010,#1011,#1012,#1013,#1014,#1015));
#342=FACE_BOUND('',#343,.T.);
#343=EDGE_LOOP('',(#1016,#1017,#1018,#1019,#1020,#1021));
#344=PLANE('',#345);
#345=AXIS2_PLACEMENT_3D('',#346,#347,#348);
#346=CARTESIAN_POINT('',(-28.9921540626053,0.,0.));
#347=DIRECTION('',(-1.,0.,0.));
#348=DIRECTION('',(0.,6.12323399573677E-17,-1.));
#349=FACE_BOUND('',#350,.T.);
#350=EDGE_LOOP('',(#1022,#1023,#1024,#1025));
#351=PLANE('',#352);
#352=AXIS2_PLACEMENT_3D('',#353,#354,#355);
#353=CARTESIAN_POINT('',(-29.9921540626053,-34.196867544794,-74.3263023894302));
#354=DIRECTION('',(0.,0.707849377476419,0.706363404209368));
#355=DIRECTION('',(1.27202669026495E-16,-0.706363404209368,0.707849377476419));
#356=FACE_BOUND('',#357,.T.);
#357=EDGE_LOOP('',(#1026,#1027,#1028,#1029,#1030,#1031,#1032));
#358=FACE_BOUND('',#359,.T.);
#359=EDGE_LOOP('',(#1033,#1034,#1035,#1036,#1037,#1038,#1039));
#360=PLANE('',#361);
#361=AXIS2_PLACEMENT_3D('',#362,#363,#364);
#362=CARTESIAN_POINT('',(5.,0.,-9.18485099360515E-16));
#363=DIRECTION('',(1.,0.,-1.83697019872103E-16));
#364=DIRECTION('',(-1.83697019872103E-16,1.22464679914735E-16,-1.));
#365=FACE_BOUND('',#366,.T.);
#366=EDGE_LOOP('',(#1040,#1041,#1042,#1043));
#367=CYLINDRICAL_SURFACE('',#368,45.);
#368=AXIS2_PLACEMENT_3D('',#369,#370,#371);
#369=CARTESIAN_POINT('',(0.,0.,0.));
#370=DIRECTION('',(-1.,0.,1.83697019872103E-16));
#371=DIRECTION('',(-1.83697019872103E-16,1.22464679914735E-16,-1.));
#372=FACE_BOUND('',#373,.T.);
#373=EDGE_LOOP('',(#1044,#1045,#1046));
#374=PLANE('',#375);
#375=AXIS2_PLACEMENT_3D('',#376,#377,#378);
#376=CARTESIAN_POINT('',(0.,0.,0.));
#377=DIRECTION('',(1.,0.,-1.83697019872103E-16));
#378=DIRECTION('',(-1.83697019872103E-16,1.22464679914735E-16,-1.));
#379=FACE_BOUND('',#380,.T.);
#380=EDGE_LOOP('',(#1047,#1048,#1049,#1050,#1051));
#381=CONICAL_SURFACE('',#382,48.2859983005898,0.668769434153811);
#382=AXIS2_PLACEMENT_3D('',#383,#384,#385);
#383=CARTESIAN_POINT('',(-3.52545031638562,0.,0.));
#384=DIRECTION('',(-1.,0.,0.));
#385=DIRECTION('',(0.,-6.12323399573677E-17,1.));
#386=FACE_BOUND('',#387,.T.);
#387=EDGE_LOOP('',(#1052,#1053,#1054,#1055,#1056,#1057,#1058,#1059,#1060,#1061,#1062,
#1063));
#388=PLANE('',#389);
#389=AXIS2_PLACEMENT_3D('',#390,#391,#392);
#390=CARTESIAN_POINT('',(-29.9921540626053,-73.6536957315673,-34.7864690645951));
#391=DIRECTION('',(-1.29485584562102E-16,0.770302475426807,-0.637678677980794));
#392=DIRECTION('',(1.57659825070398E-16,0.637678677980794,0.770302475426807));
#393=FACE_BOUND('',#394,.T.);
#394=EDGE_LOOP('',(#1064,#1065));
#395=PLANE('',#396);
#396=AXIS2_PLACEMENT_3D('',#397,#398,#399);
#397=CARTESIAN_POINT('',(-29.9921540626053,-73.6536957315673,-34.7864690645951));
#398=DIRECTION('',(-1.29485584562102E-16,0.770302475426807,-0.637678677980794));
#399=DIRECTION('',(1.57659825070398E-16,0.637678677980794,0.770302475426807));
#400=FACE_BOUND('',#401,.T.);
#401=EDGE_LOOP('',(#1066,#1067,#1068,#1069));
#402=PLANE('',#403);
#403=AXIS2_PLACEMENT_3D('',#404,#405,#406);
#404=CARTESIAN_POINT('',(-29.9921540626053,-73.6536957315673,-34.7864690645951));
#405=DIRECTION('',(-1.29485584562102E-16,0.770302475426807,-0.637678677980794));
#406=DIRECTION('',(1.57659825070398E-16,0.637678677980794,0.770302475426807));
#407=FACE_BOUND('',#408,.T.);
#408=EDGE_LOOP('',(#1070,#1071,#1072,#1073));
#409=PLANE('',#410);
#410=AXIS2_PLACEMENT_3D('',#411,#412,#413);
#411=CARTESIAN_POINT('',(-12.9921540626053,-12.8175660379002,1.37105956670225));
#412=DIRECTION('',(0.,-0.258819045105299,-0.965925826288324));
#413=DIRECTION('',(0.,-0.965925826288324,0.258819045105299));
#414=FACE_BOUND('',#415,.T.);
#415=EDGE_LOOP('',(#1074,#1075,#1076,#1077,#1078,#1079));
#416=PLANE('',#417);
#417=AXIS2_PLACEMENT_3D('',#418,#419,#420);
#418=CARTESIAN_POINT('',(-12.9921540626053,0.,0.));
#419=DIRECTION('',(-1.,0.,0.));
#420=DIRECTION('',(0.,0.,-1.));
#421=FACE_BOUND('',#422,.T.);
#422=EDGE_LOOP('',(#1080,#1081,#1082,#1083));
#423=PLANE('',#424);
#424=AXIS2_PLACEMENT_3D('',#425,#426,#427);
#425=CARTESIAN_POINT('',(-12.9921540626053,-51.2061668238603,15.7840479502297));
#426=DIRECTION('',(0.,0.258819045105298,0.965925826288324));
#427=DIRECTION('',(0.,0.965925826288324,-0.258819045105298));
#428=FACE_BOUND('',#429,.T.);
#429=EDGE_LOOP('',(#1084,#1085,#1086,#1087));
#430=PLANE('',#431);
#431=AXIS2_PLACEMENT_3D('',#432,#433,#434);
#432=CARTESIAN_POINT('',(-12.9921540626053,7.59615543381594,10.4148080201551));
#433=DIRECTION('',(0.,-0.707106781184514,0.707106781188581));
#434=DIRECTION('',(0.,0.707106781188581,0.707106781184514));
#435=FACE_BOUND('',#436,.T.);
#436=EDGE_LOOP('',(#1088,#1089,#1090,#1091,#1092,#1093));
#437=PLANE('',#438);
#438=AXIS2_PLACEMENT_3D('',#439,#440,#441);
#439=CARTESIAN_POINT('',(-12.9921540626053,0.,0.));
#440=DIRECTION('',(-1.,0.,0.));
#441=DIRECTION('',(0.,-0.866025403784439,0.5));
#442=FACE_BOUND('',#443,.T.);
#443=EDGE_LOOP('',(#1094,#1095,#1096,#1097));
#444=PLANE('',#445);
#445=AXIS2_PLACEMENT_3D('',#446,#447,#448);
#446=CARTESIAN_POINT('',(-12.9921540626053,39.2724699113808,36.4538173247721));
#447=DIRECTION('',(0.,0.707106781184515,-0.70710678118858));
#448=DIRECTION('',(0.,-0.70710678118858,-0.707106781184515));
#449=FACE_BOUND('',#450,.T.);
#450=EDGE_LOOP('',(#1098,#1099,#1100,#1101));
#451=PLANE('',#452);
#452=AXIS2_PLACEMENT_3D('',#453,#454,#455);
#453=CARTESIAN_POINT('',(-12.9921540626053,5.22141060408427,-11.7858675868574));
#454=DIRECTION('',(0.,0.965925826289812,0.258819045099743));
#455=DIRECTION('',(0.,0.258819045099743,-0.965925826289812));
#456=FACE_BOUND('',#457,.T.);
#457=EDGE_LOOP('',(#1102,#1103,#1104,#1105,#1106,#1107));
#458=PLANE('',#459);
#459=AXIS2_PLACEMENT_3D('',#460,#461,#462);
#460=CARTESIAN_POINT('',(-12.9921540626053,0.,0.));
#461=DIRECTION('',(-1.,0.,0.));
#462=DIRECTION('',(0.,0.866025403784438,0.5));
#463=FACE_BOUND('',#464,.T.);
#464=EDGE_LOOP('',(#1108,#1109,#1110,#1111));
#465=PLANE('',#466);
#466=AXIS2_PLACEMENT_3D('',#467,#468,#469);
#467=CARTESIAN_POINT('',(-12.9921540626053,11.9336969124796,-52.2378652750018));
#468=DIRECTION('',(0.,-0.965925826289812,-0.258819045099744));
#469=DIRECTION('',(0.,-0.258819045099744,0.965925826289812));
#470=FACE_BOUND('',#471,.T.);
#471=EDGE_LOOP('',(#1112,#1113,#1114,#1115,#1116,#1117));
#472=PLANE('',#473);
#473=AXIS2_PLACEMENT_3D('',#474,#475,#476);
#474=CARTESIAN_POINT('',(-29.9921540626053,-34.1267020394695,-77.1136401564094));
#475=DIRECTION('',(-1.23259516440783E-32,0.655400128393317,-0.755281849180836));
#476=DIRECTION('',(1.57255169505164E-16,0.755281849180836,0.655400128393317));
#477=FACE_BOUND('',#478,.T.);
#478=EDGE_LOOP('',(#1118,#1119,#1120,#1121));
#479=PLANE('',#480);
#480=AXIS2_PLACEMENT_3D('',#481,#482,#483);
#481=CARTESIAN_POINT('',(-29.9921540626053,-76.4463687413875,-34.7939734544858));
#482=DIRECTION('',(-1.4358349756916E-16,-0.707106781186594,-0.707106781186501));
#483=DIRECTION('',(-1.18722481988735E-16,0.707106781186501,-0.707106781186594));
#484=FACE_BOUND('',#485,.T.);
#485=EDGE_LOOP('',(#1122,#1123,#1124,#1125,#1126,#1127));
#486=PLANE('',#487);
#487=AXIS2_PLACEMENT_3D('',#488,#489,#490);
#488=CARTESIAN_POINT('',(-29.9921540626053,-47.5848853731813,0.0700934348394367));
#489=DIRECTION('',(1.17093409477057E-16,-0.770302475426807,0.637678677980794));
#490=DIRECTION('',(-1.56990528382713E-16,-0.637678677980794,-0.770302475426807));
#491=FACE_BOUND('',#492,.T.);
#492=EDGE_LOOP('',(#1128,#1129,#1130,#1131));
#493=CONICAL_SURFACE('',#494,54.229246105531,0.105097511653373);
#494=AXIS2_PLACEMENT_3D('',#495,#496,#497);
#495=CARTESIAN_POINT('',(-18.0215273475247,0.,0.));
#496=DIRECTION('',(-1.,0.,0.));
#497=DIRECTION('',(0.,-6.12323399573677E-17,1.));
#498=FACE_OUTER_BOUND('',#499,.T.);
#499=EDGE_LOOP('',(#1132));
#500=FACE_BOUND('',#501,.T.);
#501=EDGE_LOOP('',(#1133,#1134,#1135,#1136,#1137,#1138,#1139,#1140,#1141,#1142,#1143,
#1144,#1145));
#502=CYLINDRICAL_SURFACE('',#503,14.);
#503=AXIS2_PLACEMENT_3D('',#504,#505,#506);
#504=CARTESIAN_POINT('',(-8.00215406260527,0.,0.));
#505=DIRECTION('',(-1.,0.,0.));
#506=DIRECTION('',(0.,-1.22464679914735E-16,1.));
#507=FACE_OUTER_BOUND('',#508,.T.);
#508=EDGE_LOOP('',(#1146));
#509=FACE_OUTER_BOUND('',#510,.T.);
#510=EDGE_LOOP('',(#1147));
#511=CYLINDRICAL_SURFACE('',#512,12.);
#512=AXIS2_PLACEMENT_3D('',#513,#514,#515);
#513=CARTESIAN_POINT('',(-8.00215406260527,0.,0.));
#514=DIRECTION('',(1.,0.,0.));
#515=DIRECTION('',(0.,-1.22464679914735E-16,1.));
#516=FACE_BOUND('',#517,.T.);
#517=EDGE_LOOP('',(#1148,#1149,#1150,#1151));
#518=CYLINDRICAL_SURFACE('',#519,47.5);
#519=AXIS2_PLACEMENT_3D('',#520,#521,#522);
#520=CARTESIAN_POINT('',(0.,0.,0.));
#521=DIRECTION('',(1.,0.,-1.83697019872103E-16));
#522=DIRECTION('',(-1.83697019872103E-16,1.22464679914735E-16,-1.));
#523=FACE_BOUND('',#524,.T.);
#524=EDGE_LOOP('',(#1152,#1153,#1154,#1155));
#525=PLANE('',#526);
#526=AXIS2_PLACEMENT_3D('',#527,#528,#529);
#527=CARTESIAN_POINT('',(-29.9921540626053,-44.9147349857945,-0.0704069347439365));
#528=DIRECTION('',(1.83370791997847E-16,0.0525462041887895,0.998618493933169));
#529=DIRECTION('',(0.,-0.998618493933169,0.0525462041887895));
#530=FACE_BOUND('',#531,.T.);
#531=EDGE_LOOP('',(#1156,#1157,#1158,#1159,#1160));
#532=PLANE('',#533);
#533=AXIS2_PLACEMENT_3D('',#534,#535,#536);
#534=CARTESIAN_POINT('',(-29.9921540626053,-44.9147349857945,-0.0704069347439365));
#535=DIRECTION('',(1.83370791997847E-16,0.0525462041887895,0.998618493933169));
#536=DIRECTION('',(0.,-0.998618493933169,0.0525462041887895));
#537=FACE_BOUND('',#538,.T.);
#538=EDGE_LOOP('',(#1161,#1162,#1163,#1164,#1165,#1166));
#539=PLANE('',#540);
#540=AXIS2_PLACEMENT_3D('',#541,#542,#543);
#541=CARTESIAN_POINT('',(-17.2921528969999,-48.1796896503802,-21.1909818222677));
#542=DIRECTION('',(0.684488529915141,-0.51495555628307,0.516038978632238));
#543=DIRECTION('',(-0.729023629531039,-0.483497595158298,0.484514832653794));
#544=FACE_BOUND('',#545,.T.);
#545=EDGE_LOOP('',(#1167,#1168,#1169));
#546=PLANE('',#547);
#547=AXIS2_PLACEMENT_3D('',#548,#549,#550);
#548=CARTESIAN_POINT('',(0.,-34.8567221081832,-38.7890858544484));
#549=DIRECTION('',(-6.16297582203915E-33,0.707849454707241,0.706363326816067));
#550=DIRECTION('',(-6.12323399573677E-17,-0.706363326816067,0.707849454707241));
#551=FACE_BOUND('',#552,.T.);
#552=EDGE_LOOP('',(#1170,#1171,#1172,#1173,#1174,#1175,#1176,#1177,#1178,#1179,#1180));
#553=FACE_BOUND('',#554,.T.);
#554=EDGE_LOOP('',(#1181));
#555=FACE_BOUND('',#556,.T.);
#556=EDGE_LOOP('',(#1182));
#557=PLANE('',#558);
#558=AXIS2_PLACEMENT_3D('',#559,#560,#561);
#559=CARTESIAN_POINT('',(-17.2921540626053,-1.87469972832732E-32,3.06161699786838E-16));
#560=DIRECTION('',(1.,7.49879891330929E-33,-1.22464679914735E-16));
#561=DIRECTION('',(-1.22464679914735E-16,1.83697019872103E-16,-1.));
#562=FACE_BOUND('',#563,.T.);
#563=EDGE_LOOP('',(#1183,#1184,#1185,#1186));
#564=PLANE('',#565);
#565=AXIS2_PLACEMENT_3D('',#566,#567,#568);
#566=CARTESIAN_POINT('',(-17.2921540626053,-62.7608123718845,-21.628094312175));
#567=DIRECTION('',(0.,-0.707849454707241,-0.706363326816066));
#568=DIRECTION('',(0.,0.706363326816067,-0.707849454707241));
#569=FACE_BOUND('',#570,.T.);
#570=EDGE_LOOP('',(#1187,#1188,#1189,#1190,#1191,#1192));
#571=FACE_BOUND('',#572,.T.);
#572=EDGE_LOOP('',(#1193));
#573=FACE_BOUND('',#574,.T.);
#574=EDGE_LOOP('',(#1194));
#575=PLANE('',#576);
#576=AXIS2_PLACEMENT_3D('',#577,#578,#579);
#577=CARTESIAN_POINT('',(-14.7921540626053,0.,0.));
#578=DIRECTION('',(1.,7.49879891330929E-33,-1.22464679914735E-16));
#579=DIRECTION('',(-1.22464679914735E-16,1.83697019872103E-16,-1.));
#580=FACE_BOUND('',#581,.T.);
#581=EDGE_LOOP('',(#1195,#1196,#1197,#1198));
#582=PLANE('',#583);
#583=AXIS2_PLACEMENT_3D('',#584,#585,#586);
#584=CARTESIAN_POINT('',(-17.2921540626053,-68.7443379582363,9.19744641129541));
#585=DIRECTION('',(-0.139110566038198,0.700966932131117,0.699495254076267));
#586=DIRECTION('',(0.990276855438181,0.0984693383141528,0.098262602222009));
#587=FACE_BOUND('',#588,.T.);
#588=EDGE_LOOP('',(#1199,#1200,#1201,#1202));
#589=PLANE('',#590);
#590=AXIS2_PLACEMENT_3D('',#591,#592,#593);
#591=CARTESIAN_POINT('',(-28.9921540626053,-55.9392768541015,-13.4150691122104));
#592=DIRECTION('',(7.51609571327634E-16,0.706363326816069,-0.707849454707239));
#593=DIRECTION('',(1.,-6.06342807249366E-16,4.56751427380412E-16));
#594=FACE_BOUND('',#595,.T.);
#595=EDGE_LOOP('',(#1203,#1204,#1205,#1206,#1207));
#596=CONICAL_SURFACE('',#597,50.2859983004605,0.668769434153811);
#597=AXIS2_PLACEMENT_3D('',#598,#599,#600);
#598=CARTESIAN_POINT('',(-3.52545031622209,0.,0.));
#599=DIRECTION('',(-1.,0.,0.));
#600=DIRECTION('',(0.,-6.12323399573677E-17,1.));
#601=FACE_BOUND('',#602,.T.);
#602=EDGE_LOOP('',(#1208));
#603=FACE_BOUND('',#604,.T.);
#604=EDGE_LOOP('',(#1209));
#605=PLANE('',#606);
#606=AXIS2_PLACEMENT_3D('',#607,#608,#609);
#607=CARTESIAN_POINT('',(-8.00215406260527,0.,0.));
#608=DIRECTION('',(-1.,0.,0.));
#609=DIRECTION('',(0.,-1.22464679914735E-16,1.));
#610=FACE_BOUND('',#611,.T.);
#611=EDGE_LOOP('',(#1210,#1211,#1212,#1213));
#612=PLANE('',#613);
#613=AXIS2_PLACEMENT_3D('',#614,#615,#616);
#614=CARTESIAN_POINT('',(0.,-32.7331737440615,-36.6699958740002));
#615=DIRECTION('',(-6.16297582203915E-33,0.707849454707241,0.706363326816067));
#616=DIRECTION('',(-6.12323399573677E-17,-0.706363326816067,0.707849454707241));
#617=FACE_BOUND('',#618,.T.);
#618=EDGE_LOOP('',(#1214,#1215,#1216,#1217));
#619=PLANE('',#620);
#620=AXIS2_PLACEMENT_3D('',#621,#622,#623);
#621=CARTESIAN_POINT('',(-17.2921540626053,-55.5925324494104,-28.8114556811514));
#622=DIRECTION('',(0.,0.706363326816067,-0.707849454707241));
#623=DIRECTION('',(0.,0.707849454707241,0.706363326816067));
#624=FACE_OUTER_BOUND('',#625,.T.);
#625=EDGE_LOOP('',(#1218));
#626=FACE_OUTER_BOUND('',#627,.T.);
#627=EDGE_LOOP('',(#1219));
#628=CYLINDRICAL_SURFACE('',#629,2.);
#629=AXIS2_PLACEMENT_3D('',#630,#631,#632);
#630=CARTESIAN_POINT('',(-18.2921540626053,-48.1406797811548,-16.360057459283));
#631=DIRECTION('',(1.,7.49879891330929E-33,-1.22464679914735E-16));
#632=DIRECTION('',(-1.22464679914735E-16,-1.22464679914735E-16,-1.));
#633=FACE_OUTER_BOUND('',#634,.T.);
#634=EDGE_LOOP('',(#1220));
#635=FACE_OUTER_BOUND('',#636,.T.);
#636=EDGE_LOOP('',(#1221));
#637=CYLINDRICAL_SURFACE('',#638,2.);
#638=AXIS2_PLACEMENT_3D('',#639,#640,#641);
#639=CARTESIAN_POINT('',(-18.2921540626053,-55.2191743282272,-23.4236907274437));
#640=DIRECTION('',(1.,7.49879891330929E-33,-1.22464679914735E-16));
#641=DIRECTION('',(-1.22464679914735E-16,-1.22464679914735E-16,-1.));
#642=FACE_BOUND('',#643,.T.);
#643=EDGE_LOOP('',(#1222,#1223,#1224,#1225));
#644=CYLINDRICAL_SURFACE('',#645,1.);
#645=AXIS2_PLACEMENT_3D('',#646,#647,#648);
#646=CARTESIAN_POINT('',(-32.9921540626053,-34.1478302556266,-72.9597409571174));
#647=DIRECTION('',(1.,3.38416902691282E-16,0.));
#648=DIRECTION('',(2.39548193897521E-16,-0.707849377476415,-0.706363404209371));
#649=FACE_BOUND('',#650,.T.);
#650=EDGE_LOOP('',(#1226,#1227,#1228,#1229));
#651=CYLINDRICAL_SURFACE('',#652,1.);
#652=AXIS2_PLACEMENT_3D('',#653,#654,#655);
#653=CARTESIAN_POINT('',(-32.9921540626053,-72.303569893312,-34.7237332750397));
#654=DIRECTION('',(1.,0.,-3.38416902691282E-16));
#655=DIRECTION('',(2.1580124311453E-16,-0.770302475426811,0.637678677980789));
#656=FACE_BOUND('',#657,.T.);
#657=EDGE_LOOP('',(#1230,#1231,#1232,#1233));
#658=CYLINDRICAL_SURFACE('',#659,1.);
#659=AXIS2_PLACEMENT_3D('',#660,#661,#662);
#660=CARTESIAN_POINT('',(-13.7921540626053,-28.0196697249214,-67.6419947369546));
#661=DIRECTION('',(0.,-0.755281849180836,-0.655400128393317));
#662=DIRECTION('',(-1.,7.03454106949069E-15,-8.10659161774684E-15));
#663=FACE_BOUND('',#664,.T.);
#664=EDGE_LOOP('',(#1234,#1235,#1236,#1237));
#665=CYLINDRICAL_SURFACE('',#666,1.);
#666=AXIS2_PLACEMENT_3D('',#667,#668,#669);
#667=CARTESIAN_POINT('',(-13.7921540626053,-47.9802215758024,-5.34163839462978));
#668=DIRECTION('',(1.18539306211424E-16,0.637678677980794,0.770302475426807));
#669=DIRECTION('',(-1.,3.41915212708762E-15,-2.67658636415863E-15));
#670=FACE_BOUND('',#671,.T.);
#671=EDGE_LOOP('',(#1238,#1239,#1240,#1241));
#672=(BOUNDED_SURFACE()B_SPLINE_SURFACE(3,2,(
(#673,#674,#675),
(#676,#677,#678),
(#679,#680,#681),
(#682,#683,#684),
(#685,#686,#687),
(#688,#689,#690)),
.UNSPECIFIED.,.F.,.F.,.F.)B_SPLINE_SURFACE_WITH_KNOTS((4,1,1,4),
(3,3),
(2.27416349577561,9.33293313930348,12.862312824071,18.9126469544531),
(0.,1.),
.UNSPECIFIED.)GEOMETRIC_REPRESENTATION_ITEM()RATIONAL_B_SPLINE_SURFACE((
(1.,0.686032998581263,1.),
(1.,0.686134404798365,1.),
(1.,0.686284318709145,1.),
(1.,0.686514938501137,1.),
(1.,0.686645190693326,1.),
(1.,0.686726482325075,1.)))REPRESENTATION_ITEM('')SURFACE());
#673=CARTESIAN_POINT('',(-12.8872399755705,-50.6292009264709,10.4065916422363));
#674=CARTESIAN_POINT('',(-12.8806960279167,-50.4150023869462,11.4452622740256));
#675=CARTESIAN_POINT('',(-12.9921441184849,-49.3962643433656,11.1722922379461));
#676=CARTESIAN_POINT('',(-15.1647325080024,-50.861608223017,10.4691530781231));
#677=CARTESIAN_POINT('',(-15.157885017952,-50.6471472241088,11.507465295671));
#678=CARTESIAN_POINT('',(-15.2696366509168,-49.6287277640857,11.2345806237986));
#679=CARTESIAN_POINT('',(-18.7978736644758,-51.2323448967172,10.5689447086508));
#680=CARTESIAN_POINT('',(-18.5739371952503,-50.9953895376106,11.6007765423453));
#681=CARTESIAN_POINT('',(-18.9027778073902,-49.9995528774661,11.3339429134632));
#682=CARTESIAN_POINT('',(-24.1662382438784,-51.7801306510529,10.7163781112043));
#683=CARTESIAN_POINT('',(-23.9424913731813,-51.542670300287,11.7474199807392));
#684=CARTESIAN_POINT('',(-24.2711423867928,-50.5474668267587,11.4807560136996));
#685=CARTESIAN_POINT('',(-27.2571097575866,-52.0955131724406,10.8012544708619));
#686=CARTESIAN_POINT('',(-27.033630082325,-51.8577842349771,11.8318545050642));
#687=CARTESIAN_POINT('',(-27.362013900501,-50.8629219655119,11.5652819633777));
#688=CARTESIAN_POINT('',(-28.9923325749987,-52.2725670176148,10.8489013968873));
#689=CARTESIAN_POINT('',(-28.9860136031311,-52.0568112225175,11.8851836256482));
#690=CARTESIAN_POINT('',(-29.0972367179131,-51.0400162125151,11.612734223847));
#691=FACE_BOUND('',#692,.T.);
#692=EDGE_LOOP('',(#1242,#1243,#1244,#1245));
#693=(BOUNDED_SURFACE()B_SPLINE_SURFACE(3,2,(
(#694,#695,#696),
(#697,#698,#699),
(#700,#701,#702),
(#703,#704,#705),
(#706,#707,#708),
(#709,#710,#711)),
.UNSPECIFIED.,.F.,.F.,.F.)B_SPLINE_SURFACE_WITH_KNOTS((4,1,1,4),
(3,3),
(2.27416349577531,9.33293313930257,12.8623128240698,18.9126481363103),
(0.,1.),
.UNSPECIFIED.)GEOMETRIC_REPRESENTATION_ITEM()RATIONAL_B_SPLINE_SURFACE((
(1.,0.686032998581115,1.),
(1.,0.686134404798397,1.),
(1.,0.686284318709157,1.),
(1.,0.686514938517481,1.),
(1.,0.68664519072562,1.),
(1.,0.686726482372713,1.)))REPRESENTATION_ITEM('')SURFACE());
#694=CARTESIAN_POINT('',(-12.8872399722377,-49.0494699963145,16.3022277344393));
#695=CARTESIAN_POINT('',(-12.8806960245838,-49.3833039355336,15.2956133113843));
#696=CARTESIAN_POINT('',(-12.992144115152,-48.3645658919525,15.0226432753047));
#697=CARTESIAN_POINT('',(-15.1647325087582,-49.2820213375088,16.3642515900498));
#698=CARTESIAN_POINT('',(-15.1578850186353,-49.6154487731055,15.3578163331394));
#699=CARTESIAN_POINT('',(-15.2696366516726,-48.5970293130899,15.084931661269));
#700=CARTESIAN_POINT('',(-18.7978737069606,-49.6529845345718,16.4631978409165));
#701=CARTESIAN_POINT('',(-18.5739371955484,-49.9636910865681,15.4511275798032));
#702=CARTESIAN_POINT('',(-18.902777849875,-48.9678544307296,15.1842939520749));
#703=CARTESIAN_POINT('',(-24.1662386669148,-50.2010976537878,16.6094096564745));
#704=CARTESIAN_POINT('',(-23.9424917534814,-50.5109718879826,15.5977710285769));
#705=CARTESIAN_POINT('',(-24.2711428098292,-49.5157684188623,15.3311070627184));
#706=CARTESIAN_POINT('',(-27.2571105659525,-50.5166651483867,16.6935958440217));
#707=CARTESIAN_POINT('',(-27.0336308486309,-50.8260858620223,15.6822055634456));
#708=CARTESIAN_POINT('',(-27.3620147088669,-49.831223596941,15.4156330229338));
#709=CARTESIAN_POINT('',(-28.9923337189652,-50.693821773419,16.7408593274011));
#710=CARTESIAN_POINT('',(-28.986014747113,-51.0251128880627,15.7355346943457));
#711=CARTESIAN_POINT('',(-29.0972378618796,-50.0083178781938,15.4630852925802));
#712=FACE_BOUND('',#713,.T.);
#713=EDGE_LOOP('',(#1246,#1247,#1248,#1249));
#714=(BOUNDED_SURFACE()B_SPLINE_SURFACE(3,2,(
(#715,#716,#717),
(#718,#719,#720),
(#721,#722,#723),
(#724,#725,#726),
(#727,#728,#729),
(#730,#731,#732)),
.UNSPECIFIED.,.F.,.F.,.F.)B_SPLINE_SURFACE_WITH_KNOTS((4,1,1,4),
(3,3),
(2.27416349577615,9.33293313930601,12.8623128240746,18.912648138422),
(0.,1.),
.UNSPECIFIED.)GEOMETRIC_REPRESENTATION_ITEM()RATIONAL_B_SPLINE_SURFACE((
(1.,0.686032998581263,1.),
(1.,0.686134404798366,1.),
(1.,0.686284318709145,1.),
(1.,0.686514938517548,1.),
(1.,0.686645190725522,1.),
(1.,0.686726482372798,1.)))REPRESENTATION_ITEM('')SURFACE());
#715=CARTESIAN_POINT('',(-12.8872399755705,34.3269731922229,38.6428783545123));
#716=CARTESIAN_POINT('',(-12.8806960279167,35.1193890757549,37.9380416619358));
#717=CARTESIAN_POINT('',(-12.9921441184849,34.3736210682478,37.192273654433));
#718=CARTESIAN_POINT('',(-15.1647325080022,34.4973566332711,38.8128682594026));
#719=CARTESIAN_POINT('',(-15.1578850179518,35.2893308912733,38.1079834774531));
#720=CARTESIAN_POINT('',(-15.2696366509166,34.5437961031167,37.3624486893009));
#721=CARTESIAN_POINT('',(-18.79787370692,34.7691470604185,39.0840398248457));
#722=CARTESIAN_POINT('',(-18.5739371952497,35.5442619581029,38.3629145442813));
#723=CARTESIAN_POINT('',(-18.9027778498343,34.8152589300062,37.6339115161888));
#724=CARTESIAN_POINT('',(-24.166238668325,35.1707210381389,39.4847195311663));
#725=CARTESIAN_POINT('',(-23.9424917550683,35.9448993108874,38.7635518970635));
#726=CARTESIAN_POINT('',(-24.2711428112393,35.2163598076068,38.0350123937872));
#727=CARTESIAN_POINT('',(-27.2571105640359,35.4019174110491,39.7154106552798));
#728=CARTESIAN_POINT('',(-27.0336308462506,36.1755787497643,38.994231335939));
#729=CARTESIAN_POINT('',(-27.3620147069503,35.4472890252236,38.2659416114025));
#730=CARTESIAN_POINT('',(-28.9923337210065,35.5317078073828,39.8449203453685));
#731=CARTESIAN_POINT('',(-28.9860147491543,36.3212766452356,39.1399292314096));
#732=CARTESIAN_POINT('',(-29.0972378639208,35.5769310371265,38.3955836233048));
#733=FACE_BOUND('',#734,.T.);
#734=EDGE_LOOP('',(#1250,#1251,#1252,#1253));
#735=(BOUNDED_SURFACE()B_SPLINE_SURFACE(3,2,(
(#736,#737,#738),
(#739,#740,#741),
(#742,#743,#744),
(#745,#746,#747),
(#748,#749,#750),
(#751,#752,#753)),
.UNSPECIFIED.,.F.,.F.,.F.)B_SPLINE_SURFACE_WITH_KNOTS((4,1,1,4),
(3,3),
(2.27416349578018,9.33293313931765,12.86231282409,18.9126481384267),
(0.,1.),
.UNSPECIFIED.)GEOMETRIC_REPRESENTATION_ITEM()RATIONAL_B_SPLINE_SURFACE((
(1.,0.686032998581115,1.),
(1.,0.686134404798397,1.),
(1.,0.686284318709157,1.),
(1.,0.686514938517511,1.),
(1.,0.686645190725677,1.),
(1.,0.686726482372798,1.)))REPRESENTATION_ITEM('')SURFACE());
#736=CARTESIAN_POINT('',(-12.8872399722377,38.6428783544609,34.3269731917513));
#737=CARTESIAN_POINT('',(-12.8806960245838,37.938041661889,35.119389075288));
#738=CARTESIAN_POINT('',(-12.992144115152,37.1922736543816,34.3736210677849));
#739=CARTESIAN_POINT('',(-15.1647325087612,38.8128682596577,34.4973566331047));
#740=CARTESIAN_POINT('',(-15.1578850186382,38.1079834777073,35.2893308911053));
#741=CARTESIAN_POINT('',(-15.2696366516755,37.3624486895563,34.5437961029586));
#742=CARTESIAN_POINT('',(-18.7978737070431,39.0840398250548,34.769147060203));
#743=CARTESIAN_POINT('',(-18.5739371955557,38.3629145445085,35.5442619579051));
#744=CARTESIAN_POINT('',(-18.9027778499575,37.6339115163982,34.8152589297989));
#745=CARTESIAN_POINT('',(-24.1662386676777,39.4847195313203,35.1707210378635));
#746=CARTESIAN_POINT('',(-23.942491754169,38.7635518972032,35.9448993105974));
#747=CARTESIAN_POINT('',(-24.2711428105921,38.0350123939414,35.2163598073398));
#748=CARTESIAN_POINT('',(-27.2571105673929,39.715410655734,35.4019174110717));
#749=CARTESIAN_POINT('',(-27.033630849996,38.9942313364265,36.1755787498195));
#750=CARTESIAN_POINT('',(-27.3620147103073,38.2659416118571,35.4472890252542));
#751=CARTESIAN_POINT('',(-28.9923337210065,39.8449203455728,35.5317078071537));
#752=CARTESIAN_POINT('',(-28.9860147491543,39.1399292316185,36.3212766450106));
#753=CARTESIAN_POINT('',(-29.0972378639208,38.3955836235094,35.5769310369057));
#754=FACE_BOUND('',#755,.T.);
#755=EDGE_LOOP('',(#1254,#1255,#1256,#1257));
#756=(BOUNDED_SURFACE()B_SPLINE_SURFACE(3,2,(
(#757,#758,#759),
(#760,#761,#762),
(#763,#764,#765),
(#766,#767,#768),
(#769,#770,#771),
(#772,#773,#774)),
.UNSPECIFIED.,.F.,.F.,.F.)B_SPLINE_SURFACE_WITH_KNOTS((4,1,1,4),
(3,3),
(2.27416349577692,9.33293313930826,12.8623128240776,18.9126481363133),
(0.,1.),
.UNSPECIFIED.)GEOMETRIC_REPRESENTATION_ITEM()RATIONAL_B_SPLINE_SURFACE((
(1.,0.686032998581263,1.),
(1.,0.686134404798365,1.),
(1.,0.686284318709145,1.),
(1.,0.686514938517518,1.),
(1.,0.686645190725465,1.),
(1.,0.686726482372713,1.)))REPRESENTATION_ITEM('')SURFACE());
#757=CARTESIAN_POINT('',(-12.8872399755705,16.302227734248,-49.0494699967486));
#758=CARTESIAN_POINT('',(-12.8806960279167,15.2956133111913,-49.3833039359613));
#759=CARTESIAN_POINT('',(-12.9921441184849,15.0226432751178,-48.3645658923791));
#760=CARTESIAN_POINT('',(-15.1647325080028,16.3642515897459,-49.2820213375258));
#761=CARTESIAN_POINT('',(-15.1578850179523,15.3578163328355,-49.6154487731242));
#762=CARTESIAN_POINT('',(-15.2696366509171,15.0849316609689,-48.5970293130995));
#763=CARTESIAN_POINT('',(-18.7978737068457,16.4631978406278,-49.6529845346548));
#764=CARTESIAN_POINT('',(-18.5739371952511,15.4511275795077,-49.9636910866267));
#765=CARTESIAN_POINT('',(-18.9027778497601,15.1842939517901,-48.9678544308052));
#766=CARTESIAN_POINT('',(-24.1662386675703,16.6094096562036,-50.2010976539503));
#767=CARTESIAN_POINT('',(-23.9424917543894,15.5977710283113,-50.5109718881649));
#768=CARTESIAN_POINT('',(-24.2711428104846,15.3311070624516,-49.5157684190174));
#769=CARTESIAN_POINT('',(-27.2571105626002,16.6935958436399,-50.5166651481405));
#770=CARTESIAN_POINT('',(-27.0336308448907,15.6822055630512,-50.8260858617312));
#771=CARTESIAN_POINT('',(-27.3620147055146,15.4156330225556,-49.8312235966876));
#772=CARTESIAN_POINT('',(-28.9923337189652,16.7408593271096,-50.6938217735152));
#773=CARTESIAN_POINT('',(-28.986014747113,15.7355346940523,-51.0251128881532));
#774=CARTESIAN_POINT('',(-29.0972378618795,15.4630852922926,-50.0083178782827));
#775=FACE_BOUND('',#776,.T.);
#776=EDGE_LOOP('',(#1258,#1259,#1260,#1261));
#777=(BOUNDED_SURFACE()B_SPLINE_SURFACE(3,2,(
(#778,#779,#780),
(#781,#782,#783),
(#784,#785,#786),
(#787,#788,#789),
(#790,#791,#792),
(#793,#794,#795)),
.UNSPECIFIED.,.F.,.F.,.F.)B_SPLINE_SURFACE_WITH_KNOTS((4,1,1,4),
(3,3),
(2.27416349577615,9.33293313930599,12.8623128240745,18.9126469544667),
(0.,1.),
.UNSPECIFIED.)GEOMETRIC_REPRESENTATION_ITEM()RATIONAL_B_SPLINE_SURFACE((
(1.,0.686032998581115,1.),
(1.,0.686134404798397,1.),
(1.,0.686284318709157,1.),
(1.,0.6865149385011,1.),
(1.,0.686645190693482,1.),
(1.,0.686726482325075,1.)))REPRESENTATION_ITEM('')SURFACE());
#778=CARTESIAN_POINT('',(-12.8872399722377,10.4065916418536,-50.6292009261906));
#779=CARTESIAN_POINT('',(-12.8806960245838,11.4452622736446,-50.4150023866723));
#780=CARTESIAN_POINT('',(-12.992144115152,11.1722922375709,-49.3962643430897));
#781=CARTESIAN_POINT('',(-15.1647325087583,10.4691530778514,-50.8616082231543));
#782=CARTESIAN_POINT('',(-15.1578850186353,11.5074652953985,-50.6471472242446));
#783=CARTESIAN_POINT('',(-15.2696366516726,11.2345806235338,-49.6287277642274));
#784=CARTESIAN_POINT('',(-18.7978736645917,10.5689447083594,-51.2323448967898));
#785=CARTESIAN_POINT('',(-18.5739371955484,11.6007765420602,-50.9953895377077));
#786=CARTESIAN_POINT('',(-18.902777807506,11.3339429131788,-49.9995528775431));
#787=CARTESIAN_POINT('',(-24.1662382432247,10.7163781108886,-51.7801306510478));
#788=CARTESIAN_POINT('',(-23.942491372275,11.747419980418,-51.5426703002621));
#789=CARTESIAN_POINT('',(-24.2711423861391,11.480756013391,-50.547466826758));
#790=CARTESIAN_POINT('',(-27.2571097609411,10.8012544706544,-52.095513172845));
#791=CARTESIAN_POINT('',(-27.0336300860672,11.8318545048682,-51.8577842354266));
#792=CARTESIAN_POINT('',(-27.3620139038555,11.565281963177,-50.8629219659209));
#793=CARTESIAN_POINT('',(-28.9923325750013,10.8489013965867,-52.2725670176775));
#794=CARTESIAN_POINT('',(-28.9860136031337,11.8851836253489,-52.0568112225861));
#795=CARTESIAN_POINT('',(-29.0972367179157,11.6127342235535,-51.0400162125822));
#796=FACE_BOUND('',#797,.T.);
#797=EDGE_LOOP('',(#1262,#1263,#1264,#1265,#1266));
#798=CYLINDRICAL_SURFACE('',#799,1.);
#799=AXIS2_PLACEMENT_3D('',#800,#801,#802);
#800=CARTESIAN_POINT('',(-32.706386444914,-57.804305009622,-17.2089252417189));
#801=DIRECTION('',(1.,0.,4.55199250711057E-16));
#802=DIRECTION('',(-3.21536057096442E-16,0.707849454707242,0.706363326816066));
#803=FACE_BOUND('',#804,.T.);
#804=EDGE_LOOP('',(#1267,#1268,#1269,#1270));
#805=CYLINDRICAL_SURFACE('',#806,1.);
#806=AXIS2_PLACEMENT_3D('',#807,#808,#809);
#807=CARTESIAN_POINT('',(-18.2921540626053,-55.2535902976988,-14.1277153400117));
#808=DIRECTION('',(-1.91368725285582E-16,-0.637678677980793,-0.770302475426808));
#809=DIRECTION('',(1.,4.0940865691059E-15,-3.63763654616245E-15));
#810=FACE_BOUND('',#811,.T.);
#811=EDGE_LOOP('',(#1271,#1272,#1273,#1274));
#812=CYLINDRICAL_SURFACE('',#813,1.);
#813=AXIS2_PLACEMENT_3D('',#814,#815,#816);
#814=CARTESIAN_POINT('',(-18.2921540626053,-28.0196697249214,-67.6419947369546));
#815=DIRECTION('',(0.,0.755281849180837,0.655400128393317));
#816=DIRECTION('',(1.,-8.56060684385446E-15,9.8652268851195E-15));
#817=FACE_BOUND('',#818,.T.);
#818=EDGE_LOOP('',(#1275,#1276,#1277,#1278,#1279));
#819=CYLINDRICAL_SURFACE('',#820,1.);
#820=AXIS2_PLACEMENT_3D('',#821,#822,#823);
#821=CARTESIAN_POINT('',(-18.2921540626053,-48.2051823423272,-5.61338628476883));
#822=DIRECTION('',(1.85773249397699E-16,-0.637678677980794,-0.770302475426807));
#823=DIRECTION('',(1.,3.46202577909406E-15,-2.62479589128952E-15));
#824=FACE_BOUND('',#825,.T.);
#825=EDGE_LOOP('',(#1280,#1281,#1282,#1283));
#826=CYLINDRICAL_SURFACE('',#827,1.);
#827=AXIS2_PLACEMENT_3D('',#828,#829,#830);
#828=CARTESIAN_POINT('',(-18.2921540626053,-19.9715186535344,-60.658165784575));
#829=DIRECTION('',(-1.8640874672829E-16,0.755281849180836,0.655400128393317));
#830=DIRECTION('',(1.,-1.38527463143137E-15,1.88080758391204E-15));
#831=FACE_BOUND('',#832,.T.);
#832=EDGE_LOOP('',(#1284,#1285,#1286,#1287,#1288,#1289));
#833=CYLINDRICAL_SURFACE('',#834,1.);
#834=AXIS2_PLACEMENT_3D('',#835,#836,#837);
#835=CARTESIAN_POINT('',(-26.2921540626053,-22.7872109402602,-63.1014988108322));
#836=DIRECTION('',(-1.,-1.03981863769771E-15,3.46606212565902E-16));
#837=DIRECTION('',(-4.9120513828557E-16,0.707849454707233,0.706363326816074));
#838=FACE_BOUND('',#839,.T.);
#839=EDGE_LOOP('',(#1290,#1291,#1292,#1293,#1294,#1295));
#840=CYLINDRICAL_SURFACE('',#841,1.);
#841=AXIS2_PLACEMENT_3D('',#842,#843,#844);
#842=CARTESIAN_POINT('',(-5.79215406260527,-62.6918168238444,-23.1129370570343));
#843=DIRECTION('',(1.,3.46606212565902E-16,-3.46606212565902E-16));
#844=DIRECTION('',(-5.15101159754066E-19,0.707849454707249,0.706363326816058));
#845=FACE_BOUND('',#846,.T.);
#846=EDGE_LOOP('',(#1296,#1297,#1298,#1299));
#847=CYLINDRICAL_SURFACE('',#848,1.);
#848=AXIS2_PLACEMENT_3D('',#849,#850,#851);
#849=CARTESIAN_POINT('',(-32.9921540626053,-34.0784063671572,-75.7477222663486));
#850=DIRECTION('',(-1.,0.,0.));
#851=DIRECTION('',(0.,0.655400128393316,-0.755281849180837));
#852=FACE_BOUND('',#853,.T.);
#853=EDGE_LOOP('',(#1300,#1301,#1302,#1303));
#854=CYLINDRICAL_SURFACE('',#855,1.);
#855=AXIS2_PLACEMENT_3D('',#856,#857,#858);
#856=CARTESIAN_POINT('',(-32.9921540626053,-75.0956306081151,-34.7304980253852));
#857=DIRECTION('',(-1.,0.,1.69208451345641E-16));
#858=DIRECTION('',(-1.19648443380568E-16,-0.707106781186601,-0.707106781186494));
#859=FACE_BOUND('',#860,.T.);
#860=EDGE_LOOP('',(#1304,#1305,#1306,#1307));
#861=TOROIDAL_SURFACE('',#862,46.,1.);
#862=AXIS2_PLACEMENT_3D('',#863,#864,#865);
#863=CARTESIAN_POINT('',(0.866025403784456,0.,0.));
#864=DIRECTION('',(-1.,0.,0.));
#865=DIRECTION('',(0.,-0.998990223687565,-0.0449280867238821));
#866=CARTESIAN_POINT('',(-17.2921540626053,-7.94253427860828,-51.543955091786));
#867=CARTESIAN_POINT('',(-17.2921540626053,-13.3647278966168,-44.2297652291142));
#868=CARTESIAN_POINT('',(-17.2921540626053,-13.3647278966168,-44.2297652291142));
#869=CARTESIAN_POINT('',(-17.2921540626053,-9.15460168356675,-52.5957334918606));
#870=CARTESIAN_POINT('',(-17.2921540626053,-9.15460168356675,-52.5957334918606));
#871=CARTESIAN_POINT('',(-17.2921540626053,-7.94253427860828,-51.543955091786));
#872=CARTESIAN_POINT('',(-17.2921540626053,-7.94253427860828,-51.543955091786));
#873=CARTESIAN_POINT('',(-17.2921540626053,-13.3647278966168,-44.2297652291142));
#874=CARTESIAN_POINT('',(-17.2921540626053,-9.15460168356675,-52.5957334918606));
#875=CARTESIAN_POINT('',(-17.2921540626053,-7.94253427860828,-51.543955091786));
#876=CARTESIAN_POINT('',(-17.2921540626053,-51.5261995257934,-8.05691750849526));
#877=CARTESIAN_POINT('',(-17.2921540626053,-52.5675831012127,-9.31488703252382));
#878=CARTESIAN_POINT('',(-17.2921540626053,-51.5261995257934,-8.05691750849526));
#879=CARTESIAN_POINT('',(-17.2921540626053,-42.1433918845048,-15.3905515481211));
#880=CARTESIAN_POINT('',(-17.2921540626053,-52.5675831012127,-9.31488703252382));
#881=CARTESIAN_POINT('',(-17.2921540626053,-42.1433918845048,-15.3905515481211));
#882=CARTESIAN_POINT('',(-14.7921540626053,-51.3012387631444,-7.78516961836472));
#883=CARTESIAN_POINT('',(-14.7921540626053,-51.5261995256117,-8.05691750827575));
#884=CARTESIAN_POINT('',(-14.7921540626053,-51.5261995256117,-8.05691750827575));
#885=CARTESIAN_POINT('',(-17.2921540626053,-51.5261995279162,-8.05691750636803));
#886=CARTESIAN_POINT('',(-14.7921540626053,-51.3012387631444,-7.78516961836472));
#887=CARTESIAN_POINT('',(-17.2921540626053,-51.5261995279162,-8.05691750636803));
#888=CARTESIAN_POINT('',(-14.7921540626053,-7.94253427711728,-51.5439550932801));
#889=CARTESIAN_POINT('',(-14.7921540626053,-7.68093269991417,-51.3169488311547));
#890=CARTESIAN_POINT('',(-14.7921540626053,-7.68093269991417,-51.3169488311547));
#891=CARTESIAN_POINT('',(-17.2921540626053,-7.9425342787237,-51.5439550918495));
#892=CARTESIAN_POINT('',(-17.2921540626053,-7.9425342787237,-51.5439550918495));
#893=CARTESIAN_POINT('',(-14.7921540626053,-7.94253427711728,-51.5439550932801));
#894=ORIENTED_EDGE('',*,*,#1308,.F.);
#895=ORIENTED_EDGE('',*,*,#1309,.T.);
#896=ORIENTED_EDGE('',*,*,#1310,.F.);
#897=ORIENTED_EDGE('',*,*,#1311,.T.);
#898=ORIENTED_EDGE('',*,*,#1312,.T.);
#899=ORIENTED_EDGE('',*,*,#1313,.T.);
#900=ORIENTED_EDGE('',*,*,#1314,.T.);
#901=ORIENTED_EDGE('',*,*,#1315,.T.);
#902=ORIENTED_EDGE('',*,*,#1316,.T.);
#903=ORIENTED_EDGE('',*,*,#1317,.T.);
#904=ORIENTED_EDGE('',*,*,#1318,.T.);
#905=ORIENTED_EDGE('',*,*,#1312,.F.);
#906=ORIENTED_EDGE('',*,*,#1319,.T.);
#907=ORIENTED_EDGE('',*,*,#1320,.T.);
#908=ORIENTED_EDGE('',*,*,#1321,.F.);
#909=ORIENTED_EDGE('',*,*,#1316,.F.);
#910=ORIENTED_EDGE('',*,*,#1322,.F.);
#911=ORIENTED_EDGE('',*,*,#1323,.F.);
#912=ORIENTED_EDGE('',*,*,#1324,.T.);
#913=ORIENTED_EDGE('',*,*,#1325,.F.);
#914=ORIENTED_EDGE('',*,*,#1326,.T.);
#915=ORIENTED_EDGE('',*,*,#1327,.T.);
#916=ORIENTED_EDGE('',*,*,#1328,.F.);
#917=ORIENTED_EDGE('',*,*,#1329,.F.);
#918=ORIENTED_EDGE('',*,*,#1330,.F.);
#919=ORIENTED_EDGE('',*,*,#1331,.F.);
#920=ORIENTED_EDGE('',*,*,#1332,.F.);
#921=ORIENTED_EDGE('',*,*,#1333,.F.);
#922=ORIENTED_EDGE('',*,*,#1334,.F.);
#923=ORIENTED_EDGE('',*,*,#1335,.T.);
#924=ORIENTED_EDGE('',*,*,#1336,.F.);
#925=ORIENTED_EDGE('',*,*,#1337,.T.);
#926=ORIENTED_EDGE('',*,*,#1338,.F.);
#927=ORIENTED_EDGE('',*,*,#1339,.F.);
#928=ORIENTED_EDGE('',*,*,#1340,.F.);
#929=ORIENTED_EDGE('',*,*,#1323,.T.);
#930=ORIENTED_EDGE('',*,*,#1341,.F.);
#931=ORIENTED_EDGE('',*,*,#1310,.T.);
#932=ORIENTED_EDGE('',*,*,#1342,.F.);
#933=ORIENTED_EDGE('',*,*,#1327,.F.);
#934=ORIENTED_EDGE('',*,*,#1343,.T.);
#935=ORIENTED_EDGE('',*,*,#1344,.F.);
#936=ORIENTED_EDGE('',*,*,#1345,.F.);
#937=ORIENTED_EDGE('',*,*,#1346,.T.);
#938=ORIENTED_EDGE('',*,*,#1347,.F.);
#939=ORIENTED_EDGE('',*,*,#1348,.T.);
#940=ORIENTED_EDGE('',*,*,#1349,.F.);
#941=ORIENTED_EDGE('',*,*,#1350,.F.);
#942=ORIENTED_EDGE('',*,*,#1351,.F.);
#943=ORIENTED_EDGE('',*,*,#1352,.F.);
#944=ORIENTED_EDGE('',*,*,#1353,.F.);
#945=ORIENTED_EDGE('',*,*,#1354,.F.);
#946=ORIENTED_EDGE('',*,*,#1355,.F.);
#947=ORIENTED_EDGE('',*,*,#1356,.F.);
#948=ORIENTED_EDGE('',*,*,#1357,.F.);
#949=ORIENTED_EDGE('',*,*,#1358,.F.);
#950=ORIENTED_EDGE('',*,*,#1359,.F.);
#951=ORIENTED_EDGE('',*,*,#1360,.F.);
#952=ORIENTED_EDGE('',*,*,#1361,.F.);
#953=ORIENTED_EDGE('',*,*,#1362,.F.);
#954=ORIENTED_EDGE('',*,*,#1363,.F.);
#955=ORIENTED_EDGE('',*,*,#1335,.F.);
#956=ORIENTED_EDGE('',*,*,#1322,.T.);
#957=ORIENTED_EDGE('',*,*,#1319,.F.);
#958=ORIENTED_EDGE('',*,*,#1311,.F.);
#959=ORIENTED_EDGE('',*,*,#1364,.F.);
#960=ORIENTED_EDGE('',*,*,#1341,.T.);
#961=ORIENTED_EDGE('',*,*,#1364,.T.);
#962=ORIENTED_EDGE('',*,*,#1365,.T.);
#963=ORIENTED_EDGE('',*,*,#1313,.F.);
#964=ORIENTED_EDGE('',*,*,#1318,.F.);
#965=ORIENTED_EDGE('',*,*,#1366,.T.);
#966=ORIENTED_EDGE('',*,*,#1314,.F.);
#967=ORIENTED_EDGE('',*,*,#1324,.F.);
#968=ORIENTED_EDGE('',*,*,#1315,.F.);
#969=ORIENTED_EDGE('',*,*,#1367,.F.);
#970=ORIENTED_EDGE('',*,*,#1368,.F.);
#971=ORIENTED_EDGE('',*,*,#1366,.F.);
#972=ORIENTED_EDGE('',*,*,#1317,.F.);
#973=ORIENTED_EDGE('',*,*,#1369,.F.);
#974=ORIENTED_EDGE('',*,*,#1370,.F.);
#975=ORIENTED_EDGE('',*,*,#1371,.T.);
#976=ORIENTED_EDGE('',*,*,#1367,.T.);
#977=ORIENTED_EDGE('',*,*,#1372,.F.);
#978=ORIENTED_EDGE('',*,*,#1333,.T.);
#979=ORIENTED_EDGE('',*,*,#1373,.F.);
#980=ORIENTED_EDGE('',*,*,#1321,.T.);
#981=ORIENTED_EDGE('',*,*,#1374,.F.);
#982=ORIENTED_EDGE('',*,*,#1370,.T.);
#983=ORIENTED_EDGE('',*,*,#1375,.T.);
#984=ORIENTED_EDGE('',*,*,#1331,.T.);
#985=ORIENTED_EDGE('',*,*,#1369,.T.);
#986=ORIENTED_EDGE('',*,*,#1373,.T.);
#987=ORIENTED_EDGE('',*,*,#1332,.T.);
#988=ORIENTED_EDGE('',*,*,#1375,.F.);
#989=ORIENTED_EDGE('',*,*,#1376,.F.);
#990=ORIENTED_EDGE('',*,*,#1377,.T.);
#991=ORIENTED_EDGE('',*,*,#1378,.F.);
#992=ORIENTED_EDGE('',*,*,#1379,.T.);
#993=ORIENTED_EDGE('',*,*,#1380,.F.);
#994=ORIENTED_EDGE('',*,*,#1381,.T.);
#995=ORIENTED_EDGE('',*,*,#1382,.F.);
#996=ORIENTED_EDGE('',*,*,#1383,.T.);
#997=ORIENTED_EDGE('',*,*,#1384,.T.);
#998=ORIENTED_EDGE('',*,*,#1385,.T.);
#999=ORIENTED_EDGE('',*,*,#1386,.F.);
#1000=ORIENTED_EDGE('',*,*,#1351,.T.);
#1001=ORIENTED_EDGE('',*,*,#1387,.T.);
#1002=ORIENTED_EDGE('',*,*,#1388,.T.);
#1003=ORIENTED_EDGE('',*,*,#1389,.F.);
#1004=ORIENTED_EDGE('',*,*,#1390,.T.);
#1005=ORIENTED_EDGE('',*,*,#1391,.F.);
#1006=ORIENTED_EDGE('',*,*,#1336,.T.);
#1007=ORIENTED_EDGE('',*,*,#1363,.T.);
#1008=ORIENTED_EDGE('',*,*,#1392,.T.);
#1009=ORIENTED_EDGE('',*,*,#1393,.F.);
#1010=ORIENTED_EDGE('',*,*,#1355,.T.);
#1011=ORIENTED_EDGE('',*,*,#1394,.F.);
#1012=ORIENTED_EDGE('',*,*,#1395,.T.);
#1013=ORIENTED_EDGE('',*,*,#1396,.T.);
#1014=ORIENTED_EDGE('',*,*,#1397,.T.);
#1015=ORIENTED_EDGE('',*,*,#1398,.T.);
#1016=ORIENTED_EDGE('',*,*,#1399,.F.);
#1017=ORIENTED_EDGE('',*,*,#1359,.T.);
#1018=ORIENTED_EDGE('',*,*,#1400,.F.);
#1019=ORIENTED_EDGE('',*,*,#1401,.T.);
#1020=ORIENTED_EDGE('',*,*,#1402,.T.);
#1021=ORIENTED_EDGE('',*,*,#1403,.T.);
#1022=ORIENTED_EDGE('',*,*,#1404,.T.);
#1023=ORIENTED_EDGE('',*,*,#1405,.F.);
#1024=ORIENTED_EDGE('',*,*,#1406,.F.);
#1025=ORIENTED_EDGE('',*,*,#1390,.F.);
#1026=ORIENTED_EDGE('',*,*,#1407,.F.);
#1027=ORIENTED_EDGE('',*,*,#1408,.T.);
#1028=ORIENTED_EDGE('',*,*,#1409,.F.);
#1029=ORIENTED_EDGE('',*,*,#1410,.T.);
#1030=ORIENTED_EDGE('',*,*,#1411,.T.);
#1031=ORIENTED_EDGE('',*,*,#1412,.T.);
#1032=ORIENTED_EDGE('',*,*,#1413,.T.);
#1033=ORIENTED_EDGE('',*,*,#1414,.F.);
#1034=ORIENTED_EDGE('',*,*,#1415,.T.);
#1035=ORIENTED_EDGE('',*,*,#1416,.T.);
#1036=ORIENTED_EDGE('',*,*,#1417,.T.);
#1037=ORIENTED_EDGE('',*,*,#1338,.T.);
#1038=ORIENTED_EDGE('',*,*,#1418,.F.);
#1039=ORIENTED_EDGE('',*,*,#1405,.T.);
#1040=ORIENTED_EDGE('',*,*,#1419,.T.);
#1041=ORIENTED_EDGE('',*,*,#1339,.T.);
#1042=ORIENTED_EDGE('',*,*,#1417,.F.);
#1043=ORIENTED_EDGE('',*,*,#1420,.F.);
#1044=ORIENTED_EDGE('',*,*,#1421,.F.);
#1045=ORIENTED_EDGE('',*,*,#1422,.F.);
#1046=ORIENTED_EDGE('',*,*,#1423,.F.);
#1047=ORIENTED_EDGE('',*,*,#1424,.F.);
#1048=ORIENTED_EDGE('',*,*,#1423,.T.);
#1049=ORIENTED_EDGE('',*,*,#1425,.F.);
#1050=ORIENTED_EDGE('',*,*,#1343,.F.);
#1051=ORIENTED_EDGE('',*,*,#1326,.F.);
#1052=ORIENTED_EDGE('',*,*,#1426,.F.);
#1053=ORIENTED_EDGE('',*,*,#1427,.F.);
#1054=ORIENTED_EDGE('',*,*,#1344,.T.);
#1055=ORIENTED_EDGE('',*,*,#1425,.T.);
#1056=ORIENTED_EDGE('',*,*,#1422,.T.);
#1057=ORIENTED_EDGE('',*,*,#1428,.T.);
#1058=ORIENTED_EDGE('',*,*,#1415,.F.);
#1059=ORIENTED_EDGE('',*,*,#1429,.F.);
#1060=ORIENTED_EDGE('',*,*,#1388,.F.);
#1061=ORIENTED_EDGE('',*,*,#1430,.F.);
#1062=ORIENTED_EDGE('',*,*,#1431,.F.);
#1063=ORIENTED_EDGE('',*,*,#1432,.F.);
#1064=ORIENTED_EDGE('',*,*,#1347,.T.);
#1065=ORIENTED_EDGE('',*,*,#1433,.T.);
#1066=ORIENTED_EDGE('',*,*,#1434,.F.);
#1067=ORIENTED_EDGE('',*,*,#1435,.F.);
#1068=ORIENTED_EDGE('',*,*,#1387,.F.);
#1069=ORIENTED_EDGE('',*,*,#1350,.T.);
#1070=ORIENTED_EDGE('',*,*,#1436,.T.);
#1071=ORIENTED_EDGE('',*,*,#1385,.F.);
#1072=ORIENTED_EDGE('',*,*,#1437,.T.);
#1073=ORIENTED_EDGE('',*,*,#1438,.T.);
#1074=ORIENTED_EDGE('',*,*,#1439,.F.);
#1075=ORIENTED_EDGE('',*,*,#1353,.T.);
#1076=ORIENTED_EDGE('',*,*,#1440,.F.);
#1077=ORIENTED_EDGE('',*,*,#1438,.F.);
#1078=ORIENTED_EDGE('',*,*,#1441,.T.);
#1079=ORIENTED_EDGE('',*,*,#1442,.F.);
#1080=ORIENTED_EDGE('',*,*,#1443,.T.);
#1081=ORIENTED_EDGE('',*,*,#1442,.T.);
#1082=ORIENTED_EDGE('',*,*,#1444,.T.);
#1083=ORIENTED_EDGE('',*,*,#1395,.F.);
#1084=ORIENTED_EDGE('',*,*,#1445,.T.);
#1085=ORIENTED_EDGE('',*,*,#1398,.F.);
#1086=ORIENTED_EDGE('',*,*,#1446,.T.);
#1087=ORIENTED_EDGE('',*,*,#1447,.T.);
#1088=ORIENTED_EDGE('',*,*,#1448,.F.);
#1089=ORIENTED_EDGE('',*,*,#1357,.T.);
#1090=ORIENTED_EDGE('',*,*,#1449,.F.);
#1091=ORIENTED_EDGE('',*,*,#1447,.F.);
#1092=ORIENTED_EDGE('',*,*,#1450,.T.);
#1093=ORIENTED_EDGE('',*,*,#1451,.F.);
#1094=ORIENTED_EDGE('',*,*,#1452,.T.);
#1095=ORIENTED_EDGE('',*,*,#1451,.T.);
#1096=ORIENTED_EDGE('',*,*,#1453,.T.);
#1097=ORIENTED_EDGE('',*,*,#1401,.F.);
#1098=ORIENTED_EDGE('',*,*,#1454,.T.);
#1099=ORIENTED_EDGE('',*,*,#1403,.F.);
#1100=ORIENTED_EDGE('',*,*,#1455,.T.);
#1101=ORIENTED_EDGE('',*,*,#1456,.T.);
#1102=ORIENTED_EDGE('',*,*,#1457,.F.);
#1103=ORIENTED_EDGE('',*,*,#1361,.T.);
#1104=ORIENTED_EDGE('',*,*,#1458,.F.);
#1105=ORIENTED_EDGE('',*,*,#1456,.F.);
#1106=ORIENTED_EDGE('',*,*,#1459,.T.);
#1107=ORIENTED_EDGE('',*,*,#1460,.F.);
#1108=ORIENTED_EDGE('',*,*,#1461,.T.);
#1109=ORIENTED_EDGE('',*,*,#1460,.T.);
#1110=ORIENTED_EDGE('',*,*,#1462,.T.);
#1111=ORIENTED_EDGE('',*,*,#1383,.F.);
#1112=ORIENTED_EDGE('',*,*,#1463,.F.);
#1113=ORIENTED_EDGE('',*,*,#1379,.F.);
#1114=ORIENTED_EDGE('',*,*,#1464,.T.);
#1115=ORIENTED_EDGE('',*,*,#1465,.T.);
#1116=ORIENTED_EDGE('',*,*,#1466,.T.);
#1117=ORIENTED_EDGE('',*,*,#1410,.F.);
#1118=ORIENTED_EDGE('',*,*,#1467,.F.);
#1119=ORIENTED_EDGE('',*,*,#1381,.F.);
#1120=ORIENTED_EDGE('',*,*,#1468,.T.);
#1121=ORIENTED_EDGE('',*,*,#1408,.F.);
#1122=ORIENTED_EDGE('',*,*,#1469,.T.);
#1123=ORIENTED_EDGE('',*,*,#1413,.F.);
#1124=ORIENTED_EDGE('',*,*,#1470,.F.);
#1125=ORIENTED_EDGE('',*,*,#1471,.T.);
#1126=ORIENTED_EDGE('',*,*,#1472,.T.);
#1127=ORIENTED_EDGE('',*,*,#1377,.F.);
#1128=ORIENTED_EDGE('',*,*,#1464,.F.);
#1129=ORIENTED_EDGE('',*,*,#1378,.T.);
#1130=ORIENTED_EDGE('',*,*,#1472,.F.);
#1131=ORIENTED_EDGE('',*,*,#1473,.F.);
#1132=ORIENTED_EDGE('',*,*,#1474,.T.);
#1133=ORIENTED_EDGE('',*,*,#1450,.F.);
#1134=ORIENTED_EDGE('',*,*,#1446,.F.);
#1135=ORIENTED_EDGE('',*,*,#1397,.F.);
#1136=ORIENTED_EDGE('',*,*,#1396,.F.);
#1137=ORIENTED_EDGE('',*,*,#1444,.F.);
#1138=ORIENTED_EDGE('',*,*,#1441,.F.);
#1139=ORIENTED_EDGE('',*,*,#1437,.F.);
#1140=ORIENTED_EDGE('',*,*,#1384,.F.);
#1141=ORIENTED_EDGE('',*,*,#1462,.F.);
#1142=ORIENTED_EDGE('',*,*,#1459,.F.);
#1143=ORIENTED_EDGE('',*,*,#1455,.F.);
#1144=ORIENTED_EDGE('',*,*,#1402,.F.);
#1145=ORIENTED_EDGE('',*,*,#1453,.F.);
#1146=ORIENTED_EDGE('',*,*,#1475,.T.);
#1147=ORIENTED_EDGE('',*,*,#1392,.F.);
#1148=ORIENTED_EDGE('',*,*,#1466,.F.);
#1149=ORIENTED_EDGE('',*,*,#1476,.F.);
#1150=ORIENTED_EDGE('',*,*,#1477,.F.);
#1151=ORIENTED_EDGE('',*,*,#1411,.F.);
#1152=ORIENTED_EDGE('',*,*,#1477,.T.);
#1153=ORIENTED_EDGE('',*,*,#1478,.T.);
#1154=ORIENTED_EDGE('',*,*,#1470,.T.);
#1155=ORIENTED_EDGE('',*,*,#1412,.F.);
#1156=ORIENTED_EDGE('',*,*,#1479,.F.);
#1157=ORIENTED_EDGE('',*,*,#1420,.T.);
#1158=ORIENTED_EDGE('',*,*,#1416,.F.);
#1159=ORIENTED_EDGE('',*,*,#1428,.F.);
#1160=ORIENTED_EDGE('',*,*,#1421,.T.);
#1161=ORIENTED_EDGE('',*,*,#1480,.F.);
#1162=ORIENTED_EDGE('',*,*,#1430,.T.);
#1163=ORIENTED_EDGE('',*,*,#1481,.F.);
#1164=ORIENTED_EDGE('',*,*,#1482,.F.);
#1165=ORIENTED_EDGE('',*,*,#1483,.T.);
#1166=ORIENTED_EDGE('',*,*,#1484,.T.);
#1167=ORIENTED_EDGE('',*,*,#1485,.T.);
#1168=ORIENTED_EDGE('',*,*,#1484,.F.);
#1169=ORIENTED_EDGE('',*,*,#1486,.T.);
#1170=ORIENTED_EDGE('',*,*,#1487,.F.);
#1171=ORIENTED_EDGE('',*,*,#1488,.T.);
#1172=ORIENTED_EDGE('',*,*,#1489,.F.);
#1173=ORIENTED_EDGE('',*,*,#1486,.F.);
#1174=ORIENTED_EDGE('',*,*,#1483,.F.);
#1175=ORIENTED_EDGE('',*,*,#1490,.F.);
#1176=ORIENTED_EDGE('',*,*,#1491,.T.);
#1177=ORIENTED_EDGE('',*,*,#1348,.F.);
#1178=ORIENTED_EDGE('',*,*,#1492,.F.);
#1179=ORIENTED_EDGE('',*,*,#1493,.F.);
#1180=ORIENTED_EDGE('',*,*,#1494,.F.);
#1181=ORIENTED_EDGE('',*,*,#1495,.T.);
#1182=ORIENTED_EDGE('',*,*,#1496,.T.);
#1183=ORIENTED_EDGE('',*,*,#1497,.T.);
#1184=ORIENTED_EDGE('',*,*,#1494,.T.);
#1185=ORIENTED_EDGE('',*,*,#1498,.T.);
#1186=ORIENTED_EDGE('',*,*,#1499,.F.);
#1187=ORIENTED_EDGE('',*,*,#1500,.F.);
#1188=ORIENTED_EDGE('',*,*,#1499,.T.);
#1189=ORIENTED_EDGE('',*,*,#1501,.T.);
#1190=ORIENTED_EDGE('',*,*,#1502,.F.);
#1191=ORIENTED_EDGE('',*,*,#1346,.F.);
#1192=ORIENTED_EDGE('',*,*,#1503,.T.);
#1193=ORIENTED_EDGE('',*,*,#1504,.T.);
#1194=ORIENTED_EDGE('',*,*,#1505,.T.);
#1195=ORIENTED_EDGE('',*,*,#1492,.T.);
#1196=ORIENTED_EDGE('',*,*,#1433,.F.);
#1197=ORIENTED_EDGE('',*,*,#1502,.T.);
#1198=ORIENTED_EDGE('',*,*,#1506,.F.);
#1199=ORIENTED_EDGE('',*,*,#1507,.F.);
#1200=ORIENTED_EDGE('',*,*,#1508,.F.);
#1201=ORIENTED_EDGE('',*,*,#1481,.T.);
#1202=ORIENTED_EDGE('',*,*,#1435,.T.);
#1203=ORIENTED_EDGE('',*,*,#1465,.F.);
#1204=ORIENTED_EDGE('',*,*,#1473,.T.);
#1205=ORIENTED_EDGE('',*,*,#1471,.F.);
#1206=ORIENTED_EDGE('',*,*,#1478,.F.);
#1207=ORIENTED_EDGE('',*,*,#1476,.T.);
#1208=ORIENTED_EDGE('',*,*,#1474,.F.);
#1209=ORIENTED_EDGE('',*,*,#1475,.F.);
#1210=ORIENTED_EDGE('',*,*,#1509,.F.);
#1211=ORIENTED_EDGE('',*,*,#1490,.T.);
#1212=ORIENTED_EDGE('',*,*,#1482,.T.);
#1213=ORIENTED_EDGE('',*,*,#1508,.T.);
#1214=ORIENTED_EDGE('',*,*,#1501,.F.);
#1215=ORIENTED_EDGE('',*,*,#1498,.F.);
#1216=ORIENTED_EDGE('',*,*,#1493,.T.);
#1217=ORIENTED_EDGE('',*,*,#1506,.T.);
#1218=ORIENTED_EDGE('',*,*,#1504,.F.);
#1219=ORIENTED_EDGE('',*,*,#1495,.F.);
#1220=ORIENTED_EDGE('',*,*,#1505,.F.);
#1221=ORIENTED_EDGE('',*,*,#1496,.F.);
#1222=ORIENTED_EDGE('',*,*,#1337,.F.);
#1223=ORIENTED_EDGE('',*,*,#1391,.T.);
#1224=ORIENTED_EDGE('',*,*,#1406,.T.);
#1225=ORIENTED_EDGE('',*,*,#1418,.T.);
#1226=ORIENTED_EDGE('',*,*,#1404,.F.);
#1227=ORIENTED_EDGE('',*,*,#1389,.T.);
#1228=ORIENTED_EDGE('',*,*,#1429,.T.);
#1229=ORIENTED_EDGE('',*,*,#1414,.T.);
#1230=ORIENTED_EDGE('',*,*,#1510,.F.);
#1231=ORIENTED_EDGE('',*,*,#1328,.T.);
#1232=ORIENTED_EDGE('',*,*,#1342,.T.);
#1233=ORIENTED_EDGE('',*,*,#1309,.F.);
#1234=ORIENTED_EDGE('',*,*,#1511,.F.);
#1235=ORIENTED_EDGE('',*,*,#1503,.F.);
#1236=ORIENTED_EDGE('',*,*,#1345,.T.);
#1237=ORIENTED_EDGE('',*,*,#1427,.T.);
#1238=ORIENTED_EDGE('',*,*,#1352,.T.);
#1239=ORIENTED_EDGE('',*,*,#1386,.T.);
#1240=ORIENTED_EDGE('',*,*,#1436,.F.);
#1241=ORIENTED_EDGE('',*,*,#1440,.T.);
#1242=ORIENTED_EDGE('',*,*,#1354,.T.);
#1243=ORIENTED_EDGE('',*,*,#1439,.T.);
#1244=ORIENTED_EDGE('',*,*,#1443,.F.);
#1245=ORIENTED_EDGE('',*,*,#1394,.T.);
#1246=ORIENTED_EDGE('',*,*,#1356,.T.);
#1247=ORIENTED_EDGE('',*,*,#1393,.T.);
#1248=ORIENTED_EDGE('',*,*,#1445,.F.);
#1249=ORIENTED_EDGE('',*,*,#1449,.T.);
#1250=ORIENTED_EDGE('',*,*,#1358,.T.);
#1251=ORIENTED_EDGE('',*,*,#1448,.T.);
#1252=ORIENTED_EDGE('',*,*,#1452,.F.);
#1253=ORIENTED_EDGE('',*,*,#1400,.T.);
#1254=ORIENTED_EDGE('',*,*,#1360,.T.);
#1255=ORIENTED_EDGE('',*,*,#1399,.T.);
#1256=ORIENTED_EDGE('',*,*,#1454,.F.);
#1257=ORIENTED_EDGE('',*,*,#1458,.T.);
#1258=ORIENTED_EDGE('',*,*,#1362,.T.);
#1259=ORIENTED_EDGE('',*,*,#1457,.T.);
#1260=ORIENTED_EDGE('',*,*,#1461,.F.);
#1261=ORIENTED_EDGE('',*,*,#1382,.T.);
#1262=ORIENTED_EDGE('',*,*,#1512,.F.);
#1263=ORIENTED_EDGE('',*,*,#1431,.T.);
#1264=ORIENTED_EDGE('',*,*,#1480,.T.);
#1265=ORIENTED_EDGE('',*,*,#1485,.F.);
#1266=ORIENTED_EDGE('',*,*,#1489,.T.);
#1267=ORIENTED_EDGE('',*,*,#1513,.F.);
#1268=ORIENTED_EDGE('',*,*,#1432,.T.);
#1269=ORIENTED_EDGE('',*,*,#1512,.T.);
#1270=ORIENTED_EDGE('',*,*,#1488,.F.);
#1271=ORIENTED_EDGE('',*,*,#1514,.F.);
#1272=ORIENTED_EDGE('',*,*,#1371,.F.);
#1273=ORIENTED_EDGE('',*,*,#1374,.T.);
#1274=ORIENTED_EDGE('',*,*,#1330,.T.);
#1275=ORIENTED_EDGE('',*,*,#1434,.T.);
#1276=ORIENTED_EDGE('',*,*,#1349,.T.);
#1277=ORIENTED_EDGE('',*,*,#1491,.F.);
#1278=ORIENTED_EDGE('',*,*,#1509,.T.);
#1279=ORIENTED_EDGE('',*,*,#1507,.T.);
#1280=ORIENTED_EDGE('',*,*,#1334,.T.);
#1281=ORIENTED_EDGE('',*,*,#1372,.T.);
#1282=ORIENTED_EDGE('',*,*,#1320,.F.);
#1283=ORIENTED_EDGE('',*,*,#1340,.T.);
#1284=ORIENTED_EDGE('',*,*,#1329,.T.);
#1285=ORIENTED_EDGE('',*,*,#1510,.T.);
#1286=ORIENTED_EDGE('',*,*,#1308,.T.);
#1287=ORIENTED_EDGE('',*,*,#1365,.F.);
#1288=ORIENTED_EDGE('',*,*,#1368,.T.);
#1289=ORIENTED_EDGE('',*,*,#1514,.T.);
#1290=ORIENTED_EDGE('',*,*,#1426,.T.);
#1291=ORIENTED_EDGE('',*,*,#1513,.T.);
#1292=ORIENTED_EDGE('',*,*,#1487,.T.);
#1293=ORIENTED_EDGE('',*,*,#1497,.F.);
#1294=ORIENTED_EDGE('',*,*,#1500,.T.);
#1295=ORIENTED_EDGE('',*,*,#1511,.T.);
#1296=ORIENTED_EDGE('',*,*,#1468,.F.);
#1297=ORIENTED_EDGE('',*,*,#1380,.T.);
#1298=ORIENTED_EDGE('',*,*,#1463,.T.);
#1299=ORIENTED_EDGE('',*,*,#1409,.T.);
#1300=ORIENTED_EDGE('',*,*,#1469,.F.);
#1301=ORIENTED_EDGE('',*,*,#1376,.T.);
#1302=ORIENTED_EDGE('',*,*,#1467,.T.);
#1303=ORIENTED_EDGE('',*,*,#1407,.T.);
#1304=ORIENTED_EDGE('',*,*,#1419,.F.);
#1305=ORIENTED_EDGE('',*,*,#1479,.T.);
#1306=ORIENTED_EDGE('',*,*,#1424,.T.);
#1307=ORIENTED_EDGE('',*,*,#1325,.T.);
#1308=EDGE_CURVE('',#1515,#1516,#1517,.F.);
#1309=EDGE_CURVE('',#1515,#1518,#1519,.T.);
#1310=EDGE_CURVE('',#1520,#1518,#1521,.T.);
#1311=EDGE_CURVE('',#1520,#1522,#1523,.T.);
#1312=EDGE_CURVE('',#1522,#1524,#1525,.T.);
#1313=EDGE_CURVE('',#1524,#1516,#1526,.T.);
#1314=EDGE_CURVE('',#1527,#1527,#1528,.F.);
#1315=EDGE_CURVE('',#1529,#1529,#1530,.F.);
#1316=EDGE_CURVE('',#1531,#1532,#1533,.T.);
#1317=EDGE_CURVE('',#1532,#1534,#1535,.T.);
#1318=EDGE_CURVE('',#1534,#1524,#1536,.T.);
#1319=EDGE_CURVE('',#1522,#1531,#1537,.T.);
#1320=EDGE_CURVE('',#1538,#1539,#1540,.F.);
#1321=EDGE_CURVE('',#1532,#1539,#1541,.T.);
#1322=EDGE_CURVE('',#1542,#1531,#1543,.T.);
#1323=EDGE_CURVE('',#1538,#1542,#1544,.T.);
#1324=EDGE_CURVE('',#1545,#1545,#1546,.T.);
#1325=EDGE_CURVE('',#1547,#1548,#1549,.T.);
#1326=EDGE_CURVE('',#1547,#1550,#1551,.T.);
#1327=EDGE_CURVE('',#1550,#1552,#1553,.T.);
#1328=EDGE_CURVE('',#1554,#1552,#1555,.T.);
#1329=EDGE_CURVE('',#1556,#1554,#1557,.T.);
#1330=EDGE_CURVE('',#1558,#1556,#1559,.F.);
#1331=EDGE_CURVE('',#1560,#1558,#1561,.T.);
#1332=EDGE_CURVE('',#1562,#1560,#1563,.T.);
#1333=EDGE_CURVE('',#1564,#1562,#1565,.F.);
#1334=EDGE_CURVE('',#1566,#1564,#1567,.F.);
#1335=EDGE_CURVE('',#1566,#1568,#1569,.T.);
#1336=EDGE_CURVE('',#1570,#1568,#1571,.T.);
#1337=EDGE_CURVE('',#1570,#1572,#1573,.T.);
#1338=EDGE_CURVE('',#1574,#1572,#1575,.T.);
#1339=EDGE_CURVE('',#1548,#1574,#1576,.T.);
#1340=EDGE_CURVE('',#1538,#1566,#1577,.F.);
#1341=EDGE_CURVE('',#1520,#1542,#1578,.T.);
#1342=EDGE_CURVE('',#1552,#1518,#1579,.T.);
#1343=EDGE_CURVE('',#1550,#1580,#1581,.T.);
#1344=EDGE_CURVE('',#1582,#1580,#1583,.F.);
#1345=EDGE_CURVE('',#1584,#1582,#1585,.F.);
#1346=EDGE_CURVE('',#1584,#1586,#1587,.T.);
#1347=EDGE_CURVE('',#1588,#1586,#1589,.F.);
#1348=EDGE_CURVE('',#1588,#1590,#1591,.F.);
#1349=EDGE_CURVE('',#1592,#1590,#1593,.T.);
#1350=EDGE_CURVE('',#1594,#1592,#1595,.F.);
#1351=EDGE_CURVE('',#1596,#1594,#1597,.T.);
#1352=EDGE_CURVE('',#1598,#1596,#1599,.T.);
#1353=EDGE_CURVE('',#1600,#1598,#1601,.T.);
#1354=EDGE_CURVE('',#1602,#1600,#1603,.F.);
#1355=EDGE_CURVE('',#1604,#1602,#1605,.T.);
#1356=EDGE_CURVE('',#1606,#1604,#1607,.T.);
#1357=EDGE_CURVE('',#1608,#1606,#1609,.T.);
#1358=EDGE_CURVE('',#1610,#1608,#1611,.F.);
#1359=EDGE_CURVE('',#1612,#1610,#1613,.T.);
#1360=EDGE_CURVE('',#1614,#1612,#1615,.T.);
#1361=EDGE_CURVE('',#1616,#1614,#1617,.T.);
#1362=EDGE_CURVE('',#1618,#1616,#1619,.F.);
#1363=EDGE_CURVE('',#1568,#1618,#1620,.T.);
#1364=EDGE_CURVE('',#1542,#1520,#1621,.F.);
#1365=EDGE_CURVE('',#1622,#1516,#1623,.T.);
#1366=EDGE_CURVE('',#1534,#1622,#1624,.T.);
#1367=EDGE_CURVE('',#1625,#1625,#1626,.T.);
#1368=EDGE_CURVE('',#1622,#1627,#1628,.F.);
#1369=EDGE_CURVE('',#1629,#1532,#1630,.F.);
#1370=EDGE_CURVE('',#1631,#1629,#1632,.F.);
#1371=EDGE_CURVE('',#1631,#1627,#1633,.F.);
#1372=EDGE_CURVE('',#1564,#1539,#1634,.F.);
#1373=EDGE_CURVE('',#1532,#1562,#1635,.T.);
#1374=EDGE_CURVE('',#1631,#1558,#1636,.T.);
#1375=EDGE_CURVE('',#1629,#1560,#1637,.T.);
#1376=EDGE_CURVE('',#1638,#1639,#1640,.F.);
#1377=EDGE_CURVE('',#1638,#1641,#1642,.T.);
#1378=EDGE_CURVE('',#1643,#1641,#1644,.T.);
#1379=EDGE_CURVE('',#1643,#1645,#1646,.T.);
#1380=EDGE_CURVE('',#1647,#1645,#1648,.F.);
#1381=EDGE_CURVE('',#1647,#1639,#1649,.T.);
#1382=EDGE_CURVE('',#1650,#1618,#1651,.T.);
#1383=EDGE_CURVE('',#1650,#1652,#1653,.T.);
#1384=EDGE_CURVE('',#1652,#1654,#1655,.T.);
#1385=EDGE_CURVE('',#1654,#1656,#1657,.T.);
#1386=EDGE_CURVE('',#1596,#1656,#1658,.F.);
#1387=EDGE_CURVE('',#1594,#1659,#1660,.T.);
#1388=EDGE_CURVE('',#1659,#1661,#1662,.T.);
#1389=EDGE_CURVE('',#1663,#1661,#1664,.F.);
#1390=EDGE_CURVE('',#1663,#1665,#1666,.T.);
#1391=EDGE_CURVE('',#1570,#1665,#1667,.F.);
#1392=EDGE_CURVE('',#1668,#1668,#1669,.T.);
#1393=EDGE_CURVE('',#1604,#1670,#1671,.F.);
#1394=EDGE_CURVE('',#1672,#1602,#1673,.T.);
#1395=EDGE_CURVE('',#1672,#1674,#1675,.T.);
#1396=EDGE_CURVE('',#1674,#1676,#1677,.T.);
#1397=EDGE_CURVE('',#1676,#1678,#1679,.T.);
#1398=EDGE_CURVE('',#1678,#1670,#1680,.T.);
#1399=EDGE_CURVE('',#1612,#1681,#1682,.F.);
#1400=EDGE_CURVE('',#1683,#1610,#1684,.T.);
#1401=EDGE_CURVE('',#1683,#1685,#1686,.T.);
#1402=EDGE_CURVE('',#1685,#1687,#1688,.T.);
#1403=EDGE_CURVE('',#1687,#1681,#1689,.T.);
#1404=EDGE_CURVE('',#1663,#1690,#1691,.T.);
#1405=EDGE_CURVE('',#1692,#1690,#1693,.T.);
#1406=EDGE_CURVE('',#1665,#1692,#1694,.T.);
#1407=EDGE_CURVE('',#1695,#1696,#1697,.F.);
#1408=EDGE_CURVE('',#1695,#1698,#1699,.T.);
#1409=EDGE_CURVE('',#1700,#1698,#1701,.F.);
#1410=EDGE_CURVE('',#1700,#1702,#1703,.T.);
#1411=EDGE_CURVE('',#1702,#1704,#1705,.T.);
#1412=EDGE_CURVE('',#1704,#1706,#1707,.T.);
#1413=EDGE_CURVE('',#1706,#1696,#1708,.T.);
#1414=EDGE_CURVE('',#1709,#1690,#1710,.F.);
#1415=EDGE_CURVE('',#1709,#1711,#1712,.T.);
#1416=EDGE_CURVE('',#1711,#1713,#1714,.T.);
#1417=EDGE_CURVE('',#1713,#1574,#1715,.T.);
#1418=EDGE_CURVE('',#1692,#1572,#1716,.F.);
#1419=EDGE_CURVE('',#1717,#1548,#1718,.T.);
#1420=EDGE_CURVE('',#1717,#1713,#1719,.T.);
#1421=EDGE_CURVE('',#1720,#1721,#1722,.F.);
#1422=EDGE_CURVE('',#1723,#1720,#1724,.F.);
#1423=EDGE_CURVE('',#1721,#1723,#1725,.T.);
#1424=EDGE_CURVE('',#1721,#1547,#1726,.T.);
#1425=EDGE_CURVE('',#1580,#1723,#1727,.F.);
#1426=EDGE_CURVE('',#1728,#1729,#1730,.T.);
#1427=EDGE_CURVE('',#1582,#1728,#1731,.T.);
#1428=EDGE_CURVE('',#1720,#1711,#1732,.T.);
#1429=EDGE_CURVE('',#1661,#1709,#1733,.T.);
#1430=EDGE_CURVE('',#1734,#1659,#1735,.F.);
#1431=EDGE_CURVE('',#1736,#1734,#1737,.F.);
#1432=EDGE_CURVE('',#1729,#1736,#1738,.F.);
#1433=EDGE_CURVE('',#1586,#1588,#1739,.F.);
#1434=EDGE_CURVE('',#1740,#1592,#1741,.F.);
#1435=EDGE_CURVE('',#1659,#1740,#1742,.F.);
#1436=EDGE_CURVE('',#1743,#1656,#1744,.T.);
#1437=EDGE_CURVE('',#1654,#1745,#1746,.F.);
#1438=EDGE_CURVE('',#1745,#1743,#1747,.T.);
#1439=EDGE_CURVE('',#1600,#1748,#1749,.F.);
#1440=EDGE_CURVE('',#1743,#1598,#1750,.T.);
#1441=EDGE_CURVE('',#1745,#1751,#1752,.T.);
#1442=EDGE_CURVE('',#1748,#1751,#1753,.T.);
#1443=EDGE_CURVE('',#1672,#1748,#1754,.F.);
#1444=EDGE_CURVE('',#1751,#1674,#1755,.T.);
#1445=EDGE_CURVE('',#1756,#1670,#1757,.T.);
#1446=EDGE_CURVE('',#1678,#1758,#1759,.F.);
#1447=EDGE_CURVE('',#1758,#1756,#1760,.T.);
#1448=EDGE_CURVE('',#1608,#1761,#1762,.F.);
#1449=EDGE_CURVE('',#1756,#1606,#1763,.T.);
#1450=EDGE_CURVE('',#1758,#1764,#1765,.T.);
#1451=EDGE_CURVE('',#1761,#1764,#1766,.T.);
#1452=EDGE_CURVE('',#1683,#1761,#1767,.F.);
#1453=EDGE_CURVE('',#1764,#1685,#1768,.T.);
#1454=EDGE_CURVE('',#1769,#1681,#1770,.T.);
#1455=EDGE_CURVE('',#1687,#1771,#1772,.F.);
#1456=EDGE_CURVE('',#1771,#1769,#1773,.T.);
#1457=EDGE_CURVE('',#1616,#1774,#1775,.F.);
#1458=EDGE_CURVE('',#1769,#1614,#1776,.T.);
#1459=EDGE_CURVE('',#1771,#1777,#1778,.T.);
#1460=EDGE_CURVE('',#1774,#1777,#1779,.T.);
#1461=EDGE_CURVE('',#1650,#1774,#1780,.F.);
#1462=EDGE_CURVE('',#1777,#1652,#1781,.T.);
#1463=EDGE_CURVE('',#1645,#1700,#1782,.T.);
#1464=EDGE_CURVE('',#1643,#1783,#1784,.F.);
#1465=EDGE_CURVE('',#1783,#1785,#1786,.F.);
#1466=EDGE_CURVE('',#1785,#1702,#1787,.T.);
#1467=EDGE_CURVE('',#1639,#1695,#1788,.T.);
#1468=EDGE_CURVE('',#1647,#1698,#1789,.T.);
#1469=EDGE_CURVE('',#1638,#1696,#1790,.T.);
#1470=EDGE_CURVE('',#1791,#1706,#1792,.T.);
#1471=EDGE_CURVE('',#1791,#1793,#1794,.T.);
#1472=EDGE_CURVE('',#1793,#1641,#1795,.T.);
#1473=EDGE_CURVE('',#1783,#1793,#1796,.T.);
#1474=EDGE_CURVE('',#1797,#1797,#1798,.T.);
#1475=EDGE_CURVE('',#1799,#1799,#1800,.T.);
#1476=EDGE_CURVE('',#1801,#1785,#1802,.F.);
#1477=EDGE_CURVE('',#1704,#1801,#1803,.F.);
#1478=EDGE_CURVE('',#1801,#1791,#1804,.T.);
#1479=EDGE_CURVE('',#1717,#1721,#1805,.F.);
#1480=EDGE_CURVE('',#1734,#1806,#1807,.F.);
#1481=EDGE_CURVE('',#1808,#1659,#1809,.T.);
#1482=EDGE_CURVE('',#1810,#1808,#1811,.T.);
#1483=EDGE_CURVE('',#1810,#1812,#1813,.T.);
#1484=EDGE_CURVE('',#1812,#1806,#1814,.T.);
#1485=EDGE_CURVE('',#1815,#1806,#1816,.F.);
#1486=EDGE_CURVE('',#1812,#1815,#1817,.T.);
#1487=EDGE_CURVE('',#1818,#1819,#1820,.F.);
#1488=EDGE_CURVE('',#1818,#1821,#1822,.F.);
#1489=EDGE_CURVE('',#1815,#1821,#1823,.F.);
#1490=EDGE_CURVE('',#1824,#1810,#1825,.F.);
#1491=EDGE_CURVE('',#1824,#1590,#1826,.F.);
#1492=EDGE_CURVE('',#1827,#1588,#1828,.F.);
#1493=EDGE_CURVE('',#1829,#1827,#1830,.T.);
#1494=EDGE_CURVE('',#1819,#1829,#1831,.T.);
#1495=EDGE_CURVE('',#1832,#1832,#1833,.T.);
#1496=EDGE_CURVE('',#1834,#1834,#1835,.T.);
#1497=EDGE_CURVE('',#1836,#1819,#1837,.T.);
#1498=EDGE_CURVE('',#1829,#1838,#1839,.T.);
#1499=EDGE_CURVE('',#1836,#1838,#1840,.T.);
#1500=EDGE_CURVE('',#1836,#1841,#1842,.F.);
#1501=EDGE_CURVE('',#1838,#1843,#1844,.T.);
#1502=EDGE_CURVE('',#1586,#1843,#1845,.T.);
#1503=EDGE_CURVE('',#1584,#1841,#1846,.T.);
#1504=EDGE_CURVE('',#1847,#1847,#1848,.F.);
#1505=EDGE_CURVE('',#1849,#1849,#1850,.F.);
#1506=EDGE_CURVE('',#1827,#1843,#1851,.T.);
#1507=EDGE_CURVE('',#1852,#1740,#1853,.T.);
#1508=EDGE_CURVE('',#1808,#1852,#1854,.T.);
#1509=EDGE_CURVE('',#1824,#1852,#1855,.T.);
#1510=EDGE_CURVE('',#1554,#1515,#1856,.F.);
#1511=EDGE_CURVE('',#1841,#1728,#1857,.T.);
#1512=EDGE_CURVE('',#1736,#1821,#1858,.F.);
#1513=EDGE_CURVE('',#1729,#1818,#1859,.F.);
#1514=EDGE_CURVE('',#1627,#1556,#1860,.T.);
#1515=VERTEX_POINT('',#1861);
#1516=VERTEX_POINT('',#1862);
#1517=CIRCLE('',#1863,1.00000000000001);
#1518=VERTEX_POINT('',#1867);
#1519=LINE('',#1868,#1869);
#1520=VERTEX_POINT('',#1871);
#1521=CIRCLE('',#1872,51.8885918542116);
#1522=VERTEX_POINT('',#1876);
#1523=LINE('',#1877,#1878);
#1524=VERTEX_POINT('',#1880);
#1525=LINE('',#1881,#1882);
#1526=LINE('',#1884,#1885);
#1527=VERTEX_POINT('',#1887);
#1528=CIRCLE('',#1888,2.);
#1529=VERTEX_POINT('',#1892);
#1530=CIRCLE('',#1893,2.);
#1531=VERTEX_POINT('',#1897);
#1532=VERTEX_POINT('',#1898);
#1533=LINE('',#1899,#1900);
#1534=VERTEX_POINT('',#1902);
#1535=LINE('',#1903,#1904);
#1536=LINE('',#1906,#1907);
#1537=LINE('',#1909,#1910);
#1538=VERTEX_POINT('',#1912);
#1539=VERTEX_POINT('',#1913);
#1540=LINE('',#1914,#1915);
#1541=LINE('',#1917,#1918);
#1542=VERTEX_POINT('',#1920);
#1543=LINE('',#1921,#1922);
#1544=CIRCLE('',#1924,52.1523073052025);
#1545=VERTEX_POINT('',#1928);
#1546=CIRCLE('',#1929,2.);
#1547=VERTEX_POINT('',#1933);
#1548=VERTEX_POINT('',#1934);
#1549=B_SPLINE_CURVE_WITH_KNOTS('',3,
(#1935,#1936,#1937,#1938,#1939,#1940,#1941,#1942,#1943,#1944,#1945,#1946,#1947,#1948,
#1949,#1950,#1951,#1952,#1953,#1954,#1955,#1956,#1957,#1958,#1959,#1960,#1961,#1962,
#1963,#1964,#1965),
.UNSPECIFIED.,.F.,.F.,
(4,1,1,1,1,1,1,1,1,1,1,1,1,1,1,1,1,1,1,1,1,1,1,1,1,1,1,1,4),
(0.,0.0344149337316486,0.0683565124006497,0.10188407237693,0.134815401006711,0.167444556432641,
0.199383097275269,0.230904073279344,0.261844666485639,0.292631779194786,0.32269248219471,
0.352197679938863,0.380752397762494,0.408929986161942,0.438833439865061,0.470848803754284,
0.519816971639195,0.586453709813509,0.667238221814718,0.744496992636934,0.80928103618799,
0.860400307059394,0.89255686180128,0.911883513225151,0.926560973423538,0.941707172825996,
0.957308778411109,0.975747235709622,1.),
.UNSPECIFIED.);
#1550=VERTEX_POINT('',#1966);
#1551=B_SPLINE_CURVE_WITH_KNOTS('',3,
(#1967,#1968,#1969,#1970,#1971,#1972,#1973,#1974,#1975,#1976,#1977,#1978),
.UNSPECIFIED.,.F.,.F.,
(4,1,1,1,1,1,1,1,1,4),
(0.,0.0606860874864599,0.14663561920128,0.262880926169853,0.419484338898589,0.563403675424599,
0.689607715323994,0.790552034729791,0.894015451545032,1.),
.UNSPECIFIED.);
#1552=VERTEX_POINT('',#1979);
#1553=B_SPLINE_CURVE_WITH_KNOTS('',3,
(#1980,#1981,#1982,#1983,#1984,#1985,#1986),
.UNSPECIFIED.,.F.,.F.,
(4,1,1,1,4),
(0.,0.202046433512018,0.418777094635307,0.684761616797968,1.),
.UNSPECIFIED.);
#1554=VERTEX_POINT('',#1987);
#1555=LINE('',#1988,#1989);
#1556=VERTEX_POINT('',#1991);
#1557=LINE('',#1992,#1993);
#1558=VERTEX_POINT('',#1995);
#1559=LINE('',#1996,#1997);
#1560=VERTEX_POINT('',#1999);
#1561=LINE('',#2000,#2001);
#1562=VERTEX_POINT('',#2003);
#1563=LINE('',#2004,#2005);
#1564=VERTEX_POINT('',#2007);
#1565=LINE('',#2008,#2009);
#1566=VERTEX_POINT('',#2011);
#1567=LINE('',#2012,#2013);
#1568=VERTEX_POINT('',#2015);
#1569=B_SPLINE_CURVE_WITH_KNOTS('',3,
(#2016,#2017,#2018,#2019,#2020,#2021,#2022),
.UNSPECIFIED.,.F.,.F.,
(4,1,1,1,4),
(0.,0.143140026555543,0.327177203555527,0.619613386444419,1.),
.UNSPECIFIED.);
#1570=VERTEX_POINT('',#2023);
#1571=LINE('',#2024,#2025);
#1572=VERTEX_POINT('',#2027);
#1573=LINE('',#2028,#2029);
#1574=VERTEX_POINT('',#2031);
#1575=LINE('',#2032,#2033);
#1576=LINE('',#2035,#2036);
#1577=B_SPLINE_CURVE_WITH_KNOTS('',3,
(#2038,#2039,#2040,#2041,#2042,#2043,#2044,#2045,#2046,#2047,#2048,#2049,#2050,#2051,
#2052,#2053,#2054,#2055,#2056,#2057,#2058,#2059,#2060,#2061,#2062,#2063,#2064,#2065,
#2066,#2067,#2068,#2069,#2070,#2071,#2072,#2073,#2074,#2075,#2076,#2077,#2078),
.UNSPECIFIED.,.F.,.F.,
(4,1,1,1,1,1,1,1,1,1,1,1,1,1,1,1,1,1,1,1,1,1,1,1,1,1,1,1,1,1,1,1,1,1,1,1,1,1,4),
(0.,0.0104867505973698,0.0209224400675778,0.0313095712588338,0.0416177700165782,
0.0457510585122241,0.0518854340118977,0.0631712964602617,0.0755119749582861,0.0941357574876402,
0.113483040884418,0.133508714494749,0.153626641542635,0.17911600992194,0.211966528510312,
0.248823313684604,0.294162763788825,0.349237557409779,0.412594653981102,0.465711439899485,
0.505316470807675,0.542238310419323,0.590309879217037,0.650159251219867,0.698161653137169,
0.733686969661702,0.755640774445097,0.777119770360861,0.797705382447816,0.817867566600135,
0.837654576439298,0.857484779846702,0.877473722042966,0.897580044072764,0.91787023820794,
0.938231463006762,0.958732647916085,0.979316594691043,1.),
.UNSPECIFIED.);
#1578=B_SPLINE_CURVE_WITH_KNOTS('',3,
(#2079,#2080,#2081,#2082,#2083),
.UNSPECIFIED.,.F.,.F.,
(4,1,4),
(0.,0.500000004808229,1.),
.UNSPECIFIED.);
#1579=B_SPLINE_CURVE_WITH_KNOTS('',3,
(#2084,#2085,#2086,#2087,#2088,#2089,#2090,#2091,#2092,#2093,#2094,#2095,#2096,#2097,
#2098,#2099,#2100,#2101,#2102,#2103,#2104,#2105,#2106,#2107,#2108,#2109,#2110,#2111,
#2112,#2113,#2114,#2115),
.UNSPECIFIED.,.F.,.F.,
(4,1,1,1,1,1,1,1,1,1,1,1,1,1,1,1,1,1,1,1,1,1,1,1,1,1,1,1,1,4),
(0.,0.0127921138772668,0.0256732734853638,0.0386211742191936,0.0516793969818775,
0.0647907513780021,0.0780077665967547,0.0912888967839048,0.104663864553994,0.118065292873524,
0.131612724179834,0.145283327071993,0.159181787665863,0.173178439091923,0.195677054032937,
0.228006149820459,0.244007562649136,0.263614864540849,0.294081755119956,0.328806704449719,
0.379663054427089,0.437666709914122,0.491987441855001,0.553436493404851,0.631576533884673,
0.722857215212499,0.807161605292104,0.879541546075389,0.942495052165676,1.),
.UNSPECIFIED.);
#1580=VERTEX_POINT('',#2116);
#1581=CIRCLE('',#2117,51.0719966011795);
#1582=VERTEX_POINT('',#2121);
#1583=B_SPLINE_CURVE_WITH_KNOTS('',3,
(#2122,#2123,#2124,#2125,#2126),
.UNSPECIFIED.,.F.,.F.,
(4,1,4),
(0.,0.544084728807334,1.),
.UNSPECIFIED.);
#1584=VERTEX_POINT('',#2127);
#1585=B_SPLINE_CURVE_WITH_KNOTS('',3,
(#2128,#2129,#2130,#2131,#2132,#2133,#2134,#2135,#2136,#2137,#2138,#2139,#2140,#2141,
#2142,#2143,#2144,#2145,#2146,#2147,#2148,#2149,#2150,#2151,#2152,#2153,#2154,#2155,
#2156,#2157,#2158),
.UNSPECIFIED.,.F.,.F.,
(4,1,1,1,1,1,1,1,1,1,1,1,1,1,1,1,1,1,1,1,1,1,1,1,1,1,1,1,4),
(0.,0.0125270986518118,0.0251438185579107,0.037827236210604,0.0506192893448033,0.063463291632344,
0.076407143924673,0.0894103838402781,0.102501492340997,0.115617414919333,0.128870136443986,
0.142238712646197,0.155822855987194,0.169500016815531,0.191468352190903,0.222933249685336,
0.233170756474669,0.257500989814404,0.286955128723572,0.320104488169353,0.368083937326461,
0.43626148069729,0.515609460430748,0.602630665315982,0.690322119258091,0.775507645697718,
0.85444821198428,0.928580539489849,1.),
.UNSPECIFIED.);
#1586=VERTEX_POINT('',#2159);
#1587=CIRCLE('',#2160,51.8885918542955);
#1588=VERTEX_POINT('',#2164);
#1589=B_SPLINE_CURVE_WITH_KNOTS('',3,
(#2165,#2166,#2167,#2168,#2169),
.UNSPECIFIED.,.F.,.F.,
(4,1,4),
(0.,0.499999969966869,1.),
.UNSPECIFIED.);
#1590=VERTEX_POINT('',#2170);
#1591=CIRCLE('',#2171,52.1523073057378);
#1592=VERTEX_POINT('',#2175);
#1593=B_SPLINE_CURVE_WITH_KNOTS('',3,
(#2176,#2177,#2178,#2179,#2180,#2181,#2182,#2183,#2184,#2185,#2186,#2187,#2188,#2189,
#2190,#2191,#2192,#2193,#2194,#2195,#2196,#2197,#2198,#2199,#2200,#2201,#2202,#2203,
#2204,#2205,#2206,#2207,#2208,#2209,#2210,#2211,#2212,#2213,#2214,#2215,#2216),
.UNSPECIFIED.,.F.,.F.,
(4,1,1,1,1,1,1,1,1,1,1,1,1,1,1,1,1,1,1,1,1,1,1,1,1,1,1,1,1,1,1,1,1,1,1,1,1,1,4),
(0.,0.0103105495065869,0.0205682285964072,0.0307756332539169,0.0409011726095371,
0.0462378600563191,0.0509847507391036,0.0620605357540433,0.0741659671210989,0.0924151251438546,
0.111361081174241,0.130957378925893,0.150610875325291,0.175492626696225,0.207536763477948,
0.243476654276438,0.287677815566704,0.341365868007917,0.403121068962525,0.454887714355367,
0.493476284235544,0.52957939099107,0.576832289552485,0.63599983943966,0.683792837033301,
0.719443496161295,0.7418105639683,0.763792285921027,0.785097221611247,0.806104730667621,
0.826900031301709,0.847774552466059,0.86892065725315,0.890259788011994,0.911898497323828,
0.933651671427747,0.95563221155177,0.97774149732592,1.),
.UNSPECIFIED.);
#1594=VERTEX_POINT('',#2217);
#1595=B_SPLINE_CURVE_WITH_KNOTS('',3,
(#2218,#2219,#2220,#2221,#2222,#2223,#2224),
.UNSPECIFIED.,.F.,.F.,
(4,1,1,1,4),
(0.,0.143678066437763,0.328407009000601,0.62068946620886,1.),
.UNSPECIFIED.);
#1596=VERTEX_POINT('',#2225);
#1597=CIRCLE('',#2226,53.3864956101409);
#1598=VERTEX_POINT('',#2230);
#1599=B_SPLINE_CURVE_WITH_KNOTS('',3,
(#2231,#2232,#2233,#2234,#2235,#2236),
.UNSPECIFIED.,.F.,.F.,
(4,1,1,4),
(0.,0.333333333333333,0.666666666666667,1.),
.UNSPECIFIED.);
#1600=VERTEX_POINT('',#2237);
#1601=CIRCLE('',#2238,51.6987167302956);
#1602=VERTEX_POINT('',#2242);
#1603=B_SPLINE_CURVE_WITH_KNOTS('',3,
(#2243,#2244,#2245,#2246,#2247,#2248),
.UNSPECIFIED.,.F.,.F.,
(4,1,1,4),
(0.,0.333333333333333,0.666666666666667,1.),
.UNSPECIFIED.);
#1604=VERTEX_POINT('',#2249);
#1605=CIRCLE('',#2250,53.3864956101409);
#1606=VERTEX_POINT('',#2254);
#1607=B_SPLINE_CURVE_WITH_KNOTS('',3,
(#2255,#2256,#2257,#2258,#2259,#2260),
.UNSPECIFIED.,.F.,.F.,
(4,1,1,4),
(0.,0.333333333333333,0.666666666666667,1.),
.UNSPECIFIED.);
#1608=VERTEX_POINT('',#2261);
#1609=CIRCLE('',#2262,51.6987167302956);
#1610=VERTEX_POINT('',#2266);
#1611=B_SPLINE_CURVE_WITH_KNOTS('',3,
(#2267,#2268,#2269,#2270,#2271,#2272),
.UNSPECIFIED.,.F.,.F.,
(4,1,1,4),
(0.,0.333333333333333,0.666666666666667,1.),
.UNSPECIFIED.);
#1612=VERTEX_POINT('',#2273);
#1613=CIRCLE('',#2274,53.3864956101409);
#1614=VERTEX_POINT('',#2278);
#1615=B_SPLINE_CURVE_WITH_KNOTS('',3,
(#2279,#2280,#2281,#2282,#2283,#2284),
.UNSPECIFIED.,.F.,.F.,
(4,1,1,4),
(0.,0.333333333333333,0.666666666666667,1.),
.UNSPECIFIED.);
#1616=VERTEX_POINT('',#2285);
#1617=CIRCLE('',#2286,51.6987167302956);
#1618=VERTEX_POINT('',#2290);
#1619=B_SPLINE_CURVE_WITH_KNOTS('',3,
(#2291,#2292,#2293,#2294,#2295,#2296),
.UNSPECIFIED.,.F.,.F.,
(4,1,1,4),
(0.,0.333333333333333,0.666666666666667,1.),
.UNSPECIFIED.);
#1620=CIRCLE('',#2297,53.3864956101409);
#1621=LINE('',#2301,#2302);
#1622=VERTEX_POINT('',#2304);
#1623=LINE('',#2305,#2306);
#1624=LINE('',#2308,#2309);
#1625=VERTEX_POINT('',#2311);
#1626=CIRCLE('',#2312,2.);
#1627=VERTEX_POINT('',#2316);
#1628=CIRCLE('',#2317,1.00000000000001);
#1629=VERTEX_POINT('',#2321);
#1630=LINE('',#2322,#2323);
#1631=VERTEX_POINT('',#2325);
#1632=LINE('',#2326,#2327);
#1633=LINE('',#2329,#2330);
#1634=(BOUNDED_CURVE()B_SPLINE_CURVE(3,
(#2332,#2333,#2334,#2335),
.UNSPECIFIED.,.F.,.F.)B_SPLINE_CURVE_WITH_KNOTS((4,4),
(0.,1.),
.UNSPECIFIED.)CURVE()GEOMETRIC_REPRESENTATION_ITEM()RATIONAL_B_SPLINE_CURVE((1.,
0.804737854124364,0.804737854124364,1.))REPRESENTATION_ITEM(''));
#1635=LINE('',#2336,#2337);
#1636=(BOUNDED_CURVE()B_SPLINE_CURVE(3,
(#2339,#2340,#2341,#2342),
.UNSPECIFIED.,.F.,.F.)B_SPLINE_CURVE_WITH_KNOTS((4,4),
(0.,1.),
.UNSPECIFIED.)CURVE()GEOMETRIC_REPRESENTATION_ITEM()RATIONAL_B_SPLINE_CURVE((1.,
0.804737854124362,0.804737854124362,1.))REPRESENTATION_ITEM(''));
#1637=LINE('',#2343,#2344);
#1638=VERTEX_POINT('',#2346);
#1639=VERTEX_POINT('',#2347);
#1640=CIRCLE('',#2348,1.);
#1641=VERTEX_POINT('',#2352);
#1642=LINE('',#2353,#2354);
#1643=VERTEX_POINT('',#2356);
#1644=CIRCLE('',#2357,55.3864956101409);
#1645=VERTEX_POINT('',#2361);
#1646=LINE('',#2362,#2363);
#1647=VERTEX_POINT('',#2365);
#1648=CIRCLE('',#2366,1.00000000000001);
#1649=LINE('',#2370,#2371);
#1650=VERTEX_POINT('',#2373);
#1651=B_SPLINE_CURVE_WITH_KNOTS('',3,
(#2374,#2375,#2376,#2377,#2378,#2379,#2380,#2381,#2382,#2383,#2384,#2385,#2386,#2387,
#2388,#2389,#2390,#2391,#2392,#2393,#2394,#2395,#2396,#2397,#2398,#2399,#2400,#2401,
#2402,#2403,#2404,#2405,#2406,#2407,#2408,#2409,#2410,#2411,#2412,#2413,#2414),
.UNSPECIFIED.,.F.,.F.,
(4,1,1,1,1,1,1,1,1,1,1,1,1,1,1,1,1,1,1,1,1,1,1,1,1,1,1,1,1,1,1,1,1,1,1,1,1,1,4),
(0.,0.0351420787702175,0.0531406689761966,0.08786835408801,0.107407972948466,0.124593005590368,
0.162150912787138,0.162675121797305,0.180565334707124,0.221098373648746,0.234877675343857,
0.263728362200078,0.304666057239956,0.311019663480003,0.323728367023848,0.324449704699678,
0.349144585554263,0.392140232578309,0.424402867695542,0.438138415843715,0.478037763092815,
0.517349748487165,0.521156634706273,0.548347862266225,0.590432775050165,0.61284938464288,
0.651333015955685,0.711469484254326,0.711813974691744,0.751015826215739,0.78936255493049,
0.81253219612719,0.837129953004056,0.875694407014039,0.896269621592211,0.911607134486912,
0.957723239521951,0.964172118041336,1.),
.UNSPECIFIED.);
#1652=VERTEX_POINT('',#2415);
#1653=LINE('',#2416,#2417);
#1654=VERTEX_POINT('',#2419);
#1655=CIRCLE('',#2420,14.);
#1656=VERTEX_POINT('',#2424);
#1657=LINE('',#2425,#2426);
#1658=B_SPLINE_CURVE_WITH_KNOTS('',3,
(#2428,#2429,#2430,#2431,#2432,#2433,#2434,#2435,#2436,#2437,#2438,#2439,#2440,#2441,
#2442,#2443,#2444,#2445,#2446,#2447,#2448,#2449,#2450,#2451,#2452,#2453,#2454,#2455,
#2456,#2457,#2458,#2459,#2460,#2461,#2462,#2463,#2464,#2465,#2466,#2467,#2468),
.UNSPECIFIED.,.F.,.F.,
(4,1,1,1,1,1,1,1,1,1,1,1,1,1,1,1,1,1,1,1,1,1,1,1,1,1,1,1,1,1,1,1,1,1,1,1,1,1,4),
(0.,0.0351420787576478,0.05314066910297,0.0878683541284757,0.107407973201212,0.124593005625602,
0.162150912842902,0.162675122106152,0.18056533476006,0.221098373702517,0.23487767563559,
0.263728362252074,0.304666057288378,0.311019663527838,0.323728367070497,0.32444970489898,
0.349144585598732,0.392140232619889,0.42440286779784,0.438138415882487,0.478037763128864,
0.517349748520421,0.5211566347393,0.548347862297331,0.590432775078411,0.612849384669594,
0.651333015979722,0.711469484274223,0.711813974711636,0.751015826232777,0.78936255494495,
0.812532196140125,0.837129953015389,0.875694407022691,0.896269621599359,0.911607134493012,
0.957723239524914,0.964172118043821,1.),
.UNSPECIFIED.);
#1659=VERTEX_POINT('',#2469);
#1660=LINE('',#2470,#2471);
#1661=VERTEX_POINT('',#2473);
#1662=LINE('',#2474,#2475);
#1663=VERTEX_POINT('',#2477);
#1664=CIRCLE('',#2478,0.999999999999997);
#1665=VERTEX_POINT('',#2482);
#1666=LINE('',#2483,#2484);
#1667=CIRCLE('',#2486,0.999999999999998);
#1668=VERTEX_POINT('',#2490);
#1669=CIRCLE('',#2491,12.);
#1670=VERTEX_POINT('',#2495);
#1671=B_SPLINE_CURVE_WITH_KNOTS('',3,
(#2496,#2497,#2498,#2499,#2500,#2501,#2502,#2503,#2504,#2505,#2506,#2507,#2508,#2509,
#2510,#2511,#2512,#2513,#2514,#2515,#2516,#2517,#2518,#2519,#2520,#2521,#2522,#2523,
#2524,#2525,#2526,#2527,#2528,#2529,#2530,#2531,#2532,#2533),
.UNSPECIFIED.,.F.,.F.,
(4,1,1,1,1,1,1,1,1,1,1,1,1,1,1,1,1,1,1,1,1,1,1,1,1,1,1,1,1,1,1,1,1,1,1,4),
(0.,0.0274555990217209,0.0488671595502742,0.081451559777893,0.100008649897256,0.143759248515511,
0.153315853635739,0.199805527407104,0.231168219920336,0.238695182184234,0.277863588479052,
0.317657725880206,0.328159207073739,0.357647248088875,0.39812284881417,0.443077143973019,
0.456635731562561,0.485145645681722,0.533898181376856,0.548301064933463,0.610989473259409,
0.650845636733967,0.66353025502273,0.705646515549573,0.746658958356956,0.756503125541098,
0.799079671666255,0.838666868919035,0.840236328219665,0.879446524505504,0.910892137667858,
0.922909693932988,0.963941406363019,0.972733829562803,0.999984011711521,1.),
.UNSPECIFIED.);
#1672=VERTEX_POINT('',#2534);
#1673=B_SPLINE_CURVE_WITH_KNOTS('',3,
(#2535,#2536,#2537,#2538,#2539,#2540,#2541,#2542,#2543,#2544,#2545,#2546,#2547,#2548,
#2549,#2550,#2551,#2552,#2553,#2554,#2555,#2556,#2557,#2558,#2559,#2560,#2561,#2562,
#2563,#2564,#2565,#2566,#2567,#2568,#2569),
.UNSPECIFIED.,.F.,.F.,
(4,1,1,1,1,1,1,1,1,1,1,1,1,1,1,1,1,1,1,1,1,1,1,1,1,1,1,1,1,1,1,1,4),
(0.,0.0348663617667623,0.069599881082449,0.106844923268694,0.135964207467749,0.180570196015859,
0.199073268865321,0.247617251733339,0.278839587310418,0.306927481081935,0.364896671102362,
0.376814094087316,0.42657211505799,0.479020330162806,0.497234883877624,0.518535278287681,
0.557123166517816,0.598685338633784,0.617434136905549,0.641377890296652,0.681272039392445,
0.720991413750549,0.737509328677899,0.779155798268859,0.805573596586321,0.829590536395415,
0.83632076197621,0.891652823194486,0.896408110710727,0.935284392365157,0.964154102312757,
0.969853206810604,1.),
.UNSPECIFIED.);
#1674=VERTEX_POINT('',#2570);
#1675=LINE('',#2571,#2572);
#1676=VERTEX_POINT('',#2574);
#1677=CIRCLE('',#2575,14.);
#1678=VERTEX_POINT('',#2579);
#1679=CIRCLE('',#2580,14.);
#1680=LINE('',#2584,#2585);
#1681=VERTEX_POINT('',#2587);
#1682=B_SPLINE_CURVE_WITH_KNOTS('',3,
(#2588,#2589,#2590,#2591,#2592,#2593,#2594,#2595,#2596,#2597,#2598,#2599,#2600,#2601,
#2602,#2603,#2604,#2605,#2606,#2607,#2608,#2609,#2610,#2611,#2612,#2613,#2614,#2615,
#2616,#2617,#2618,#2619,#2620,#2621,#2622),
.UNSPECIFIED.,.F.,.F.,
(4,1,1,1,1,1,1,1,1,1,1,1,1,1,1,1,1,1,1,1,1,1,1,1,1,1,1,1,1,1,1,1,4),
(0.,0.0348663618330241,0.0695998811579861,0.106844923406506,0.135964207598455,0.180570196072045,
0.199073269025545,0.247617251785184,0.278839587434191,0.306927481129815,0.364896671146217,
0.376814094169213,0.426572115097569,0.47902033019875,0.497234883912321,0.518535278320905,
0.557123166548384,0.598685338661479,0.617434136931953,0.641377890321412,0.681272039414446,
0.720991413769808,0.737509328696019,0.779155798284103,0.805573596603264,0.829590536407183,
0.836320761987536,0.891652823201925,0.896408110717842,0.935284392369595,0.964154102315222,
0.96985320681268,1.),
.UNSPECIFIED.);
#1683=VERTEX_POINT('',#2623);
#1684=B_SPLINE_CURVE_WITH_KNOTS('',3,
(#2624,#2625,#2626,#2627,#2628,#2629,#2630,#2631,#2632,#2633,#2634,#2635,#2636,#2637,
#2638,#2639,#2640,#2641,#2642,#2643,#2644,#2645,#2646,#2647,#2648,#2649,#2650,#2651,
#2652,#2653,#2654,#2655,#2656,#2657,#2658,#2659,#2660,#2661),
.UNSPECIFIED.,.F.,.F.,
(4,1,1,1,1,1,1,1,1,1,1,1,1,1,1,1,1,1,1,1,1,1,1,1,1,1,1,1,1,1,1,1,1,1,1,4),
(0.,0.0274555988816373,0.0488671592366844,0.0814515595614682,0.100008649180479,0.143759248487807,
0.153315852506011,0.199805527376653,0.231168218548629,0.238695182131043,0.277863588428527,
0.317657725832981,0.328159205769277,0.357647248044741,0.398122848772722,0.443077143188135,
0.456635731524941,0.485145645642534,0.533898181344661,0.548301064603802,0.610989473232577,
0.650845636709874,0.663530254999504,0.705646515529239,0.74665895833948,0.756503125524279,
0.799079671652402,0.838666868907935,0.840236328208652,0.879446524497279,0.910892137661748,
0.922909693927824,0.963941406360508,0.972733829561205,0.999984011711724,1.),
.UNSPECIFIED.);
#1685=VERTEX_POINT('',#2662);
#1686=LINE('',#2663,#2664);
#1687=VERTEX_POINT('',#2666);
#1688=CIRCLE('',#2667,14.);
#1689=LINE('',#2671,#2672);
#1690=VERTEX_POINT('',#2674);
#1691=LINE('',#2675,#2676);
#1692=VERTEX_POINT('',#2678);
#1693=LINE('',#2679,#2680);
#1694=LINE('',#2682,#2683);
#1695=VERTEX_POINT('',#2685);
#1696=VERTEX_POINT('',#2686);
#1697=CIRCLE('',#2687,1.00000000000001);
#1698=VERTEX_POINT('',#2691);
#1699=LINE('',#2692,#2693);
#1700=VERTEX_POINT('',#2695);
#1701=CIRCLE('',#2696,0.999999999999998);
#1702=VERTEX_POINT('',#2700);
#1703=LINE('',#2701,#2702);
#1704=VERTEX_POINT('',#2704);
#1705=CIRCLE('',#2705,47.5);
#1706=VERTEX_POINT('',#2709);
#1707=LINE('',#2710,#2711);
#1708=LINE('',#2713,#2714);
#1709=VERTEX_POINT('',#2716);
#1710=CIRCLE('',#2717,1.00000000000001);
#1711=VERTEX_POINT('',#2721);
#1712=LINE('',#2722,#2723);
#1713=VERTEX_POINT('',#2725);
#1714=LINE('',#2726,#2727);
#1715=CIRCLE('',#2729,45.);
#1716=CIRCLE('',#2733,0.999999999999996);
#1717=VERTEX_POINT('',#2737);
#1718=CIRCLE('',#2738,45.);
#1719=LINE('',#2742,#2743);
#1720=VERTEX_POINT('',#2745);
#1721=VERTEX_POINT('',#2746);
#1722=LINE('',#2747,#2748);
#1723=VERTEX_POINT('',#2750);
#1724=LINE('',#2751,#2752);
#1725=CIRCLE('',#2754,45.5);
#1726=CIRCLE('',#2758,45.5);
#1727=B_SPLINE_CURVE_WITH_KNOTS('',3,
(#2762,#2763,#2764,#2765,#2766,#2767,#2768,#2769,#2770),
.UNSPECIFIED.,.F.,.F.,
(4,1,1,1,1,1,4),
(0.,0.12181018769301,0.285431727251901,0.492752039923773,0.702173582902682,0.871885625625927,
1.),
.UNSPECIFIED.);
#1728=VERTEX_POINT('',#2771);
#1729=VERTEX_POINT('',#2772);
#1730=LINE('',#2773,#2774);
#1731=LINE('',#2776,#2777);
#1732=LINE('',#2779,#2780);
#1733=LINE('',#2782,#2783);
#1734=VERTEX_POINT('',#2785);
#1735=LINE('',#2786,#2787);
#1736=VERTEX_POINT('',#2789);
#1737=LINE('',#2790,#2791);
#1738=LINE('',#2793,#2794);
#1739=LINE('',#2796,#2797);
#1740=VERTEX_POINT('',#2799);
#1741=LINE('',#2800,#2801);
#1742=LINE('',#2803,#2804);
#1743=VERTEX_POINT('',#2806);
#1744=B_SPLINE_CURVE_WITH_KNOTS('',3,
(#2807,#2808,#2809,#2810,#2811,#2812),
.UNSPECIFIED.,.F.,.F.,
(4,1,1,4),
(0.,0.333333333333333,0.666666666666667,1.),
.UNSPECIFIED.);
#1745=VERTEX_POINT('',#2813);
#1746=LINE('',#2814,#2815);
#1747=LINE('',#2817,#2818);
#1748=VERTEX_POINT('',#2820);
#1749=B_SPLINE_CURVE_WITH_KNOTS('',3,
(#2821,#2822,#2823,#2824,#2825,#2826,#2827,#2828,#2829,#2830,#2831,#2832,#2833,#2834,
#2835,#2836,#2837,#2838,#2839,#2840,#2841,#2842,#2843,#2844,#2845,#2846,#2847,#2848,
#2849,#2850,#2851,#2852,#2853,#2854,#2855),
.UNSPECIFIED.,.F.,.F.,
(4,1,1,1,1,1,1,1,1,1,1,1,1,1,1,1,1,1,1,1,1,1,1,1,1,1,1,1,1,1,1,1,4),
(0.,0.0348175989152295,0.069506344926996,0.10669736867937,0.135782651749104,0.180323205054732,
0.198809259695914,0.247285952173841,0.278476269616514,0.306525968868958,0.364424470083995,
0.376336440203574,0.426032449358729,0.478426940199935,0.496626551364689,0.517898686920385,
0.556442796819439,0.597967982922213,0.616709601674665,0.640626521612934,0.680484879707317,
0.720169900715112,0.736734742937167,0.778272161948219,0.804641093616663,0.828854701235815,
0.835392042615622,0.890695397441552,0.895790145121124,0.934839901464112,0.963662522652217,
0.969615294174467,1.),
.UNSPECIFIED.);
#1750=B_SPLINE_CURVE_WITH_KNOTS('',3,
(#2856,#2857,#2858,#2859,#2860,#2861,#2862,#2863,#2864,#2865,#2866,#2867,#2868,#2869,
#2870,#2871,#2872,#2873,#2874,#2875,#2876,#2877,#2878,#2879,#2880,#2881,#2882,#2883,
#2884,#2885,#2886,#2887,#2888,#2889,#2890,#2891,#2892,#2893,#2894,#2895,#2896),
.UNSPECIFIED.,.F.,.F.,
(4,1,1,1,1,1,1,1,1,1,1,1,1,1,1,1,1,1,1,1,1,1,1,1,1,1,1,1,1,1,1,1,1,1,1,1,1,1,4),
(0.,0.0350927500141008,0.0530661760887206,0.08774518779421,0.107259536037541,0.124420382944803,
0.16196344894937,0.162453325531468,0.180318343850973,0.22079704643178,0.234565331576189,
0.263377264560185,0.304267715599379,0.31061421201137,0.323308693515153,0.324030539149884,
0.348696468736062,0.39164318086869,0.423870580849761,0.437589724346845,0.477445722039891,
0.516715068428102,0.52052248786041,0.547683295282968,0.589728766716428,0.612127580539688,
0.650567974911198,0.710653161842946,0.711004849042193,0.750170453780933,0.788485809189529,
0.811755790953037,0.836214977873336,0.874749039218249,0.895657014747799,0.910634661925976,
0.957411045680221,0.963681604186483,1.),
.UNSPECIFIED.);
#1751=VERTEX_POINT('',#2897);
#1752=CIRCLE('',#2898,14.);
#1753=LINE('',#2902,#2903);
#1754=B_SPLINE_CURVE_WITH_KNOTS('',3,
(#2905,#2906,#2907,#2908,#2909,#2910),
.UNSPECIFIED.,.F.,.F.,
(4,1,1,4),
(0.,0.333333333333333,0.666666666666667,1.),
.UNSPECIFIED.);
#1755=LINE('',#2911,#2912);
#1756=VERTEX_POINT('',#2914);
#1757=B_SPLINE_CURVE_WITH_KNOTS('',3,
(#2915,#2916,#2917,#2918,#2919,#2920),
.UNSPECIFIED.,.F.,.F.,
(4,1,1,4),
(0.,0.333333333333333,0.666666666666667,1.),
.UNSPECIFIED.);
#1758=VERTEX_POINT('',#2921);
#1759=LINE('',#2922,#2923);
#1760=LINE('',#2925,#2926);
#1761=VERTEX_POINT('',#2928);
#1762=B_SPLINE_CURVE_WITH_KNOTS('',3,
(#2929,#2930,#2931,#2932,#2933,#2934,#2935,#2936,#2937,#2938,#2939,#2940,#2941,#2942,
#2943,#2944,#2945,#2946,#2947,#2948,#2949,#2950,#2951,#2952,#2953,#2954,#2955,#2956,
#2957,#2958,#2959,#2960,#2961,#2962,#2963),
.UNSPECIFIED.,.F.,.F.,
(4,1,1,1,1,1,1,1,1,1,1,1,1,1,1,1,1,1,1,1,1,1,1,1,1,1,1,1,1,1,1,1,4),
(0.,0.0348175989152365,0.0695063449270296,0.10669736867939,0.135782651749128,0.180323205054728,
0.198809259695916,0.247285952173835,0.278476269616515,0.306525968868976,0.364424470084041,
0.376336440203558,0.426032449358759,0.478426940199914,0.484585428687653,0.496626551364686,
0.517898695544031,0.556442807502445,0.597967986338216,0.616709601674643,0.640626519175276,
0.680484877050097,0.720169899990483,0.736734742937128,0.778272162462747,0.828854701235793,
0.835392042541706,0.890695397346528,0.895790145121147,0.934839901464125,0.963662522645497,
0.969615294174488,1.),
.UNSPECIFIED.);
#1763=B_SPLINE_CURVE_WITH_KNOTS('',3,
(#2964,#2965,#2966,#2967,#2968,#2969,#2970,#2971,#2972,#2973,#2974,#2975,#2976,#2977,
#2978,#2979,#2980,#2981,#2982,#2983,#2984,#2985,#2986,#2987,#2988,#2989,#2990,#2991,
#2992,#2993,#2994,#2995,#2996,#2997,#2998,#2999,#3000,#3001,#3002,#3003,#3004),
.UNSPECIFIED.,.F.,.F.,
(4,1,1,1,1,1,1,1,1,1,1,1,1,1,1,1,1,1,1,1,1,1,1,1,1,1,1,1,1,1,1,1,1,1,1,1,1,1,4),
(0.,0.035092750014098,0.053066176088725,0.0877451877942187,0.107259536037584,0.124420382944797,
0.162453325531524,0.180318342163174,0.22079704543244,0.234565331576236,0.263377265431647,
0.304267715999645,0.310614212273546,0.323308693527142,0.324030539149911,0.348696468483125,
0.39164318068683,0.423870580849774,0.437589724392891,0.477445722101458,0.484585650785983,
0.516715067930193,0.520522487860392,0.54768329719858,0.589728767685552,0.612127580539676,
0.650567974322976,0.710653161839625,0.711004849042194,0.750170453938581,0.788485809259194,
0.811755790953017,0.836214977843019,0.874749039203282,0.895657014747791,0.91063466193106,
0.957411045680199,0.963681604185238,1.),
.UNSPECIFIED.);
#1764=VERTEX_POINT('',#3005);
#1765=CIRCLE('',#3006,14.);
#1766=LINE('',#3010,#3011);
#1767=B_SPLINE_CURVE_WITH_KNOTS('',3,
(#3013,#3014,#3015,#3016,#3017,#3018),
.UNSPECIFIED.,.F.,.F.,
(4,1,1,4),
(0.,0.333333333333333,0.666666666666667,1.),
.UNSPECIFIED.);
#1768=LINE('',#3019,#3020);
#1769=VERTEX_POINT('',#3022);
#1770=B_SPLINE_CURVE_WITH_KNOTS('',3,
(#3023,#3024,#3025,#3026,#3027,#3028),
.UNSPECIFIED.,.F.,.F.,
(4,1,1,4),
(0.,0.333333333333333,0.666666666666667,1.),
.UNSPECIFIED.);
#1771=VERTEX_POINT('',#3029);
#1772=LINE('',#3030,#3031);
#1773=LINE('',#3033,#3034);
#1774=VERTEX_POINT('',#3036);
#1775=B_SPLINE_CURVE_WITH_KNOTS('',3,
(#3037,#3038,#3039,#3040,#3041,#3042,#3043,#3044,#3045,#3046,#3047,#3048,#3049,#3050,
#3051,#3052,#3053,#3054,#3055,#3056,#3057,#3058,#3059,#3060,#3061,#3062,#3063,#3064,
#3065,#3066,#3067,#3068,#3069,#3070,#3071),
.UNSPECIFIED.,.F.,.F.,
(4,1,1,1,1,1,1,1,1,1,1,1,1,1,1,1,1,1,1,1,1,1,1,1,1,1,1,1,1,1,1,1,4),
(0.,0.0348175989152427,0.0695063449270209,0.106697368679372,0.135782651749126,0.161971474775046,
0.180323210258153,0.198809259695918,0.24728595146619,0.278476269616511,0.306525969351253,
0.364424470192593,0.376336440203564,0.426032449194098,0.478426940152853,0.496626551364682,
0.517898686953149,0.556442796860334,0.597967982935113,0.616709601674655,0.640626521603675,
0.680484879697231,0.720169900712343,0.736734742937161,0.778272161950144,0.828854701235796,
0.835392042583637,0.890695397355968,0.895790145121141,0.934839901464117,0.963662522646245,
0.969615294174471,1.),
.UNSPECIFIED.);
#1776=B_SPLINE_CURVE_WITH_KNOTS('',3,
(#3072,#3073,#3074,#3075,#3076,#3077,#3078,#3079,#3080,#3081,#3082,#3083,#3084,#3085,
#3086,#3087,#3088,#3089,#3090,#3091,#3092,#3093,#3094,#3095,#3096,#3097,#3098,#3099,
#3100,#3101,#3102,#3103,#3104,#3105,#3106,#3107,#3108,#3109,#3110,#3111,#3112),
.UNSPECIFIED.,.F.,.F.,
(4,1,1,1,1,1,1,1,1,1,1,1,1,1,1,1,1,1,1,1,1,1,1,1,1,1,1,1,1,1,1,1,1,1,1,1,1,1,4),
(0.,0.0350927500141024,0.0530661760887258,0.087745187794208,0.107259536037547,0.124420382944789,
0.162453325531475,0.180318342163181,0.220797045432437,0.23456533157619,0.263377265431642,
0.30426771599965,0.310614212273579,0.323308693527201,0.324030539149877,0.348696468483297,
0.391643180686947,0.423870580849756,0.437589724392882,0.477445722101437,0.516715068432724,
0.520522487860384,0.547683295265825,0.589728766707664,0.612127580539668,0.650567974916471,
0.710653161842961,0.711004849042182,0.750170453779449,0.788485809188861,0.804640185413326,
0.811755790953016,0.836214984001516,0.874749042277364,0.8956570147478,0.910634660885596,
0.957411045680207,0.963681604442688,1.),
.UNSPECIFIED.);
#1777=VERTEX_POINT('',#3113);
#1778=CIRCLE('',#3114,14.);
#1779=LINE('',#3118,#3119);
#1780=B_SPLINE_CURVE_WITH_KNOTS('',3,
(#3121,#3122,#3123,#3124,#3125,#3126),
.UNSPECIFIED.,.F.,.F.,
(4,1,1,4),
(0.,0.333333333333333,0.666666666666667,1.),
.UNSPECIFIED.);
#1781=LINE('',#3127,#3128);
#1782=LINE('',#3130,#3131);
#1783=VERTEX_POINT('',#3133);
#1784=B_SPLINE_CURVE_WITH_KNOTS('',3,
(#3134,#3135,#3136,#3137,#3138,#3139),
.UNSPECIFIED.,.F.,.F.,
(4,1,1,4),
(0.,0.245264593249282,0.578597926582615,1.),
.UNSPECIFIED.);
#1785=VERTEX_POINT('',#3140);
#1786=B_SPLINE_CURVE_WITH_KNOTS('',3,
(#3141,#3142,#3143,#3144,#3145,#3146,#3147,#3148,#3149,#3150,#3151,#3152,#3153,#3154),
.UNSPECIFIED.,.F.,.F.,
(4,1,1,1,1,1,1,1,1,1,1,4),
(0.,0.06093342940657,0.147157930014406,0.238361191958457,0.334542287915944,0.415387467997701,
0.501208717836474,0.594494197233788,0.690267383810544,0.791019104923735,0.894262593882223,
1.),
.UNSPECIFIED.);
#1787=LINE('',#3155,#3156);
#1788=LINE('',#3158,#3159);
#1789=LINE('',#3161,#3162);
#1790=LINE('',#3164,#3165);
#1791=VERTEX_POINT('',#3167);
#1792=LINE('',#3168,#3169);
#1793=VERTEX_POINT('',#3171);
#1794=B_SPLINE_CURVE_WITH_KNOTS('',3,
(#3172,#3173,#3174,#3175,#3176,#3177,#3178,#3179,#3180,#3181),
.UNSPECIFIED.,.F.,.F.,
(4,1,1,1,1,1,1,4),
(0.,0.0940750807143055,0.230650979894489,0.382197792956902,0.548718390940407,0.693430265701989,
0.843856286628542,1.),
.UNSPECIFIED.);
#1795=B_SPLINE_CURVE_WITH_KNOTS('',3,
(#3182,#3183,#3184,#3185,#3186,#3187),
.UNSPECIFIED.,.F.,.F.,
(4,1,1,4),
(0.,0.245337780560257,0.57867111389359,1.),
.UNSPECIFIED.);
#1796=CIRCLE('',#3188,53.0719966009211);
#1797=VERTEX_POINT('',#3192);
#1798=CIRCLE('',#3193,14.);
#1799=VERTEX_POINT('',#3197);
#1800=CIRCLE('',#3198,12.);
#1801=VERTEX_POINT('',#3202);
#1802=CIRCLE('',#3203,47.5);
#1803=LINE('',#3207,#3208);
#1804=B_SPLINE_CURVE_WITH_KNOTS('',3,
(#3210,#3211,#3212,#3213),
.UNSPECIFIED.,.F.,.F.,
(4,4),
(0.,1.),
.UNSPECIFIED.);
#1805=B_SPLINE_CURVE_WITH_KNOTS('',3,
(#3214,#3215,#3216,#3217,#3218,#3219,#3220,#3221,#3222,#3223,#3224,#3225,#3226,#3227,
#3228,#3229,#3230,#3231,#3232),
.UNSPECIFIED.,.F.,.F.,
(4,1,1,1,1,1,1,1,1,1,1,1,1,1,1,1,4),
(0.,0.0599417019563928,0.119844661535304,0.179797512262822,0.259714438013007,0.357398157483654,
0.470604483878375,0.559765214538991,0.627074229574905,0.689297641943476,0.749280102642656,
0.807133758247085,0.847552601469863,0.887241568954125,0.9255228308913,0.963112632357017,
1.),
.UNSPECIFIED.);
#1806=VERTEX_POINT('',#3233);
#1807=(BOUNDED_CURVE()B_SPLINE_CURVE(3,
(#3234,#3235,#3236,#3237),
.UNSPECIFIED.,.F.,.F.)B_SPLINE_CURVE_WITH_KNOTS((4,4),
(0.,1.),
.UNSPECIFIED.)CURVE()GEOMETRIC_REPRESENTATION_ITEM()RATIONAL_B_SPLINE_CURVE((1.,
0.781830737073541,0.781830737073541,1.))REPRESENTATION_ITEM(''));
#1808=VERTEX_POINT('',#3238);
#1809=LINE('',#3239,#3240);
#1810=VERTEX_POINT('',#3242);
#1811=LINE('',#3243,#3244);
#1812=VERTEX_POINT('',#3246);
#1813=LINE('',#3247,#3248);
#1814=LINE('',#3250,#3251);
#1815=VERTEX_POINT('',#3253);
#1816=LINE('',#3254,#3255);
#1817=LINE('',#3257,#3258);
#1818=VERTEX_POINT('',#3260);
#1819=VERTEX_POINT('',#3261);
#1820=CIRCLE('',#3262,0.99999999999999);
#1821=VERTEX_POINT('',#3266);
#1822=LINE('',#3267,#3268);
#1823=CIRCLE('',#3270,1.00000000000002);
#1824=VERTEX_POINT('',#3274);
#1825=LINE('',#3275,#3276);
#1826=LINE('',#3278,#3279);
#1827=VERTEX_POINT('',#3281);
#1828=LINE('',#3282,#3283);
#1829=VERTEX_POINT('',#3285);
#1830=LINE('',#3286,#3287);
#1831=LINE('',#3289,#3290);
#1832=VERTEX_POINT('',#3292);
#1833=CIRCLE('',#3293,2.);
#1834=VERTEX_POINT('',#3297);
#1835=CIRCLE('',#3298,2.);
#1836=VERTEX_POINT('',#3302);
#1837=LINE('',#3303,#3304);
#1838=VERTEX_POINT('',#3306);
#1839=LINE('',#3307,#3308);
#1840=LINE('',#3310,#3311);
#1841=VERTEX_POINT('',#3313);
#1842=CIRCLE('',#3314,1.00000000000001);
#1843=VERTEX_POINT('',#3318);
#1844=LINE('',#3319,#3320);
#1845=LINE('',#3322,#3323);
#1846=LINE('',#3325,#3326);
#1847=VERTEX_POINT('',#3328);
#1848=CIRCLE('',#3329,2.);
#1849=VERTEX_POINT('',#3333);
#1850=CIRCLE('',#3334,2.);
#1851=LINE('',#3338,#3339);
#1852=VERTEX_POINT('',#3341);
#1853=(BOUNDED_CURVE()B_SPLINE_CURVE(3,
(#3342,#3343,#3344,#3345),
.UNSPECIFIED.,.F.,.F.)B_SPLINE_CURVE_WITH_KNOTS((4,4),
(0.,1.),
.UNSPECIFIED.)CURVE()GEOMETRIC_REPRESENTATION_ITEM()RATIONAL_B_SPLINE_CURVE((1.,
0.997097909432119,0.997097909432119,1.))REPRESENTATION_ITEM(''));
#1854=LINE('',#3346,#3347);
#1855=(BOUNDED_CURVE()B_SPLINE_CURVE(3,
(#3349,#3350,#3351,#3352),
.UNSPECIFIED.,.F.,.F.)B_SPLINE_CURVE_WITH_KNOTS((4,4),
(0.,1.),
.UNSPECIFIED.)CURVE()GEOMETRIC_REPRESENTATION_ITEM()RATIONAL_B_SPLINE_CURVE((1.,
0.846623403605651,0.846623403605651,1.))REPRESENTATION_ITEM(''));
#1856=(BOUNDED_CURVE()B_SPLINE_CURVE(3,
(#3353,#3354,#3355,#3356),
.UNSPECIFIED.,.F.,.F.)B_SPLINE_CURVE_WITH_KNOTS((4,4),
(0.,1.),
.UNSPECIFIED.)CURVE()GEOMETRIC_REPRESENTATION_ITEM()RATIONAL_B_SPLINE_CURVE((1.,
0.804737854124365,0.804737854124365,1.))REPRESENTATION_ITEM(''));
#1857=(BOUNDED_CURVE()B_SPLINE_CURVE(3,
(#3357,#3358,#3359,#3360),
.UNSPECIFIED.,.F.,.F.)B_SPLINE_CURVE_WITH_KNOTS((4,4),
(0.,1.),
.UNSPECIFIED.)CURVE()GEOMETRIC_REPRESENTATION_ITEM()RATIONAL_B_SPLINE_CURVE((1.,
0.804737854124365,0.804737854124365,1.))REPRESENTATION_ITEM(''));
#1858=(BOUNDED_CURVE()B_SPLINE_CURVE(3,
(#3361,#3362,#3363,#3364),
.UNSPECIFIED.,.F.,.F.)B_SPLINE_CURVE_WITH_KNOTS((4,4),
(0.,1.),
.UNSPECIFIED.)CURVE()GEOMETRIC_REPRESENTATION_ITEM()RATIONAL_B_SPLINE_CURVE((1.,
0.804737854124364,0.804737854124364,1.))REPRESENTATION_ITEM(''));
#1859=(BOUNDED_CURVE()B_SPLINE_CURVE(3,
(#3365,#3366,#3367,#3368),
.UNSPECIFIED.,.F.,.F.)B_SPLINE_CURVE_WITH_KNOTS((4,4),
(0.,1.),
.UNSPECIFIED.)CURVE()GEOMETRIC_REPRESENTATION_ITEM()RATIONAL_B_SPLINE_CURVE((1.,
0.804737854124365,0.804737854124365,1.))REPRESENTATION_ITEM(''));
#1860=(BOUNDED_CURVE()B_SPLINE_CURVE(3,
(#3369,#3370,#3371,#3372),
.UNSPECIFIED.,.F.,.F.)B_SPLINE_CURVE_WITH_KNOTS((4,4),
(0.,1.),
.UNSPECIFIED.)CURVE()GEOMETRIC_REPRESENTATION_ITEM()RATIONAL_B_SPLINE_CURVE((1.,
0.804737854124365,0.804737854124365,1.))REPRESENTATION_ITEM(''));
#1861=CARTESIAN_POINT('',(-14.7921540626053,-22.0319290910793,-62.4460986824389));
#1862=CARTESIAN_POINT('',(-14.7921540626053,-22.0793614855529,-62.3951354840161));
#1863=AXIS2_PLACEMENT_3D('',#1864,#1865,#1866);
#1864=CARTESIAN_POINT('',(-14.7921540626053,-22.7872109402602,-63.1014988108322));
#1865=DIRECTION('',(-1.,-7.70371977754894E-33,1.22464679914735E-16));
#1866=DIRECTION('',(8.65045587220368E-17,0.707849454707244,0.706363326816064));
#1867=CARTESIAN_POINT('',(-14.7921540626053,-8.96602415934586,-51.1080852253072));
#1868=CARTESIAN_POINT('',(-14.7921540626053,-22.0319290910793,-62.4460986824389));
#1869=VECTOR('',#1870,1.);
#1870=DIRECTION('',(0.,0.755281849180836,0.655400128393317));
#1871=CARTESIAN_POINT('',(-14.7921540630134,-7.68093269845326,-51.3169488327295));
#1872=AXIS2_PLACEMENT_3D('',#1873,#1874,#1875);
#1873=CARTESIAN_POINT('',(-14.7921540626053,1.06482944568992E-31,-1.73899845478924E-15));
#1874=DIRECTION('',(-1.,-6.16297582203915E-33,1.22464679914735E-16));
#1875=DIRECTION('',(-1.21115518622128E-16,-0.148027387599469,-0.988983262002182));
#1876=CARTESIAN_POINT('',(-14.7921540626053,-14.0604414538024,-44.9240181376906));
#1877=CARTESIAN_POINT('',(-14.7921540626053,-7.68093269839401,-51.3169488326781));
#1878=VECTOR('',#1879,1.);
#1879=DIRECTION('',(0.,-0.706363326816066,0.707849454707241));
#1880=CARTESIAN_POINT('',(-14.7921540626053,-26.8138675360543,-57.6506684386195));
#1881=CARTESIAN_POINT('',(-14.7921540626053,-14.0604414538024,-44.9240181376906));
#1882=VECTOR('',#1883,1.);
#1883=DIRECTION('',(0.,-0.707849454707241,-0.706363326816067));
#1884=CARTESIAN_POINT('',(-14.7921540626053,-26.8138675360543,-57.6506684386195));
#1885=VECTOR('',#1886,1.);
#1886=DIRECTION('',(0.,0.706363326816067,-0.707849454707241));
#1887=CARTESIAN_POINT('',(-14.7921540626053,-14.1927654118227,-52.2944457785425));
#1888=AXIS2_PLACEMENT_3D('',#1889,#1890,#1891);
#1889=CARTESIAN_POINT('',(-14.7921540626053,-14.1927654118227,-50.2944457785425));
#1890=DIRECTION('',(1.,7.49879891330929E-33,-1.22464679914735E-16));
#1891=DIRECTION('',(-1.22464679914735E-16,-1.22464679914735E-16,-1.));
#1892=CARTESIAN_POINT('',(-14.7921540626053,-21.2712599588951,-59.3580790467032));
#1893=AXIS2_PLACEMENT_3D('',#1894,#1895,#1896);
#1894=CARTESIAN_POINT('',(-14.7921540626053,-21.2712599588951,-57.3580790467032));
#1895=DIRECTION('',(1.,7.49879891330929E-33,-1.22464679914735E-16));
#1896=DIRECTION('',(-1.22464679914735E-16,-1.22464679914735E-16,-1.));
#1897=CARTESIAN_POINT('',(-17.2921540626053,-14.305020026987,-45.1680832188653));
#1898=CARTESIAN_POINT('',(-17.2921538294842,-19.2894264726467,-50.1420276372954));
#1899=CARTESIAN_POINT('',(-17.2921540626053,-14.3050200269422,-45.1680832188206));
#1900=VECTOR('',#1901,1.);
#1901=DIRECTION('',(0.,-0.707849454707241,-0.706363326816067));
#1902=CARTESIAN_POINT('',(-17.2921540626053,-26.8138675360543,-57.6506684386195));
#1903=CARTESIAN_POINT('',(-17.2921540626053,-19.2894278325164,-50.1420262745647));
#1904=VECTOR('',#1905,1.);
#1905=DIRECTION('',(0.,-0.707849454707241,-0.706363326816067));
#1906=CARTESIAN_POINT('',(-17.2921540626053,-26.8138675360543,-57.6506684386195));
#1907=VECTOR('',#1908,1.);
#1908=DIRECTION('',(1.,0.,0.));
#1909=CARTESIAN_POINT('',(-14.7921540626053,-14.0604414538024,-44.9240181376906));
#1910=VECTOR('',#1911,1.);
#1911=DIRECTION('',(-0.990583772292613,-0.0969102262766201,-0.0967067635357052));
#1912=CARTESIAN_POINT('',(-17.2921540626053,-9.22225521980504,-51.3304311873968));
#1913=CARTESIAN_POINT('',(-17.2921540626053,-13.9819431170963,-55.460677482876));
#1914=CARTESIAN_POINT('',(-17.2921540626053,-13.9819431170963,-55.460677482876));
#1915=VECTOR('',#1916,1.);
#1916=DIRECTION('',(-5.63755484511718E-16,0.755281849180836,0.655400128393318));
#1917=CARTESIAN_POINT('',(-17.2921540626053,-19.2894253083856,-50.142028804006));
#1918=VECTOR('',#1919,1.);
#1919=DIRECTION('',(-4.72824319128405E-16,0.706363326816066,-0.707849454707242));
#1920=CARTESIAN_POINT('',(-17.2921540609297,-7.94253427811103,-51.5439550920717));
#1921=CARTESIAN_POINT('',(-17.2921540626053,-7.9425342779107,-51.5439550925746));
#1922=VECTOR('',#1923,1.);
#1923=DIRECTION('',(0.,-0.706363326816066,0.707849454707241));
#1924=AXIS2_PLACEMENT_3D('',#1925,#1926,#1927);
#1925=CARTESIAN_POINT('',(-17.2921540626053,8.77359472857186E-32,-1.4328367550024E-15));
#1926=DIRECTION('',(1.,7.49879891330929E-33,-1.22464679914735E-16));
#1927=DIRECTION('',(-1.20534740457644E-16,-0.176833120064119,-0.984240848394532));
#1928=CARTESIAN_POINT('',(-17.2921540626053,-14.1927654118227,-52.2944457785425));
#1929=AXIS2_PLACEMENT_3D('',#1930,#1931,#1932);
#1930=CARTESIAN_POINT('',(-17.2921540626053,-14.1927654118227,-50.2944457785425));
#1931=DIRECTION('',(1.,7.49879891330929E-33,-1.22464679914735E-16));
#1932=DIRECTION('',(-1.22464679914735E-16,-1.22464679914735E-16,-1.));
#1933=CARTESIAN_POINT('',(6.82396113090769E-15,-0.965681280334921,-45.4897511497349));
#1934=CARTESIAN_POINT('',(0.866025403784478,-0.399251904181324,-44.9982288308885));
#1935=CARTESIAN_POINT('',(1.02140518265514E-14,-0.965681280444782,-45.4897511497326));
#1936=CARTESIAN_POINT('',(0.00499004387498172,-0.955956538785079,-45.4813124497436));
#1937=CARTESIAN_POINT('',(0.0152211249519686,-0.936679808947352,-45.4645849575838));
#1938=CARTESIAN_POINT('',(0.0314261091150685,-0.908115721122529,-45.4397983076092));
#1939=CARTESIAN_POINT('',(0.0483340870336333,-0.880180708329425,-45.4155575410779));
#1940=CARTESIAN_POINT('',(0.0659419230143244,-0.852865234564628,-45.3918543830687));
#1941=CARTESIAN_POINT('',(0.0841684398838716,-0.826279457854239,-45.3687844238364));
#1942=CARTESIAN_POINT('',(0.103010544458191,-0.800406504993967,-45.3463330215619));
#1943=CARTESIAN_POINT('',(0.122374308359211,-0.775347606133718,-45.3245880192845));
#1944=CARTESIAN_POINT('',(0.142334193173031,-0.750984413542522,-45.3034467200864));
#1945=CARTESIAN_POINT('',(0.162793796343455,-0.727420870053952,-45.2829993209536));
#1946=CARTESIAN_POINT('',(0.183730927845573,-0.704661562300149,-45.2632498019623));
#1947=CARTESIAN_POINT('',(0.204921920853875,-0.682909157731261,-45.2443740289473));
#1948=CARTESIAN_POINT('',(0.226405410290583,-0.662073560944292,-45.2262938211093));
#1949=CARTESIAN_POINT('',(0.248730044974554,-0.641612721345152,-45.2085388109564));
#1950=CARTESIAN_POINT('',(0.272752078239725,-0.620862548411076,-45.1905327301533));
#1951=CARTESIAN_POINT('',(0.303397306840506,-0.596057756981587,-45.1690082310467));
#1952=CARTESIAN_POINT('',(0.346114909766875,-0.564398990867871,-45.1415361563521));
#1953=CARTESIAN_POINT('',(0.406654075477856,-0.525195258314005,-45.1075168940357));
#1954=CARTESIAN_POINT('',(0.481139179833147,-0.485439103818784,-45.0730182644317));
#1955=CARTESIAN_POINT('',(0.560458673639033,-0.452437648528851,-45.0443810635525));
#1956=CARTESIAN_POINT('',(0.632903369934464,-0.429754576077117,-45.0246976981778));
#1957=CARTESIAN_POINT('',(0.690400138187024,-0.416491418317768,-45.0131885174544));
#1958=CARTESIAN_POINT('',(0.731001777476509,-0.409509177793819,-45.0071296384524));
#1959=CARTESIAN_POINT('',(0.757416023616661,-0.405918453066661,-45.0040137666091));
#1960=CARTESIAN_POINT('',(0.777131752315778,-0.40370569591396,-45.0020936339806));
#1961=CARTESIAN_POINT('',(0.795415287278716,-0.402032995839524,-45.0006421389591));
#1962=CARTESIAN_POINT('',(0.815271365423727,-0.400640638887665,-44.9994339132797));
#1963=CARTESIAN_POINT('',(0.83886473603753,-0.399543901387883,-44.9984822130642));
#1964=CARTESIAN_POINT('',(0.856182248872604,-0.399251706224364,-44.9982286590457));
#1965=CARTESIAN_POINT('',(0.866025403784495,-0.39925190424645,-44.9982288308802));
#1966=CARTESIAN_POINT('',(-7.05090063244416,-6.86458617839159,-50.608559488219));
#1967=CARTESIAN_POINT('',(4.44089209850063E-15,-0.96568127938636,-45.4897511506082));
#1968=CARTESIAN_POINT('',(-0.137821426580954,-1.08822322628214,-45.5960876232137));
#1969=CARTESIAN_POINT('',(-0.47167990179081,-1.38377494451267,-45.8525543106261));
#1970=CARTESIAN_POINT('',(-1.07373138003677,-1.91132435267349,-46.3103383153013));
#1971=CARTESIAN_POINT('',(-1.9017730212133,-2.62720841523673,-46.9315507893993));
#1972=CARTESIAN_POINT('',(-2.87287858309642,-3.45259214768381,-47.6477822259484));
#1973=CARTESIAN_POINT('',(-3.87678589245589,-4.29122402634417,-48.3755098168839));
#1974=CARTESIAN_POINT('',(-4.75668424742514,-5.01571531679799,-49.0041912620904));
#1975=CARTESIAN_POINT('',(-5.54549847034275,-5.65783507188776,-49.5613943381727));
#1976=CARTESIAN_POINT('',(-6.28994413173356,-6.25793804641186,-50.0821371135317));
#1977=CARTESIAN_POINT('',(-6.79481658884512,-6.66105162128769,-50.431941214964));
#1978=CARTESIAN_POINT('',(-7.0509006326077,-6.86458617892221,-50.6085594870389));
#1979=CARTESIAN_POINT('',(-13.7921540618526,-7.5760207133463,-51.2259108597888));
#1980=CARTESIAN_POINT('',(-7.05090063244419,-6.8645861783916,-50.608559488219));
#1981=CARTESIAN_POINT('',(-7.50487004431807,-6.91274860391229,-50.6503527073692));
#1982=CARTESIAN_POINT('',(-8.44582201978887,-7.01246735823042,-50.736884224594));
#1983=CARTESIAN_POINT('',(-9.98448169812419,-7.17516652923685,-50.8780673573073));
#1984=CARTESIAN_POINT('',(-11.7775707526631,-7.36429002917056,-51.0421803521011));
#1985=CARTESIAN_POINT('',(-13.0837169737065,-7.50164153366113,-51.1613679028991));
#1986=CARTESIAN_POINT('',(-13.7921540614773,-7.57602071322273,-51.2259108598775));
#1987=CARTESIAN_POINT('',(-13.7921540626053,-22.1318108118668,-63.856780660013));
#1988=CARTESIAN_POINT('',(-13.7921540626053,-22.1318108118668,-63.856780660013));
#1989=VECTOR('',#1990,1.);
#1990=DIRECTION('',(0.,0.755281849180836,0.655400128393317));
#1991=CARTESIAN_POINT('',(-18.2921540626053,-22.1318108118668,-63.856780660013));
#1992=CARTESIAN_POINT('',(-18.2921540626053,-22.1318108118668,-63.856780660013));
#1993=VECTOR('',#1994,1.);
#1994=DIRECTION('',(1.,7.89491928622334E-16,0.));
#1995=CARTESIAN_POINT('',(-18.2921540626053,-15.5452139870247,-58.1412237333392));
#1996=CARTESIAN_POINT('',(-18.2921540626053,-22.1318108118668,-63.856780660013));
#1997=VECTOR('',#1998,1.);
#1998=DIRECTION('',(0.,0.755281849180836,0.655400128393317));
#1999=CARTESIAN_POINT('',(-26.1396343933521,-15.5452139870247,-58.1412237333392));
#2000=CARTESIAN_POINT('',(-26.1396343933521,-15.5452139870247,-58.1412237333392));
#2001=VECTOR('',#2002,1.);
#2002=DIRECTION('',(1.,2.26360151861788E-16,0.));
#2003=CARTESIAN_POINT('',(-26.3624919054875,-13.2738637316944,-56.1702466066093));
#2004=CARTESIAN_POINT('',(-26.3624919054875,-13.2738637316944,-56.1702466066093));
#2005=VECTOR('',#2006,1.);
#2006=DIRECTION('',(0.073903154663235,-0.75321647273918,-0.653607886217088));
#2007=CARTESIAN_POINT('',(-18.2921540626053,-13.2738637316944,-56.1702466066093));
#2008=CARTESIAN_POINT('',(-26.3624919054875,-13.2738637316944,-56.1702466066093));
#2009=VECTOR('',#2010,1.);
#2010=DIRECTION('',(1.,2.20109352790842E-16,0.));
#2011=CARTESIAN_POINT('',(-18.2921540630848,-8.04690778906237,-51.6345258029418));
#2012=CARTESIAN_POINT('',(-18.2921540626053,-13.2738637316944,-56.1702466066093));
#2013=VECTOR('',#2014,1.);
#2014=DIRECTION('',(0.,0.755281849180836,0.655400128393317));
#2015=CARTESIAN_POINT('',(-28.9921540626053,-9.15460168356675,-52.5957334918606));
#2016=CARTESIAN_POINT('',(-18.2921540633246,-8.0469077890918,-51.634525802931));
#2017=CARTESIAN_POINT('',(-18.8026161551962,-8.10014801088336,-51.6807253088008));
#2018=CARTESIAN_POINT('',(-19.9694107190961,-8.22170827627563,-51.7862099218175));
#2019=CARTESIAN_POINT('',(-22.1792072236137,-8.45135960594885,-51.9854911716779));
#2020=CARTESIAN_POINT('',(-25.235324313953,-8.76783524471962,-52.2601147101731));
#2021=CARTESIAN_POINT('',(-27.6352615372142,-9.01514682749036,-52.4747207447218));
#2022=CARTESIAN_POINT('',(-28.9921540626068,-9.15460168434714,-52.5957334909442));
#2023=CARTESIAN_POINT('',(-28.9921540626053,-33.4924301272332,-73.7150228062982));
#2024=CARTESIAN_POINT('',(-28.9921540626053,-33.4924301272332,-73.7150228062982));
#2025=VECTOR('',#2026,1.);
#2026=DIRECTION('',(0.,0.755281849180836,0.655400128393317));
#2027=CARTESIAN_POINT('',(4.99999999999999,-33.4924301272332,-73.7150228062983));
#2028=CARTESIAN_POINT('',(-28.9921540626053,-33.4924301272332,-73.7150228062983));
#2029=VECTOR('',#2030,1.);
#2030=DIRECTION('',(1.,2.09031394259821E-16,0.));
#2031=CARTESIAN_POINT('',(4.99999999999999,-0.399251904239602,-44.998228830888));
#2032=CARTESIAN_POINT('',(4.99999999999999,-0.39925190423963,-44.998228830888));
#2033=VECTOR('',#2034,1.);
#2034=DIRECTION('',(-1.62166361831642E-16,-0.755281849180836,-0.655400128393317));
#2035=CARTESIAN_POINT('',(0.86602540378448,-0.399251904239743,-44.998228830888));
#2036=VECTOR('',#2037,1.);
#2037=DIRECTION('',(1.,-1.34280339511704E-17,0.));
#2038=CARTESIAN_POINT('',(-18.2921540633246,-8.0469077890918,-51.634525802931));
#2039=CARTESIAN_POINT('',(-18.2860269105378,-8.04626869831901,-51.633971268526));
#2040=CARTESIAN_POINT('',(-18.2737914025626,-8.04513793886094,-51.632841217919));
#2041=CARTESIAN_POINT('',(-18.2554583804803,-8.04387930251009,-51.6310801039205));
#2042=CARTESIAN_POINT('',(-18.237216722457,-8.04305958196274,-51.6292603528326));
#2043=CARTESIAN_POINT('',(-18.2226653769316,-8.04274970095852,-51.6277551471557));
#2044=CARTESIAN_POINT('',(-18.2106093592576,-8.04269250826615,-51.6264769743172));
#2045=CARTESIAN_POINT('',(-18.1979839458568,-8.04278142449744,-51.6251152512693));
#2046=CARTESIAN_POINT('',(-18.1805634102102,-8.04325338639825,-51.6231819287408));
#2047=CARTESIAN_POINT('',(-18.1558722364269,-8.04459687572505,-51.6203365833315));
#2048=CARTESIAN_POINT('',(-18.1265598299175,-8.04724822285172,-51.6167939618261));
#2049=CARTESIAN_POINT('',(-18.0929587253227,-8.05178706294773,-51.6124988709028));
#2050=CARTESIAN_POINT('',(-18.0587712898955,-8.05800613097836,-51.6078783672323));
#2051=CARTESIAN_POINT('',(-18.02144679546,-8.06660229330028,-51.6025505726713));
#2052=CARTESIAN_POINT('',(-17.9774633894388,-8.07919263782989,-51.5958851832225));
#2053=CARTESIAN_POINT('',(-17.9252702528008,-8.09795753495011,-51.5873712673706));
#2054=CARTESIAN_POINT('',(-17.8642124718155,-8.12543135287548,-51.5765326282143));
#2055=CARTESIAN_POINT('',(-17.7946494974984,-8.16449933505778,-51.56293717337));
#2056=CARTESIAN_POINT('',(-17.7169983006831,-8.21941489130945,-51.5459238759794));
#2057=CARTESIAN_POINT('',(-17.6428874607414,-8.28579987649945,-51.5273800530472));
#2058=CARTESIAN_POINT('',(-17.5822203711382,-8.35277009067801,-51.5100786891141));
#2059=CARTESIAN_POINT('',(-17.5363329085482,-8.41207641949606,-51.4955185595572));
#2060=CARTESIAN_POINT('',(-17.4957943568968,-8.47163388206701,-51.4814236651859));
#2061=CARTESIAN_POINT('',(-17.4532343040414,-8.54377667842342,-51.464959027236));
#2062=CARTESIAN_POINT('',(-17.4135751059993,-8.6247573697811,-51.4472099104942));
#2063=CARTESIAN_POINT('',(-17.3826313042522,-8.70162934074306,-51.4309440788689));
#2064=CARTESIAN_POINT('',(-17.362940993452,-8.75932306356453,-51.4190345904954));
#2065=CARTESIAN_POINT('',(-17.3497607490431,-8.80301543274004,-51.4101584946374));
#2066=CARTESIAN_POINT('',(-17.3400203888654,-8.83872201243833,-51.4029888885891));
#2067=CARTESIAN_POINT('',(-17.3314351286829,-8.87366976945639,-51.3960481674496));
#2068=CARTESIAN_POINT('',(-17.3239082666014,-8.9078723099419,-51.3893253494802));
#2069=CARTESIAN_POINT('',(-17.3172681264787,-8.94182673618016,-51.38271710386));
#2070=CARTESIAN_POINT('',(-17.3114259317241,-8.97584038306087,-51.3761607777691));
#2071=CARTESIAN_POINT('',(-17.3063350372123,-9.01017180593134,-51.3696058360092));
#2072=CARTESIAN_POINT('',(-17.3019946970991,-9.04488007771339,-51.3630411473932));
#2073=CARTESIAN_POINT('',(-17.2984234484263,-9.07989255203709,-51.3564807569824));
#2074=CARTESIAN_POINT('',(-17.295630195734,-9.11519875212378,-51.349926855705));
#2075=CARTESIAN_POINT('',(-17.2936275694386,-9.15071703581042,-51.3433947555714));
#2076=CARTESIAN_POINT('',(-17.2924217280332,-9.18643970337425,-51.336886044551));
#2077=CARTESIAN_POINT('',(-17.2921540435608,-9.21030116937367,-51.3325789090171));
#2078=CARTESIAN_POINT('',(-17.2921540626053,-9.22225521363944,-51.330431188344));
#2079=CARTESIAN_POINT('',(-14.7921540636936,-7.68093269854101,-51.3169488328057));
#2080=CARTESIAN_POINT('',(-15.208806313009,-7.72461157612079,-51.3548514281884));
#2081=CARTESIAN_POINT('',(-16.0421252242445,-7.81189071659312,-51.4305883996695));
#2082=CARTESIAN_POINT('',(-16.8754729767164,-7.89901262937266,-51.5061889340412));
#2083=CARTESIAN_POINT('',(-17.2921540592543,-7.9425342784211,-51.5439550915869));
#2084=CARTESIAN_POINT('',(-13.7921540614763,-7.57602071333752,-51.2259108597553));
#2085=CARTESIAN_POINT('',(-13.8001038110175,-7.57685535915887,-51.2266351283809));
#2086=CARTESIAN_POINT('',(-13.8160166684605,-7.57877404876729,-51.2280481836385));
#2087=CARTESIAN_POINT('',(-13.8398178540337,-7.58238280595726,-51.2300522301275));
#2088=CARTESIAN_POINT('',(-13.8636337369549,-7.58673498143716,-51.2319475553884));
#2089=CARTESIAN_POINT('',(-13.8874284366021,-7.59182705912334,-51.2337306748725));
#2090=CARTESIAN_POINT('',(-13.9112113846432,-7.59766367474305,-51.2354016981298));
#2091=CARTESIAN_POINT('',(-13.9349412708386,-7.60423703706091,-51.2369571325607));
#2092=CARTESIAN_POINT('',(-13.958628612783,-7.61155259992311,-51.2383970154046));
#2093=CARTESIAN_POINT('',(-13.9822125424097,-7.61959302088038,-51.2397171250044));
#2094=CARTESIAN_POINT('',(-14.0057273954298,-7.62837042637566,-51.2409189852946));
#2095=CARTESIAN_POINT('',(-14.0291698960125,-7.63788732838333,-51.2420015027613));
#2096=CARTESIAN_POINT('',(-14.0526330992282,-7.64819162949768,-51.2429670472761));
#2097=CARTESIAN_POINT('',(-14.0760644214654,-7.65927496225534,-51.243810791211));
#2098=CARTESIAN_POINT('',(-14.1040997581659,-7.67350321743348,-51.2446728108462));
#2099=CARTESIAN_POINT('',(-14.1416888771922,-7.69429845704355,-51.2455654500666));
#2100=CARTESIAN_POINT('',(-14.1792185446586,-7.71768242057035,-51.2460524926503));
#2101=CARTESIAN_POINT('',(-14.2141729218687,-7.74163890696279,-51.2461670362142));
#2102=CARTESIAN_POINT('',(-14.2474162673925,-7.76599062436737,-51.2460305167154));
#2103=CARTESIAN_POINT('',(-14.2887072560265,-7.79904997627713,-51.2454178355633));
#2104=CARTESIAN_POINT('',(-14.3427197427962,-7.84725434946971,-51.2438272022211));
#2105=CARTESIAN_POINT('',(-14.4054142748403,-7.91124252967658,-51.240687817821));
#2106=CARTESIAN_POINT('',(-14.4705918680973,-7.98934015710294,-51.2355317096616));
#2107=CARTESIAN_POINT('',(-14.5333378810812,-8.07748367844543,-51.2284140946789));
#2108=CARTESIAN_POINT('',(-14.5957459940395,-8.18071845289903,-51.2187124991069));
#2109=CARTESIAN_POINT('',(-14.6592001435243,-8.309401403319,-51.2048006157328));
#2110=CARTESIAN_POINT('',(-14.714576038274,-8.45671869148112,-51.1866085659122));
#2111=CARTESIAN_POINT('',(-14.7542246448446,-8.60495699207406,-51.1661250477468));
#2112=CARTESIAN_POINT('',(-14.7778317418104,-8.73847235253603,-51.1460023122368));
#2113=CARTESIAN_POINT('',(-14.7897241647662,-8.85668105551937,-51.1269280387966));
#2114=CARTESIAN_POINT('',(-14.7921513871619,-8.93071222146096,-51.1142801455863));
#2115=CARTESIAN_POINT('',(-14.7921540626053,-8.96602415939353,-51.1080852253101));
#2116=CARTESIAN_POINT('',(-7.05090063244416,-50.5987434050746,-6.93656995211565));
#2117=AXIS2_PLACEMENT_3D('',#2118,#2119,#2120);
#2118=CARTESIAN_POINT('',(-7.05090063277124,0.,0.));
#2119=DIRECTION('',(1.,0.,0.));
#2120=DIRECTION('',(0.,-0.134409982662108,-0.990925807798329));
#2121=CARTESIAN_POINT('',(-13.7921540617179,-51.2110002692199,-7.67616340941225));
#2122=CARTESIAN_POINT('',(-7.05090063244419,-50.5987434050746,-6.93656995211566));
#2123=CARTESIAN_POINT('',(-8.27336684183521,-50.7104018513064,-7.07145101457416));
#2124=CARTESIAN_POINT('',(-10.5203355650971,-50.915005808066,-7.31860830534965));
#2125=CARTESIAN_POINT('',(-12.767558179865,-51.1184728531587,-7.56439223053032));
#2126=CARTESIAN_POINT('',(-13.7921540612743,-51.2110002691806,-7.67616340939931));
#2127=CARTESIAN_POINT('',(-14.7921540626053,-51.0856575526012,-9.09293995577986));
#2128=CARTESIAN_POINT('',(-13.7921540612742,-51.2110002691811,-7.67616340939984));
#2129=CARTESIAN_POINT('',(-13.8000314187551,-51.2117116873169,-7.67702279010404));
#2130=CARTESIAN_POINT('',(-13.8157987113768,-51.2130984580665,-7.67899094943939));
#2131=CARTESIAN_POINT('',(-13.8393775063091,-51.215061334997,-7.68267284043691));
#2132=CARTESIAN_POINT('',(-13.8629675023563,-51.2169137691496,-7.68709715279207));
#2133=CARTESIAN_POINT('',(-13.8865318102457,-51.2186522937694,-7.69225955456896));
#2134=CARTESIAN_POINT('',(-13.9100769530324,-51.2202768833271,-7.69816343737547));
#2135=CARTESIAN_POINT('',(-13.9335599540415,-51.2217841194318,-7.70479941545766));
#2136=CARTESIAN_POINT('',(-13.956989266936,-51.2231740685767,-7.7121712069572));
#2137=CARTESIAN_POINT('',(-13.9803066524533,-51.2244429391997,-7.72026069417521));
#2138=CARTESIAN_POINT('',(-14.0035448965208,-51.2255922966091,-7.72907848436587));
#2139=CARTESIAN_POINT('',(-14.0267007786828,-51.2266212534571,-7.73862574377875));
#2140=CARTESIAN_POINT('',(-14.049863089726,-51.2275320628486,-7.74894754630306));
#2141=CARTESIAN_POINT('',(-14.0729822305154,-51.2283203656361,-7.76003467551873));
#2142=CARTESIAN_POINT('',(-14.1006240757866,-51.2291152467651,-7.77424586501725));
#2143=CARTESIAN_POINT('',(-14.1376120232446,-51.2299164057604,-7.79495346639647));
#2144=CARTESIAN_POINT('',(-14.1716538107238,-51.2302834705951,-7.81638182707601));
#2145=CARTESIAN_POINT('',(-14.206052703213,-51.2303576849668,-7.83991529777697));
#2146=CARTESIAN_POINT('',(-14.2386743257575,-51.2301866754294,-7.86375760456389));
#2147=CARTESIAN_POINT('',(-14.2814153609399,-51.2294567220763,-7.89816595344459));
#2148=CARTESIAN_POINT('',(-14.333442688221,-51.2278185325089,-7.9447022082798));
#2149=CARTESIAN_POINT('',(-14.3995239300324,-51.2244182992374,-8.01190924774152));
#2150=CARTESIAN_POINT('',(-14.4781503144051,-51.2178801497224,-8.1069440237712));
#2151=CARTESIAN_POINT('',(-14.5605486144102,-51.2071275786071,-8.22966150002255));
#2152=CARTESIAN_POINT('',(-14.6354577101586,-51.1922503285225,-8.37089554099685));
#2153=CARTESIAN_POINT('',(-14.6969151781121,-51.1738811666056,-8.52205059203605));
#2154=CARTESIAN_POINT('',(-14.74208001073,-51.1533115365913,-8.6731856745552));
#2155=CARTESIAN_POINT('',(-14.7718984540754,-51.1315476296658,-8.81906581561302));
#2156=CARTESIAN_POINT('',(-14.7885491064563,-51.1091520458152,-8.95808823023468));
#2157=CARTESIAN_POINT('',(-14.7921481137912,-51.0935524737781,-9.04858556829694));
#2158=CARTESIAN_POINT('',(-14.7921540626053,-51.0856575525972,-9.09293995578593));
#2159=CARTESIAN_POINT('',(-14.7921540628686,-51.301238763176,-7.78516961838494));
#2160=AXIS2_PLACEMENT_3D('',#2161,#2162,#2163);
#2161=CARTESIAN_POINT('',(-14.7921540626053,1.06482944568992E-31,-1.73899845478924E-15));
#2162=DIRECTION('',(-1.,-6.16297582203916E-33,1.22464679914735E-16));
#2163=DIRECTION('',(-2.14606706671462E-17,-0.98452580282115,-0.175239674672632));
#2164=CARTESIAN_POINT('',(-17.2921464488614,-51.526198841842,-8.05691667938369));
#2165=CARTESIAN_POINT('',(-14.7921540631319,-51.3012387631968,-7.78516961841307));
#2166=CARTESIAN_POINT('',(-15.2088018869678,-51.3388055607778,-7.8305495223718));
#2167=CARTESIAN_POINT('',(-16.0421138644706,-51.4138655930277,-7.921220467854));
#2168=CARTESIAN_POINT('',(-16.8754584015312,-51.4887784904188,-8.0117136775518));
#2169=CARTESIAN_POINT('',(-17.2921388349799,-51.5261981576451,-8.05691585116705));
#2170=CARTESIAN_POINT('',(-17.2921540626053,-51.3057173009453,-9.35876752013868));
#2171=AXIS2_PLACEMENT_3D('',#2172,#2173,#2174);
#2172=CARTESIAN_POINT('',(-17.2921540626053,8.77359472857186E-32,-1.4328367550024E-15));
#2173=DIRECTION('',(-1.,-1.84889274661175E-32,1.22464679914735E-16));
#2174=DIRECTION('',(-2.19763712839238E-17,-0.983766969327003,-0.179450689776225));
#2175=CARTESIAN_POINT('',(-18.2921540631423,-51.615933758314,-8.16531457569805));
#2176=CARTESIAN_POINT('',(-18.2921540634108,-51.6159337583014,-8.16531457573091));
#2177=CARTESIAN_POINT('',(-18.2860743987409,-51.6153886388621,-8.16465603402836));
#2178=CARTESIAN_POINT('',(-18.273934794256,-51.6142770952598,-8.16348684677691));
#2179=CARTESIAN_POINT('',(-18.2557464085394,-51.6125426376989,-8.16217156715587));
#2180=CARTESIAN_POINT('',(-18.2376530875518,-51.610748711524,-8.16129645580689));
#2181=CARTESIAN_POINT('',(-18.2224667006854,-51.6091856952934,-8.16092433881276));
#2182=CARTESIAN_POINT('',(-18.210513482907,-51.607921028723,-8.16084908562664));
#2183=CARTESIAN_POINT('',(-18.1980017335144,-51.6065737297198,-8.16091916884385));
#2184=CARTESIAN_POINT('',(-18.1814979433115,-51.6047477241129,-8.16132039801464));
#2185=CARTESIAN_POINT('',(-18.1570536389564,-51.6019366869578,-8.16258777815418));
#2186=CARTESIAN_POINT('',(-18.1280532022521,-51.5984351291719,-8.16514382274823));
#2187=CARTESIAN_POINT('',(-18.0948311910571,-51.5941874862662,-8.16956347210578));
#2188=CARTESIAN_POINT('',(-18.061062750182,-51.5896176716601,-8.17564502114067));
#2189=CARTESIAN_POINT('',(-18.0242366262305,-51.584349500397,-8.18406527579091));
#2190=CARTESIAN_POINT('',(-17.980886329479,-51.5777604075663,-8.19640552560082));
#2191=CARTESIAN_POINT('',(-17.9294696479354,-51.5693415106262,-8.21480760053552));
#2192=CARTESIAN_POINT('',(-17.8693349839736,-51.5586196982891,-8.2417535121328));
#2193=CARTESIAN_POINT('',(-17.8008173578469,-51.5451643328902,-8.28006505486842));
#2194=CARTESIAN_POINT('',(-17.7242895540646,-51.5283172187487,-8.33389534415006));
#2195=CARTESIAN_POINT('',(-17.6511552703103,-51.5099444883062,-8.39892577216874));
#2196=CARTESIAN_POINT('',(-17.5911592357922,-51.4927940632728,-8.46448393725725));
#2197=CARTESIAN_POINT('',(-17.5456211428711,-51.4783398573577,-8.52256973050056));
#2198=CARTESIAN_POINT('',(-17.5051498225488,-51.4642927910147,-8.58108792794618));
#2199=CARTESIAN_POINT('',(-17.4622925218565,-51.4477837166429,-8.65235999249329));
#2200=CARTESIAN_POINT('',(-17.4219598000274,-51.4298776701863,-8.7327997184114));
#2201=CARTESIAN_POINT('',(-17.3901260253604,-51.4133582651247,-8.80962235631377));
#2202=CARTESIAN_POINT('',(-17.3695862958571,-51.4011497436268,-8.86779651575243));
#2203=CARTESIAN_POINT('',(-17.3556466357212,-51.3919538809782,-8.91231437359357));
#2204=CARTESIAN_POINT('',(-17.3451930246683,-51.3844320943505,-8.94915427993272));
#2205=CARTESIAN_POINT('',(-17.3358888989726,-51.3770929417209,-8.98549661707303));
#2206=CARTESIAN_POINT('',(-17.3276433916084,-51.3699178004998,-9.02139889266263));
#2207=CARTESIAN_POINT('',(-17.3203170097769,-51.3628223526085,-9.05726003184467));
#2208=CARTESIAN_POINT('',(-17.3138298567891,-51.3557447229367,-9.09338193339632));
#2209=CARTESIAN_POINT('',(-17.308151234443,-51.348643894897,-9.12997328543244));
#2210=CARTESIAN_POINT('',(-17.3032832619862,-51.3415005960158,-9.16713750447715));
#2211=CARTESIAN_POINT('',(-17.2992610440469,-51.334338156221,-9.20475827636333));
#2212=CARTESIAN_POINT('',(-17.2961020534324,-51.3271588049647,-9.24282798702445));
#2213=CARTESIAN_POINT('',(-17.2938303745896,-51.3199871721133,-9.28121926519891));
#2214=CARTESIAN_POINT('',(-17.2924587758466,-51.3128255530566,-9.31992288520872));
#2215=CARTESIAN_POINT('',(-17.2921540379095,-51.3080835827206,-9.34579534719835));
#2216=CARTESIAN_POINT('',(-17.2921540626053,-51.3057173007775,-9.35876751968073));
#2217=CARTESIAN_POINT('',(-28.9921540626053,-52.5675831012127,-9.31488703252382));
#2218=CARTESIAN_POINT('',(-18.2921540634108,-51.6159337583014,-8.16531457573091));
#2219=CARTESIAN_POINT('',(-18.804525982372,-51.661874896045,-8.22081050701981));
#2220=CARTESIAN_POINT('',(-19.9756891390365,-51.766759180955,-8.34750852445525));
#2221=CARTESIAN_POINT('',(-22.1893043170112,-51.9644630614204,-8.58633066770758));
#2222=CARTESIAN_POINT('',(-25.2435016283802,-52.2361863712147,-8.9145667303651));
#2223=CARTESIAN_POINT('',(-27.6390778106403,-52.4481856343283,-9.17065739693517));
#2224=CARTESIAN_POINT('',(-28.9921540626058,-52.5675831001784,-9.31488703337502));
#2225=CARTESIAN_POINT('',(-28.9921540626063,-52.2725488030289,10.8488964953384));
#2226=AXIS2_PLACEMENT_3D('',#2227,#2228,#2229);
#2227=CARTESIAN_POINT('',(-28.9921540626053,0.,0.));
#2228=DIRECTION('',(1.,0.,0.));
#2229=DIRECTION('',(0.,-0.979134296147079,0.203214246814941));
#2230=CARTESIAN_POINT('',(-12.9921540626065,-50.6399069071719,10.4094735694137));
#2231=CARTESIAN_POINT('',(-12.9921540626077,-50.639906907211,10.4094735692241));
#2232=CARTESIAN_POINT('',(-14.7699307022557,-50.8213204484782,10.4583079608283));
#2233=CARTESIAN_POINT('',(-18.3254847658524,-51.184141405285,10.5559701152377));
#2234=CARTESIAN_POINT('',(-23.6588181363345,-51.7283550771205,10.7024441120906));
#2235=CARTESIAN_POINT('',(-27.2143751838642,-52.0911527405747,10.8000810357602));
#2236=CARTESIAN_POINT('',(-28.9921540626073,-52.2725488030633,10.8488964951728));
#2237=CARTESIAN_POINT('',(-12.9921540626065,-49.060182611503,16.3050849027331));
#2238=AXIS2_PLACEMENT_3D('',#2239,#2240,#2241);
#2239=CARTESIAN_POINT('',(-12.9921540626053,0.,0.));
#2240=DIRECTION('',(1.,0.,0.));
#2241=DIRECTION('',(0.,-0.948963257008942,0.315386646589518));
#2242=CARTESIAN_POINT('',(-28.9921540626063,-50.6938034315578,16.740854433815));
#2243=CARTESIAN_POINT('',(-12.9921540626077,-49.060182611442,16.3050849029169));
#2244=CARTESIAN_POINT('',(-14.7699307022557,-49.2417085425718,16.353499849844));
#2245=CARTESIAN_POINT('',(-18.3254847658524,-49.604751785396,16.4503324215426));
#2246=CARTESIAN_POINT('',(-23.6588181363345,-50.1492916487179,16.595589055195));
#2247=CARTESIAN_POINT('',(-27.2143751838642,-50.5123021035372,16.6924318306789));
#2248=CARTESIAN_POINT('',(-28.9921540626073,-50.6938034315048,16.7408544339756));
#2249=CARTESIAN_POINT('',(-28.9921540626063,35.5316943695054,39.8449069363157));
#2250=AXIS2_PLACEMENT_3D('',#2251,#2252,#2253);
#2251=CARTESIAN_POINT('',(-28.9921540626053,0.,0.));
#2252=DIRECTION('',(1.,0.,0.));
#2253=DIRECTION('',(0.,0.665555848226199,0.746348050772496));
#2254=CARTESIAN_POINT('',(-12.9921540626065,34.3348220047208,38.6507090421831));
#2255=CARTESIAN_POINT('',(-12.9921540626077,34.3348220045762,38.6507090423118));
#2256=CARTESIAN_POINT('',(-14.7699307022557,34.4678205989174,38.7834005818376));
#2257=CARTESIAN_POINT('',(-18.3254847658524,34.7338089840277,39.0487816702529));
#2258=CARTESIAN_POINT('',(-23.6588181363345,35.1327660222139,39.4468475367227));
#2259=CARTESIAN_POINT('',(-27.2143751838642,35.3987209101862,39.7122210678729));
#2260=CARTESIAN_POINT('',(-28.9921540626073,35.5316943693793,39.8449069364283));
#2261=CARTESIAN_POINT('',(-12.9921540626065,38.6507090423805,34.3348220044986));
#2262=AXIS2_PLACEMENT_3D('',#2263,#2264,#2265);
#2263=CARTESIAN_POINT('',(-12.9921540626053,0.,0.));
#2264=DIRECTION('',(1.,0.,0.));
#2265=DIRECTION('',(0.,0.747614476465379,0.664132964533005));
#2266=CARTESIAN_POINT('',(-28.9921540626063,39.84490693652,35.5316943692763));
#2267=CARTESIAN_POINT('',(-12.9921540626077,38.6507090425092,34.3348220043539));
#2268=CARTESIAN_POINT('',(-14.7699307022557,38.7834005820358,34.4678205986944));
#2269=CARTESIAN_POINT('',(-18.3254847658524,39.0487816704527,34.7338089838031));
#2270=CARTESIAN_POINT('',(-23.6588181363345,39.4468475369248,35.1327660219871));
#2271=CARTESIAN_POINT('',(-27.2143751838642,39.7122210680765,35.3987209099579));
#2272=CARTESIAN_POINT('',(-28.9921540626073,39.8449069366326,35.5316943691502));
#2273=CARTESIAN_POINT('',(-28.9921540626063,16.7408544335235,-50.693803431654));
#2274=AXIS2_PLACEMENT_3D('',#2275,#2276,#2277);
#2275=CARTESIAN_POINT('',(-28.9921540626053,0.,0.));
#2276=DIRECTION('',(1.,0.,0.));
#2277=DIRECTION('',(0.,0.313578447920881,-0.949562297587437));
#2278=CARTESIAN_POINT('',(-12.9921540626065,16.305084902451,-49.0601826115967));
#2279=CARTESIAN_POINT('',(-12.9921540626077,16.3050849026348,-49.0601826115358));
#2280=CARTESIAN_POINT('',(-14.7699307022557,16.3534998495608,-49.2417085426658));
#2281=CARTESIAN_POINT('',(-18.3254847658524,16.4503324212574,-49.6047517854906));
#2282=CARTESIAN_POINT('',(-23.6588181363345,16.5955890549066,-50.1492916488134));
#2283=CARTESIAN_POINT('',(-27.2143751838642,16.6924318303884,-50.5123021036331));
#2284=CARTESIAN_POINT('',(-28.9921540626073,16.7408544336841,-50.6938034316011));
#2285=CARTESIAN_POINT('',(-12.9921540626065,10.4094735691225,-50.6399069072317));
#2286=AXIS2_PLACEMENT_3D('',#2287,#2288,#2289);
#2287=CARTESIAN_POINT('',(-12.9921540626053,0.,0.));
#2288=DIRECTION('',(1.,0.,0.));
#2289=DIRECTION('',(0.,0.201348780543562,-0.979519611122524));
#2290=CARTESIAN_POINT('',(-28.9921540626063,10.8488964950378,-52.2725488030913));
#2291=CARTESIAN_POINT('',(-12.9921540626077,10.4094735689329,-50.6399069072708));
#2292=CARTESIAN_POINT('',(-14.7699307022557,10.458307960536,-50.8213204485384));
#2293=CARTESIAN_POINT('',(-18.3254847658524,10.5559701149433,-51.1841414053457));
#2294=CARTESIAN_POINT('',(-23.6588181363345,10.7024441117932,-51.728355077182));
#2295=CARTESIAN_POINT('',(-27.2143751838642,10.8000810354607,-52.0911527406367));
#2296=CARTESIAN_POINT('',(-28.9921540626073,10.8488964948723,-52.2725488031257));
#2297=AXIS2_PLACEMENT_3D('',#2298,#2299,#2300);
#2298=CARTESIAN_POINT('',(-28.9921540626053,0.,0.));
#2299=DIRECTION('',(1.,0.,0.));
#2300=DIRECTION('',(0.,-0.171477853695791,-0.98518797480069));
#2301=CARTESIAN_POINT('',(-14.7921540626052,-7.68093269839401,-51.3169488326781));
#2302=VECTOR('',#2303,1.);
#2303=DIRECTION('',(-0.990538612689975,-0.103650585984395,-0.0899433866124187));
#2304=CARTESIAN_POINT('',(-17.2921540626053,-22.0793614855529,-62.3951354840161));
#2305=CARTESIAN_POINT('',(-17.2921540626053,-22.0793614855529,-62.3951354840161));
#2306=VECTOR('',#2307,1.);
#2307=DIRECTION('',(1.,0.,0.));
#2308=CARTESIAN_POINT('',(-17.2921540626053,-26.8138675360543,-57.6506684386195));
#2309=VECTOR('',#2310,1.);
#2310=DIRECTION('',(0.,0.706363326816066,-0.707849454707241));
#2311=CARTESIAN_POINT('',(-17.2921540626053,-21.2712599588951,-59.3580790467032));
#2312=AXIS2_PLACEMENT_3D('',#2313,#2314,#2315);
#2313=CARTESIAN_POINT('',(-17.2921540626053,-21.2712599588951,-57.3580790467032));
#2314=DIRECTION('',(1.,7.49879891330929E-33,-1.22464679914735E-16));
#2315=DIRECTION('',(-1.22464679914735E-16,-1.22464679914735E-16,-1.));
#2316=CARTESIAN_POINT('',(-17.2921540626053,-22.0319290910793,-62.4460986824389));
#2317=AXIS2_PLACEMENT_3D('',#2318,#2319,#2320);
#2318=CARTESIAN_POINT('',(-17.2921540626053,-22.7872109402602,-63.1014988108322));
#2319=DIRECTION('',(1.,7.49879891330929E-33,-1.22464679914735E-16));
#2320=DIRECTION('',(8.02633669397636E-17,0.755281849180839,0.655400128393314));
#2321=CARTESIAN_POINT('',(-17.2921536740701,-21.4129739301887,-52.2611185262307));
#2322=CARTESIAN_POINT('',(-17.2921540626053,-19.2894253083856,-50.1420288040061));
#2323=VECTOR('',#2324,1.);
#2324=DIRECTION('',(0.,-0.707849454707244,-0.706363326816064));
#2325=CARTESIAN_POINT('',(-17.2921540626053,-16.2532933724266,-57.4316546096059));
#2326=CARTESIAN_POINT('',(-17.2921540626053,-21.4129736725073,-52.2611187844542));
#2327=VECTOR('',#2328,1.);
#2328=DIRECTION('',(-4.86368632828517E-16,0.706363326816066,-0.707849454707242));
#2329=CARTESIAN_POINT('',(-17.2921540626053,-22.0319290910793,-62.4460986824389));
#2330=VECTOR('',#2331,1.);
#2331=DIRECTION('',(0.,0.755281849180837,0.655400128393316));
#2332=CARTESIAN_POINT('',(-17.2921540626053,-13.9819431170963,-55.460677482876));
#2333=CARTESIAN_POINT('',(-17.2921540626053,-13.5671598163647,-55.8763334521178));
#2334=CARTESIAN_POINT('',(-17.7063676249784,-13.2738637316944,-56.1702466066093));
#2335=CARTESIAN_POINT('',(-18.2921540626053,-13.2738637316944,-56.1702466066093));
#2336=CARTESIAN_POINT('',(-17.2921528969999,-19.2894260814297,-50.1420280293355));
#2337=VECTOR('',#2338,1.);
#2338=DIRECTION('',(-0.729023629531039,0.483497595158298,-0.484514832653794));
#2339=CARTESIAN_POINT('',(-17.2921540626053,-16.2532933724266,-57.4316546096059));
#2340=CARTESIAN_POINT('',(-17.2921540626053,-15.838510071695,-57.8473105788477));
#2341=CARTESIAN_POINT('',(-17.7063676249784,-15.5452139870247,-58.1412237333392));
#2342=CARTESIAN_POINT('',(-18.2921540626053,-15.5452139870247,-58.1412237333392));
#2343=CARTESIAN_POINT('',(-17.2921528969999,-21.4129744455514,-52.2611180097837));
#2344=VECTOR('',#2345,1.);
#2345=DIRECTION('',(-0.729023629531039,0.483497595158298,-0.484514832653794));
#2346=CARTESIAN_POINT('',(-28.9921540626053,-75.8659330835419,-34.0928193474044));
#2347=CARTESIAN_POINT('',(-28.9921540626053,-75.8027373893017,-35.4376048065717));
#2348=AXIS2_PLACEMENT_3D('',#2349,#2350,#2351);
#2349=CARTESIAN_POINT('',(-28.9921540626053,-75.0956306081151,-34.7304980253852));
#2350=DIRECTION('',(-1.,0.,0.));
#2351=DIRECTION('',(0.,-0.707106781186594,-0.707106781186501));
#2352=CARTESIAN_POINT('',(-28.9921540626053,-54.7223098796313,-8.55176574806392));
#2353=CARTESIAN_POINT('',(-28.9921540626053,-75.8659330835419,-34.0928193474044));
#2354=VECTOR('',#2355,1.);
#2355=DIRECTION('',(0.,0.637678677980794,0.770302475426807));
#2356=CARTESIAN_POINT('',(-28.9921540626053,-8.35754663961331,-54.7523087197137));
#2357=AXIS2_PLACEMENT_3D('',#2358,#2359,#2360);
#2358=CARTESIAN_POINT('',(-28.9921540626053,0.,0.));
#2359=DIRECTION('',(1.,0.,0.));
#2360=DIRECTION('',(0.,-0.150895024997449,-0.98854979208486));
#2361=CARTESIAN_POINT('',(-28.9921540626053,-33.4230062387638,-76.5030041155294));
#2362=CARTESIAN_POINT('',(-28.9921540626053,-8.35754663961333,-54.7523087197138));
#2363=VECTOR('',#2364,1.);
#2364=DIRECTION('',(0.,-0.755281849180836,-0.655400128393317));
#2365=CARTESIAN_POINT('',(-28.9921540626053,-34.7855131483438,-76.4548290475351));
#2366=AXIS2_PLACEMENT_3D('',#2367,#2368,#2369);
#2367=CARTESIAN_POINT('',(-28.9921540626053,-34.0784063671572,-75.7477222663486));
#2368=DIRECTION('',(-1.,0.,0.));
#2369=DIRECTION('',(0.,0.655400128393316,-0.755281849180837));
#2370=CARTESIAN_POINT('',(-28.9921540626053,-34.7855131483438,-76.4548290475351));
#2371=VECTOR('',#2372,1.);
#2372=DIRECTION('',(0.,-0.707106781186501,0.707106781186594));
#2373=CARTESIAN_POINT('',(-28.9921540628334,11.6098605809023,-51.0292916322047));
#2374=CARTESIAN_POINT('',(-28.9921540626112,11.6098605809023,-51.0292916322047));
#2375=CARTESIAN_POINT('',(-28.9921540626112,11.6148108058545,-51.0477644057295));
#2376=CARTESIAN_POINT('',(-28.9921540626112,11.6215012292499,-51.0759063162336));
#2377=CARTESIAN_POINT('',(-28.9921540626112,11.6305555203553,-51.1228484310795));
#2378=CARTESIAN_POINT('',(-28.9921540626112,11.6363536546302,-51.1617430297613));
#2379=CARTESIAN_POINT('',(-28.9921540626112,11.6403958468147,-51.2004014874534));
#2380=CARTESIAN_POINT('',(-28.9921540626112,11.6434049743232,-51.2406969045535));
#2381=CARTESIAN_POINT('',(-28.9921540626112,11.6443172511611,-51.2707575594906));
#2382=CARTESIAN_POINT('',(-28.9921540626112,11.6443043584212,-51.3012014983954));
#2383=CARTESIAN_POINT('',(-28.9921540626112,11.6438138927103,-51.3332631113346));
#2384=CARTESIAN_POINT('',(-28.9921540626112,11.6413596275828,-51.372479440113));
#2385=CARTESIAN_POINT('',(-28.9921540626112,11.6365545308424,-51.4174626509063));
#2386=CARTESIAN_POINT('',(-28.9921540626112,11.6301691225773,-51.4624839888946));
#2387=CARTESIAN_POINT('',(-28.9921540626112,11.622041845159,-51.5031252168795));
#2388=CARTESIAN_POINT('',(-28.9921540626112,11.6144195570549,-51.5348654013255));
#2389=CARTESIAN_POINT('',(-28.9921540626112,11.6117448415078,-51.5452914383343));
#2390=CARTESIAN_POINT('',(-28.9921540626112,11.6063723007345,-51.5653250959331));
#2391=CARTESIAN_POINT('',(-28.9921540626112,11.5959912743248,-51.6010750234096));
#2392=CARTESIAN_POINT('',(-28.9921540626112,11.5779735611761,-51.652418143344));
#2393=CARTESIAN_POINT('',(-28.9921540626112,11.5591751777126,-51.6970546708468));
#2394=CARTESIAN_POINT('',(-28.9921540626112,11.5394394630972,-51.7394181603707));
#2395=CARTESIAN_POINT('',(-28.9921540626112,11.5160958991386,-51.7843048429537));
#2396=CARTESIAN_POINT('',(-28.9921540626112,11.4927074588819,-51.8229696471932));
#2397=CARTESIAN_POINT('',(-28.9921540626112,11.4717721862696,-51.8549838968788));
#2398=CARTESIAN_POINT('',(-28.9921540626112,11.4491725290106,-51.8877087946035));
#2399=CARTESIAN_POINT('',(-28.9921540626112,11.418535140815,-51.9271143007098));
#2400=CARTESIAN_POINT('',(-28.9921540626112,11.3818593338507,-51.9694827121145));
#2401=CARTESIAN_POINT('',(-28.9921540626112,11.3363181812925,-52.0170894335618));
#2402=CARTESIAN_POINT('',(-28.9921540626112,11.2960407365548,-52.0529147220273));
#2403=CARTESIAN_POINT('',(-28.9921540626112,11.2537872937503,-52.0869065972169));
#2404=CARTESIAN_POINT('',(-28.9921540626112,11.2199107515287,-52.1123987951274));
#2405=CARTESIAN_POINT('',(-28.9921540626112,11.1741052016396,-52.1425134133371));
#2406=CARTESIAN_POINT('',(-28.9921540626112,11.1337066665073,-52.166247752959));
#2407=CARTESIAN_POINT('',(-28.9921540626112,11.0923044792917,-52.1884391839345));
#2408=CARTESIAN_POINT('',(-28.9921540626112,11.051074210024,-52.2078614681425));
#2409=CARTESIAN_POINT('',(-28.9921540626112,11.0136236579212,-52.2233312837795));
#2410=CARTESIAN_POINT('',(-28.9921540626112,10.9718955853659,-52.2391460333853));
#2411=CARTESIAN_POINT('',(-28.9921540626112,10.9367162855728,-52.2504868378727));
#2412=CARTESIAN_POINT('',(-28.9921540626112,10.8903593085653,-52.2632527069383));
#2413=CARTESIAN_POINT('',(-28.9921540626112,10.8679796577067,-52.2685886612905));
#2414=CARTESIAN_POINT('',(-28.9921540626112,10.8488964950378,-52.2725488030913));
#2415=CARTESIAN_POINT('',(-28.9921540626053,1.66138411487202,-13.9010720026497));
#2416=CARTESIAN_POINT('',(-28.9921540626053,11.6098605814427,-51.0292916342218));
#2417=VECTOR('',#2418,1.);
#2418=DIRECTION('',(0.,-0.258819045099744,0.965925826289812));
#2419=CARTESIAN_POINT('',(-28.9921540626053,-13.9010720026401,1.66138411495196));
#2420=AXIS2_PLACEMENT_3D('',#2421,#2422,#2423);
#2421=CARTESIAN_POINT('',(-28.9921540626053,0.,0.));
#2422=DIRECTION('',(-1.,0.,0.));
#2423=DIRECTION('',(0.,0.11867029391943,-0.992933714474978));
#2424=CARTESIAN_POINT('',(-28.9921540617667,-51.0292916320291,11.6098605811665));
#2425=CARTESIAN_POINT('',(-28.9921540626053,-13.9010720026401,1.66138411495196));
#2426=VECTOR('',#2427,1.);
#2427=DIRECTION('',(0.,-0.965925826288324,0.258819045105299));
#2428=CARTESIAN_POINT('',(-28.9921540617667,-51.0292916320291,11.6098605811665));
#2429=CARTESIAN_POINT('',(-28.9921540623466,-51.0477644055536,11.614810806121));
#2430=CARTESIAN_POINT('',(-28.9921540626631,-51.0759063161323,11.6215012295376));
#2431=CARTESIAN_POINT('',(-28.9921540625817,-51.1228484310087,11.6305555206491));
#2432=CARTESIAN_POINT('',(-28.9921540626095,-51.1617430298376,11.6363536549441));
#2433=CARTESIAN_POINT('',(-28.9921540626045,-51.2004014874822,11.6403958471178));
#2434=CARTESIAN_POINT('',(-28.9921540626057,-51.2406969045906,11.643404974621));
#2435=CARTESIAN_POINT('',(-28.9921540626055,-51.2707575595569,11.6443172514603));
#2436=CARTESIAN_POINT('',(-28.9921540626052,-51.3012014984699,11.644304358714));
#2437=CARTESIAN_POINT('',(-28.9921540626054,-51.3332631114066,11.6438138929969));
#2438=CARTESIAN_POINT('',(-28.9921540626053,-51.3724794401745,11.6413596278702));
#2439=CARTESIAN_POINT('',(-28.9921540626053,-51.4174626509673,11.6365545311214));
#2440=CARTESIAN_POINT('',(-28.9921540626053,-51.4624839889539,11.6301691228479));
#2441=CARTESIAN_POINT('',(-28.9921540626053,-51.5031252168126,11.6220418454552));
#2442=CARTESIAN_POINT('',(-28.9921540626053,-51.5348654012586,11.6144195573513));
#2443=CARTESIAN_POINT('',(-28.9921540626053,-51.545291438348,11.6117448417836));
#2444=CARTESIAN_POINT('',(-28.9921540626052,-51.5653250959459,11.6063723010078));
#2445=CARTESIAN_POINT('',(-28.9921540626053,-51.6010750234218,11.595991274594));
#2446=CARTESIAN_POINT('',(-28.9921540626053,-51.6524181433096,11.5779735614618));
#2447=CARTESIAN_POINT('',(-28.9921540626053,-51.6970546708115,11.5591751779963));
#2448=CARTESIAN_POINT('',(-28.9921540626053,-51.7394181603345,11.539439463379));
#2449=CARTESIAN_POINT('',(-28.9921540626053,-51.7843048428873,11.5160958994365));
#2450=CARTESIAN_POINT('',(-28.9921540626053,-51.8229696471271,11.49270745918));
#2451=CARTESIAN_POINT('',(-28.9921540626053,-51.8549838968128,11.4717721865678));
#2452=CARTESIAN_POINT('',(-28.9921540626053,-51.8877087945377,11.449172529309));
#2453=CARTESIAN_POINT('',(-28.9921540626053,-51.9271143006441,11.4185351411136));
#2454=CARTESIAN_POINT('',(-28.9921540626053,-51.969482712049,11.3818593341496));
#2455=CARTESIAN_POINT('',(-28.9921540626054,-52.0170894334966,11.3363181815917));
#2456=CARTESIAN_POINT('',(-28.9921540626048,-52.0529147219623,11.2960407368541));
#2457=CARTESIAN_POINT('',(-28.9921540626056,-52.0869065971521,11.2537872940499));
#2458=CARTESIAN_POINT('',(-28.9921540626051,-52.1123987950631,11.2199107518282));
#2459=CARTESIAN_POINT('',(-28.9921540626053,-52.1425134132729,11.1741052019394));
#2460=CARTESIAN_POINT('',(-28.9921540626053,-52.166247752895,11.1337066668074));
#2461=CARTESIAN_POINT('',(-28.9921540626053,-52.1884391838706,11.0923044795919));
#2462=CARTESIAN_POINT('',(-28.9921540626053,-52.207861468079,11.0510742103243));
#2463=CARTESIAN_POINT('',(-28.9921540626053,-52.2233312837161,11.0136236582215));
#2464=CARTESIAN_POINT('',(-28.9921540626053,-52.2391460333222,10.9718955856663));
#2465=CARTESIAN_POINT('',(-28.9921540626053,-52.2504868378099,10.9367162858733));
#2466=CARTESIAN_POINT('',(-28.9921540626053,-52.2632527068757,10.8903593088659));
#2467=CARTESIAN_POINT('',(-28.9921540626055,-52.268588661228,10.8679796580072));
#2468=CARTESIAN_POINT('',(-28.9921540626063,-52.2725488030289,10.8488964953384));
#2469=CARTESIAN_POINT('',(-28.9921540626053,-56.068974572459,-13.5444945305818));
#2470=CARTESIAN_POINT('',(-28.9921540626053,-52.5675831012127,-9.31488703252382));
#2471=VECTOR('',#2472,1.);
#2472=DIRECTION('',(0.,-0.637678677980794,-0.770302475426807));
#2473=CARTESIAN_POINT('',(-28.9921540626053,-73.0738723687388,-34.0860545970589));
#2474=CARTESIAN_POINT('',(-28.9921540626053,-56.068974572459,-13.5444945305818));
#2475=VECTOR('',#2476,1.);
#2476=DIRECTION('',(0.,-0.637678677980794,-0.770302475426807));
#2477=CARTESIAN_POINT('',(-28.9921540626053,-73.0114192707884,-35.4300966792491));
#2478=AXIS2_PLACEMENT_3D('',#2479,#2480,#2481);
#2479=CARTESIAN_POINT('',(-28.9921540626053,-72.3035698933119,-34.7237332750397));
#2480=DIRECTION('',(1.,0.,0.));
#2481=DIRECTION('',(0.,-0.770302475426805,0.637678677980796));
#2482=CARTESIAN_POINT('',(-28.9921540626053,-34.855679633103,-73.6661043613268));
#2483=CARTESIAN_POINT('',(-28.9921540626053,-73.0114192707884,-35.4300966792491));
#2484=VECTOR('',#2485,1.);
#2485=DIRECTION('',(0.,0.706363404209367,-0.707849377476419));
#2486=AXIS2_PLACEMENT_3D('',#2487,#2488,#2489);
#2487=CARTESIAN_POINT('',(-28.9921540626053,-34.1478302556266,-72.9597409571174));
#2488=DIRECTION('',(1.,0.,0.));
#2489=DIRECTION('',(0.,-0.707849377476415,-0.706363404209371));
#2490=CARTESIAN_POINT('',(-28.9921540626053,0.,12.));
#2491=AXIS2_PLACEMENT_3D('',#2492,#2493,#2494);
#2492=CARTESIAN_POINT('',(-28.9921540626053,0.,0.));
#2493=DIRECTION('',(1.,0.,0.));
#2494=DIRECTION('',(0.,-1.22464679914735E-16,1.));
#2495=CARTESIAN_POINT('',(-28.9921540617667,35.5690800137003,38.3877325998786));
#2496=CARTESIAN_POINT('',(-28.9921540617667,35.5690800137003,38.3877325998786));
#2497=CARTESIAN_POINT('',(-28.9921540623016,35.5796425259376,38.3982947778037));
#2498=CARTESIAN_POINT('',(-28.9921540627122,35.5980237533271,38.4175097425077));
#2499=CARTESIAN_POINT('',(-28.9921540625638,35.6273701517175,38.4507135855554));
#2500=CARTESIAN_POINT('',(-28.992154062612,35.6522004424273,38.4814047435254));
#2501=CARTESIAN_POINT('',(-28.9921540626016,35.682984922869,38.5228419649227));
#2502=CARTESIAN_POINT('',(-28.9921540626055,35.7047037568326,38.5553742170824));
#2503=CARTESIAN_POINT('',(-28.9921540626051,35.7328751710288,38.6017798702633));
#2504=CARTESIAN_POINT('',(-28.9921540626053,35.7557002190811,38.6435279847196));
#2505=CARTESIAN_POINT('',(-28.9921540626053,35.7753796874053,38.6856132918929));
#2506=CARTESIAN_POINT('',(-28.9921540626053,35.7921484147607,38.7246261835493));
#2507=CARTESIAN_POINT('',(-28.9921540626053,35.8090918109761,38.7685470216012));
#2508=CARTESIAN_POINT('',(-28.9921540626053,35.8236803999799,38.8150074758967));
#2509=CARTESIAN_POINT('',(-28.9921540626053,35.8349860939114,38.8569162528226));
#2510=CARTESIAN_POINT('',(-28.9921540626053,35.845015317045,38.8995411465686));
#2511=CARTESIAN_POINT('',(-28.9921540626053,35.85586584169,38.9611470611195));
#2512=CARTESIAN_POINT('',(-28.9921540626053,35.8615124665758,39.0147397929686));
#2513=CARTESIAN_POINT('',(-28.9921540626053,35.8642291397807,39.0620083673883));
#2514=CARTESIAN_POINT('',(-28.9921540626053,35.8653759458308,39.1114185508014));
#2515=CARTESIAN_POINT('',(-28.9921540626053,35.8633962108805,39.161287873859));
#2516=CARTESIAN_POINT('',(-28.9921540626053,35.8571647919586,39.229471803868));
#2517=CARTESIAN_POINT('',(-28.9921540626053,35.8473935085877,39.2924256326329));
#2518=CARTESIAN_POINT('',(-28.9921540626053,35.8326233862022,39.3533826120433));
#2519=CARTESIAN_POINT('',(-28.9921540626053,35.8183592366095,39.4028657333142));
#2520=CARTESIAN_POINT('',(-28.9921540626053,35.8016832954765,39.4522827374499));
#2521=CARTESIAN_POINT('',(-28.9921540626053,35.7822804763757,39.4990222527861));
#2522=CARTESIAN_POINT('',(-28.9921540626053,35.7608540953009,39.5451167934042));
#2523=CARTESIAN_POINT('',(-28.9921540626053,35.737812171071,39.5895869657755));
#2524=CARTESIAN_POINT('',(-28.9921540626053,35.7141690363313,39.62855087764));
#2525=CARTESIAN_POINT('',(-28.9921540626052,35.6902407530013,39.6651412597792));
#2526=CARTESIAN_POINT('',(-28.9921540626065,35.6676379730823,39.6973033798957));
#2527=CARTESIAN_POINT('',(-28.9921540626028,35.6396826787752,39.7325497492675));
#2528=CARTESIAN_POINT('',(-28.9921540626115,35.6098545950408,39.7675207445461));
#2529=CARTESIAN_POINT('',(-28.9921540625442,35.586918880054,39.792154374868));
#2530=CARTESIAN_POINT('',(-28.9921540626796,35.557118316006,39.8216464346109));
#2531=CARTESIAN_POINT('',(-28.992154062038,35.5427710030563,39.8350290879607));
#2532=CARTESIAN_POINT('',(-28.9921540626059,35.5317008608718,39.8449011476399));
#2533=CARTESIAN_POINT('',(-28.9921540626063,35.5316943695054,39.8449069363157));
#2534=CARTESIAN_POINT('',(-28.9921540628334,-49.9975931810651,15.4602116186455));
#2535=CARTESIAN_POINT('',(-28.9921540628334,-49.9975931810651,15.4602116186455));
#2536=CARTESIAN_POINT('',(-28.9921540625784,-50.0159166586729,15.4651206425836));
#2537=CARTESIAN_POINT('',(-28.9921540624065,-50.0522131062697,15.4759507503888));
#2538=CARTESIAN_POINT('',(-28.9921540626631,-50.1069050112202,15.4956733746641));
#2539=CARTESIAN_POINT('',(-28.9921540625933,-50.1574842302161,15.517308568513));
#2540=CARTESIAN_POINT('',(-28.99215406261,-50.2116447261659,15.5439915749178));
#2541=CARTESIAN_POINT('',(-28.9921540626047,-50.2552814641916,15.5688202957005));
#2542=CARTESIAN_POINT('',(-28.9921540626055,-50.3064805180197,15.6015149673645));
#2543=CARTESIAN_POINT('',(-28.9921540626052,-50.3499444149325,15.6327086426974));
#2544=CARTESIAN_POINT('',(-28.9921540626053,-50.3953198913303,15.6699332397666));
#2545=CARTESIAN_POINT('',(-28.9921540626053,-50.4426603171751,15.7127310438269));
#2546=CARTESIAN_POINT('',(-28.9921540626053,-50.4796540140594,15.7511858520633));
#2547=CARTESIAN_POINT('',(-28.9921540626053,-50.5220518114927,15.8005786289567));
#2548=CARTESIAN_POINT('',(-28.9921540626053,-50.5601159078475,15.8496949446722));
#2549=CARTESIAN_POINT('',(-28.9921540626053,-50.5958455421192,15.9046796113915));
#2550=CARTESIAN_POINT('',(-28.9921540626053,-50.6206534351459,15.9481337754378));
#2551=CARTESIAN_POINT('',(-28.9921540626053,-50.6405255202706,15.9856987574229));
#2552=CARTESIAN_POINT('',(-28.9921540626053,-50.6639361660673,16.0357113376955));
#2553=CARTESIAN_POINT('',(-28.9921540626053,-50.6835266614411,16.085856477334));
#2554=CARTESIAN_POINT('',(-28.9921540626053,-50.6980872850076,16.1293264908318));
#2555=CARTESIAN_POINT('',(-28.9921540626053,-50.710866996282,16.17241149811));
#2556=CARTESIAN_POINT('',(-28.9921540626053,-50.7240575611676,16.2272180308609));
#2557=CARTESIAN_POINT('',(-28.9921540626053,-50.7329651684745,16.2787810884073));
#2558=CARTESIAN_POINT('',(-28.9921540626052,-50.73960649536,16.3316193369487));
#2559=CARTESIAN_POINT('',(-28.9921540626053,-50.7431668607503,16.3775180014543));
#2560=CARTESIAN_POINT('',(-28.9921540626053,-50.7442515342831,16.4276075510348));
#2561=CARTESIAN_POINT('',(-28.9921540626053,-50.7436393113996,16.4587053770459));
#2562=CARTESIAN_POINT('',(-28.9921540626053,-50.7415376141272,16.5054890404634));
#2563=CARTESIAN_POINT('',(-28.9921540626052,-50.7380570450059,16.5417149035216));
#2564=CARTESIAN_POINT('',(-28.9921540626053,-50.7302717783068,16.5949954630509));
#2565=CARTESIAN_POINT('',(-28.9921540626053,-50.7231710763425,16.6338192198506));
#2566=CARTESIAN_POINT('',(-28.9921540626053,-50.7138091310691,16.6726662706829));
#2567=CARTESIAN_POINT('',(-28.9921540626052,-50.7045968944366,16.706633645177));
#2568=CARTESIAN_POINT('',(-28.9921540626055,-50.6989428660716,16.7252921718968));
#2569=CARTESIAN_POINT('',(-28.9921540626063,-50.6938034315578,16.740854433815));
#2570=CARTESIAN_POINT('',(-28.9921540626053,-12.8693735515672,5.51173515240179));
#2571=CARTESIAN_POINT('',(-28.9921540626053,-49.9975931830822,15.4602116191859));
#2572=VECTOR('',#2573,1.);
#2573=DIRECTION('',(0.,0.965925826288324,-0.258819045105298));
#2574=CARTESIAN_POINT('',(-28.9921540626053,-3.42901103761259E-15,14.));
#2575=AXIS2_PLACEMENT_3D('',#2576,#2577,#2578);
#2576=CARTESIAN_POINT('',(-28.9921540626053,0.,0.));
#2577=DIRECTION('',(-1.,0.,0.));
#2578=DIRECTION('',(0.,-0.919240967969088,0.393695368028702));
#2579=CARTESIAN_POINT('',(-28.9921540626053,8.38933685031239,11.207989436647));
#2580=AXIS2_PLACEMENT_3D('',#2581,#2582,#2583);
#2581=CARTESIAN_POINT('',(-28.9921540626053,0.,0.));
#2582=DIRECTION('',(-1.,0.,0.));
#2583=DIRECTION('',(0.,-1.22464679914735E-16,1.));
#2584=CARTESIAN_POINT('',(-28.9921540626053,8.38933685031239,11.207989436647));
#2585=VECTOR('',#2586,1.);
#2586=DIRECTION('',(0.,0.707106781188581,0.707106781184514));
#2587=CARTESIAN_POINT('',(-28.9921540617667,15.4602116183288,-49.9975931810451));
#2588=CARTESIAN_POINT('',(-28.9921540617667,15.4602116183288,-49.9975931810451));
#2589=CARTESIAN_POINT('',(-28.9921540621659,15.4651206422746,-50.0159166586898));
#2590=CARTESIAN_POINT('',(-28.9921540625968,15.4759507500902,-50.0522131063297));
#2591=CARTESIAN_POINT('',(-28.9921540626077,15.4956733743926,-50.1069050113548));
#2592=CARTESIAN_POINT('',(-28.9921540626048,15.5173085682601,-50.1574842303852));
#2593=CARTESIAN_POINT('',(-28.9921540626055,15.5439915746683,-50.2116447263261));
#2594=CARTESIAN_POINT('',(-28.9921540626053,15.5688202954608,-50.2552814643638));
#2595=CARTESIAN_POINT('',(-28.9921540626053,15.6015149671079,-50.3064805181564));
#2596=CARTESIAN_POINT('',(-28.9921540626053,15.6327086424676,-50.3499444150994));
#2597=CARTESIAN_POINT('',(-28.9921540626053,15.669933239503,-50.395319891451));
#2598=CARTESIAN_POINT('',(-28.9921540626053,15.7127310435658,-50.4426603172934));
#2599=CARTESIAN_POINT('',(-28.9921540626053,15.7511858517883,-50.4796540141646));
#2600=CARTESIAN_POINT('',(-28.9921540626053,15.8005786286828,-50.5220518115967));
#2601=CARTESIAN_POINT('',(-28.9921540626053,15.8496949443992,-50.5601159079502));
#2602=CARTESIAN_POINT('',(-28.9921540626053,15.9046796111005,-50.5958455422107));
#2603=CARTESIAN_POINT('',(-28.9921540626053,15.9481337751468,-50.6206534352376));
#2604=CARTESIAN_POINT('',(-28.9921540626053,15.9856987571317,-50.6405255203625));
#2605=CARTESIAN_POINT('',(-28.9921540626053,16.0357113374041,-50.6639361661595));
#2606=CARTESIAN_POINT('',(-28.9921540626053,16.0858564770425,-50.6835266615336));
#2607=CARTESIAN_POINT('',(-28.9921540626053,16.1293264905402,-50.6980872851003));
#2608=CARTESIAN_POINT('',(-28.9921540626053,16.1724114978183,-50.710866996375));
#2609=CARTESIAN_POINT('',(-28.9921540626053,16.2272180305692,-50.7240575612609));
#2610=CARTESIAN_POINT('',(-28.9921540626053,16.2787810881156,-50.7329651685681));
#2611=CARTESIAN_POINT('',(-28.9921540626053,16.3316193366569,-50.7396064954539));
#2612=CARTESIAN_POINT('',(-28.9921540626053,16.3775180011644,-50.7431668608447));
#2613=CARTESIAN_POINT('',(-28.9921540626053,16.4276075507449,-50.7442515343776));
#2614=CARTESIAN_POINT('',(-28.9921540626053,16.458705376756,-50.7436393114942));
#2615=CARTESIAN_POINT('',(-28.9921540626052,16.5054890401716,-50.7415376142221));
#2616=CARTESIAN_POINT('',(-28.9921540626053,16.5417149032299,-50.7380570451012));
#2617=CARTESIAN_POINT('',(-28.9921540626053,16.5949954627591,-50.7302717784022));
#2618=CARTESIAN_POINT('',(-28.9921540626053,16.6338192195589,-50.7231710764383));
#2619=CARTESIAN_POINT('',(-28.9921540626053,16.6726662703912,-50.7138091311649));
#2620=CARTESIAN_POINT('',(-28.9921540626053,16.7066336448855,-50.7045968945327));
#2621=CARTESIAN_POINT('',(-28.9921540626055,16.7252921716053,-50.6989428661678));
#2622=CARTESIAN_POINT('',(-28.9921540626063,16.7408544335235,-50.693803431654));
#2623=CARTESIAN_POINT('',(-28.9921540628334,38.3877326001628,35.5690800135593));
#2624=CARTESIAN_POINT('',(-28.9921540628334,38.3877326001628,35.5690800135593));
#2625=CARTESIAN_POINT('',(-28.9921540626879,38.3982947780326,35.5796425257387));
#2626=CARTESIAN_POINT('',(-28.9921540625762,38.4175097426091,35.5980237530063));
#2627=CARTESIAN_POINT('',(-28.9921540626165,38.4507135855558,35.6273701513229));
#2628=CARTESIAN_POINT('',(-28.9921540626034,38.4814047432707,35.6522004418432));
#2629=CARTESIAN_POINT('',(-28.9921540626063,38.5228419647702,35.682984922403));
#2630=CARTESIAN_POINT('',(-28.9921540626052,38.5553742165058,35.7047037561073));
#2631=CARTESIAN_POINT('',(-28.9921540626053,38.6017798699818,35.732875170536));
#2632=CARTESIAN_POINT('',(-28.9921540626052,38.6435279837781,35.7557002182734));
#2633=CARTESIAN_POINT('',(-28.9921540626053,38.6856132914593,35.7753796868882));
#2634=CARTESIAN_POINT('',(-28.9921540626053,38.7246261830863,35.79214841428));
#2635=CARTESIAN_POINT('',(-28.9921540626053,38.7685470218076,35.8090918107533));
#2636=CARTESIAN_POINT('',(-28.9921540626053,38.8150074754494,35.8236803995515));
#2637=CARTESIAN_POINT('',(-28.9921540626053,38.8569162523633,35.8349860935255));
#2638=CARTESIAN_POINT('',(-28.9921540626053,38.8995411461001,35.8450153167025));
#2639=CARTESIAN_POINT('',(-28.9921540626053,38.9611470609255,35.8558658413955));
#2640=CARTESIAN_POINT('',(-28.9921540626052,39.0147397927702,35.8615124663133));
#2641=CARTESIAN_POINT('',(-28.9921540626053,39.0620083671867,35.8642291395466));
#2642=CARTESIAN_POINT('',(-28.9921540626053,39.1114185510058,35.8653759456059));
#2643=CARTESIAN_POINT('',(-28.9921540626053,39.1612878739009,35.8633962106619));
#2644=CARTESIAN_POINT('',(-28.9921540626053,39.2294718039131,35.857164791756));
#2645=CARTESIAN_POINT('',(-28.9921540626053,39.2924256326811,35.8473935084));
#2646=CARTESIAN_POINT('',(-28.9921540626053,39.3533826122494,35.8326233859759));
#2647=CARTESIAN_POINT('',(-28.9921540626053,39.4028657335202,35.8183592363829));
#2648=CARTESIAN_POINT('',(-28.9921540626053,39.4522827376558,35.8016832952497));
#2649=CARTESIAN_POINT('',(-28.9921540626053,39.4990222529918,35.7822804761486));
#2650=CARTESIAN_POINT('',(-28.9921540626053,39.5451167936099,35.7608540950735));
#2651=CARTESIAN_POINT('',(-28.9921540626053,39.5895869659811,35.7378121708434));
#2652=CARTESIAN_POINT('',(-28.9921540626053,39.6285508778453,35.7141690361032));
#2653=CARTESIAN_POINT('',(-28.9921540626053,39.6651412599847,35.6902407527734));
#2654=CARTESIAN_POINT('',(-28.9921540626065,39.6973033801008,35.6676379728539));
#2655=CARTESIAN_POINT('',(-28.9921540626027,39.7325497494725,35.6396826785465));
#2656=CARTESIAN_POINT('',(-28.9921540626116,39.7675207447512,35.609854594812));
#2657=CARTESIAN_POINT('',(-28.9921540625438,39.7921543750711,35.586918879825));
#2658=CARTESIAN_POINT('',(-28.9921540626801,39.8216464348176,35.5571183157768));
#2659=CARTESIAN_POINT('',(-28.9921540620344,39.8350290881499,35.5427710028271));
#2660=CARTESIAN_POINT('',(-28.9921540626059,39.8449011478444,35.5317008606426));
#2661=CARTESIAN_POINT('',(-28.9921540626063,39.84490693652,35.5316943692763));
#2662=CARTESIAN_POINT('',(-28.9921540626053,11.2079894366952,8.38933685024793));
#2663=CARTESIAN_POINT('',(-28.9921540626053,38.3877326016395,35.5690800150359));
#2664=VECTOR('',#2665,1.);
#2665=DIRECTION('',(0.,-0.70710678118858,-0.707106781184515));
#2666=CARTESIAN_POINT('',(-28.9921540626053,5.51173515232774,-12.869373551599));
#2667=AXIS2_PLACEMENT_3D('',#2668,#2669,#2670);
#2668=CARTESIAN_POINT('',(-28.9921540626053,0.,0.));
#2669=DIRECTION('',(-1.,0.,0.));
#2670=DIRECTION('',(0.,0.80057067404966,0.599238346446282));
#2671=CARTESIAN_POINT('',(-28.9921540626053,5.51173515232775,-12.869373551599));
#2672=VECTOR('',#2673,1.);
#2673=DIRECTION('',(0.,0.258819045099743,-0.965925826289812));
#2674=CARTESIAN_POINT('',(4.99999999999999,-73.0114192707884,-35.4300966792491));
#2675=CARTESIAN_POINT('',(-28.9921540626053,-73.0114192707884,-35.4300966792491));
#2676=VECTOR('',#2677,1.);
#2677=DIRECTION('',(1.,0.,0.));
#2678=CARTESIAN_POINT('',(4.99999999999999,-34.855679633103,-73.6661043613268));
#2679=CARTESIAN_POINT('',(4.99999999999999,-34.855679633103,-73.6661043613268));
#2680=VECTOR('',#2681,1.);
#2681=DIRECTION('',(1.31540206121971E-16,-0.706363404209368,0.707849377476419));
#2682=CARTESIAN_POINT('',(-28.9921540626053,-34.855679633103,-73.6661043613268));
#2683=VECTOR('',#2684,1.);
#2684=DIRECTION('',(1.,4.18062788519641E-16,0.));
#2685=CARTESIAN_POINT('',(4.99999999999999,-75.8027373893017,-35.4376048065717));
#2686=CARTESIAN_POINT('',(4.99999999999999,-75.8659330835419,-34.0928193474044));
#2687=AXIS2_PLACEMENT_3D('',#2688,#2689,#2690);
#2688=CARTESIAN_POINT('',(4.99999999999999,-75.0956306081151,-34.7304980253852));
#2689=DIRECTION('',(1.,0.,-1.83697019872103E-16));
#2690=DIRECTION('',(1.17139672781053E-16,-0.770302475426811,0.637678677980789));
#2691=CARTESIAN_POINT('',(4.99999999999999,-34.7855131483438,-76.4548290475351));
#2692=CARTESIAN_POINT('',(4.99999999999999,-75.8027373893017,-35.4376048065717));
#2693=VECTOR('',#2694,1.);
#2694=DIRECTION('',(-1.22492342199273E-16,0.707106781186501,-0.707106781186594));
#2695=CARTESIAN_POINT('',(4.99999999999999,-33.4230062387639,-76.5030041155294));
#2696=AXIS2_PLACEMENT_3D('',#2697,#2698,#2699);
#2697=CARTESIAN_POINT('',(4.99999999999999,-34.0784063671572,-75.7477222663486));
#2698=DIRECTION('',(1.,0.,-1.83697019872103E-16));
#2699=DIRECTION('',(-1.29893408435317E-16,-0.707106781186583,-0.707106781186512));
#2700=CARTESIAN_POINT('',(4.99999999999999,3.38935836669165E-16,-47.5));
#2701=CARTESIAN_POINT('',(4.99999999999999,-33.4230062387638,-76.5030041155294));
#2702=VECTOR('',#2703,1.);
#2703=DIRECTION('',(1.4049529958766E-16,0.755281849180836,0.655400128393317));
#2704=CARTESIAN_POINT('',(5.,-47.4999546676448,0.0656244747489389));
#2705=AXIS2_PLACEMENT_3D('',#2706,#2707,#2708);
#2706=CARTESIAN_POINT('',(5.,0.,-9.18485099360515E-16));
#2707=DIRECTION('',(1.,0.,-1.83697019872103E-16));
#2708=DIRECTION('',(-1.83697019872103E-16,1.22464679914735E-16,-1.));
#2709=CARTESIAN_POINT('',(5.,-47.5848853731813,0.0700934348394303));
#2710=CARTESIAN_POINT('',(5.,-47.4999546676448,0.0656244747489344));
#2711=VECTOR('',#2712,1.);
#2712=DIRECTION('',(0.,-0.998618493933169,0.0525462041887891));
#2713=CARTESIAN_POINT('',(5.,-47.5848853731813,0.0700934348394303));
#2714=VECTOR('',#2715,1.);
#2715=DIRECTION('',(-1.60212576644523E-16,-0.637678677980794,-0.770302475426807));
#2716=CARTESIAN_POINT('',(4.99999999999999,-73.0738723687388,-34.0860545970589));
#2717=AXIS2_PLACEMENT_3D('',#2718,#2719,#2720);
#2718=CARTESIAN_POINT('',(4.99999999999999,-72.303569893312,-34.7237332750397));
#2719=DIRECTION('',(-1.,-3.08148791101958E-33,1.83697019872103E-16));
#2720=DIRECTION('',(-1.29756852299976E-16,-0.707849377476408,-0.706363404209378));
#2721=CARTESIAN_POINT('',(5.,-44.9147349857945,-0.0704069347439429));
#2722=CARTESIAN_POINT('',(4.99999999999999,-73.0738723687388,-34.0860545970589));
#2723=VECTOR('',#2724,1.);
#2724=DIRECTION('',(1.60906190493887E-16,0.637678677980794,0.770302475426807));
#2725=CARTESIAN_POINT('',(5.,-44.9999517129521,-0.0659229245110776));
#2726=CARTESIAN_POINT('',(5.,-44.9147349857945,-0.0704069347439429));
#2727=VECTOR('',#2728,1.);
#2728=DIRECTION('',(0.,-0.998618493933168,0.052546204188794));
#2729=AXIS2_PLACEMENT_3D('',#2730,#2731,#2732);
#2730=CARTESIAN_POINT('',(5.,0.,-9.18485099360515E-16));
#2731=DIRECTION('',(-1.,0.,1.83697019872103E-16));
#2732=DIRECTION('',(-2.6910766164307E-19,-0.999998926954492,-0.0014649538780239));
#2733=AXIS2_PLACEMENT_3D('',#2734,#2735,#2736);
#2734=CARTESIAN_POINT('',(4.99999999999999,-34.1478302556266,-72.9597409571174));
#2735=DIRECTION('',(-1.,0.,1.83697019872103E-16));
#2736=DIRECTION('',(-1.38743024858008E-16,0.655400128393334,-0.755281849180821));
#2737=CARTESIAN_POINT('',(0.866025403784474,-44.9999517129522,-0.0659229244944515));
#2738=AXIS2_PLACEMENT_3D('',#2739,#2740,#2741);
#2739=CARTESIAN_POINT('',(0.866025403784476,0.,-1.59086285808743E-16));
#2740=DIRECTION('',(-1.,0.,1.83697019872103E-16));
#2741=DIRECTION('',(-2.69107661235875E-19,-0.999998926954495,-0.00146495387580723));
#2742=CARTESIAN_POINT('',(0.866025403784474,-44.9999517129521,-0.0659229245110768));
#2743=VECTOR('',#2744,1.);
#2744=DIRECTION('',(1.,0.,-1.812784583408E-16));
#2745=CARTESIAN_POINT('',(0.,-44.9147349857945,-0.0704069347439384));
#2746=CARTESIAN_POINT('',(3.33979486443766E-15,-45.499982757161,-0.03961184228621));
#2747=CARTESIAN_POINT('',(-3.63828868570918E-18,-45.4999827571611,-0.0396118422415596));
#2748=VECTOR('',#2749,1.);
#2749=DIRECTION('',(-4.82629055753567E-18,0.998618493933169,-0.0525462041887878));
#2750=CARTESIAN_POINT('',(1.04899068466779E-15,-45.4934920450621,-0.76953332993125));
#2751=CARTESIAN_POINT('',(-6.46677204539522E-18,-44.9147349857945,-0.0704069347439348));
#2752=VECTOR('',#2753,1.);
#2753=DIRECTION('',(-7.07511345680049E-17,-0.63767867798079,-0.77030247542681));
#2754=AXIS2_PLACEMENT_3D('',#2755,#2756,#2757);
#2755=CARTESIAN_POINT('',(0.,0.,0.));
#2756=DIRECTION('',(1.,0.,-1.83697019872103E-16));
#2757=DIRECTION('',(-1.59924777393795E-19,-0.999999621036507,-0.00087058993937485));
#2758=AXIS2_PLACEMENT_3D('',#2759,#2760,#2761);
#2759=CARTESIAN_POINT('',(-8.60314376401015E-15,0.,0.));
#2760=DIRECTION('',(-1.,0.,0.));
#2761=DIRECTION('',(0.,-0.999999621036506,-0.000870589940490097));
#2762=CARTESIAN_POINT('',(7.92637942824774E-16,-45.4934920450594,-0.769533330086018));
#2763=CARTESIAN_POINT('',(-0.275376521792626,-45.7067744964358,-1.02717406026057));
#2764=CARTESIAN_POINT('',(-0.924372226781318,-46.2045771443293,-1.62850922342243));
#2765=CARTESIAN_POINT('',(-2.0588770355202,-47.0563777110423,-2.65746645183229));
#2766=CARTESIAN_POINT('',(-3.41471075930473,-48.0489103912637,-3.85642512351281));
#2767=CARTESIAN_POINT('',(-4.80451723601264,-49.0407231512559,-5.05451414695776));
#2768=CARTESIAN_POINT('',(-6.02048584536938,-49.8906067809395,-6.08115575636571));
#2769=CARTESIAN_POINT('',(-6.74027336890751,-50.3861699415687,-6.67978566651251));
#2770=CARTESIAN_POINT('',(-7.05090063260798,-50.5987434038754,-6.9365699530743));
#2771=CARTESIAN_POINT('',(-13.7921540626053,-63.4621192992712,-22.4752583790535));
#2772=CARTESIAN_POINT('',(-18.2921540626053,-63.4621192992712,-22.4752583790535));
#2773=CARTESIAN_POINT('',(-13.7921540626053,-63.4621192992712,-22.4752583790535));
#2774=VECTOR('',#2775,1.);
#2775=DIRECTION('',(-1.,0.,0.));
#2776=CARTESIAN_POINT('',(-13.7921540626053,-51.2110002692975,-7.67616340943708));
#2777=VECTOR('',#2778,1.);
#2778=DIRECTION('',(-9.24605236631455E-17,-0.637678677980794,-0.770302475426807));
#2779=CARTESIAN_POINT('',(0.,-44.9147349857945,-0.0704069347439384));
#2780=VECTOR('',#2781,1.);
#2781=DIRECTION('',(1.,0.,-1.9151347174784E-16));
#2782=CARTESIAN_POINT('',(-28.9921540626053,-73.0738723687388,-34.0860545970589));
#2783=VECTOR('',#2784,1.);
#2784=DIRECTION('',(1.,0.,-4.18062788519641E-16));
#2785=CARTESIAN_POINT('',(-28.5953140491534,-58.5746074850488,-16.5712465637381));
#2786=CARTESIAN_POINT('',(-28.9921540626053,-56.068974572459,-13.5444945305819));
#2787=VECTOR('',#2788,1.);
#2788=DIRECTION('',(0.100483840643242,-0.634451188802977,-0.766403736157434));
#2789=CARTESIAN_POINT('',(-18.2921540626053,-58.5746074850488,-16.5712465637381));
#2790=CARTESIAN_POINT('',(-28.5953140491534,-58.5746074850488,-16.5712465637381));
#2791=VECTOR('',#2792,1.);
#2792=DIRECTION('',(1.,6.89635739605898E-16,3.44817869802949E-16));
#2793=CARTESIAN_POINT('',(-18.2921540626053,-58.5746074850488,-16.5712465637381));
#2794=VECTOR('',#2795,1.);
#2795=DIRECTION('',(-4.6352619657089E-16,-0.637678677980794,-0.770302475426807));
#2796=CARTESIAN_POINT('',(-17.2921388349792,-51.5261981576688,-8.05691585113795));
#2797=VECTOR('',#2798,1.);
#2798=DIRECTION('',(0.990189927094151,0.089101553304104,0.107632808567253));
#2799=CARTESIAN_POINT('',(-18.2921540626053,-56.0689745724589,-13.5444945305818));
#2800=CARTESIAN_POINT('',(-18.2921540626053,-51.6159337583393,-8.16531457563234));
#2801=VECTOR('',#2802,1.);
#2802=DIRECTION('',(5.08751178466281E-16,-0.637678677980794,-0.770302475426807));
#2803=CARTESIAN_POINT('',(-18.2921540626053,-56.0689745724589,-13.5444945305817));
#2804=VECTOR('',#2805,1.);
#2805=DIRECTION('',(-1.,-5.97652768396346E-15,-6.97261563129071E-15));
#2806=CARTESIAN_POINT('',(-12.9921540628583,-49.396265360646,11.1722925105256));
#2807=CARTESIAN_POINT('',(-12.9921540631113,-49.3962653584126,11.1722925099271));
#2808=CARTESIAN_POINT('',(-14.7699307017768,-49.5777228315901,11.2209138933262));
#2809=CARTESIAN_POINT('',(-18.3254847645555,-49.9406308140549,11.3181547941556));
#2810=CARTESIAN_POINT('',(-23.6588181353582,-50.4849725784925,11.4640107303448));
#2811=CARTESIAN_POINT('',(-27.214375182664,-50.8478540505389,11.561244527729));
#2812=CARTESIAN_POINT('',(-28.9921540607703,-51.0292916313459,11.6098605809835));
#2813=CARTESIAN_POINT('',(-12.9921540626053,-13.9010720026401,1.66138411495196));
#2814=CARTESIAN_POINT('',(-12.9921540626053,-13.9010720026401,1.66138411495196));
#2815=VECTOR('',#2816,1.);
#2816=DIRECTION('',(-1.,0.,0.));
#2817=CARTESIAN_POINT('',(-12.9921540626053,-13.9010720026401,1.66138411495196));
#2818=VECTOR('',#2819,1.);
#2819=DIRECTION('',(0.,-0.965925826288324,0.258819045105299));
#2820=CARTESIAN_POINT('',(-12.9921540611919,-48.364566909403,15.0226435479298));
#2821=CARTESIAN_POINT('',(-12.9921540611919,-48.364566909403,15.0226435479298));
#2822=CARTESIAN_POINT('',(-12.9921540619417,-48.3828859765002,15.0275513906482));
#2823=CARTESIAN_POINT('',(-12.9921540626966,-48.4191757454171,15.0383792344231));
#2824=CARTESIAN_POINT('',(-12.9921540625787,-48.4738557997275,15.0580965094525));
#2825=CARTESIAN_POINT('',(-12.9921540626108,-48.5244278063466,15.0797268229224));
#2826=CARTESIAN_POINT('',(-12.9921540626031,-48.5785771831888,15.1064017175743));
#2827=CARTESIAN_POINT('',(-12.9921540626055,-48.62221060911,15.1312256295089));
#2828=CARTESIAN_POINT('',(-12.9921540626051,-48.6734022116148,15.1639113396109));
#2829=CARTESIAN_POINT('',(-12.9921540626053,-48.7168669888018,15.1951014430894));
#2830=CARTESIAN_POINT('',(-12.9921540626053,-48.762239775514,15.2323185508713));
#2831=CARTESIAN_POINT('',(-12.9921540626053,-48.8095812014875,15.2751111569124));
#2832=CARTESIAN_POINT('',(-12.9921540626053,-48.8465776035767,15.313562730196));
#2833=CARTESIAN_POINT('',(-12.9921540626053,-48.8889792680051,15.3629525381914));
#2834=CARTESIAN_POINT('',(-12.9921540626053,-48.9270505721146,15.4120708850834));
#2835=CARTESIAN_POINT('',(-12.9921540626053,-48.9627866793664,15.46705713323));
#2836=CARTESIAN_POINT('',(-12.9921540626053,-48.9875997389106,15.5105143964263));
#2837=CARTESIAN_POINT('',(-12.9921540626053,-49.0074748556582,15.5480799380314));
#2838=CARTESIAN_POINT('',(-12.9921540626053,-49.0308904278826,15.5980953402791));
#2839=CARTESIAN_POINT('',(-12.9921540626053,-49.0504886927002,15.6482530679399));
#2840=CARTESIAN_POINT('',(-12.9921540626053,-49.0650551670306,15.6917364624239));
#2841=CARTESIAN_POINT('',(-12.9921540626053,-49.077839578989,15.7348348451637));
#2842=CARTESIAN_POINT('',(-12.9921540626053,-49.0910334445342,15.7896535810603));
#2843=CARTESIAN_POINT('',(-12.9921540626053,-49.0999486200407,15.8412641246471));
#2844=CARTESIAN_POINT('',(-12.9921540626053,-49.1065870945973,15.8941119898181));
#2845=CARTESIAN_POINT('',(-12.9921540626053,-49.1101432245601,15.9400036322293));
#2846=CARTESIAN_POINT('',(-12.9921540626053,-49.111228861395,15.9901722762431));
#2847=CARTESIAN_POINT('',(-12.9921540626053,-49.1106106801157,16.0212816561284));
#2848=CARTESIAN_POINT('',(-12.9921540626053,-49.108496995422,16.0681057418582));
#2849=CARTESIAN_POINT('',(-12.9921540626053,-49.1050027763534,16.104437723562));
#2850=CARTESIAN_POINT('',(-12.9921540626053,-49.0971483723562,16.1580387503721));
#2851=CARTESIAN_POINT('',(-12.9921540626053,-49.0899595186111,16.1971519279623));
#2852=CARTESIAN_POINT('',(-12.9921540626053,-49.0804974491014,16.2362358580679));
#2853=CARTESIAN_POINT('',(-12.9921540626052,-49.0711685572381,16.2704648668113));
#2854=CARTESIAN_POINT('',(-12.9921540626055,-49.0653984937454,16.2893916332222));
#2855=CARTESIAN_POINT('',(-12.9921540626065,-49.060182611503,16.3050849027331));
#2856=CARTESIAN_POINT('',(-12.9921540626118,-49.396265360646,11.1722925105256));
#2857=CARTESIAN_POINT('',(-12.9921540626118,-49.4147336057813,11.1772415216048));
#2858=CARTESIAN_POINT('',(-12.9921540626118,-49.44286861603,11.1839305137818));
#2859=CARTESIAN_POINT('',(-12.9921540626118,-49.4897991464167,11.1929834254954));
#2860=CARTESIAN_POINT('',(-12.9921540626118,-49.5286852854986,11.1987814106446));
#2861=CARTESIAN_POINT('',(-12.9921540626118,-49.5673352730801,11.2028241642899));
#2862=CARTESIAN_POINT('',(-12.9921540626118,-49.6076423693986,11.2058358947911));
#2863=CARTESIAN_POINT('',(-12.9921540626118,-49.6376979344057,11.2067487125692));
#2864=CARTESIAN_POINT('',(-12.9921540626118,-49.6681366798318,11.2067366523344));
#2865=CARTESIAN_POINT('',(-12.9921540626118,-49.700173496996,11.2062484310102));
#2866=CARTESIAN_POINT('',(-12.9921540626118,-49.7393862265012,11.2037970651854));
#2867=CARTESIAN_POINT('',(-12.9921540626118,-49.7843655701723,11.1989955669499));
#2868=CARTESIAN_POINT('',(-12.9921540626118,-49.8293872472743,11.1926133450008));
#2869=CARTESIAN_POINT('',(-12.9921540626118,-49.8700264727739,11.1844896271282));
#2870=CARTESIAN_POINT('',(-12.9921540626118,-49.9017677261144,11.1768695829784));
#2871=CARTESIAN_POINT('',(-12.9921540626118,-49.9121950686577,11.1741953539612));
#2872=CARTESIAN_POINT('',(-12.9921540626118,-49.93222991011,11.1688240514803));
#2873=CARTESIAN_POINT('',(-12.9921540626118,-49.9679815711428,11.158445300413));
#2874=CARTESIAN_POINT('',(-12.9921540626118,-50.0193273649499,11.1404307647628));
#2875=CARTESIAN_POINT('',(-12.9921540626118,-50.0639664702413,11.1216349243207));
#2876=CARTESIAN_POINT('',(-12.9921540626118,-50.1063335400955,11.1019010361076));
#2877=CARTESIAN_POINT('',(-12.9921540626118,-50.1512243312469,11.0785590944392));
#2878=CARTESIAN_POINT('',(-12.9921540626118,-50.1898955834247,11.0551699915179));
#2879=CARTESIAN_POINT('',(-12.9921540626118,-50.2219150660704,11.0342338078756));
#2880=CARTESIAN_POINT('',(-12.9921540626118,-50.2546479863055,11.0116310295209));
#2881=CARTESIAN_POINT('',(-12.9921540626118,-50.2940627865065,10.9809890452461));
#2882=CARTESIAN_POINT('',(-12.9921540626118,-50.3364399817173,10.9443076582363));
#2883=CARTESIAN_POINT('',(-12.9921540626118,-50.3840586007725,10.8987569033587));
#2884=CARTESIAN_POINT('',(-12.9921540626118,-50.4198939741582,10.858468390794));
#2885=CARTESIAN_POINT('',(-12.9921540626118,-50.4538971211791,10.8161993738844));
#2886=CARTESIAN_POINT('',(-12.9921540626118,-50.4793980494359,10.7823089830045));
#2887=CARTESIAN_POINT('',(-12.9921540626118,-50.5095551234882,10.7364338352661));
#2888=CARTESIAN_POINT('',(-12.9921540626118,-50.5332911396891,10.6960171429691));
#2889=CARTESIAN_POINT('',(-12.9921540626118,-50.5554831351386,10.6545960465853));
#2890=CARTESIAN_POINT('',(-12.9921540626118,-50.574961788511,10.6132353028491));
#2891=CARTESIAN_POINT('',(-12.9921540626118,-50.5904224856693,10.575763770979));
#2892=CARTESIAN_POINT('',(-12.9921540626118,-50.6063602080638,10.5336581871953));
#2893=CARTESIAN_POINT('',(-12.9921540626118,-50.6177094179776,10.4983654762676));
#2894=CARTESIAN_POINT('',(-12.9921540626118,-50.6305760012431,10.4514283543574));
#2895=CARTESIAN_POINT('',(-12.9921540626118,-50.6359246857174,10.4288486366516));
#2896=CARTESIAN_POINT('',(-12.9921540626118,-50.6399069071719,10.4094735694137));
#2897=CARTESIAN_POINT('',(-12.9921540626053,-12.8693735515672,5.51173515240175));
#2898=AXIS2_PLACEMENT_3D('',#2899,#2900,#2901);
#2899=CARTESIAN_POINT('',(-12.9921540626053,0.,0.));
#2900=DIRECTION('',(-1.,0.,0.));
#2901=DIRECTION('',(0.,-0.992933714474295,0.11867029392514));
#2902=CARTESIAN_POINT('',(-12.9921540626053,-48.3645669118065,15.0226435485738));
#2903=VECTOR('',#2904,1.);
#2904=DIRECTION('',(0.,0.965925826288324,-0.258819045105298));
#2905=CARTESIAN_POINT('',(-12.9921540597785,-48.3645669069995,15.0226435472858));
#2906=CARTESIAN_POINT('',(-14.7699307007346,-48.546024380255,15.0712649307057));
#2907=CARTESIAN_POINT('',(-18.3254847651615,-48.9089323625764,15.1685058314967));
#2908=CARTESIAN_POINT('',(-23.6588181351038,-49.4532741264587,15.3143617675371));
#2909=CARTESIAN_POINT('',(-27.2143751832582,-49.8161555982801,15.411595564861));
#2910=CARTESIAN_POINT('',(-28.9921540630554,-49.9975931791038,15.4602116181199));
#2911=CARTESIAN_POINT('',(-12.9921540626053,-12.8693735515672,5.51173515240179));
#2912=VECTOR('',#2913,1.);
#2913=DIRECTION('',(-1.,0.,0.));
#2914=CARTESIAN_POINT('',(-12.9921540628583,34.3736218129488,37.1922743991339));
#2915=CARTESIAN_POINT('',(-12.9921540631113,34.3736218113138,37.192274397499));
#2916=CARTESIAN_POINT('',(-14.7699307018098,34.5064579008724,37.3251104870568));
#2917=CARTESIAN_POINT('',(-18.3254847646545,34.7721249820682,37.5907775682511));
#2918=CARTESIAN_POINT('',(-23.6588181355562,35.1706108096571,37.9892633958377));
#2919=CARTESIAN_POINT('',(-27.214375182928,35.4362584838797,38.2549110700588));
#2920=CARTESIAN_POINT('',(-28.9921540610673,35.5690800112125,38.3877325973908));
#2921=CARTESIAN_POINT('',(-12.9921540626053,8.38933685031239,11.207989436647));
#2922=CARTESIAN_POINT('',(-12.9921540626053,8.38933685031239,11.207989436647));
#2923=VECTOR('',#2924,1.);
#2924=DIRECTION('',(-1.,0.,0.));
#2925=CARTESIAN_POINT('',(-12.9921540626053,8.38933685031239,11.207989436647));
#2926=VECTOR('',#2927,1.);
#2927=DIRECTION('',(0.,0.707106781188581,0.707106781184514));
#2928=CARTESIAN_POINT('',(-12.9921540611919,37.1922743992071,34.3736218126104));
#2929=CARTESIAN_POINT('',(-12.9921540611919,37.1922743992071,34.3736218126104));
#2930=CARTESIAN_POINT('',(-12.9921540619417,37.2056842492276,34.387032668731));
#2931=CARTESIAN_POINT('',(-12.9921540626966,37.2332063214633,34.413046608623));
#2932=CARTESIAN_POINT('',(-12.9921540625787,37.2776220096874,34.4505422872214));
#2933=CARTESIAN_POINT('',(-12.9921540626108,37.3216404139537,34.4835237729391));
#2934=CARTESIAN_POINT('',(-12.9921540626031,37.3718162387867,34.5170810615573));
#2935=CARTESIAN_POINT('',(-12.9921540626055,37.4151310901038,34.5424567608927));
#2936=CARTESIAN_POINT('',(-12.9921540626051,37.4690335466458,34.5704471340693));
#2937=CARTESIAN_POINT('',(-12.9921540626053,37.517777357194,34.5924936835587));
#2938=CARTESIAN_POINT('',(-12.9921540626053,37.572694711357,34.6131791155584));
#2939=CARTESIAN_POINT('',(-12.9921540626053,37.6334249082199,34.6327816902523));
#2940=CARTESIAN_POINT('',(-12.9921540626053,37.6852231488067,34.6455957267672));
#2941=CARTESIAN_POINT('',(-12.9921540626053,37.749196808894,34.6576217431727));
#2942=CARTESIAN_POINT('',(-12.9921540626053,37.8107702038887,34.6660332631664));
#2943=CARTESIAN_POINT('',(-12.9921540626053,37.8697023758087,34.6691427166865));
#2944=CARTESIAN_POINT('',(-12.9921540626053,37.9081528825142,34.6693356118623));
#2945=CARTESIAN_POINT('',(-12.9921540626053,37.9296519229087,34.6691246949254));
#2946=CARTESIAN_POINT('',(-12.9921540626053,37.968769624289,34.6676782219188));
#2947=CARTESIAN_POINT('',(-12.9921540626053,38.0237920223404,34.662949015194));
#2948=CARTESIAN_POINT('',(-12.9921540626053,38.0770290277955,34.6548427416437));
#2949=CARTESIAN_POINT('',(-12.9921540626053,38.1219699909245,34.6457159812484));
#2950=CARTESIAN_POINT('',(-12.9921540626053,38.165686492423,34.635238415286));
#2951=CARTESIAN_POINT('',(-12.9921540626053,38.2197578408096,34.6192552679147));
#2952=CARTESIAN_POINT('',(-12.9921540626053,38.2689114734204,34.6011707726201));
#2953=CARTESIAN_POINT('',(-12.9921540626053,38.3179982924027,34.5804959102537));
#2954=CARTESIAN_POINT('',(-12.9921540626053,38.371421865599,34.5549353363536));
#2955=CARTESIAN_POINT('',(-12.9921540626053,38.4180404377891,34.5281305104325));
#2956=CARTESIAN_POINT('',(-12.9921540626053,38.4696362496136,34.4951530507416));
#2957=CARTESIAN_POINT('',(-12.9921540626053,38.4993535713001,34.4739609955994));
#2958=CARTESIAN_POINT('',(-12.9921540626053,38.5418462187924,34.4403583686287));
#2959=CARTESIAN_POINT('',(-12.9921540626053,38.5721247980256,34.4145760499168));
#2960=CARTESIAN_POINT('',(-12.9921540626053,38.6012414394848,34.3868396922471));
#2961=CARTESIAN_POINT('',(-12.9921540626052,38.626220184649,34.3616461305659));
#2962=CARTESIAN_POINT('',(-12.9921540626055,38.6397262134131,34.3471857258047));
#2963=CARTESIAN_POINT('',(-12.9921540626065,38.6507090423805,34.3348220044986));
#2964=CARTESIAN_POINT('',(-12.9921540626118,34.3736218129488,37.1922743991339));
#2965=CARTESIAN_POINT('',(-12.9921540626118,34.3871419048595,37.2057938630335));
#2966=CARTESIAN_POINT('',(-12.9921540626118,34.4070022471724,37.2268150005388));
#2967=CARTESIAN_POINT('',(-12.9921540626118,34.4383075636681,37.2629315763107));
#2968=CARTESIAN_POINT('',(-12.9921540626118,34.4627718368171,37.2937089674964));
#2969=CARTESIAN_POINT('',(-12.9921540626118,34.485597955053,37.3251594631099));
#2970=CARTESIAN_POINT('',(-12.9921540626118,34.5085099884204,37.3587810255813));
#2971=CARTESIAN_POINT('',(-12.9921540626118,34.5294351134518,37.3926394714206));
#2972=CARTESIAN_POINT('',(-12.9921540626118,34.5549825502367,37.4384886194895));
#2973=CARTESIAN_POINT('',(-12.9921540626118,34.5724659934395,37.4736735083388));
#2974=CARTESIAN_POINT('',(-12.9921540626118,34.5907974417848,37.5150275111762));
#2975=CARTESIAN_POINT('',(-12.9921540626118,34.60778111517,37.5572085373641));
#2976=CARTESIAN_POINT('',(-12.9921540626118,34.6210653817607,37.5964649990425));
#2977=CARTESIAN_POINT('',(-12.9921540626118,34.6303368567099,37.6277637530911));
#2978=CARTESIAN_POINT('',(-12.9921540626118,34.6332345777141,37.6381312111403));
#2979=CARTESIAN_POINT('',(-12.9921540626118,34.638600314059,37.658167544106));
#2980=CARTESIAN_POINT('',(-12.9921540626118,34.6474878824226,37.6943187665378));
#2981=CARTESIAN_POINT('',(-12.9921540626118,34.6575597345414,37.7477927961469));
#2982=CARTESIAN_POINT('',(-12.9921540626118,34.6636016098388,37.7958493149289));
#2983=CARTESIAN_POINT('',(-12.9921540626118,34.6676951010467,37.8424072188647));
#2984=CARTESIAN_POINT('',(-12.9921540626118,34.6691538102147,37.8754624561384));
#2985=CARTESIAN_POINT('',(-12.9921540626118,34.6694045120294,37.9185598818124));
#2986=CARTESIAN_POINT('',(-12.9921540626118,34.6687901845573,37.9420225513224));
#2987=CARTESIAN_POINT('',(-12.9921540626118,34.6668843228113,37.9763373690818));
#2988=CARTESIAN_POINT('',(-12.9921540626118,34.6636762015674,38.0159862969068));
#2989=CARTESIAN_POINT('',(-12.9921540626118,34.6568468653169,38.0654415094844));
#2990=CARTESIAN_POINT('',(-12.9921540626118,34.6462684495322,38.1204819318982));
#2991=CARTESIAN_POINT('',(-12.9921540626118,34.6306296480873,38.1844962433385));
#2992=CARTESIAN_POINT('',(-12.9921540626118,34.6136564597022,38.2356748423328));
#2993=CARTESIAN_POINT('',(-12.9921540626118,34.5940519908114,38.2862569398179));
#2994=CARTESIAN_POINT('',(-12.9921540626118,34.5774525155402,38.3252865868759));
#2995=CARTESIAN_POINT('',(-12.9921540626118,34.5528020091448,38.3743409531429));
#2996=CARTESIAN_POINT('',(-12.9921540626118,34.5296681349505,38.4151052923538));
#2997=CARTESIAN_POINT('',(-12.9921540626118,34.5048924109498,38.4550346723689));
#2998=CARTESIAN_POINT('',(-12.9921540626118,34.4788122828597,38.4925840528593));
#2999=CARTESIAN_POINT('',(-12.9921540626118,34.4540913329293,38.5247091752828));
#3000=CARTESIAN_POINT('',(-12.9921540626118,34.4255956889328,38.5595644396422));
#3001=CARTESIAN_POINT('',(-12.9921540626118,34.4007059096518,38.587039499212));
#3002=CARTESIAN_POINT('',(-12.9921540626118,34.3664904613246,38.6216508481399));
#3003=CARTESIAN_POINT('',(-12.9921540626118,34.3496101944171,38.6375728036256));
#3004=CARTESIAN_POINT('',(-12.9921540626118,34.3348220047208,38.6507090421831));
#3005=CARTESIAN_POINT('',(-12.9921540626053,11.2079894366952,8.38933685024793));
#3006=AXIS2_PLACEMENT_3D('',#3007,#3008,#3009);
#3007=CARTESIAN_POINT('',(-12.9921540626053,0.,0.));
#3008=DIRECTION('',(-1.,0.,0.));
#3009=DIRECTION('',(0.,0.599238346450885,0.800570674046214));
#3010=CARTESIAN_POINT('',(-12.9921540626053,37.1922744009666,34.3736218143699));
#3011=VECTOR('',#3012,1.);
#3012=DIRECTION('',(0.,-0.70710678118858,-0.707106781184515));
#3013=CARTESIAN_POINT('',(-12.9921540597785,37.1922743974476,34.3736218108509));
#3014=CARTESIAN_POINT('',(-14.7699307007528,37.3251104871624,34.5064579005649));
#3015=CARTESIAN_POINT('',(-18.3254847652161,37.5907775684514,34.7721249818524));
#3016=CARTESIAN_POINT('',(-23.6588181352129,37.989263395931,35.1706108093297));
#3017=CARTESIAN_POINT('',(-27.2143751834038,38.254911070187,35.4362584835842));
#3018=CARTESIAN_POINT('',(-28.9921540632192,38.3877325976311,35.5690800110276));
#3019=CARTESIAN_POINT('',(-12.9921540626053,11.2079894366952,8.38933685024793));
#3020=VECTOR('',#3021,1.);
#3021=DIRECTION('',(-1.,0.,0.));
#3022=CARTESIAN_POINT('',(-12.9921540628583,15.0226435476972,-48.3645669096595));
#3023=CARTESIAN_POINT('',(-12.9921540631113,15.0226435470988,-48.3645669074261));
#3024=CARTESIAN_POINT('',(-14.7699307018065,15.071264930424,-48.5460243803323));
#3025=CARTESIAN_POINT('',(-18.3254847646446,15.1685058311058,-48.9089323622544));
#3026=CARTESIAN_POINT('',(-23.6588181355364,15.3143617670735,-49.453274125878));
#3027=CARTESIAN_POINT('',(-27.2143751829017,15.4115955643101,-49.8161555973817));
#3028=CARTESIAN_POINT('',(-28.9921540610377,15.4602116174907,-49.9975931779174));
#3029=CARTESIAN_POINT('',(-12.9921540626053,5.51173515232775,-12.869373551599));
#3030=CARTESIAN_POINT('',(-12.9921540626053,5.51173515232775,-12.869373551599));
#3031=VECTOR('',#3032,1.);
#3032=DIRECTION('',(-1.,0.,0.));
#3033=CARTESIAN_POINT('',(-12.9921540626053,5.51173515232775,-12.869373551599));
#3034=VECTOR('',#3035,1.);
#3035=DIRECTION('',(0.,0.258819045099743,-0.965925826289813));
#3036=CARTESIAN_POINT('',(-12.9921540611919,11.172292510196,-49.3962653605401));
#3037=CARTESIAN_POINT('',(-12.9921540611919,11.172292510196,-49.3962653605401));
#3038=CARTESIAN_POINT('',(-12.9921540619417,11.1772017279655,-49.4145840593438));
#3039=CARTESIAN_POINT('',(-12.9921540626966,11.1859694260297,-49.4514258429404));
#3040=CARTESIAN_POINT('',(-12.9921540625787,11.1962337815239,-49.5086387971074));
#3041=CARTESIAN_POINT('',(-12.9921540626109,11.2027874237184,-49.5632505942669));
#3042=CARTESIAN_POINT('',(-12.9921540626041,11.20610282261,-49.613508084848));
#3043=CARTESIAN_POINT('',(-12.9921540626055,11.2069523626169,-49.6536063353954));
#3044=CARTESIAN_POINT('',(-12.9921540626052,11.2064427645175,-49.6879333982453));
#3045=CARTESIAN_POINT('',(-12.9921540626053,11.2043687078928,-49.734358483755));
#3046=CARTESIAN_POINT('',(-12.9921540626053,11.1990896216279,-49.7875951264701));
#3047=CARTESIAN_POINT('',(-12.9921540626053,11.1895450660288,-49.8454976665733));
#3048=CARTESIAN_POINT('',(-12.9921540626053,11.1761562923744,-49.9078928459245));
#3049=CARTESIAN_POINT('',(-12.9921540626053,11.1613544550822,-49.9591584576625));
#3050=CARTESIAN_POINT('',(-12.9921540626053,11.1397824587047,-50.0205742804293));
#3051=CARTESIAN_POINT('',(-12.9921540626053,11.1162803745609,-50.0781041704537));
#3052=CARTESIAN_POINT('',(-12.9921540626053,11.0865289405137,-50.136545671033));
#3053=CARTESIAN_POINT('',(-12.9921540626053,11.0613003763952,-50.1797630425182));
#3054=CARTESIAN_POINT('',(-12.9921540626053,11.0387052214416,-50.215758169316));
#3055=CARTESIAN_POINT('',(-12.9921540626053,11.0070983986209,-50.2610443508247));
#3056=CARTESIAN_POINT('',(-12.9921540626053,10.9734596646816,-50.3030958099183));
#3057=CARTESIAN_POINT('',(-12.9921540626053,10.9430851775365,-50.3374524439001));
#3058=CARTESIAN_POINT('',(-12.9921540626053,10.9121530893883,-50.3700732611722));
#3059=CARTESIAN_POINT('',(-12.9921540626053,10.8712756030328,-50.4089088494375));
#3060=CARTESIAN_POINT('',(-12.9921540626053,10.8310371529737,-50.4424348975502));
#3061=CARTESIAN_POINT('',(-12.9921540626053,10.7885887868692,-50.4746078990142));
#3062=CARTESIAN_POINT('',(-12.9921540626053,10.7397408938831,-50.5080937835505));
#3063=CARTESIAN_POINT('',(-12.9921540626053,10.6932179484204,-50.5350642379079));
#3064=CARTESIAN_POINT('',(-12.9921540626053,10.638860724758,-50.5632587917861));
#3065=CARTESIAN_POINT('',(-12.9921540626053,10.6056492056488,-50.5783987198109));
#3066=CARTESIAN_POINT('',(-12.9921540626053,10.555302153238,-50.5983971185567));
#3067=CARTESIAN_POINT('',(-12.9921540626053,10.5178347206954,-50.6117279779886));
#3068=CARTESIAN_POINT('',(-12.9921540626053,10.4792560096089,-50.6230755503334));
#3069=CARTESIAN_POINT('',(-12.9921540626052,10.4449483725949,-50.6321109973607));
#3070=CARTESIAN_POINT('',(-12.9921540626055,10.4256722803388,-50.6365773589946));
#3071=CARTESIAN_POINT('',(-12.9921540626065,10.4094735691225,-50.6399069072317));
#3072=CARTESIAN_POINT('',(-12.9921540626118,15.0226435476972,-48.3645669096595));
#3073=CARTESIAN_POINT('',(-12.9921540626118,15.0275917009244,-48.3830353846655));
#3074=CARTESIAN_POINT('',(-12.9921540626118,15.035866368864,-48.410745514389));
#3075=CARTESIAN_POINT('',(-12.9921540626118,15.0514915827323,-48.4559150016337));
#3076=CARTESIAN_POINT('',(-12.9921540626118,15.0659134487868,-48.4924903792587));
#3077=CARTESIAN_POINT('',(-12.9921540626118,15.0817373178318,-48.5279836253275));
#3078=CARTESIAN_POINT('',(-12.9921540626118,15.0993984283633,-48.5646368095117));
#3079=CARTESIAN_POINT('',(-12.9921540626118,15.1182581400771,-48.5996877222859));
#3080=CARTESIAN_POINT('',(-12.9921540626118,15.1451909486541,-48.6447370255777));
#3081=CARTESIAN_POINT('',(-12.9921540626118,15.1669202346256,-48.6774705759616));
#3082=CARTESIAN_POINT('',(-12.9921540626118,15.1935681274582,-48.7140230773355));
#3083=CARTESIAN_POINT('',(-12.9921540626118,15.2216061310021,-48.7498218830306));
#3084=CARTESIAN_POINT('',(-12.9921540626118,15.2489610907829,-48.7809546262081));
#3085=CARTESIAN_POINT('',(-12.9921540626118,15.2714308694212,-48.8046333360688));
#3086=CARTESIAN_POINT('',(-12.9921540626118,15.2789604909624,-48.8123265650964));
#3087=CARTESIAN_POINT('',(-12.9921540626118,15.2936295961371,-48.8269915955633));
#3088=CARTESIAN_POINT('',(-12.9921540626118,15.3204936889228,-48.8527640668758));
#3089=CARTESIAN_POINT('',(-12.9921540626118,15.3617676311877,-48.8882235607112));
#3090=CARTESIAN_POINT('',(-12.9921540626118,15.4003648590032,-48.9174842395731));
#3091=CARTESIAN_POINT('',(-12.9921540626118,15.43863844242,-48.9443082542332));
#3092=CARTESIAN_POINT('',(-12.9921540626118,15.4812985524601,-48.9715138489427));
#3093=CARTESIAN_POINT('',(-12.9921540626118,15.5208897359068,-48.9933095842954));
#3094=CARTESIAN_POINT('',(-12.9921540626118,15.5550307441258,-49.0105711778631));
#3095=CARTESIAN_POINT('',(-12.9921540626118,15.5909717845085,-49.0276173291551));
#3096=CARTESIAN_POINT('',(-12.9921540626118,15.6372159213964,-49.0464305552687));
#3097=CARTESIAN_POINT('',(-12.9921540626118,15.6901715319868,-49.0647895893538));
#3098=CARTESIAN_POINT('',(-12.9921540626118,15.7534289523958,-49.0832531457098));
#3099=CARTESIAN_POINT('',(-12.9921540626118,15.8062375144676,-49.0941432331368));
#3100=CARTESIAN_POINT('',(-12.9921540626118,15.8598451304052,-49.1024563138095));
#3101=CARTESIAN_POINT('',(-12.9921540626118,15.901945536755,-49.1075955703385));
#3102=CARTESIAN_POINT('',(-12.9921540626118,15.9528822836275,-49.110550253194));
#3103=CARTESIAN_POINT('',(-12.9921540626118,15.9864236955586,-49.110994864029));
#3104=CARTESIAN_POINT('',(-12.9921540626118,16.012418572331,-49.1108430833523));
#3105=CARTESIAN_POINT('',(-12.9921540626118,16.0505907153773,-49.1096307197925));
#3106=CARTESIAN_POINT('',(-12.9921540626118,16.0961495040189,-49.1058193559061));
#3107=CARTESIAN_POINT('',(-12.9921540626118,16.1363311539672,-49.1004729460914));
#3108=CARTESIAN_POINT('',(-12.9921540626118,16.180764521608,-49.0932226264012));
#3109=CARTESIAN_POINT('',(-12.9921540626118,16.2170035087919,-49.0854049753521));
#3110=CARTESIAN_POINT('',(-12.9921540626118,16.2640855389765,-49.0730792027457));
#3111=CARTESIAN_POINT('',(-12.9921540626118,16.2863144900276,-49.0664214406179));
#3112=CARTESIAN_POINT('',(-12.9921540626118,16.305084902451,-49.0601826115967));
#3113=CARTESIAN_POINT('',(-12.9921540626053,1.66138411487202,-13.9010720026497));
#3114=AXIS2_PLACEMENT_3D('',#3115,#3116,#3117);
#3115=CARTESIAN_POINT('',(-12.9921540626053,0.,0.));
#3116=DIRECTION('',(-1.,0.,0.));
#3117=DIRECTION('',(0.,0.39369536802341,-0.919240967971354));
#3118=CARTESIAN_POINT('',(-12.9921540626053,11.17229251084,-49.3962653629437));
#3119=VECTOR('',#3120,1.);
#3120=DIRECTION('',(0.,-0.258819045099744,0.965925826289812));
#3121=CARTESIAN_POINT('',(-12.9921540597785,11.1722925095519,-49.3962653581366));
#3122=CARTESIAN_POINT('',(-14.7699307007286,11.2209138929855,-49.5777228314472));
#3123=CARTESIAN_POINT('',(-18.3254847651435,11.3181547938038,-49.9406308138788));
#3124=CARTESIAN_POINT('',(-23.6588181350678,11.4640107298852,-50.4849725779263));
#3125=CARTESIAN_POINT('',(-27.2143751832102,11.5612445272363,-50.8478540498579));
#3126=CARTESIAN_POINT('',(-28.9921540630014,11.6098605805089,-51.0292916307367));
#3127=CARTESIAN_POINT('',(-12.9921540626053,1.66138411487201,-13.9010720026497));
#3128=VECTOR('',#3129,1.);
#3129=DIRECTION('',(-1.,0.,0.));
#3130=CARTESIAN_POINT('',(-28.9921540626053,-33.4230062387639,-76.5030041155294));
#3131=VECTOR('',#3132,1.);
#3132=DIRECTION('',(1.,0.,0.));
#3133=CARTESIAN_POINT('',(-7.05090063244416,-6.02567748607033,-52.7288159742094));
#3134=CARTESIAN_POINT('',(-7.05090063244416,-6.02567748607032,-52.7288159742094));
#3135=CARTESIAN_POINT('',(-8.84410008228268,-6.21954677225324,-52.8970471520057));
#3136=CARTESIAN_POINT('',(-13.0747739495478,-6.67489469177293,-53.2921779038442));
#3137=CARTESIAN_POINT('',(-20.3881731712726,-7.45411786879917,-53.9683532558985));
#3138=CARTESIAN_POINT('',(-25.9091723098155,-8.03513376942695,-54.4725331144281));
#3139=CARTESIAN_POINT('',(-28.9921540626056,-8.35754663961146,-54.7523087197121));
#3140=CARTESIAN_POINT('',(-8.80369632046307E-15,-1.45426807398748E-15,-47.5));
#3141=CARTESIAN_POINT('',(-7.99360577730113E-15,-9.69663159027863E-15,-47.5));
#3142=CARTESIAN_POINT('',(-0.138077995279776,-0.125745203222084,-47.6091161166205));
#3143=CARTESIAN_POINT('',(-0.472442822859355,-0.428857964157855,-47.8721439421276));
#3144=CARTESIAN_POINT('',(-1.01743756789191,-0.917660810003247,-48.296305396919));
#3145=CARTESIAN_POINT('',(-1.64751127591936,-1.47586363753989,-48.7806890812797));
#3146=CARTESIAN_POINT('',(-2.26961732220833,-2.02022855268065,-49.2530648383075));
#3147=CARTESIAN_POINT('',(-2.88312410051042,-2.55113074647739,-49.7137582421753));
#3148=CARTESIAN_POINT('',(-3.49333349233708,-3.0739004981235,-50.1673946730264));
#3149=CARTESIAN_POINT('',(-4.14233990109076,-3.62418809751274,-50.6449098730596));
#3150=CARTESIAN_POINT('',(-4.83057222397149,-4.2016847316669,-51.1460358680532));
#3151=CARTESIAN_POINT('',(-5.54651000300937,-4.79624889932252,-51.6619723124974));
#3152=CARTESIAN_POINT('',(-6.29036510839801,-5.40771245137832,-52.1925732940514));
#3153=CARTESIAN_POINT('',(-6.79494897192881,-5.81836814885652,-52.5489221155472));
#3154=CARTESIAN_POINT('',(-7.05090063244387,-6.02567748607023,-52.7288159742099));
#3155=CARTESIAN_POINT('',(-7.91551790076295E-15,1.12742245845928E-15,-47.5));
#3156=VECTOR('',#3157,1.);
#3157=DIRECTION('',(1.,-5.93859876085528E-17,0.));
#3158=CARTESIAN_POINT('',(-28.9921540626053,-75.8027373893017,-35.4376048065717));
#3159=VECTOR('',#3160,1.);
#3160=DIRECTION('',(1.,0.,-4.18062788519641E-16));
#3161=CARTESIAN_POINT('',(-28.9921540626053,-34.7855131483438,-76.4548290475351));
#3162=VECTOR('',#3163,1.);
#3163=DIRECTION('',(1.,0.,0.));
#3164=CARTESIAN_POINT('',(-28.9921540626053,-75.8659330835419,-34.0928193474044));
#3165=VECTOR('',#3166,1.);
#3166=DIRECTION('',(1.,0.,-4.18062788519641E-16));
#3167=CARTESIAN_POINT('',(-0.107480741896051,-47.5848853731813,0.0700934348394313));
#3168=CARTESIAN_POINT('',(-0.107480741896051,-47.5848853731813,0.0700934348394313));
#3169=VECTOR('',#3170,1.);
#3170=DIRECTION('',(1.,0.,-1.87483302851127E-16));
#3171=CARTESIAN_POINT('',(-7.05090063244416,-52.716877498244,-6.12924547096242));
#3172=CARTESIAN_POINT('',(-0.107480741896049,-47.5848853730537,0.0700934349334836));
#3173=CARTESIAN_POINT('',(-0.31660048960725,-47.7504349478964,-0.129886981054114));
#3174=CARTESIAN_POINT('',(-0.831682925846395,-48.1551076831114,-0.618723162043828));
#3175=CARTESIAN_POINT('',(-1.69435070081007,-48.8209022247123,-1.42298901133572));
#3176=CARTESIAN_POINT('',(-2.73311945561782,-49.6062363350869,-2.37165615392765));
#3177=CARTESIAN_POINT('',(-3.80342810048787,-50.3985685838039,-3.32877690105656));
#3178=CARTESIAN_POINT('',(-4.88270739846196,-51.18256895715,-4.27583291750314));
#3179=CARTESIAN_POINT('',(-5.94766094755154,-51.9433560941195,-5.19484783110708));
#3180=CARTESIAN_POINT('',(-6.6775936702639,-52.4564519572178,-5.81465687811828));
#3181=CARTESIAN_POINT('',(-7.05090063244413,-52.7168774974376,-6.12924547163));
#3182=CARTESIAN_POINT('',(-7.05090063244416,-52.716877498244,-6.12924547096244));
#3183=CARTESIAN_POINT('',(-8.84455782895719,-52.8838970182487,-6.33100154991996));
#3184=CARTESIAN_POINT('',(-13.075634412385,-53.2759627349309,-6.80460871685028));
#3185=CARTESIAN_POINT('',(-20.3889929133673,-53.9462321741978,-7.61428014871486));
#3186=CARTESIAN_POINT('',(-25.9095901685623,-54.4454480280155,-8.2173224351305));
#3187=CARTESIAN_POINT('',(-28.9921540626045,-54.7223098796345,-8.5517657480677));
#3188=AXIS2_PLACEMENT_3D('',#3189,#3190,#3191);
#3189=CARTESIAN_POINT('',(-7.05090063244416,0.,0.));
#3190=DIRECTION('',(1.,0.,0.));
#3191=DIRECTION('',(0.,-0.113537795296847,-0.993533677858547));
#3192=CARTESIAN_POINT('',(-8.00215406260527,-3.42901103761259E-15,14.));
#3193=AXIS2_PLACEMENT_3D('',#3194,#3195,#3196);
#3194=CARTESIAN_POINT('',(-8.00215406260527,0.,0.));
#3195=DIRECTION('',(-1.,0.,0.));
#3196=DIRECTION('',(0.,-1.22464679914735E-16,1.));
#3197=CARTESIAN_POINT('',(-8.00215406260527,0.,12.));
#3198=AXIS2_PLACEMENT_3D('',#3199,#3200,#3201);
#3199=CARTESIAN_POINT('',(-8.00215406260527,0.,0.));
#3200=DIRECTION('',(1.,0.,0.));
#3201=DIRECTION('',(0.,-1.22464679914735E-16,1.));
#3202=CARTESIAN_POINT('',(-4.4348645882796E-15,-47.4999546676448,0.0656244747489457));
#3203=AXIS2_PLACEMENT_3D('',#3204,#3205,#3206);
#3204=CARTESIAN_POINT('',(0.,0.,0.));
#3205=DIRECTION('',(1.,-2.73691106313441E-48,-1.83697019872103E-16));
#3206=DIRECTION('',(-1.83697019872103E-16,1.22464679914735E-16,-1.));
#3207=CARTESIAN_POINT('',(6.02751022102657E-18,-47.4999546676448,0.0656244747489398));
#3208=VECTOR('',#3209,1.);
#3209=DIRECTION('',(1.,0.,-1.83186799063151E-16));
#3210=CARTESIAN_POINT('',(-1.15463194561016E-14,-47.4999546676448,0.0656244747489256));
#3211=CARTESIAN_POINT('',(-0.035826914019098,-47.5282649028236,0.0671141281124247));
#3212=CARTESIAN_POINT('',(-0.0716538280381845,-47.5565751380024,0.0686037814759238));
#3213=CARTESIAN_POINT('',(-0.107480742057271,-47.5848853731812,0.0700934348394228));
#3214=CARTESIAN_POINT('',(1.02140518265514E-14,-45.4999827571611,-0.0396118422415595));
#3215=CARTESIAN_POINT('',(0.0104595547470728,-45.4818634144237,-0.0405652620800975));
#3216=CARTESIAN_POINT('',(0.0325070067200011,-45.4463032799607,-0.0424363971510222));
#3217=CARTESIAN_POINT('',(0.0688499042427123,-45.3951444042187,-0.0451283207906719));
#3218=CARTESIAN_POINT('',(0.112708937813566,-45.3409504268708,-0.047979948130666));
#3219=CARTESIAN_POINT('',(0.169462384271641,-45.2804617282564,-0.0511627967638656));
#3220=CARTESIAN_POINT('',(0.24557871120836,-45.2131220929657,-0.0547061341319178));
#3221=CARTESIAN_POINT('',(0.33132871618648,-45.1526933670593,-0.0578858270673353));
#3222=CARTESIAN_POINT('',(0.41366915206281,-45.106859250886,-0.060297567728935));
#3223=CARTESIAN_POINT('',(0.48323766214569,-45.0752903072728,-0.0619586907375652));
#3224=CARTESIAN_POINT('',(0.545236168531517,-45.0520841494634,-0.0631797731770434));
#3225=CARTESIAN_POINT('',(0.605426996140564,-45.0338493711324,-0.0641392671092435));
#3226=CARTESIAN_POINT('',(0.659221273393059,-45.0211148326884,-0.0648093444825178));
#3227=CARTESIAN_POINT('',(0.70662178887781,-45.0124418585356,-0.0652657068206073));
#3228=CARTESIAN_POINT('',(0.747578701070698,-45.006711675402,-0.0655672227396475));
#3229=CARTESIAN_POINT('',(0.787759384817095,-45.0027550833171,-0.0657754142530647));
#3230=CARTESIAN_POINT('',(0.827098523788824,-45.0004555045724,-0.0658964155513524));
#3231=CARTESIAN_POINT('',(0.853129913247515,-44.9999515621627,-0.0659229324453552));
#3232=CARTESIAN_POINT('',(0.86602540378447,-44.9999517129521,-0.0659229245109812));
#3233=CARTESIAN_POINT('',(-27.5350499808711,-57.0964555549147,-16.5025619149029));
#3234=CARTESIAN_POINT('',(-27.5350499808711,-57.0964555549147,-16.5025619149029));
#3235=CARTESIAN_POINT('',(-28.2069874452331,-57.5420928908743,-16.0559869961878));
#3236=CARTESIAN_POINT('',(-28.6590307575963,-58.1723025854803,-16.085270678524));
#3237=CARTESIAN_POINT('',(-28.5953140491534,-58.5746074850488,-16.5712465637381));
#3238=CARTESIAN_POINT('',(-28.9921540626053,-55.9392768541015,-13.4150691122104));
#3239=CARTESIAN_POINT('',(-28.9921540626053,-55.9392768541015,-13.4150691122104));
#3240=VECTOR('',#3241,1.);
#3241=DIRECTION('',(0.,-0.707849454707223,-0.706363326816084));
#3242=CARTESIAN_POINT('',(-17.2921536740701,-48.1796901657429,-21.1909813058207));
#3243=CARTESIAN_POINT('',(-17.2921528969999,-48.1796896503802,-21.1909818222677));
#3244=VECTOR('',#3245,1.);
#3245=DIRECTION('',(-0.729023629531039,-0.483497595158298,0.484514832653793));
#3246=CARTESIAN_POINT('',(-17.2921536740701,-50.3032385298646,-23.3100712862689));
#3247=CARTESIAN_POINT('',(-17.2921540626053,-48.1796904234243,-21.1909810475972));
#3248=VECTOR('',#3249,1.);
#3249=DIRECTION('',(0.,-0.707849454707239,-0.706363326816069));
#3250=CARTESIAN_POINT('',(-17.2921528969999,-50.3032380145019,-23.3100718027159));
#3251=VECTOR('',#3252,1.);
#3252=DIRECTION('',(-0.729023629531039,-0.483497595158298,0.484514832653793));
#3253=CARTESIAN_POINT('',(-17.2921540626053,-57.0964555549147,-16.5025619149029));
#3254=CARTESIAN_POINT('',(-27.5350499808711,-57.0964555549147,-16.5025619149029));
#3255=VECTOR('',#3256,1.);
#3256=DIRECTION('',(1.,0.,6.93693210816498E-16));
#3257=CARTESIAN_POINT('',(-17.2921540626053,-50.303238787546,-23.3100710280454));
#3258=VECTOR('',#3259,1.);
#3259=DIRECTION('',(0.,-0.706363326816068,0.70784945470724));
#3260=CARTESIAN_POINT('',(-17.2921540626053,-62.0541381458636,-22.3426345816075));
#3261=CARTESIAN_POINT('',(-17.2921540626053,-61.9839673691371,-22.4065737302182));
#3262=AXIS2_PLACEMENT_3D('',#3263,#3264,#3265);
#3263=CARTESIAN_POINT('',(-17.2921540626053,-62.6918168238444,-23.1129370570343));
#3264=DIRECTION('',(1.,7.49879891330929E-33,-1.22464679914735E-16));
#3265=DIRECTION('',(8.65045587220368E-17,0.707849454707244,0.706363326816064));
#3266=CARTESIAN_POINT('',(-17.2921540626053,-57.1666263316412,-16.4386227662921));
#3267=CARTESIAN_POINT('',(-17.2921540626053,-57.1666263316412,-16.4386227662921));
#3268=VECTOR('',#3269,1.);
#3269=DIRECTION('',(0.,-0.637678677980793,-0.770302475426808));
#3270=AXIS2_PLACEMENT_3D('',#3271,#3272,#3273);
#3271=CARTESIAN_POINT('',(-17.2921540626053,-57.804305009622,-17.2089252417189));
#3272=DIRECTION('',(-1.,-6.16297582203915E-33,1.22464679914735E-16));
#3273=DIRECTION('',(9.43348460906726E-17,0.63767867798079,0.77030247542681));
#3274=CARTESIAN_POINT('',(-17.2921540626053,-55.2420445565565,-14.1137683267437));
#3275=CARTESIAN_POINT('',(-17.2921540626053,-48.1796904234243,-21.1909810475972));
#3276=VECTOR('',#3277,1.);
#3277=DIRECTION('',(0.,-0.706363326816068,0.70784945470724));
#3278=CARTESIAN_POINT('',(-17.2921540626053,-51.3057173015762,-9.35876751943638));
#3279=VECTOR('',#3280,1.);
#3280=DIRECTION('',(5.7553389624185E-16,-0.637678677980793,-0.770302475426808));
#3281=CARTESIAN_POINT('',(-17.2921540626053,-43.1778467121572,-16.4228345408426));
#3282=CARTESIAN_POINT('',(-17.2921540626053,-51.5261995268548,-8.05691750743165));
#3283=VECTOR('',#3284,1.);
#3284=DIRECTION('',(0.,0.706363326816068,-0.70784945470724));
#3285=CARTESIAN_POINT('',(-17.2921540626053,-55.5925324494104,-28.8114556811514));
#3286=CARTESIAN_POINT('',(-17.2921540626053,-55.5925324494104,-28.8114556811514));
#3287=VECTOR('',#3288,1.);
#3288=DIRECTION('',(0.,0.707849454707241,0.706363326816067));
#3289=CARTESIAN_POINT('',(-17.2921540626053,-61.9839673691371,-22.4065737302182));
#3290=VECTOR('',#3291,1.);
#3291=DIRECTION('',(0.,0.706363326816067,-0.707849454707241));
#3292=CARTESIAN_POINT('',(-17.2921540626053,-48.1406797811548,-18.360057459283));
#3293=AXIS2_PLACEMENT_3D('',#3294,#3295,#3296);
#3294=CARTESIAN_POINT('',(-17.2921540626053,-48.1406797811548,-16.360057459283));
#3295=DIRECTION('',(1.,7.49879891330929E-33,-1.22464679914735E-16));
#3296=DIRECTION('',(-1.22464679914735E-16,-1.22464679914735E-16,-1.));
#3297=CARTESIAN_POINT('',(-17.2921540626053,-55.2191743282272,-25.4236907274437));
#3298=AXIS2_PLACEMENT_3D('',#3299,#3300,#3301);
#3299=CARTESIAN_POINT('',(-17.2921540626053,-55.2191743282272,-23.4236907274437));
#3300=DIRECTION('',(1.,7.49879891330929E-33,-1.22464679914735E-16));
#3301=DIRECTION('',(-1.22464679914735E-16,-1.22464679914735E-16,-1.));
#3302=CARTESIAN_POINT('',(-14.7921540626053,-61.9839673691371,-22.4065737302182));
#3303=CARTESIAN_POINT('',(-14.7921540626053,-61.9839673691371,-22.4065737302182));
#3304=VECTOR('',#3305,1.);
#3305=DIRECTION('',(-1.,0.,2.8421709430404E-15));
#3306=CARTESIAN_POINT('',(-14.7921540626053,-55.5925324494104,-28.8114556811514));
#3307=CARTESIAN_POINT('',(-17.2921540626053,-55.5925324494104,-28.8114556811514));
#3308=VECTOR('',#3309,1.);
#3309=DIRECTION('',(1.,0.,0.));
#3310=CARTESIAN_POINT('',(-14.7921540626053,-61.9839673691371,-22.4065737302182));
#3311=VECTOR('',#3312,1.);
#3312=DIRECTION('',(0.,0.706363326816067,-0.707849454707241));
#3313=CARTESIAN_POINT('',(-14.7921540626053,-62.0541381458635,-22.3426345816075));
#3314=AXIS2_PLACEMENT_3D('',#3315,#3316,#3317);
#3315=CARTESIAN_POINT('',(-14.7921540626053,-62.6918168238444,-23.1129370570343));
#3316=DIRECTION('',(-1.,-6.16297582203915E-33,1.22464679914735E-16));
#3317=DIRECTION('',(9.43348460906713E-17,0.637678677980803,0.7703024754268));
#3318=CARTESIAN_POINT('',(-14.7921540626053,-42.9292562857189,-16.1747660292885));
#3319=CARTESIAN_POINT('',(-14.7921540626053,-55.5925324494104,-28.8114556811514));
#3320=VECTOR('',#3321,1.);
#3321=DIRECTION('',(1.98588928154338E-16,0.707849454707241,0.706363326816067));
#3322=CARTESIAN_POINT('',(-14.7921540626053,-51.3012387631527,-7.7851696183565));
#3323=VECTOR('',#3324,1.);
#3324=DIRECTION('',(-1.49875292987456E-16,0.706363326816067,-0.70784945470724));
#3325=CARTESIAN_POINT('',(-14.7921540626053,-51.0856575526092,-9.09293995576773));
#3326=VECTOR('',#3327,1.);
#3327=DIRECTION('',(-1.03272725090797E-16,-0.637678677980794,-0.770302475426807));
#3328=CARTESIAN_POINT('',(-14.7921540626053,-48.1406797811548,-18.360057459283));
#3329=AXIS2_PLACEMENT_3D('',#3330,#3331,#3332);
#3330=CARTESIAN_POINT('',(-14.7921540626053,-48.1406797811548,-16.360057459283));
#3331=DIRECTION('',(1.,7.49879891330929E-33,-1.22464679914735E-16));
#3332=DIRECTION('',(-1.22464679914735E-16,-1.22464679914735E-16,-1.));
#3333=CARTESIAN_POINT('',(-14.7921540626053,-55.2191743282272,-25.4236907274437));
#3334=AXIS2_PLACEMENT_3D('',#3335,#3336,#3337);
#3335=CARTESIAN_POINT('',(-14.7921540626053,-55.2191743282272,-23.4236907274437));
#3336=DIRECTION('',(1.,7.49879891330929E-33,-1.22464679914735E-16));
#3337=DIRECTION('',(-1.22464679914735E-16,-1.22464679914735E-16,-1.));
#3338=CARTESIAN_POINT('',(-17.2921540626053,-43.1778467121572,-16.4228345408426));
#3339=VECTOR('',#3340,1.);
#3340=DIRECTION('',(0.990276855438181,0.0984693383141528,0.0982626022220076));
#3341=CARTESIAN_POINT('',(-18.1065539295245,-55.9392768541015,-13.4150691122104));
#3342=CARTESIAN_POINT('',(-18.1065539295245,-55.9392768541015,-13.4150691122104));
#3343=CARTESIAN_POINT('',(-18.1677892308614,-56.0256161696613,-13.5012271586259));
#3344=CARTESIAN_POINT('',(-18.2298360072529,-56.0689745724589,-13.5444945305818));
#3345=CARTESIAN_POINT('',(-18.2921540626053,-56.0689745724589,-13.5444945305818));
#3346=CARTESIAN_POINT('',(-28.9921540626053,-55.9392768541015,-13.4150691122104));
#3347=VECTOR('',#3348,1.);
#3348=DIRECTION('',(1.,-6.52736392181815E-16,4.89552294136361E-16));
#3349=CARTESIAN_POINT('',(-17.2921540626053,-55.2420445565565,-14.1137683267437));
#3350=CARTESIAN_POINT('',(-17.2921540626053,-55.5985875038898,-13.7564752436116));
#3351=CARTESIAN_POINT('',(-17.6128003158866,-55.8731024356275,-13.4813827559885));
#3352=CARTESIAN_POINT('',(-18.1065539295245,-55.9392768541015,-13.4150691122104));
#3353=CARTESIAN_POINT('',(-14.7921540626053,-22.0319290910793,-62.4460986824389));
#3354=CARTESIAN_POINT('',(-14.7921540626053,-21.6480045846476,-62.8885325462748));
#3355=CARTESIAN_POINT('',(-14.3779405002322,-21.6893769480309,-63.4728561535813));
#3356=CARTESIAN_POINT('',(-13.7921540626053,-22.1318108118668,-63.856780660013));
#3357=CARTESIAN_POINT('',(-14.7921540626053,-62.0541381458636,-22.3426345816075));
#3358=CARTESIAN_POINT('',(-14.7921540626053,-62.505370888839,-21.9690910604825));
#3359=CARTESIAN_POINT('',(-14.3779405002322,-63.0885757781462,-22.024025636078));
#3360=CARTESIAN_POINT('',(-13.7921540626053,-63.4621192992712,-22.4752583790535));
#3361=CARTESIAN_POINT('',(-17.2921540626053,-57.1666263316412,-16.4386227662921));
#3362=CARTESIAN_POINT('',(-17.2921540626053,-57.6178590746166,-16.0650792451671));
#3363=CARTESIAN_POINT('',(-17.7063676249784,-58.2010639639238,-16.1200138207627));
#3364=CARTESIAN_POINT('',(-18.2921540626053,-58.5746074850488,-16.5712465637381));
#3365=CARTESIAN_POINT('',(-17.2921540626053,-62.0541381458636,-22.3426345816075));
#3366=CARTESIAN_POINT('',(-17.2921540626053,-62.505370888839,-21.9690910604825));
#3367=CARTESIAN_POINT('',(-17.7063676249784,-63.0885757781462,-22.024025636078));
#3368=CARTESIAN_POINT('',(-18.2921540626053,-63.4621192992712,-22.4752583790535));
#3369=CARTESIAN_POINT('',(-17.2921540626053,-22.0319290910793,-62.4460986824389));
#3370=CARTESIAN_POINT('',(-17.2921540626053,-21.6480045846476,-62.8885325462748));
#3371=CARTESIAN_POINT('',(-17.7063676249784,-21.6893769480309,-63.4728561535813));
#3372=CARTESIAN_POINT('',(-18.2921540626053,-22.1318108118668,-63.856780660013));
ENDSEC;
END-ISO-10303-21;
