ISO-10303-21;
HEADER;
FILE_DESCRIPTION(('STEP AP203'),
    '1');
FILE_NAME('крепёж серво',
    '',
    ('UNSPECIFIED'),
    ('UNSPECIFIED'),
    'C3D Converter',
    'C3D Toolkit',
    '');
FILE_SCHEMA(('CONFIG_CONTROL_DESIGN'));
ENDSEC;

DATA;
#1=PRODUCT_DEFINITION('','UNSPECIFIED',#28,#31);
#2=SHAPE_DEFINITION_REPRESENTATION(#26,#3);
#3=SHAPE_REPRESENTATION('NONE',(#4),#8);
#4=AXIS2_PLACEMENT_3D('',#5,#6,#7);
#5=CARTESIAN_POINT('',(0.,0.,0.));
#6=DIRECTION('',(0.,0.,1.));
#7=DIRECTION('',(1.,0.,0.));
#8=(GEOMETRIC_REPRESENTATION_CONTEXT(3)GLOBAL_UNCERTAINTY_ASSIGNED_CONTEXT((#10))
GLOBAL_UNIT_ASSIGNED_CONTEXT((#9,#11,#12))REPRESENTATION_CONTEXT('NONE','NONE'));
#9=(LENGTH_UNIT()NAMED_UNIT(*)SI_UNIT(.MILLI.,.METRE.));
#10=UNCERTAINTY_MEASURE_WITH_UNIT(LENGTH_MEASURE(1.E-5),#9,'NONE','NONE');
#11=(NAMED_UNIT(*)PLANE_ANGLE_UNIT()SI_UNIT($,.RADIAN.));
#12=(NAMED_UNIT(*)SI_UNIT($,.STERADIAN.)SOLID_ANGLE_UNIT());
#13=MANIFOLD_SOLID_BREP('',#14);
#14=CLOSED_SHELL('',(#53,#54,#55,#56,#57,#58,#59,#60,#61,#62,#63,#64,#65,#66,#67,
#68,#69,#70,#71,#72,#73,#74,#75,#76,#77,#78,#79,#80,#81,#82,#83,#84,#85,#86,#87,
#88,#89,#90,#91,#92,#93,#94,#95,#96,#97,#98,#99,#100,#101,#102,#103,#104,#105,#106,
#107,#108,#109,#110,#111,#112,#113,#114,#115,#116,#117,#118,#119,#120,#121,#122,
#123,#124,#125,#126,#127,#128,#129,#130,#131,#132,#133,#134,#135,#136,#137,#138,
#139));
#15=COLOUR_RGB('',0.564705882352941,0.564705882352941,0.564705882352941);
#16=FILL_AREA_STYLE_COLOUR('',#15);
#17=FILL_AREA_STYLE($,(#16));
#18=SURFACE_STYLE_FILL_AREA(#17);
#19=SURFACE_SIDE_STYLE('',(#18));
#20=SURFACE_STYLE_USAGE(.BOTH.,#19);
#21=PRESENTATION_STYLE_ASSIGNMENT((#20));
#22=MECHANICAL_DESIGN_GEOMETRIC_PRESENTATION_REPRESENTATION('NONE',(#23),#8);
#23=STYLED_ITEM('',(#21),#13);
#24=ADVANCED_BREP_SHAPE_REPRESENTATION('NONE',(#13),#8);
#25=SHAPE_REPRESENTATION_RELATIONSHIP('','',#3,#24);
#26=PRODUCT_DEFINITION_SHAPE('NONE','NONE',#1);
#27=MECHANICAL_CONTEXT('NONE',#32,'mechanical');
#28=PRODUCT_DEFINITION_FORMATION_WITH_SPECIFIED_SOURCE('ANY','UNSPECIFIED',#29,.NOT_KNOWN.);
#29=PRODUCT('','\X2\0414043504420430043B044C\X0\','NONE',(#27));
#30=PRODUCT_RELATED_PRODUCT_CATEGORY('detail','',(#29));
#31=DESIGN_CONTEXT('detailed design',#32,'design');
#32=APPLICATION_CONTEXT('configuration controlled 3d designs of mechanical parts and assemblies');
#33=APPLICATION_PROTOCOL_DEFINITION('international standard','config_control_design',
1994,#32);
#34=CC_DESIGN_DATE_AND_TIME_ASSIGNMENT(#35,#39,(#1));
#35=DATE_AND_TIME(#36,#37);
#36=CALENDAR_DATE(0,1,1);
#37=LOCAL_TIME(0,0,0.,#38);
#38=COORDINATED_UNIVERSAL_TIME_OFFSET(0,0,.AHEAD.);
#39=DATE_TIME_ROLE('creation_date');
#40=CC_DESIGN_APPROVAL(#41,(#1));
#41=APPROVAL(#42,'UNSPECIFIED');
#42=APPROVAL_STATUS('not_yet_approved');
#43=APPROVAL_DATE_TIME(#44,#41);
#44=DATE_AND_TIME(#45,#46);
#45=CALENDAR_DATE(0,1,1);
#46=LOCAL_TIME(0,0,0.,#47);
#47=COORDINATED_UNIVERSAL_TIME_OFFSET(0,0,.AHEAD.);
#48=PERSON('UNSPECIFIED','pr11','UNSPECIFIED',('UNSPECIFIED'),('UNSPECIFIED'),('UNSPECIFIED'));
#49=ORGANIZATION('UNSPECIFIED','UNSPECIFIED','UNSPECIFIED');
#50=PERSON_AND_ORGANIZATION(#48,#49);
#51=PERSON_AND_ORGANIZATION_ROLE('creator');
#52=CC_DESIGN_PERSON_AND_ORGANIZATION_ASSIGNMENT(#50,#51,(#28,#1));
#53=ADVANCED_FACE('',(#140,#142),#144,.T.);
#54=ADVANCED_FACE('',(#149,#151),#153,.T.);
#55=ADVANCED_FACE('',(#158),#160,.F.);
#56=ADVANCED_FACE('',(#165),#167,.T.);
#57=ADVANCED_FACE('',(#172),#174,.T.);
#58=ADVANCED_FACE('',(#179),#181,.T.);
#59=ADVANCED_FACE('',(#186),#188,.T.);
#60=ADVANCED_FACE('',(#193,#195,#197,#199,#201,#203,#205),#207,.T.);
#61=ADVANCED_FACE('',(#212),#214,.F.);
#62=ADVANCED_FACE('',(#219),#221,.F.);
#63=ADVANCED_FACE('',(#261),#263,.T.);
#64=ADVANCED_FACE('',(#268),#270,.T.);
#65=ADVANCED_FACE('',(#275),#277,.T.);
#66=ADVANCED_FACE('',(#282),#284,.T.);
#67=ADVANCED_FACE('',(#289),#291,.T.);
#68=ADVANCED_FACE('',(#296,#298),#300,.T.);
#69=ADVANCED_FACE('',(#305),#307,.T.);
#70=ADVANCED_FACE('',(#347),#349,.F.);
#71=ADVANCED_FACE('',(#354),#356,.F.);
#72=ADVANCED_FACE('',(#361),#363,.F.);
#73=ADVANCED_FACE('',(#368),#370,.F.);
#74=ADVANCED_FACE('',(#375,#377),#379,.F.);
#75=ADVANCED_FACE('',(#384,#386),#388,.F.);
#76=ADVANCED_FACE('',(#393,#395),#397,.F.);
#77=ADVANCED_FACE('',(#402),#404,.T.);
#78=ADVANCED_FACE('',(#409,#411,#413),#415,.T.);
#79=ADVANCED_FACE('',(#420),#422,.T.);
#80=ADVANCED_FACE('',(#427,#429,#431),#433,.T.);
#81=ADVANCED_FACE('',(#438),#440,.T.);
#82=ADVANCED_FACE('',(#445,#447,#449),#451,.T.);
#83=ADVANCED_FACE('',(#456),#458,.T.);
#84=ADVANCED_FACE('',(#463,#465,#467),#469,.T.);
#85=ADVANCED_FACE('',(#474),#476,.T.);
#86=ADVANCED_FACE('',(#481),#483,.T.);
#87=ADVANCED_FACE('',(#488),#490,.T.);
#88=ADVANCED_FACE('',(#495),#497,.T.);
#89=ADVANCED_FACE('',(#502),#504,.T.);
#90=ADVANCED_FACE('',(#509,#511,#513,#515),#517,.F.);
#91=ADVANCED_FACE('',(#522),#524,.T.);
#92=ADVANCED_FACE('',(#529),#531,.T.);
#93=ADVANCED_FACE('',(#536,#538),#540,.F.);
#94=ADVANCED_FACE('',(#545,#547),#549,.F.);
#95=ADVANCED_FACE('',(#554),#556,.T.);
#96=ADVANCED_FACE('',(#561,#563),#565,.F.);
#97=ADVANCED_FACE('',(#570,#572),#574,.F.);
#98=ADVANCED_FACE('',(#579),#581,.T.);
#99=ADVANCED_FACE('',(#586),#588,.T.);
#100=ADVANCED_FACE('',(#593),#595,.F.);
#101=ADVANCED_FACE('',(#600),#602,.F.);
#102=ADVANCED_FACE('',(#607),#609,.F.);
#103=ADVANCED_FACE('',(#614),#616,.F.);
#104=ADVANCED_FACE('',(#621),#623,.F.);
#105=ADVANCED_FACE('',(#628),#630,.F.);
#106=ADVANCED_FACE('',(#635),#637,.F.);
#107=ADVANCED_FACE('',(#642),#644,.F.);
#108=ADVANCED_FACE('',(#649),#651,.T.);
#109=ADVANCED_FACE('',(#656),#658,.T.);
#110=ADVANCED_FACE('',(#663),#665,.T.);
#111=ADVANCED_FACE('',(#670),#672,.T.);
#112=ADVANCED_FACE('',(#677),#679,.T.);
#113=ADVANCED_FACE('',(#684),#686,.T.);
#114=ADVANCED_FACE('',(#691),#693,.T.);
#115=ADVANCED_FACE('',(#698),#700,.T.);
#116=ADVANCED_FACE('',(#705),#707,.F.);
#117=ADVANCED_FACE('',(#765),#767,.T.);
#118=ADVANCED_FACE('',(#772),#774,.T.);
#119=ADVANCED_FACE('',(#779),#781,.F.);
#120=ADVANCED_FACE('',(#839),#841,.T.);
#121=ADVANCED_FACE('',(#846),#848,.T.);
#122=ADVANCED_FACE('',(#853),#855,.F.);
#123=ADVANCED_FACE('',(#913),#915,.T.);
#124=ADVANCED_FACE('',(#920),#922,.T.);
#125=ADVANCED_FACE('',(#927),#929,.F.);
#126=ADVANCED_FACE('',(#987),#989,.T.);
#127=ADVANCED_FACE('',(#994),#996,.T.);
#128=ADVANCED_FACE('',(#1001),#1003,.F.);
#129=ADVANCED_FACE('',(#1061),#1063,.T.);
#130=ADVANCED_FACE('',(#1068),#1070,.T.);
#131=ADVANCED_FACE('',(#1075),#1077,.F.);
#132=ADVANCED_FACE('',(#1135),#1137,.T.);
#133=ADVANCED_FACE('',(#1142),#1144,.T.);
#134=ADVANCED_FACE('',(#1149),#1151,.F.);
#135=ADVANCED_FACE('',(#1209),#1211,.T.);
#136=ADVANCED_FACE('',(#1216),#1218,.T.);
#137=ADVANCED_FACE('',(#1223),#1225,.F.);
#138=ADVANCED_FACE('',(#1283),#1285,.T.);
#139=ADVANCED_FACE('',(#1290),#1292,.T.);
#140=FACE_BOUND('',#141,.T.);
#141=EDGE_LOOP('',(#1297,#1298,#1299,#1300));
#142=FACE_BOUND('',#143,.T.);
#143=EDGE_LOOP('',(#1301));
#144=PLANE('',#145);
#145=AXIS2_PLACEMENT_3D('',#146,#147,#148);
#146=CARTESIAN_POINT('',(4.6383497517706E-15,24.64,25.25));
#147=DIRECTION('',(2.30695693428604E-16,0.,1.));
#148=DIRECTION('',(0.,-1.,0.));
#149=FACE_OUTER_BOUND('',#150,.T.);
#150=EDGE_LOOP('',(#1302));
#151=FACE_OUTER_BOUND('',#152,.T.);
#152=EDGE_LOOP('',(#1303));
#153=CYLINDRICAL_SURFACE('',#154,2.);
#154=AXIS2_PLACEMENT_3D('',#155,#156,#157);
#155=CARTESIAN_POINT('',(19.9,10.,24.25));
#156=DIRECTION('',(0.,0.,1.));
#157=DIRECTION('',(6.12323399573677E-17,-1.,0.));
#158=FACE_BOUND('',#159,.T.);
#159=EDGE_LOOP('',(#1304,#1305,#1306,#1307));
#160=CYLINDRICAL_SURFACE('',#161,1.);
#161=AXIS2_PLACEMENT_3D('',#162,#163,#164);
#162=CARTESIAN_POINT('',(1.,35.994773402436,26.25));
#163=DIRECTION('',(0.,1.,0.));
#164=DIRECTION('',(-2.22044604925031E-16,0.,-1.));
#165=FACE_BOUND('',#166,.T.);
#166=EDGE_LOOP('',(#1308,#1309,#1310,#1311));
#167=CYLINDRICAL_SURFACE('',#168,1.);
#168=AXIS2_PLACEMENT_3D('',#169,#170,#171);
#169=CARTESIAN_POINT('',(-4.,5.64,24.25));
#170=DIRECTION('',(-1.,0.,2.89623397728302E-16));
#171=DIRECTION('',(0.,-1.,0.));
#172=FACE_BOUND('',#173,.T.);
#173=EDGE_LOOP('',(#1312,#1313,#1314,#1315));
#174=CYLINDRICAL_SURFACE('',#175,1.);
#175=AXIS2_PLACEMENT_3D('',#176,#177,#178);
#176=CARTESIAN_POINT('',(28.8,27.8827560832394,24.25));
#177=DIRECTION('',(0.,1.,0.));
#178=DIRECTION('',(3.5527136788005E-15,-7.88860905221012E-31,1.));
#179=FACE_BOUND('',#180,.T.);
#180=EDGE_LOOP('',(#1316,#1317,#1318,#1319));
#181=CYLINDRICAL_SURFACE('',#182,1.);
#182=AXIS2_PLACEMENT_3D('',#183,#184,#185);
#183=CARTESIAN_POINT('',(32.6501847497341,22.79828506338,24.25));
#184=DIRECTION('',(-0.96254618743353,0.271117754964843,1.85994707416144E-16));
#185=DIRECTION('',(7.01311776648289E-16,1.80382973982032E-15,1.));
#186=FACE_BOUND('',#187,.T.);
#187=EDGE_LOOP('',(#1320));
#188=PLANE('',#189);
#189=AXIS2_PLACEMENT_3D('',#190,#191,#192);
#190=CARTESIAN_POINT('',(0.,0.,30.85));
#191=DIRECTION('',(0.,0.,1.));
#192=DIRECTION('',(6.12323399573677E-17,-1.,0.));
#193=FACE_BOUND('',#194,.T.);
#194=EDGE_LOOP('',(#1321));
#195=FACE_BOUND('',#196,.T.);
#196=EDGE_LOOP('',(#1322,#1323,#1324,#1325));
#197=FACE_BOUND('',#198,.T.);
#198=EDGE_LOOP('',(#1326,#1327,#1328,#1329,#1330,#1331,#1332,#1333));
#199=FACE_BOUND('',#200,.T.);
#200=EDGE_LOOP('',(#1334));
#201=FACE_BOUND('',#202,.T.);
#202=EDGE_LOOP('',(#1335));
#203=FACE_BOUND('',#204,.T.);
#204=EDGE_LOOP('',(#1336));
#205=FACE_BOUND('',#206,.T.);
#206=EDGE_LOOP('',(#1337,#1338,#1339,#1340));
#207=PLANE('',#208);
#208=AXIS2_PLACEMENT_3D('',#209,#210,#211);
#209=CARTESIAN_POINT('',(0.,0.,0.));
#210=DIRECTION('',(1.,0.,-1.83697019872103E-16));
#211=DIRECTION('',(-1.83697019872103E-16,1.22464679914735E-16,-1.));
#212=FACE_BOUND('',#213,.T.);
#213=EDGE_LOOP('',(#1341,#1342,#1343,#1344));
#214=TOROIDAL_SURFACE('',#215,2.,1.);
#215=AXIS2_PLACEMENT_3D('',#216,#217,#218);
#216=CARTESIAN_POINT('',(1.,5.64,24.25));
#217=DIRECTION('',(-1.,0.,1.83697019872103E-16));
#218=DIRECTION('',(-1.83697019872103E-16,0.,-1.));
#219=FACE_BOUND('',#220,.T.);
#220=EDGE_LOOP('',(#1345,#1346,#1347,#1348));
#221=(BOUNDED_SURFACE()B_SPLINE_SURFACE(3,2,(
(#222,#223,#224),
(#225,#226,#227),
(#228,#229,#230),
(#231,#232,#233),
(#234,#235,#236),
(#237,#238,#239),
(#240,#241,#242),
(#243,#244,#245),
(#246,#247,#248),
(#249,#250,#251),
(#252,#253,#254),
(#255,#256,#257),
(#258,#259,#260)),
.UNSPECIFIED.,.F.,.F.,.F.)B_SPLINE_SURFACE_WITH_KNOTS((4,1,1,1,1,1,1,1,1,1,4),
(3,3),
(0.971918947528576,1.29396902259832,1.42774728489079,1.56152554718326,1.69869184179972,
1.83981017764377,1.9788003174734,2.11805001575348,2.25770896632263,2.39417167735775,
2.5427296823232),
(0.,1.),
.UNSPECIFIED.)GEOMETRIC_REPRESENTATION_ITEM()RATIONAL_B_SPLINE_SURFACE((
(1.,0.707106098344468,1.),
(1.,0.71740079449775,1.),
(1.,0.731628994233248,1.),
(1.,0.748258498989074,1.),
(1.,0.758792835781383,1.),
(1.,0.768456620990958,1.),
(1.,0.776996561616791,1.),
(1.,0.784193729850925,1.),
(1.,0.789895138778973,1.),
(1.,0.794019479822776,1.),
(1.,0.796618761583947,1.),
(1.,0.797219556456174,1.),
(1.,0.797219466319548,1.)))REPRESENTATION_ITEM('')SURFACE());
#222=CARTESIAN_POINT('',(4.82204677163338E-15,31.7130913325747,26.2499999999493));
#223=CARTESIAN_POINT('',(-1.11022302462516E-15,31.7130981895016,25.2499980686028));
#224=CARTESIAN_POINT('',(1.00000193136812,31.7130981894884,25.2499999999746));
#225=CARTESIAN_POINT('',(4.82207688349435E-15,31.9324244371043,26.2501639212855));
#226=CARTESIAN_POINT('',(-2.44077965255767E-15,31.830901107959,25.2789053784393));
#227=CARTESIAN_POINT('',(0.971382979257376,31.830825763808,25.2500819606428));
#228=CARTESIAN_POINT('',(4.81312056904447E-15,32.2480414181279,26.2014080162844));
#229=CARTESIAN_POINT('',(-2.21182646117647E-16,32.0127012684025,25.2919528598079));
#230=CARTESIAN_POINT('',(0.930200745118027,32.0002339417011,25.2257040081422));
#231=CARTESIAN_POINT('',(4.78580032214921E-15,32.6279667124677,26.0526835192061));
#232=CARTESIAN_POINT('',(2.51591682248329E-16,32.2492882093833,25.2478036624663));
#233=CARTESIAN_POINT('',(0.880627454174608,32.2041597622982,25.1513417596031));
#234=CARTESIAN_POINT('',(4.76056333556789E-15,32.8753706220738,25.9152997630685));
#235=CARTESIAN_POINT('',(-3.58557723815417E-15,32.4055109595218,25.1937150036583));
#236=CARTESIAN_POINT('',(0.84834577623906,32.3369544091327,25.0826498815342));
#237=CARTESIAN_POINT('',(4.72962752887739E-15,33.1010800318876,25.7468930751862));
#238=CARTESIAN_POINT('',(4.23978457556769E-15,32.5549811496214,25.1147527236762));
#239=CARTESIAN_POINT('',(0.818894833098237,32.4581044807349,24.9984465375931));
#240=CARTESIAN_POINT('',(4.693057255893E-15,33.3029077958268,25.5478137814129));
#241=CARTESIAN_POINT('',(-3.95509661367278E-15,32.6919442136914,25.0116716458438));
#242=CARTESIAN_POINT('',(0.792560007248838,32.5664360211554,24.8989068907065));
#243=CARTESIAN_POINT('',(4.65168846098624E-15,33.4748341371872,25.3226125509545));
#244=CARTESIAN_POINT('',(-1.64853058377228E-15,32.8108074788173,24.8873090822245));
#245=CARTESIAN_POINT('',(0.770126769272651,32.6587179006894,24.7863062754772));
#246=CARTESIAN_POINT('',(4.6065628427485E-15,33.6123359575533,25.0769601268206));
#247=CARTESIAN_POINT('',(-1.46907310160393E-15,32.9071377968614,24.7460696334271));
#248=CARTESIAN_POINT('',(0.752185300652874,32.732522335323,24.6634800634103));
#249=CARTESIAN_POINT('',(4.55916585945129E-15,33.7117990851779,24.8189429672052));
#250=CARTESIAN_POINT('',(-4.79028188013207E-16,32.978016090186,24.5921881721011));
#251=CARTESIAN_POINT('',(0.739207184593388,32.7859094096299,24.5344714836026));
#252=CARTESIAN_POINT('',(4.50830245638168E-15,33.775838006497,24.542055497256));
#253=CARTESIAN_POINT('',(-1.30674064631387E-15,33.0231744868855,24.4254729220989));
#254=CARTESIAN_POINT('',(0.730851278509873,32.8202824555279,24.396027748628));
#255=CARTESIAN_POINT('',(4.47326727444815E-15,33.7909315986918,24.3513328499429));
#256=CARTESIAN_POINT('',(-1.41675224961489E-14,33.0336884049324,24.3100727325529));
#257=CARTESIAN_POINT('',(0.728881841232566,32.8283839776428,24.3006664249715));
#258=CARTESIAN_POINT('',(4.45465005569911E-15,33.7909285039298,24.2499854314491));
#259=CARTESIAN_POINT('',(1.77635683940025E-15,33.033684587185,24.2499911620554));
#260=CARTESIAN_POINT('',(0.72888224504235,32.8283823165218,24.2499927157245));
#261=FACE_BOUND('',#262,.T.);
#262=EDGE_LOOP('',(#1349,#1350,#1351,#1352));
#263=PLANE('',#264);
#264=AXIS2_PLACEMENT_3D('',#265,#266,#267);
#265=CARTESIAN_POINT('',(4.6383497517706E-15,4.64,25.25));
#266=DIRECTION('',(0.,-1.,0.));
#267=DIRECTION('',(-1.83697019872103E-16,0.,-1.));
#268=FACE_BOUND('',#269,.T.);
#269=EDGE_LOOP('',(#1353,#1354,#1355));
#270=SPHERICAL_SURFACE('',#271,1.);
#271=AXIS2_PLACEMENT_3D('',#272,#273,#274);
#272=CARTESIAN_POINT('',(28.8,5.64,24.25));
#273=DIRECTION('',(2.30695693428604E-16,0.,1.));
#274=DIRECTION('',(-2.30695693428604E-16,-1.,5.32205029665044E-32));
#275=FACE_BOUND('',#276,.T.);
#276=EDGE_LOOP('',(#1356,#1357,#1358,#1359));
#277=PLANE('',#278);
#278=AXIS2_PLACEMENT_3D('',#279,#280,#281);
#279=CARTESIAN_POINT('',(29.8,0.,-5.47417119218867E-15));
#280=DIRECTION('',(1.,0.,-1.83697019872103E-16));
#281=DIRECTION('',(-1.83697019872103E-16,-1.22464679914735E-16,-1.));
#282=FACE_BOUND('',#283,.T.);
#283=EDGE_LOOP('',(#1360,#1361,#1362));
#284=SPHERICAL_SURFACE('',#285,1.);
#285=AXIS2_PLACEMENT_3D('',#286,#287,#288);
#286=CARTESIAN_POINT('',(28.8,23.8827560832394,24.25));
#287=DIRECTION('',(2.30695693428604E-16,0.,1.));
#288=DIRECTION('',(1.,0.,-2.30695693428604E-16));
#289=FACE_BOUND('',#290,.T.);
#290=EDGE_LOOP('',(#1363,#1364,#1365,#1366));
#291=PLANE('',#292);
#292=AXIS2_PLACEMENT_3D('',#293,#294,#295);
#293=CARTESIAN_POINT('',(29.8,24.64,14.25));
#294=DIRECTION('',(0.271117754964843,0.96254618743353,-8.75639778753889E-17));
#295=DIRECTION('',(-0.96254618743353,0.271117754964843,2.29506778964589E-16));
#296=FACE_OUTER_BOUND('',#297,.T.);
#297=EDGE_LOOP('',(#1367));
#298=FACE_OUTER_BOUND('',#299,.T.);
#299=EDGE_LOOP('',(#1368));
#300=CYLINDRICAL_SURFACE('',#301,45.);
#301=AXIS2_PLACEMENT_3D('',#302,#303,#304);
#302=CARTESIAN_POINT('',(-4.,0.,2.44929359829471E-16));
#303=DIRECTION('',(1.,0.,-6.12323399573677E-17));
#304=DIRECTION('',(-6.12323399573677E-17,1.22464679914735E-16,-1.));
#305=FACE_BOUND('',#306,.T.);
#306=EDGE_LOOP('',(#1369,#1370,#1371,#1372));
#307=(BOUNDED_SURFACE()B_SPLINE_SURFACE(3,2,(
(#308,#309,#310),
(#311,#312,#313),
(#314,#315,#316),
(#317,#318,#319),
(#320,#321,#322),
(#323,#324,#325),
(#326,#327,#328),
(#329,#330,#331),
(#332,#333,#334),
(#335,#336,#337),
(#338,#339,#340),
(#341,#342,#343),
(#344,#345,#346)),
.UNSPECIFIED.,.F.,.F.,.F.)B_SPLINE_SURFACE_WITH_KNOTS((4,1,1,1,1,1,1,1,1,1,4),
(3,3),
(0.971918947528576,1.29396902259542,1.42774728488806,1.5615255471807,1.69869184179728,
1.83981017764148,1.97880031747078,2.11805001575154,2.25770896632001,2.39417167735563,
2.5427296823232),
(0.,1.),
.UNSPECIFIED.)GEOMETRIC_REPRESENTATION_ITEM()RATIONAL_B_SPLINE_SURFACE((
(1.,0.707106098344468,1.),
(1.,0.717400794497657,1.),
(1.,0.731628994233074,1.),
(1.,0.748258498988852,1.),
(1.,0.758792835781192,1.),
(1.,0.768456620990798,1.),
(1.,0.776996561616653,1.),
(1.,0.78419372985082,1.),
(1.,0.789895138778888,1.),
(1.,0.794019479822722,1.),
(1.,0.796618761583932,1.),
(1.,0.797219556456174,1.),
(1.,0.797219466319548,1.)))REPRESENTATION_ITEM('')SURFACE());
#308=CARTESIAN_POINT('',(2.61768253318679E-15,31.7130913325747,14.2500000000507));
#309=CARTESIAN_POINT('',(2.44249065417534E-15,31.7130981895016,15.2500019313972));
#310=CARTESIAN_POINT('',(1.00000193136813,31.7130981894883,15.2500000000254));
#311=CARTESIAN_POINT('',(2.61765242132582E-15,31.9324244371026,14.2498360787145));
#312=CARTESIAN_POINT('',(3.04159138258666E-15,31.830901107958,15.221094621561));
#313=CARTESIAN_POINT('',(0.971382979257615,31.8308257638071,15.2499180393572));
#314=CARTESIAN_POINT('',(2.62660873577557E-15,32.2480414181243,14.2985919837149));
#315=CARTESIAN_POINT('',(1.86302761257685E-15,32.0127012684002,15.2080471401922));
#316=CARTESIAN_POINT('',(0.930200745118505,32.0002339416992,15.2742959918575));
#317=CARTESIAN_POINT('',(2.65392898267053E-15,32.6279667124628,14.4473164807916));
#318=CARTESIAN_POINT('',(3.0894330051967E-15,32.2492882093801,15.2521963375329));
#319=CARTESIAN_POINT('',(0.880627454175252,32.2041597622955,15.3486582403958));
#320=CARTESIAN_POINT('',(2.67916596925175E-15,32.8753706220694,14.5847002369287));
#321=CARTESIAN_POINT('',(2.69101759846282E-15,32.4055109595189,15.3062849963404));
#322=CARTESIAN_POINT('',(0.848345776239654,32.3369544091303,15.4173501184643));
#323=CARTESIAN_POINT('',(2.71010177594217E-15,33.1010800318838,14.7531069248105));
#324=CARTESIAN_POINT('',(2.79636282516405E-15,32.5549811496188,15.3852472763222));
#325=CARTESIAN_POINT('',(0.81889483309874,32.4581044807328,15.5015534624052));
#326=CARTESIAN_POINT('',(2.7466720489265E-15,33.3029077958235,14.9521862185834));
#327=CARTESIAN_POINT('',(2.77968356299267E-15,32.6919442136891,15.4883283541542));
#328=CARTESIAN_POINT('',(0.792560007249271,32.5664360211537,15.6010931092917));
#329=CARTESIAN_POINT('',(2.78804084383319E-15,33.4748341371846,15.1773874490415));
#330=CARTESIAN_POINT('',(2.73964103922231E-15,32.8108074788155,15.6126909177733));
#331=CARTESIAN_POINT('',(0.770126769273006,32.658717900688,15.7136937245208));
#332=CARTESIAN_POINT('',(2.8331664620709E-15,33.6123359575513,15.4230398731752));
#333=CARTESIAN_POINT('',(2.91479485662569E-15,32.90713779686,15.7539303665703));
#334=CARTESIAN_POINT('',(0.75218530065314,32.732522335322,15.8365199365876));
#335=CARTESIAN_POINT('',(2.88056344536796E-15,33.7117990851763,15.6810570327898));
#336=CARTESIAN_POINT('',(2.92010499642514E-15,32.978016090185,15.9078118278964));
#337=CARTESIAN_POINT('',(0.739207184593604,32.7859094096291,15.9655285163949));
#338=CARTESIAN_POINT('',(2.93142684843782E-15,33.7758380064965,15.9579445027404));
#339=CARTESIAN_POINT('',(1.39421142568919E-15,33.0231744868852,16.0745270778991));
#340=CARTESIAN_POINT('',(0.730851278509936,32.8202824555277,16.1039722513702));
#341=CARTESIAN_POINT('',(2.96646203037162E-15,33.7909315986918,16.1486671500549));
#342=CARTESIAN_POINT('',(3.78553005761928E-15,33.0336884049323,16.1899272674463));
#343=CARTESIAN_POINT('',(0.728881841232605,32.8283839776427,16.1993335750275));
#344=CARTESIAN_POINT('',(2.98507924912106E-15,33.7909285039298,16.2500145685509));
#345=CARTESIAN_POINT('',(2.44249065417534E-15,33.033684587185,16.2500088379446));
#346=CARTESIAN_POINT('',(0.728882245042352,32.8283823165218,16.2500072842755));
#347=FACE_BOUND('',#348,.T.);
#348=EDGE_LOOP('',(#1373,#1374,#1375,#1376));
#349=CYLINDRICAL_SURFACE('',#350,1.);
#350=AXIS2_PLACEMENT_3D('',#351,#352,#353);
#351=CARTESIAN_POINT('',(1.,1.64,14.25));
#352=DIRECTION('',(0.,-1.,1.03412519628163E-16));
#353=DIRECTION('',(2.22044604925031E-16,1.03412519628163E-16,1.));
#354=FACE_BOUND('',#355,.T.);
#355=EDGE_LOOP('',(#1377,#1378,#1379,#1380));
#356=TOROIDAL_SURFACE('',#357,2.,1.);
#357=AXIS2_PLACEMENT_3D('',#358,#359,#360);
#358=CARTESIAN_POINT('',(1.,5.64,16.25));
#359=DIRECTION('',(-1.,0.,1.83697019872103E-16));
#360=DIRECTION('',(-3.37445951098918E-32,1.,-1.83697019872103E-16));
#361=FACE_BOUND('',#362,.T.);
#362=EDGE_LOOP('',(#1381,#1382,#1383,#1384));
#363=CYLINDRICAL_SURFACE('',#364,1.);
#364=AXIS2_PLACEMENT_3D('',#365,#366,#367);
#365=CARTESIAN_POINT('',(1.00000000000001,3.64,28.25));
#366=DIRECTION('',(1.80411241501588E-16,0.,1.));
#367=DIRECTION('',(0.,1.,0.));
#368=FACE_BOUND('',#369,.T.);
#369=EDGE_LOOP('',(#1385,#1386,#1387,#1388));
#370=CYLINDRICAL_SURFACE('',#371,1.);
#371=AXIS2_PLACEMENT_3D('',#372,#373,#374);
#372=CARTESIAN_POINT('',(1.,33.7909285039849,12.25));
#373=DIRECTION('',(-2.08166817117217E-16,0.,-1.));
#374=DIRECTION('',(-0.271117754964844,-0.962546187433529,5.64377201149972E-17));
#375=FACE_OUTER_BOUND('',#376,.T.);
#376=EDGE_LOOP('',(#1389));
#377=FACE_OUTER_BOUND('',#378,.T.);
#378=EDGE_LOOP('',(#1390));
#379=CYLINDRICAL_SURFACE('',#380,1.55);
#380=AXIS2_PLACEMENT_3D('',#381,#382,#383);
#381=CARTESIAN_POINT('',(-5.00000000000001,-2.20436423846524E-15,-18.));
#382=DIRECTION('',(1.,0.,-1.83697019872103E-16));
#383=DIRECTION('',(-1.83697019872103E-16,-1.22464679914735E-16,-1.));
#384=FACE_OUTER_BOUND('',#385,.T.);
#385=EDGE_LOOP('',(#1391));
#386=FACE_OUTER_BOUND('',#387,.T.);
#387=EDGE_LOOP('',(#1392));
#388=CYLINDRICAL_SURFACE('',#389,1.55);
#389=AXIS2_PLACEMENT_3D('',#390,#391,#392);
#390=CARTESIAN_POINT('',(-5.00000000000001,-3.58487730037066E-15,18.));
#391=DIRECTION('',(1.,0.,-1.83697019872103E-16));
#392=DIRECTION('',(1.83697019872103E-16,-1.99159850020592E-16,1.));
#393=FACE_OUTER_BOUND('',#394,.T.);
#394=EDGE_LOOP('',(#1393));
#395=FACE_OUTER_BOUND('',#396,.T.);
#396=EDGE_LOOP('',(#1394));
#397=CYLINDRICAL_SURFACE('',#398,4.);
#398=AXIS2_PLACEMENT_3D('',#399,#400,#401);
#399=CARTESIAN_POINT('',(-5.00000000000001,0.,9.18485099360517E-16));
#400=DIRECTION('',(1.,0.,-1.83697019872103E-16));
#401=DIRECTION('',(-1.83697019872103E-16,-1.22464679914735E-16,-1.));
#402=FACE_BOUND('',#403,.T.);
#403=EDGE_LOOP('',(#1395,#1396,#1397,#1398));
#404=PLANE('',#405);
#405=AXIS2_PLACEMENT_3D('',#406,#407,#408);
#406=CARTESIAN_POINT('',(-5.97015314584334E-16,-28.,-3.25));
#407=DIRECTION('',(5.08259375175954E-32,-1.,2.8421709430404E-16));
#408=DIRECTION('',(-1.83697019872103E-16,-2.8421709430404E-16,-1.));
#409=FACE_BOUND('',#410,.T.);
#410=EDGE_LOOP('',(#1399,#1400,#1401,#1402));
#411=FACE_BOUND('',#412,.T.);
#412=EDGE_LOOP('',(#1403));
#413=FACE_BOUND('',#414,.T.);
#414=EDGE_LOOP('',(#1404));
#415=PLANE('',#416);
#416=AXIS2_PLACEMENT_3D('',#417,#418,#419);
#417=CARTESIAN_POINT('',(-5.97015314584335E-16,-20.5,-3.25));
#418=DIRECTION('',(1.7882786973828E-16,3.5527136788005E-16,1.));
#419=DIRECTION('',(6.57384087684176E-32,-1.,3.5527136788005E-16));
#420=FACE_BOUND('',#421,.T.);
#421=EDGE_LOOP('',(#1405,#1406,#1407,#1408));
#422=PLANE('',#423);
#423=AXIS2_PLACEMENT_3D('',#424,#425,#426);
#424=CARTESIAN_POINT('',(-2.89322806298562E-15,-20.5,-15.75));
#425=DIRECTION('',(-5.08259375175954E-32,1.,-2.8421709430404E-16));
#426=DIRECTION('',(1.83697019872103E-16,2.8421709430404E-16,1.));
#427=FACE_BOUND('',#428,.T.);
#428=EDGE_LOOP('',(#1409,#1410,#1411,#1412));
#429=FACE_BOUND('',#430,.T.);
#430=EDGE_LOOP('',(#1413));
#431=FACE_BOUND('',#432,.T.);
#432=EDGE_LOOP('',(#1414));
#433=PLANE('',#434);
#434=AXIS2_PLACEMENT_3D('',#435,#436,#437);
#435=CARTESIAN_POINT('',(-2.89322806298562E-15,-28.,-15.75));
#436=DIRECTION('',(-1.7882786973828E-16,0.,-1.));
#437=DIRECTION('',(0.,1.,0.));
#438=FACE_BOUND('',#439,.T.);
#439=EDGE_LOOP('',(#1415,#1416,#1417,#1418));
#440=PLANE('',#441);
#441=AXIS2_PLACEMENT_3D('',#442,#443,#444);
#442=CARTESIAN_POINT('',(-2.89322806298562E-15,28.,-15.75));
#443=DIRECTION('',(-5.08259375175954E-32,1.,-2.8421709430404E-16));
#444=DIRECTION('',(1.83697019872103E-16,2.8421709430404E-16,1.));
#445=FACE_BOUND('',#446,.T.);
#446=EDGE_LOOP('',(#1419,#1420,#1421,#1422));
#447=FACE_BOUND('',#448,.T.);
#448=EDGE_LOOP('',(#1423));
#449=FACE_BOUND('',#450,.T.);
#450=EDGE_LOOP('',(#1424));
#451=PLANE('',#452);
#452=AXIS2_PLACEMENT_3D('',#453,#454,#455);
#453=CARTESIAN_POINT('',(-2.89322806298562E-15,20.5,-15.75));
#454=DIRECTION('',(-1.7882786973828E-16,-4.736951571734E-16,-1.));
#455=DIRECTION('',(-1.05181454029468E-31,1.,-4.736951571734E-16));
#456=FACE_BOUND('',#457,.T.);
#457=EDGE_LOOP('',(#1425,#1426,#1427,#1428));
#458=PLANE('',#459);
#459=AXIS2_PLACEMENT_3D('',#460,#461,#462);
#460=CARTESIAN_POINT('',(-5.97015314584336E-16,20.5,-3.25000000000001));
#461=DIRECTION('',(5.08259375175954E-32,-1.,2.8421709430404E-16));
#462=DIRECTION('',(-1.83697019872103E-16,-2.8421709430404E-16,-1.));
#463=FACE_BOUND('',#464,.T.);
#464=EDGE_LOOP('',(#1429,#1430,#1431,#1432));
#465=FACE_BOUND('',#466,.T.);
#466=EDGE_LOOP('',(#1433));
#467=FACE_BOUND('',#468,.T.);
#468=EDGE_LOOP('',(#1434));
#469=PLANE('',#470);
#470=AXIS2_PLACEMENT_3D('',#471,#472,#473);
#471=CARTESIAN_POINT('',(-5.97015314584338E-16,28.,-3.25000000000002));
#472=DIRECTION('',(1.7882786973828E-16,1.30266168222685E-15,1.));
#473=DIRECTION('',(2.2351058981262E-31,-1.,1.30266168222685E-15));
#474=FACE_BOUND('',#475,.T.);
#475=EDGE_LOOP('',(#1435,#1436,#1437,#1438));
#476=CYLINDRICAL_SURFACE('',#477,1.);
#477=AXIS2_PLACEMENT_3D('',#478,#479,#480);
#478=CARTESIAN_POINT('',(-4.,5.64,16.25));
#479=DIRECTION('',(-1.,0.,2.89623397728302E-16));
#480=DIRECTION('',(-2.89623397728302E-16,0.,-1.));
#481=FACE_BOUND('',#482,.T.);
#482=EDGE_LOOP('',(#1439,#1440,#1441,#1442));
#483=CYLINDRICAL_SURFACE('',#484,1.);
#484=AXIS2_PLACEMENT_3D('',#485,#486,#487);
#485=CARTESIAN_POINT('',(28.8,5.64,29.25));
#486=DIRECTION('',(3.94745964311167E-16,4.93432455388958E-17,1.));
#487=DIRECTION('',(1.42189743410207E-30,-1.,4.93432455388956E-17));
#488=FACE_BOUND('',#489,.T.);
#489=EDGE_LOOP('',(#1443,#1444,#1445,#1446));
#490=CYLINDRICAL_SURFACE('',#491,1.);
#491=AXIS2_PLACEMENT_3D('',#492,#493,#494);
#492=CARTESIAN_POINT('',(28.8,1.64,16.25));
#493=DIRECTION('',(0.,-1.,-1.35378832449292E-16));
#494=DIRECTION('',(3.55271367880051E-15,1.35378832449292E-16,-1.));
#495=FACE_BOUND('',#496,.T.);
#496=EDGE_LOOP('',(#1447,#1448,#1449,#1450));
#497=CYLINDRICAL_SURFACE('',#498,1.);
#498=AXIS2_PLACEMENT_3D('',#499,#500,#501);
#499=CARTESIAN_POINT('',(28.8,23.8827560832394,11.25));
#500=DIRECTION('',(-1.97372982155583E-16,0.,-1.));
#501=DIRECTION('',(0.271117754964842,0.96254618743353,-5.35113198127375E-17));
#502=FACE_BOUND('',#503,.T.);
#503=EDGE_LOOP('',(#1451,#1452,#1453,#1454));
#504=CYLINDRICAL_SURFACE('',#505,1.);
#505=AXIS2_PLACEMENT_3D('',#506,#507,#508);
#506=CARTESIAN_POINT('',(-4.12130250469897,33.1556094196501,16.25));
#507=DIRECTION('',(-0.96254618743353,0.271117754964843,1.85994707416144E-16));
#508=DIRECTION('',(0.271117754964843,0.96254618743353,3.5527136788005E-15));
#509=FACE_BOUND('',#510,.T.);
#510=EDGE_LOOP('',(#1455));
#511=FACE_BOUND('',#512,.T.);
#512=EDGE_LOOP('',(#1456));
#513=FACE_BOUND('',#514,.T.);
#514=EDGE_LOOP('',(#1457));
#515=FACE_BOUND('',#516,.T.);
#516=EDGE_LOOP('',(#1458));
#517=PLANE('',#518);
#518=AXIS2_PLACEMENT_3D('',#519,#520,#521);
#519=CARTESIAN_POINT('',(-4.,0.,2.44929359829471E-16));
#520=DIRECTION('',(1.,0.,-1.83697019872103E-16));
#521=DIRECTION('',(-1.83697019872103E-16,1.22464679914735E-16,-1.));
#522=FACE_BOUND('',#523,.T.);
#523=EDGE_LOOP('',(#1459,#1460,#1461,#1462));
#524=PLANE('',#525);
#525=AXIS2_PLACEMENT_3D('',#526,#527,#528);
#526=CARTESIAN_POINT('',(2.80137955304957E-15,4.64,15.25));
#527=DIRECTION('',(-1.73021770071453E-16,-8.88178419700125E-17,-1.));
#528=DIRECTION('',(-1.97215226305253E-32,1.,-8.88178419700125E-17));
#529=FACE_BOUND('',#530,.T.);
#530=EDGE_LOOP('',(#1463,#1464,#1465,#1466));
#531=PLANE('',#532);
#532=AXIS2_PLACEMENT_3D('',#533,#534,#535);
#533=CARTESIAN_POINT('',(29.8,0.,-5.47417119218867E-15));
#534=DIRECTION('',(1.,0.,-1.83697019872103E-16));
#535=DIRECTION('',(-1.83697019872103E-16,-1.22464679914735E-16,-1.));
#536=FACE_OUTER_BOUND('',#537,.T.);
#537=EDGE_LOOP('',(#1467));
#538=FACE_OUTER_BOUND('',#539,.T.);
#539=EDGE_LOOP('',(#1468));
#540=CYLINDRICAL_SURFACE('',#541,2.);
#541=AXIS2_PLACEMENT_3D('',#542,#543,#544);
#542=CARTESIAN_POINT('',(14.9,-24.,45.));
#543=DIRECTION('',(-1.7882786973828E-16,0.,-1.));
#544=DIRECTION('',(-6.12323399573677E-17,1.,1.09500489136662E-32));
#545=FACE_OUTER_BOUND('',#546,.T.);
#546=EDGE_LOOP('',(#1469));
#547=FACE_OUTER_BOUND('',#548,.T.);
#548=EDGE_LOOP('',(#1470));
#549=CYLINDRICAL_SURFACE('',#550,2.);
#550=AXIS2_PLACEMENT_3D('',#551,#552,#553);
#551=CARTESIAN_POINT('',(24.9,-24.,45.));
#552=DIRECTION('',(-1.7882786973828E-16,0.,-1.));
#553=DIRECTION('',(-6.12323399573677E-17,1.,1.09500489136662E-32));
#554=FACE_BOUND('',#555,.T.);
#555=EDGE_LOOP('',(#1471,#1472,#1473,#1474));
#556=PLANE('',#557);
#557=AXIS2_PLACEMENT_3D('',#558,#559,#560);
#558=CARTESIAN_POINT('',(29.8,0.,-5.47417119218867E-15));
#559=DIRECTION('',(1.,0.,-1.83697019872103E-16));
#560=DIRECTION('',(-1.83697019872103E-16,-1.22464679914735E-16,-1.));
#561=FACE_OUTER_BOUND('',#562,.T.);
#562=EDGE_LOOP('',(#1475));
#563=FACE_OUTER_BOUND('',#564,.T.);
#564=EDGE_LOOP('',(#1476));
#565=CYLINDRICAL_SURFACE('',#566,2.);
#566=AXIS2_PLACEMENT_3D('',#567,#568,#569);
#567=CARTESIAN_POINT('',(14.9,24.,45.));
#568=DIRECTION('',(-1.7882786973828E-16,0.,-1.));
#569=DIRECTION('',(-6.12323399573677E-17,1.,1.09500489136662E-32));
#570=FACE_OUTER_BOUND('',#571,.T.);
#571=EDGE_LOOP('',(#1477));
#572=FACE_OUTER_BOUND('',#573,.T.);
#573=EDGE_LOOP('',(#1478));
#574=CYLINDRICAL_SURFACE('',#575,2.);
#575=AXIS2_PLACEMENT_3D('',#576,#577,#578);
#576=CARTESIAN_POINT('',(24.9,24.,45.));
#577=DIRECTION('',(-1.7882786973828E-16,0.,-1.));
#578=DIRECTION('',(-6.12323399573677E-17,1.,1.09500489136662E-32));
#579=FACE_BOUND('',#580,.T.);
#580=EDGE_LOOP('',(#1479,#1480,#1481));
#581=SPHERICAL_SURFACE('',#582,1.);
#582=AXIS2_PLACEMENT_3D('',#583,#584,#585);
#583=CARTESIAN_POINT('',(28.8,5.64,16.25));
#584=DIRECTION('',(-1.73021770071453E-16,-8.88178419700125E-17,-1.));
#585=DIRECTION('',(1.,8.88178419700125E-17,-1.73021770071453E-16));
#586=FACE_BOUND('',#587,.T.);
#587=EDGE_LOOP('',(#1482,#1483,#1484));
#588=SPHERICAL_SURFACE('',#589,1.);
#589=AXIS2_PLACEMENT_3D('',#590,#591,#592);
#590=CARTESIAN_POINT('',(28.8,23.8827560832394,16.25));
#591=DIRECTION('',(-1.73021770071453E-16,-8.88178419700125E-17,-1.));
#592=DIRECTION('',(0.271117754964841,0.96254618743353,-1.32400549026125E-16));
#593=FACE_BOUND('',#594,.T.);
#594=EDGE_LOOP('',(#1485,#1486,#1487,#1488));
#595=CYLINDRICAL_SURFACE('',#596,1.);
#596=AXIS2_PLACEMENT_3D('',#597,#598,#599);
#597=CARTESIAN_POINT('',(0.999999999999996,-19.5,-19.75));
#598=DIRECTION('',(-1.9496599456832E-16,-1.73303106282951E-16,-1.));
#599=DIRECTION('',(3.37882124782349E-32,-1.,1.73303106282951E-16));
#600=FACE_BOUND('',#601,.T.);
#601=EDGE_LOOP('',(#1489,#1490,#1491,#1492));
#602=CYLINDRICAL_SURFACE('',#603,1.);
#603=AXIS2_PLACEMENT_3D('',#604,#605,#606);
#604=CARTESIAN_POINT('',(1.,-16.5,-2.25));
#605=DIRECTION('',(0.,1.,-3.43811001174242E-16));
#606=DIRECTION('',(-3.33066907387547E-16,-3.43811001174242E-16,-1.));
#607=FACE_BOUND('',#608,.T.);
#608=EDGE_LOOP('',(#1493,#1494,#1495,#1496));
#609=CYLINDRICAL_SURFACE('',#610,1.);
#610=AXIS2_PLACEMENT_3D('',#611,#612,#613);
#611=CARTESIAN_POINT('',(1.,-29.,0.750000000000002));
#612=DIRECTION('',(1.89550272496978E-16,5.19909318848854E-16,1.));
#613=DIRECTION('',(-7.75046453765066E-32,1.,-5.19909318848854E-16));
#614=FACE_BOUND('',#615,.T.);
#615=EDGE_LOOP('',(#1497,#1498,#1499,#1500));
#616=CYLINDRICAL_SURFACE('',#617,1.);
#617=AXIS2_PLACEMENT_3D('',#618,#619,#620);
#618=CARTESIAN_POINT('',(0.999999999999997,-32.,-16.75));
#619=DIRECTION('',(0.,-1.,0.));
#620=DIRECTION('',(1.11022302462516E-16,0.,1.));
#621=FACE_BOUND('',#622,.T.);
#622=EDGE_LOOP('',(#1501,#1502,#1503,#1504));
#623=CYLINDRICAL_SURFACE('',#624,1.);
#624=AXIS2_PLACEMENT_3D('',#625,#626,#627);
#625=CARTESIAN_POINT('',(1.,19.5,0.749999999999994));
#626=DIRECTION('',(1.78718828354294E-16,1.73303106282951E-16,1.));
#627=DIRECTION('',(4.83945751641385E-32,1.,-1.73303106282951E-16));
#628=FACE_BOUND('',#629,.T.);
#629=EDGE_LOOP('',(#1505,#1506,#1507,#1508));
#630=CYLINDRICAL_SURFACE('',#631,1.);
#631=AXIS2_PLACEMENT_3D('',#632,#633,#634);
#632=CARTESIAN_POINT('',(0.999999999999997,16.5,-16.75));
#633=DIRECTION('',(0.,-1.,2.29207334116161E-16));
#634=DIRECTION('',(1.11022302462516E-16,2.29207334116161E-16,1.));
#635=FACE_BOUND('',#636,.T.);
#636=EDGE_LOOP('',(#1509,#1510,#1511,#1512));
#637=CYLINDRICAL_SURFACE('',#638,1.);
#638=AXIS2_PLACEMENT_3D('',#639,#640,#641);
#639=CARTESIAN_POINT('',(0.999999999999996,29.,-19.75));
#640=DIRECTION('',(-1.89550272496978E-16,0.,-1.));
#641=DIRECTION('',(0.,-1.,0.));
#642=FACE_BOUND('',#643,.T.);
#643=EDGE_LOOP('',(#1513,#1514,#1515,#1516));
#644=CYLINDRICAL_SURFACE('',#645,1.);
#645=AXIS2_PLACEMENT_3D('',#646,#647,#648);
#646=CARTESIAN_POINT('',(1.,32.,-2.25000000000002));
#647=DIRECTION('',(0.,1.,-1.31794217116793E-15));
#648=DIRECTION('',(-3.33066907387547E-16,-1.31794217116793E-15,-1.));
#649=FACE_BOUND('',#650,.T.);
#650=EDGE_LOOP('',(#1517,#1518,#1519,#1520));
#651=CYLINDRICAL_SURFACE('',#652,1.);
#652=AXIS2_PLACEMENT_3D('',#653,#654,#655);
#653=CARTESIAN_POINT('',(28.8,-21.5,-19.75));
#654=DIRECTION('',(3.46606212565903E-16,0.,1.));
#655=DIRECTION('',(1.,0.,-3.46606212565902E-16));
#656=FACE_BOUND('',#657,.T.);
#657=EDGE_LOOP('',(#1521,#1522,#1523,#1524));
#658=CYLINDRICAL_SURFACE('',#659,1.);
#659=AXIS2_PLACEMENT_3D('',#660,#661,#662);
#660=CARTESIAN_POINT('',(28.8,-16.5,-4.25000000000001));
#661=DIRECTION('',(0.,-1.,3.43811001174242E-16));
#662=DIRECTION('',(1.,0.,1.22146204679382E-30));
#663=FACE_BOUND('',#664,.T.);
#664=EDGE_LOOP('',(#1525,#1526,#1527,#1528));
#665=CYLINDRICAL_SURFACE('',#666,1.);
#666=AXIS2_PLACEMENT_3D('',#667,#668,#669);
#667=CARTESIAN_POINT('',(28.8,-27.,0.749999999999996));
#668=DIRECTION('',(-3.46606212565902E-16,-1.73303106282951E-16,-1.));
#669=DIRECTION('',(1.,-2.34640364432166E-33,-3.46606212565902E-16));
#670=FACE_BOUND('',#671,.T.);
#671=EDGE_LOOP('',(#1529,#1530,#1531,#1532));
#672=CYLINDRICAL_SURFACE('',#673,1.);
#673=AXIS2_PLACEMENT_3D('',#674,#675,#676);
#674=CARTESIAN_POINT('',(28.8,-32.,-14.75));
#675=DIRECTION('',(0.,1.,0.));
#676=DIRECTION('',(1.,0.,-1.77635683940025E-15));
#677=FACE_BOUND('',#678,.T.);
#678=EDGE_LOOP('',(#1533,#1534,#1535,#1536));
#679=CYLINDRICAL_SURFACE('',#680,1.);
#680=AXIS2_PLACEMENT_3D('',#681,#682,#683);
#681=CARTESIAN_POINT('',(28.8,21.5,0.749999999999988));
#682=DIRECTION('',(0.,-1.73303106282951E-16,-1.));
#683=DIRECTION('',(1.,-3.55271367880049E-15,6.16297582203913E-31));
#684=FACE_BOUND('',#685,.T.);
#685=EDGE_LOOP('',(#1537,#1538,#1539,#1540));
#686=CYLINDRICAL_SURFACE('',#687,1.);
#687=AXIS2_PLACEMENT_3D('',#688,#689,#690);
#688=CARTESIAN_POINT('',(28.8,16.5,-14.75));
#689=DIRECTION('',(0.,1.,-3.43811001174242E-16));
#690=DIRECTION('',(1.,0.,0.));
#691=FACE_BOUND('',#692,.T.);
#692=EDGE_LOOP('',(#1541,#1542,#1543,#1544));
#693=CYLINDRICAL_SURFACE('',#694,1.);
#694=AXIS2_PLACEMENT_3D('',#695,#696,#697);
#695=CARTESIAN_POINT('',(28.8,27.,-19.75));
#696=DIRECTION('',(3.46606212565903E-16,1.73303106282951E-16,1.));
#697=DIRECTION('',(1.,-6.00679332946398E-32,-3.46606212565903E-16));
#698=FACE_BOUND('',#699,.T.);
#699=EDGE_LOOP('',(#1545,#1546,#1547,#1548));
#700=CYLINDRICAL_SURFACE('',#701,1.);
#701=AXIS2_PLACEMENT_3D('',#702,#703,#704);
#702=CARTESIAN_POINT('',(28.8,32.,-4.25000000000003));
#703=DIRECTION('',(0.,-1.,1.31794217116793E-15));
#704=DIRECTION('',(1.,0.,0.));
#705=FACE_BOUND('',#706,.T.);
#706=EDGE_LOOP('',(#1549,#1550,#1551));
#707=(BOUNDED_SURFACE()B_SPLINE_SURFACE(3,2,(
(#708,#709,#710),
(#711,#712,#713),
(#714,#715,#716),
(#717,#718,#719),
(#720,#721,#722),
(#723,#724,#725),
(#726,#727,#728),
(#729,#730,#731),
(#732,#733,#734),
(#735,#736,#737),
(#738,#739,#740),
(#741,#742,#743),
(#744,#745,#746),
(#747,#748,#749),
(#750,#751,#752),
(#753,#754,#755),
(#756,#757,#758),
(#759,#760,#761),
(#762,#763,#764)),
.UNSPECIFIED.,.F.,.F.,.F.)B_SPLINE_SURFACE_WITH_KNOTS((4,1,1,1,1,1,1,1,1,1,1,1,1,
1,1,1,4),
(3,3),
(0.,10.0478817534723,13.7574377174255,17.1887751226141,20.2304539829777,22.9502349175483,
25.4598848908109,27.7048198691685,29.7583605662463,31.5554903508453,33.1670598424192,
34.6424127210513,36.0150864805839,37.3392691499558,38.5703858921666,39.719566744465,
41.0002654175174),
(0.,1.),
.UNSPECIFIED.)GEOMETRIC_REPRESENTATION_ITEM()RATIONAL_B_SPLINE_SURFACE((
(1.,1.,1.),
(1.,0.999982510161483,1.),
(1.,0.990536423539056,1.),
(1.,0.962033682230836,1.),
(1.,0.939908679111183,1.),
(1.,0.915584028101154,1.),
(1.,0.890213948381582,1.),
(1.,0.864502870263621,1.),
(1.,0.83895124552762,1.),
(1.,0.814620431952554,1.),
(1.,0.792039281471658,1.),
(1.,0.771707774722389,1.),
(1.,0.753630393546376,1.),
(1.,0.737793662631886,1.),
(1.,0.724744353985584,1.),
(1.,0.715005790042691,1.),
(1.,0.708642755308762,1.),
(1.,0.707105546095466,1.),
(1.,0.707106781289581,1.)))REPRESENTATION_ITEM('')SURFACE());
#708=CARTESIAN_POINT('',(-4.44089209850063E-16,-29.,-2.25));
#709=CARTESIAN_POINT('',(-4.44089209850063E-16,-29.,-2.25));
#710=CARTESIAN_POINT('',(-4.44089209850063E-16,-29.,-2.25));
#711=CARTESIAN_POINT('',(0.000126201811860081,-28.8134692930053,-2.34326535349733));
#712=CARTESIAN_POINT('',(-0.00029963739469789,-28.8556846063465,-2.39431539365353));
#713=CARTESIAN_POINT('',(0.000126201811859803,-28.9067346465027,-2.43653070699466));
#714=CARTESIAN_POINT('',(0.0179703035795972,-28.5515601418823,-2.47421992905884));
#715=CARTESIAN_POINT('',(0.0392394370408659,-28.6544938474219,-2.5955061525781));
#716=CARTESIAN_POINT('',(0.0179703035795973,-28.7757800709412,-2.69843985811768));
#717=CARTESIAN_POINT('',(0.0750981254307744,-28.2285991174417,-2.63570044127915));
#718=CARTESIAN_POINT('',(0.152369924819554,-28.427785401477,-2.822214598523));
#719=CARTESIAN_POINT('',(0.0750981254307744,-28.6142995587208,-3.02140088255831));
#720=CARTESIAN_POINT('',(0.122343151383834,-28.0340690572457,-2.73296547137717));
#721=CARTESIAN_POINT('',(0.240722561158625,-28.3010105433255,-2.9489894566745));
#722=CARTESIAN_POINT('',(0.122343151383834,-28.5170345286228,-3.21593094275434));
#723=CARTESIAN_POINT('',(0.17510980720031,-27.8638515124927,-2.81807424375363));
#724=CARTESIAN_POINT('',(0.337174486321297,-28.1967913625644,-3.05320863743556));
#725=CARTESIAN_POINT('',(0.17510980720031,-28.4319257562464,-3.38614848750726));
#726=CARTESIAN_POINT('',(0.232675193990834,-27.7130582544008,-2.8934708727996));
#727=CARTESIAN_POINT('',(0.43668599152885,-28.1138931840525,-3.13610681594747));
#728=CARTESIAN_POINT('',(0.232675193990834,-28.3565291272004,-3.5369417455992));
#729=CARTESIAN_POINT('',(0.294042552930843,-27.5797980228102,-2.96010098859491));
#730=CARTESIAN_POINT('',(0.535794208029331,-28.0504867319083,-3.19951326809167));
#731=CARTESIAN_POINT('',(0.294042552930843,-28.2898990114051,-3.67020197718982));
#732=CARTESIAN_POINT('',(0.358297197784483,-27.4629387280389,-3.01853063598055));
#733=CARTESIAN_POINT('',(0.631677608723442,-28.0046731798673,-3.24532682013269));
#734=CARTESIAN_POINT('',(0.358297197784482,-28.2314693640194,-3.78706127196109));
#735=CARTESIAN_POINT('',(0.424557893749303,-27.361612487502,-3.06919375624899));
#736=CARTESIAN_POINT('',(0.71949243861035,-27.9752966834503,-3.27470331654967));
#737=CARTESIAN_POINT('',(0.424557893749303,-28.180806243751,-3.88838751249798));
#738=CARTESIAN_POINT('',(0.491667563402468,-27.2753215244342,-3.11233923778288));
#739=CARTESIAN_POINT('',(0.796641474672792,-27.9597283607054,-3.29027163929464));
#740=CARTESIAN_POINT('',(0.491667563402468,-28.1376607622171,-3.97467847556577));
#741=CARTESIAN_POINT('',(0.559382331691298,-27.2025077341664,-3.14874613291678));
#742=CARTESIAN_POINT('',(0.861194632118205,-27.9550047143958,-3.29499528560421));
#743=CARTESIAN_POINT('',(0.559382331691298,-28.1012538670832,-4.04749226583357));
#744=CARTESIAN_POINT('',(0.627910541476233,-27.1416175996928,-3.17919120015361));
#745=CARTESIAN_POINT('',(0.913148749520852,-27.9582275257543,-3.29177247424567));
#746=CARTESIAN_POINT('',(0.627910541476233,-28.0708087998464,-4.10838240030722));
#747=CARTESIAN_POINT('',(0.698197794536434,-27.0913154494124,-3.20434227529378));
#748=CARTESIAN_POINT('',(0.952792355421308,-27.9668929511362,-3.28310704886381));
#749=CARTESIAN_POINT('',(0.698197794536434,-28.0456577247062,-4.15868455058755));
#750=CARTESIAN_POINT('',(0.770118738976593,-27.0516605628926,-3.22416971855368));
#751=CARTESIAN_POINT('',(0.979507877888577,-27.9782925403761,-3.27170745962386));
#752=CARTESIAN_POINT('',(0.770118738976593,-28.0258302814463,-4.19833943710737));
#753=CARTESIAN_POINT('',(0.843375445407055,-27.0228169687856,-3.23859151560718));
#754=CARTESIAN_POINT('',(0.994209632472425,-27.9893724526977,-3.26062754730226));
#755=CARTESIAN_POINT('',(0.843375445407054,-28.0114084843928,-4.22718303121437));
#756=CARTESIAN_POINT('',(0.920012563718727,-27.0043637366811,-3.24781813165944));
#757=CARTESIAN_POINT('',(0.999975981233505,-27.997794296088,-3.25220570391199));
#758=CARTESIAN_POINT('',(0.920012563718728,-28.0021818683405,-4.24563626331889));
#759=CARTESIAN_POINT('',(0.972637916762642,-26.9999972671515,-3.25000136642427));
#760=CARTESIAN_POINT('',(1.00000118941826,-28.0000035596812,-3.24999644031877));
#761=CARTESIAN_POINT('',(0.97263791676264,-27.9999986335757,-4.25000273284854));
#762=CARTESIAN_POINT('',(1.00001707106073,-27.0000000002914,-3.24999999985429));
#763=CARTESIAN_POINT('',(1.00000000000001,-27.9999999998543,-3.25000000014571));
#764=CARTESIAN_POINT('',(1.00001707106073,-28.0000000001457,-4.24999999970858));
#765=FACE_BOUND('',#766,.T.);
#766=EDGE_LOOP('',(#1552,#1553,#1554,#1555));
#767=CYLINDRICAL_SURFACE('',#768,1.);
#768=AXIS2_PLACEMENT_3D('',#769,#770,#771);
#769=CARTESIAN_POINT('',(-3.,-27.,-4.25));
#770=DIRECTION('',(-1.,0.,1.73666171449745E-16));
#771=DIRECTION('',(1.54246545713606E-31,-1.,8.88178419700125E-16));
#772=FACE_BOUND('',#773,.T.);
#773=EDGE_LOOP('',(#1556,#1557,#1558));
#774=SPHERICAL_SURFACE('',#775,1.);
#775=AXIS2_PLACEMENT_3D('',#776,#777,#778);
#776=CARTESIAN_POINT('',(28.8,-27.,-4.25));
#777=DIRECTION('',(-1.,0.,0.));
#778=DIRECTION('',(0.,-1.,0.));
#779=FACE_BOUND('',#780,.T.);
#780=EDGE_LOOP('',(#1559,#1560,#1561));
#781=(BOUNDED_SURFACE()B_SPLINE_SURFACE(3,2,(
(#782,#783,#784),
(#785,#786,#787),
(#788,#789,#790),
(#791,#792,#793),
(#794,#795,#796),
(#797,#798,#799),
(#800,#801,#802),
(#803,#804,#805),
(#806,#807,#808),
(#809,#810,#811),
(#812,#813,#814),
(#815,#816,#817),
(#818,#819,#820),
(#821,#822,#823),
(#824,#825,#826),
(#827,#828,#829),
(#830,#831,#832),
(#833,#834,#835),
(#836,#837,#838)),
.UNSPECIFIED.,.F.,.F.,.F.)B_SPLINE_SURFACE_WITH_KNOTS((4,1,1,1,1,1,1,1,1,1,1,1,1,
1,1,1,4),
(3,3),
(0.,10.0478817536165,13.7574377176282,17.188775122831,20.2304539832258,22.950234917785,
25.4598848910551,27.7048198693922,29.7583605664898,31.5554903510895,33.1670598426833,
34.6424127213333,36.015086480857,37.3392691502133,38.570385892404,39.7195667447195,
41.0002654175174),
(0.,1.),
.UNSPECIFIED.)GEOMETRIC_REPRESENTATION_ITEM()RATIONAL_B_SPLINE_SURFACE((
(1.,1.,1.),
(1.,0.999982510161481,1.),
(1.,0.990536423538783,1.),
(1.,0.962033682229777,1.),
(1.,0.93990867910959,1.),
(1.,0.915584028099156,1.),
(1.,0.89021394837921,1.),
(1.,0.864502870261086,1.),
(1.,0.838951245524857,1.),
(1.,0.81462043194966,1.),
(1.,0.792039281468524,1.),
(1.,0.771707774719123,1.),
(1.,0.753630393543128,1.),
(1.,0.737793662628967,1.),
(1.,0.724744353983274,1.),
(1.,0.715005790041024,1.),
(1.,0.708642755308298,1.),
(1.,0.707105546095466,1.),
(1.,0.70710678128958,1.)))REPRESENTATION_ITEM('')SURFACE());
#782=CARTESIAN_POINT('',(-3.10862446895044E-15,-29.,-16.75));
#783=CARTESIAN_POINT('',(-3.10862446895044E-15,-29.,-16.75));
#784=CARTESIAN_POINT('',(-3.10862446895044E-15,-29.,-16.75));
#785=CARTESIAN_POINT('',(0.000126201811866672,-28.9067346465013,-16.5634692930026));
#786=CARTESIAN_POINT('',(-0.000299637394717112,-28.8556846063444,-16.6056846063444));
#787=CARTESIAN_POINT('',(0.000126201811866289,-28.8134692930026,-16.6567346465013));
#788=CARTESIAN_POINT('',(0.0179703035800924,-28.775780070938,-16.301560141876));
#789=CARTESIAN_POINT('',(0.0392394370420372,-28.6544938474168,-16.4044938474168));
#790=CARTESIAN_POINT('',(0.0179703035800926,-28.551560141876,-16.525780070938));
#791=CARTESIAN_POINT('',(0.0750981254328918,-28.6142995587156,-15.9785991174312));
#792=CARTESIAN_POINT('',(0.152369924823809,-28.4277854014696,-16.1777854014696));
#793=CARTESIAN_POINT('',(0.0750981254328916,-28.2285991174312,-16.3642995587156));
#794=CARTESIAN_POINT('',(0.122343151387091,-28.5170345286168,-15.7840690572337));
#795=CARTESIAN_POINT('',(0.240722561164991,-28.3010105433175,-16.0510105433175));
#796=CARTESIAN_POINT('',(0.122343151387091,-28.0340690572337,-16.2670345286168));
#797=CARTESIAN_POINT('',(0.175109807204694,-28.43192575624,-15.6138515124799));
#798=CARTESIAN_POINT('',(0.337174486329212,-28.1967913625569,-15.9467913625569));
#799=CARTESIAN_POINT('',(0.175109807204694,-27.8638515124799,-16.18192575624));
#800=CARTESIAN_POINT('',(0.232675193996171,-28.356529127194,-15.463058254388));
#801=CARTESIAN_POINT('',(0.436685991538103,-28.1138931840457,-15.8638931840457));
#802=CARTESIAN_POINT('',(0.232675193996171,-27.713058254388,-16.106529127194));
#803=CARTESIAN_POINT('',(0.294042552937106,-28.2898990113989,-15.3297980227977));
#804=CARTESIAN_POINT('',(0.535794208039009,-28.0504867319029,-15.8004867319029));
#805=CARTESIAN_POINT('',(0.294042552937106,-27.5797980227977,-16.0398990113988));
#806=CARTESIAN_POINT('',(0.358297197791642,-28.2314693640135,-15.2129387280269));
#807=CARTESIAN_POINT('',(0.631677608733656,-28.0046731798632,-15.7546731798631));
#808=CARTESIAN_POINT('',(0.358297197791642,-27.4629387280269,-15.9814693640134));
#809=CARTESIAN_POINT('',(0.424557893757604,-28.1808062437451,-15.1116124874903));
#810=CARTESIAN_POINT('',(0.719492438620598,-27.9752966834475,-15.7252966834475));
#811=CARTESIAN_POINT('',(0.424557893757604,-27.3616124874903,-15.9308062437451));
#812=CARTESIAN_POINT('',(0.491667563412168,-28.1376607622114,-15.0253215244227));
#813=CARTESIAN_POINT('',(0.796641474683207,-27.9597283607039,-15.7097283607039));
#814=CARTESIAN_POINT('',(0.491667563412168,-27.2753215244227,-15.8876607622114));
#815=CARTESIAN_POINT('',(0.55938233170262,-28.1012538670776,-14.9525077341552));
#816=CARTESIAN_POINT('',(0.861194632128188,-27.9550047143957,-15.7050047143957));
#817=CARTESIAN_POINT('',(0.55938233170262,-27.2025077341552,-15.8512538670776));
#818=CARTESIAN_POINT('',(0.627910541489127,-28.0708087998412,-14.8916175996824));
#819=CARTESIAN_POINT('',(0.913148749529658,-27.9582275257555,-15.7082275257555));
#820=CARTESIAN_POINT('',(0.627910541489127,-27.1416175996824,-15.8208087998412));
#821=CARTESIAN_POINT('',(0.698197794550453,-28.0456577247018,-14.8413154494035));
#822=CARTESIAN_POINT('',(0.952792355427969,-27.9668929511383,-15.7168929511383));
#823=CARTESIAN_POINT('',(0.698197794550453,-27.0913154494035,-15.7956577247018));
#824=CARTESIAN_POINT('',(0.770118738991344,-28.0258302814428,-14.8016605628857));
#825=CARTESIAN_POINT('',(0.979507877892678,-27.9782925403785,-15.7282925403785));
#826=CARTESIAN_POINT('',(0.770118738991344,-27.0516605628857,-15.7758302814428));
#827=CARTESIAN_POINT('',(0.843375445421742,-28.0114084843905,-14.772816968781));
#828=CARTESIAN_POINT('',(0.994209632474441,-27.9893724526998,-15.7393724526998));
#829=CARTESIAN_POINT('',(0.843375445421741,-27.022816968781,-15.7614084843905));
#830=CARTESIAN_POINT('',(0.920012563728741,-28.00218186834,-14.7543637366799));
#831=CARTESIAN_POINT('',(0.999975981233533,-27.9977942960887,-15.7477942960887));
#832=CARTESIAN_POINT('',(0.920012563728742,-27.0043637366799,-15.75218186834));
#833=CARTESIAN_POINT('',(0.972637916767321,-27.9999986335757,-14.7499972671514));
#834=CARTESIAN_POINT('',(1.00000118941825,-28.0000035596813,-15.7500035596812));
#835=CARTESIAN_POINT('',(0.97263791676732,-26.9999972671514,-15.7499986335757));
#836=CARTESIAN_POINT('',(1.00001707106073,-28.0000000001457,-14.7500000002914));
#837=CARTESIAN_POINT('',(1.00000000000001,-27.9999999998543,-15.7499999998543));
#838=CARTESIAN_POINT('',(1.00001707106073,-27.0000000002914,-15.7500000001457));
#839=FACE_BOUND('',#840,.T.);
#840=EDGE_LOOP('',(#1562,#1563,#1564,#1565));
#841=CYLINDRICAL_SURFACE('',#842,1.);
#842=AXIS2_PLACEMENT_3D('',#843,#844,#845);
#843=CARTESIAN_POINT('',(-3.,-27.,-14.75));
#844=DIRECTION('',(-1.,0.,1.48856718385496E-16));
#845=DIRECTION('',(-1.48856718385496E-16,0.,-1.));
#846=FACE_BOUND('',#847,.T.);
#847=EDGE_LOOP('',(#1566,#1567,#1568));
#848=SPHERICAL_SURFACE('',#849,1.);
#849=AXIS2_PLACEMENT_3D('',#850,#851,#852);
#850=CARTESIAN_POINT('',(28.8,-27.,-14.75));
#851=DIRECTION('',(-1.,0.,1.77635683940025E-15));
#852=DIRECTION('',(-1.77635683940025E-15,0.,-1.));
#853=FACE_BOUND('',#854,.T.);
#854=EDGE_LOOP('',(#1569,#1570,#1571));
#855=(BOUNDED_SURFACE()B_SPLINE_SURFACE(3,2,(
(#856,#857,#858),
(#859,#860,#861),
(#862,#863,#864),
(#865,#866,#867),
(#868,#869,#870),
(#871,#872,#873),
(#874,#875,#876),
(#877,#878,#879),
(#880,#881,#882),
(#883,#884,#885),
(#886,#887,#888),
(#889,#890,#891),
(#892,#893,#894),
(#895,#896,#897),
(#898,#899,#900),
(#901,#902,#903),
(#904,#905,#906),
(#907,#908,#909),
(#910,#911,#912)),
.UNSPECIFIED.,.F.,.F.,.F.)B_SPLINE_SURFACE_WITH_KNOTS((4,1,1,1,1,1,1,1,1,1,1,1,1,
1,1,1,4),
(3,3),
(0.,10.0478817535506,13.7574377175546,17.1887751227609,20.2304539831642,22.9502349177523,
25.4598848910643,27.7048198694862,29.7583605662866,31.5554903508658,33.1670598424272,
34.6424127210522,36.0150864805695,37.3392691499237,38.5703858921155,39.7195667444558,
41.0002654175174),
(0.,1.),
.UNSPECIFIED.)GEOMETRIC_REPRESENTATION_ITEM()RATIONAL_B_SPLINE_SURFACE((
(1.,1.,1.),
(1.,0.999982510161482,1.),
(1.,0.990536423538895,1.),
(1.,0.962033682230176,1.),
(1.,0.939908679110085,1.),
(1.,0.915584028099634,1.),
(1.,0.8902139483795,1.),
(1.,0.864502870260852,1.),
(1.,0.838951245525217,1.),
(1.,0.814620431950994,1.),
(1.,0.792039281471372,1.),
(1.,0.771707774722268,1.),
(1.,0.753630393546401,1.),
(1.,0.737793662632058,1.),
(1.,0.724744353985892,1.),
(1.,0.715005790042889,1.),
(1.,0.708642755308807,1.),
(1.,0.707105546095463,1.),
(1.,0.707106781289581,1.)))REPRESENTATION_ITEM('')SURFACE());
#856=CARTESIAN_POINT('',(-3.33066907387547E-16,-19.5,-2.25));
#857=CARTESIAN_POINT('',(-3.88578058618805E-16,-19.5,-2.25));
#858=CARTESIAN_POINT('',(-4.44089209850063E-16,-19.5,-2.25));
#859=CARTESIAN_POINT('',(0.000126201811865062,-19.5932653534981,-2.43653070699627));
#860=CARTESIAN_POINT('',(-0.000299637394706255,-19.6443153936547,-2.39431539365465));
#861=CARTESIAN_POINT('',(0.000126201811865483,-19.6865307069963,-2.34326535349813));
#862=CARTESIAN_POINT('',(0.0179703035798977,-19.7242199290608,-2.69843985812152));
#863=CARTESIAN_POINT('',(0.0392394370415566,-19.8455061525812,-2.59550615258116));
#864=CARTESIAN_POINT('',(0.0179703035798974,-19.9484398581215,-2.47421992906076));
#865=CARTESIAN_POINT('',(0.0750981254321245,-19.8857004412825,-3.02140088256504));
#866=CARTESIAN_POINT('',(0.152369924822212,-20.0722145985276,-2.82221459852765));
#867=CARTESIAN_POINT('',(0.0750981254321247,-20.271400882565,-2.63570044128251));
#868=CARTESIAN_POINT('',(0.122343151386102,-19.9829654713814,-3.21593094276275));
#869=CARTESIAN_POINT('',(0.240722561163021,-20.1989894566801,-2.94898945668008));
#870=CARTESIAN_POINT('',(0.122343151386102,-20.4659309427628,-2.73296547138138));
#871=CARTESIAN_POINT('',(0.175109807203719,-20.0680742437587,-3.38614848751731));
#872=CARTESIAN_POINT('',(0.337174486327337,-20.3032086374414,-3.05320863744141));
#873=CARTESIAN_POINT('',(0.175109807203719,-20.6361484875173,-2.81807424375865));
#874=CARTESIAN_POINT('',(0.232675193995678,-20.1434708728055,-3.53694174561093));
#875=CARTESIAN_POINT('',(0.436685991537005,-20.3861068159536,-3.13610681595355));
#876=CARTESIAN_POINT('',(0.232675193995678,-20.7869417456109,-2.89347087280546));
#877=CARTESIAN_POINT('',(0.294042552936776,-20.2101009886008,-3.67020197720166));
#878=CARTESIAN_POINT('',(0.53579420803998,-20.4495132680977,-3.19951326809776));
#879=CARTESIAN_POINT('',(0.294042552936776,-20.9202019772017,-2.96010098860083));
#880=CARTESIAN_POINT('',(0.358297197790515,-20.2685306359855,-3.78706127197101));
#881=CARTESIAN_POINT('',(0.631677608732211,-20.4953268201361,-3.24532682013605));
#882=CARTESIAN_POINT('',(0.358297197790515,-21.037061271971,-3.01853063598551));
#883=CARTESIAN_POINT('',(0.42455789375348,-20.3191937562518,-3.88838751250362));
#884=CARTESIAN_POINT('',(0.719492438615606,-20.5247033165508,-3.27470331655081));
#885=CARTESIAN_POINT('',(0.42455789375348,-21.1383875125036,-3.06919375625181));
#886=CARTESIAN_POINT('',(0.491667563404612,-20.3623392377841,-3.97467847556814));
#887=CARTESIAN_POINT('',(0.796641474673713,-20.5402716392947,-3.29027163929475));
#888=CARTESIAN_POINT('',(0.491667563404612,-21.2246784755681,-3.11233923778407));
#889=CARTESIAN_POINT('',(0.559382331691765,-20.398746132917,-4.047492265834));
#890=CARTESIAN_POINT('',(0.861194632118556,-20.5449952856042,-3.2949952856042));
#891=CARTESIAN_POINT('',(0.559382331691765,-21.297492265834,-3.148746132917));
#892=CARTESIAN_POINT('',(0.627910541476135,-20.4291912001536,-4.10838240030711));
#893=CARTESIAN_POINT('',(0.913148749520764,-20.5417724742457,-3.29177247424567));
#894=CARTESIAN_POINT('',(0.627910541476135,-21.3583824003071,-3.17919120015355));
#895=CARTESIAN_POINT('',(0.698197794535584,-20.4543422752935,-4.15868455058697));
#896=CARTESIAN_POINT('',(0.95279235542088,-20.5331070488639,-3.28310704886392));
#897=CARTESIAN_POINT('',(0.698197794535585,-21.408684550587,-3.20434227529349));
#898=CARTESIAN_POINT('',(0.770118738975112,-20.4741697185533,-4.19833943710665));
#899=CARTESIAN_POINT('',(0.979507877887991,-20.5217074596242,-3.27170745962416));
#900=CARTESIAN_POINT('',(0.770118738975112,-21.4483394371067,-3.22416971855332));
#901=CARTESIAN_POINT('',(0.843375445403714,-20.4885915156066,-4.22718303121319));
#902=CARTESIAN_POINT('',(0.994209632472211,-20.5106275473025,-3.26062754730251));
#903=CARTESIAN_POINT('',(0.843375445403714,-21.4771830312132,-3.2385915156066));
#904=CARTESIAN_POINT('',(0.920012563715861,-20.4978181316592,-4.24563626331848));
#905=CARTESIAN_POINT('',(0.999975981233506,-20.5022057039121,-3.25220570391206));
#906=CARTESIAN_POINT('',(0.920012563715861,-21.4956362633185,-3.24781813165924));
#907=CARTESIAN_POINT('',(0.972637916760408,-20.5000013664243,-4.25000273284855));
#908=CARTESIAN_POINT('',(1.00000118941826,-20.4999964403188,-3.24999644031877));
#909=CARTESIAN_POINT('',(0.972637916760408,-21.5000027328485,-3.25000136642428));
#910=CARTESIAN_POINT('',(1.00001707106073,-20.4999999998543,-4.24999999970858));
#911=CARTESIAN_POINT('',(1.00000000000001,-20.5000000001457,-3.25000000014571));
#912=CARTESIAN_POINT('',(1.00001707106073,-21.4999999997086,-3.24999999985429));
#913=FACE_BOUND('',#914,.T.);
#914=EDGE_LOOP('',(#1572,#1573,#1574,#1575));
#915=CYLINDRICAL_SURFACE('',#916,1.);
#916=AXIS2_PLACEMENT_3D('',#917,#918,#919);
#917=CARTESIAN_POINT('',(-3.,-21.5,-4.25));
#918=DIRECTION('',(-1.,0.,1.98475624513994E-16));
#919=DIRECTION('',(1.98475624513994E-16,0.,1.));
#920=FACE_BOUND('',#921,.T.);
#921=EDGE_LOOP('',(#1576,#1577,#1578));
#922=SPHERICAL_SURFACE('',#923,1.);
#923=AXIS2_PLACEMENT_3D('',#924,#925,#926);
#924=CARTESIAN_POINT('',(28.8,-21.5,-4.25000000000001));
#925=DIRECTION('',(-1.,0.,0.));
#926=DIRECTION('',(0.,0.,1.));
#927=FACE_BOUND('',#928,.T.);
#928=EDGE_LOOP('',(#1579,#1580,#1581));
#929=(BOUNDED_SURFACE()B_SPLINE_SURFACE(3,2,(
(#930,#931,#932),
(#933,#934,#935),
(#936,#937,#938),
(#939,#940,#941),
(#942,#943,#944),
(#945,#946,#947),
(#948,#949,#950),
(#951,#952,#953),
(#954,#955,#956),
(#957,#958,#959),
(#960,#961,#962),
(#963,#964,#965),
(#966,#967,#968),
(#969,#970,#971),
(#972,#973,#974),
(#975,#976,#977),
(#978,#979,#980),
(#981,#982,#983),
(#984,#985,#986)),
.UNSPECIFIED.,.F.,.F.,.F.)B_SPLINE_SURFACE_WITH_KNOTS((4,1,1,1,1,1,1,1,1,1,1,1,1,
1,1,1,4),
(3,3),
(0.,10.0478817535977,13.7574377175905,17.1887751228034,20.2304539831954,22.9502349178011,
25.459884891119,27.7048198695556,29.7583605662685,31.5554903508584,33.167059842423,
34.6424127210568,36.0150864805758,37.3392691499296,38.5703858921164,39.7195667444741,
41.0002654175174),
(0.,1.),
.UNSPECIFIED.)GEOMETRIC_REPRESENTATION_ITEM()RATIONAL_B_SPLINE_SURFACE((
(1.,1.,1.),
(1.,0.999982510161481,1.),
(1.,0.990536423538826,1.),
(1.,0.962033682229936,1.),
(1.,0.939908679109821,1.),
(1.,0.915584028099284,1.),
(1.,0.890213948379067,1.),
(1.,0.864502870260231,1.),
(1.,0.838951245524797,1.),
(1.,0.814620431950809,1.),
(1.,0.792039281471496,1.),
(1.,0.771707774722298,1.),
(1.,0.753630393546372,1.),
(1.,0.737793662631997,1.),
(1.,0.724744353985853,1.),
(1.,0.715005790042828,1.),
(1.,0.708642755308784,1.),
(1.,0.707105546095464,1.),
(1.,0.707106781289581,1.)))REPRESENTATION_ITEM('')SURFACE());
#930=CARTESIAN_POINT('',(-3.10862446895044E-15,-19.5,-16.75));
#931=CARTESIAN_POINT('',(-3.1641356201817E-15,-19.5,-16.75));
#932=CARTESIAN_POINT('',(-3.21964677141295E-15,-19.5,-16.75));
#933=CARTESIAN_POINT('',(0.000126201811864215,-19.686530706997,-16.6567346465015));
#934=CARTESIAN_POINT('',(-0.000299637394716119,-19.6443153936553,-16.6056846063447));
#935=CARTESIAN_POINT('',(0.000126201811864362,-19.5932653534985,-16.563469293003));
#936=CARTESIAN_POINT('',(0.0179703035800176,-19.948439858123,-16.5257800709385));
#937=CARTESIAN_POINT('',(0.0392394370418558,-19.8455061525824,-16.4044938474176));
#938=CARTESIAN_POINT('',(0.0179703035800174,-19.7242199290615,-16.301560141877));
#939=CARTESIAN_POINT('',(0.0750981254325706,-20.2714008825672,-16.3642995587164));
#940=CARTESIAN_POINT('',(0.152369924823169,-20.0722145985293,-16.1777854014707));
#941=CARTESIAN_POINT('',(0.0750981254325707,-19.8857004412836,-15.9785991174328));
#942=CARTESIAN_POINT('',(0.122343151386708,-20.465930942765,-16.2670345286175));
#943=CARTESIAN_POINT('',(0.240722561164074,-20.1989894566814,-16.0510105433186));
#944=CARTESIAN_POINT('',(0.122343151386708,-19.9829654713825,-15.784069057235));
#945=CARTESIAN_POINT('',(0.175109807204483,-20.6361484875196,-16.1819257562402));
#946=CARTESIAN_POINT('',(0.337174486328718,-20.3032086374427,-15.9467913625573));
#947=CARTESIAN_POINT('',(0.175109807204483,-20.0680742437598,-15.6138515124804));
#948=CARTESIAN_POINT('',(0.232675193996739,-20.7869417456135,-16.1065291271932));
#949=CARTESIAN_POINT('',(0.436685991538705,-20.3861068159548,-15.8638931840452));
#950=CARTESIAN_POINT('',(0.23267519399674,-20.1434708728067,-15.4630582543865));
#951=CARTESIAN_POINT('',(0.29404255293799,-20.9202019772041,-16.039899011398));
#952=CARTESIAN_POINT('',(0.535794208042357,-20.4495132680991,-15.8004867319009));
#953=CARTESIAN_POINT('',(0.29404255293799,-20.210100988602,-15.3297980227959));
#954=CARTESIAN_POINT('',(0.358297197791623,-21.0370612719728,-15.9814693640136));
#955=CARTESIAN_POINT('',(0.631677608733717,-20.4953268201366,-15.7546731798634));
#956=CARTESIAN_POINT('',(0.358297197791623,-20.2685306359864,-15.2129387280272));
#957=CARTESIAN_POINT('',(0.424557893753971,-21.1383875125043,-15.9308062437479));
#958=CARTESIAN_POINT('',(0.719492438616184,-20.5247033165509,-15.7252966834491));
#959=CARTESIAN_POINT('',(0.424557893753971,-20.3191937562521,-15.1116124874958));
#960=CARTESIAN_POINT('',(0.491667563404654,-21.2246784755682,-15.8876607622159));
#961=CARTESIAN_POINT('',(0.796641474673311,-20.5402716392947,-15.7097283607053));
#962=CARTESIAN_POINT('',(0.491667563404654,-20.3623392377841,-15.0253215244318));
#963=CARTESIAN_POINT('',(0.559382331691605,-21.2974922658339,-15.8512538670831));
#964=CARTESIAN_POINT('',(0.861194632118475,-20.5449952856042,-15.7050047143958));
#965=CARTESIAN_POINT('',(0.559382331691605,-20.3987461329169,-14.9525077341661));
#966=CARTESIAN_POINT('',(0.627910541476217,-21.3583824003072,-15.8208087998464));
#967=CARTESIAN_POINT('',(0.913148749520849,-20.5417724742457,-15.7082275257543));
#968=CARTESIAN_POINT('',(0.627910541476217,-20.4291912001536,-14.8916175996928));
#969=CARTESIAN_POINT('',(0.698197794535794,-21.4086845505871,-15.7956577247064));
#970=CARTESIAN_POINT('',(0.952792355421019,-20.5331070488639,-15.7168929511361));
#971=CARTESIAN_POINT('',(0.698197794535794,-20.4543422752936,-14.8413154494129));
#972=CARTESIAN_POINT('',(0.770118738975458,-21.4483394371068,-15.7758302814466));
#973=CARTESIAN_POINT('',(0.979507877888052,-20.5217074596241,-15.7282925403759));
#974=CARTESIAN_POINT('',(0.770118738975458,-20.4741697185534,-14.8016605628932));
#975=CARTESIAN_POINT('',(0.843375445403776,-21.4771830312132,-15.7614084843934));
#976=CARTESIAN_POINT('',(0.994209632472294,-20.5106275473024,-15.7393724526976));
#977=CARTESIAN_POINT('',(0.843375445403776,-20.4885915156066,-14.7728169687868));
#978=CARTESIAN_POINT('',(0.920012563715826,-21.4956362633184,-15.7521818683408));
#979=CARTESIAN_POINT('',(0.999975981233505,-20.502205703912,-15.747794296088));
#980=CARTESIAN_POINT('',(0.920012563715826,-20.4978181316592,-14.7543637366815));
#981=CARTESIAN_POINT('',(0.972637916760189,-21.5000027328486,-15.7499986335757));
#982=CARTESIAN_POINT('',(1.00000118941826,-20.4999964403188,-15.7500035596813));
#983=CARTESIAN_POINT('',(0.972637916760189,-20.5000013664243,-14.7499972671514));
#984=CARTESIAN_POINT('',(1.00001707106073,-21.4999999997086,-15.7500000001457));
#985=CARTESIAN_POINT('',(1.00000000000001,-20.5000000001457,-15.7499999998543));
#986=CARTESIAN_POINT('',(1.00001707106073,-20.4999999998543,-14.7500000002914));
#987=FACE_BOUND('',#988,.T.);
#988=EDGE_LOOP('',(#1582,#1583,#1584,#1585));
#989=CYLINDRICAL_SURFACE('',#990,1.);
#990=AXIS2_PLACEMENT_3D('',#991,#992,#993);
#991=CARTESIAN_POINT('',(-3.,-21.5,-14.75));
#992=DIRECTION('',(-1.,0.,1.48856718385496E-16));
#993=DIRECTION('',(0.,1.,0.));
#994=FACE_BOUND('',#995,.T.);
#995=EDGE_LOOP('',(#1586,#1587,#1588));
#996=SPHERICAL_SURFACE('',#997,1.);
#997=AXIS2_PLACEMENT_3D('',#998,#999,#1000);
#998=CARTESIAN_POINT('',(28.8,-21.5,-14.75));
#999=DIRECTION('',(-1.,0.,0.));
#1000=DIRECTION('',(0.,1.,0.));
#1001=FACE_BOUND('',#1002,.T.);
#1002=EDGE_LOOP('',(#1589,#1590,#1591));
#1003=(BOUNDED_SURFACE()B_SPLINE_SURFACE(3,2,(
(#1004,#1005,#1006),
(#1007,#1008,#1009),
(#1010,#1011,#1012),
(#1013,#1014,#1015),
(#1016,#1017,#1018),
(#1019,#1020,#1021),
(#1022,#1023,#1024),
(#1025,#1026,#1027),
(#1028,#1029,#1030),
(#1031,#1032,#1033),
(#1034,#1035,#1036),
(#1037,#1038,#1039),
(#1040,#1041,#1042),
(#1043,#1044,#1045),
(#1046,#1047,#1048),
(#1049,#1050,#1051),
(#1052,#1053,#1054),
(#1055,#1056,#1057),
(#1058,#1059,#1060)),
.UNSPECIFIED.,.F.,.F.,.F.)B_SPLINE_SURFACE_WITH_KNOTS((4,1,1,1,1,1,1,1,1,1,1,1,1,
1,1,1,4),
(3,3),
(0.,10.0478817534636,13.7574377174524,17.1887751226499,20.230453983038,22.9502349176036,
25.4598848908686,27.7048198692114,29.7583605662508,31.5554903508485,33.1670598424187,
34.642412721052,36.0150864805778,37.3392691499391,38.5703858921343,39.7195667444427,
41.0002654175174),
(0.,1.),
.UNSPECIFIED.)GEOMETRIC_REPRESENTATION_ITEM()RATIONAL_B_SPLINE_SURFACE((
(1.,1.,1.),
(1.,0.999982510161483,1.),
(1.,0.990536423539046,1.),
(1.,0.962033682230745,1.),
(1.,0.939908679110896,1.),
(1.,0.915584028100726,1.),
(1.,0.890213948381018,1.),
(1.,0.864502870263058,1.),
(1.,0.838951245527204,1.),
(1.,0.814620431952344,1.),
(1.,0.79203928147163,1.),
(1.,0.771707774722376,1.),
(1.,0.7536303935464,1.),
(1.,0.73779366263197,1.),
(1.,0.724744353985759,1.),
(1.,0.715005790042853,1.),
(1.,0.708642755308811,1.),
(1.,0.707105546095465,1.),
(1.,0.70710678128958,1.)))REPRESENTATION_ITEM('')SURFACE());
#1004=CARTESIAN_POINT('',(-3.10862446895044E-15,29.,-16.75));
#1005=CARTESIAN_POINT('',(-3.10862446895044E-15,29.,-16.75));
#1006=CARTESIAN_POINT('',(-3.10862446895044E-15,29.,-16.75));
#1007=CARTESIAN_POINT('',(0.000126201811856928,28.8134692930053,-16.6567346465027));
#1008=CARTESIAN_POINT('',(-0.000299637394699261,28.8556846063466,-16.6056846063466));
#1009=CARTESIAN_POINT('',(0.000126201811856928,28.9067346465026,-16.5634692930053));
#1010=CARTESIAN_POINT('',(0.0179703035796203,28.5515601418819,-16.525780070941));
#1011=CARTESIAN_POINT('',(0.0392394370409053,28.6544938474216,-16.4044938474216));
#1012=CARTESIAN_POINT('',(0.0179703035796206,28.775780070941,-16.301560141882));
#1013=CARTESIAN_POINT('',(0.0750981254309842,28.2285991174405,-16.3642995587203));
#1014=CARTESIAN_POINT('',(0.152369924819927,28.4277854014763,-16.1777854014763));
#1015=CARTESIAN_POINT('',(0.0750981254309842,28.6142995587203,-15.9785991174405));
#1016=CARTESIAN_POINT('',(0.12234315138437,28.0340690572436,-16.2670345286218));
#1017=CARTESIAN_POINT('',(0.240722561159778,28.301010543324,-16.051010543324));
#1018=CARTESIAN_POINT('',(0.12234315138437,28.5170345286218,-15.7840690572436));
#1019=CARTESIAN_POINT('',(0.175109807201237,27.86385151249,-16.181925756245));
#1020=CARTESIAN_POINT('',(0.337174486322999,28.1967913625628,-15.9467913625628));
#1021=CARTESIAN_POINT('',(0.175109807201237,28.431925756245,-15.61385151249));
#1022=CARTESIAN_POINT('',(0.232675193992032,27.7130582543979,-16.106529127199));
#1023=CARTESIAN_POINT('',(0.436685991531047,28.1138931840509,-15.8638931840509));
#1024=CARTESIAN_POINT('',(0.232675193992032,28.356529127199,-15.4630582543979));
#1025=CARTESIAN_POINT('',(0.294042552932123,27.5797980228076,-16.0398990114038));
#1026=CARTESIAN_POINT('',(0.535794208031473,28.0504867319071,-15.8004867319072));
#1027=CARTESIAN_POINT('',(0.294042552932123,28.2898990114038,-15.3297980228077));
#1028=CARTESIAN_POINT('',(0.358297197785556,27.4629387280372,-15.9814693640186));
#1029=CARTESIAN_POINT('',(0.631677608724943,28.0046731798668,-15.7546731798668));
#1030=CARTESIAN_POINT('',(0.358297197785556,28.2314693640186,-15.2129387280372));
#1031=CARTESIAN_POINT('',(0.424557893749949,27.3616124875011,-15.9308062437506));
#1032=CARTESIAN_POINT('',(0.719492438611052,27.9752966834502,-15.7252966834502));
#1033=CARTESIAN_POINT('',(0.424557893749949,28.1808062437506,-15.1116124875012));
#1034=CARTESIAN_POINT('',(0.491667563402736,27.2753215244339,-15.887660762217));
#1035=CARTESIAN_POINT('',(0.796641474672878,27.9597283607053,-15.7097283607054));
#1036=CARTESIAN_POINT('',(0.491667563402736,28.137660762217,-15.0253215244339));
#1037=CARTESIAN_POINT('',(0.55938233169132,27.2025077341664,-15.8512538670832));
#1038=CARTESIAN_POINT('',(0.861194632118242,27.9550047143958,-15.7050047143958));
#1039=CARTESIAN_POINT('',(0.55938233169132,28.1012538670832,-14.9525077341664));
#1040=CARTESIAN_POINT('',(0.627910541476108,27.1416175996929,-15.8208087998465));
#1041=CARTESIAN_POINT('',(0.913148749520781,27.9582275257543,-15.7082275257543));
#1042=CARTESIAN_POINT('',(0.627910541476108,28.0708087998464,-14.8916175996929));
#1043=CARTESIAN_POINT('',(0.698197794535954,27.0913154494128,-15.7956577247064));
#1044=CARTESIAN_POINT('',(0.952792355421095,27.9668929511361,-15.7168929511361));
#1045=CARTESIAN_POINT('',(0.698197794535954,28.0456577247064,-14.8413154494128));
#1046=CARTESIAN_POINT('',(0.770118738975662,27.0516605628931,-15.7758302814466));
#1047=CARTESIAN_POINT('',(0.979507877888236,27.978292540376,-15.728292540376));
#1048=CARTESIAN_POINT('',(0.770118738975662,28.0258302814466,-14.8016605628931));
#1049=CARTESIAN_POINT('',(0.843375445405482,27.0228169687861,-15.7614084843931));
#1050=CARTESIAN_POINT('',(0.994209632472226,27.9893724526975,-15.7393724526975));
#1051=CARTESIAN_POINT('',(0.843375445405482,28.0114084843931,-14.7728169687862));
#1052=CARTESIAN_POINT('',(0.920012563717454,27.0043637366813,-15.7521818683407));
#1053=CARTESIAN_POINT('',(0.999975981233501,27.9977942960879,-15.7477942960879));
#1054=CARTESIAN_POINT('',(0.920012563717455,28.0021818683406,-14.7543637366813));
#1055=CARTESIAN_POINT('',(0.972637916761869,26.9999972671514,-15.7499986335757));
#1056=CARTESIAN_POINT('',(1.00000118941826,28.0000035596812,-15.7500035596812));
#1057=CARTESIAN_POINT('',(0.972637916761869,27.9999986335757,-14.7499972671514));
#1058=CARTESIAN_POINT('',(1.00001707106073,27.0000000002914,-15.7500000001457));
#1059=CARTESIAN_POINT('',(1.00000000000001,27.9999999998543,-15.7499999998543));
#1060=CARTESIAN_POINT('',(1.00001707106073,28.0000000001457,-14.7500000002914));
#1061=FACE_BOUND('',#1062,.T.);
#1062=EDGE_LOOP('',(#1592,#1593,#1594,#1595));
#1063=CYLINDRICAL_SURFACE('',#1064,1.);
#1064=AXIS2_PLACEMENT_3D('',#1065,#1066,#1067);
#1065=CARTESIAN_POINT('',(-3.,27.,-14.75));
#1066=DIRECTION('',(-1.,0.,1.48856718385496E-16));
#1067=DIRECTION('',(0.,1.,0.));
#1068=FACE_BOUND('',#1069,.T.);
#1069=EDGE_LOOP('',(#1596,#1597,#1598));
#1070=SPHERICAL_SURFACE('',#1071,1.);
#1071=AXIS2_PLACEMENT_3D('',#1072,#1073,#1074);
#1072=CARTESIAN_POINT('',(28.8,27.,-14.75));
#1073=DIRECTION('',(-1.,0.,0.));
#1074=DIRECTION('',(0.,1.,1.77635683940026E-15));
#1075=FACE_BOUND('',#1076,.T.);
#1076=EDGE_LOOP('',(#1599,#1600,#1601));
#1077=(BOUNDED_SURFACE()B_SPLINE_SURFACE(3,2,(
(#1078,#1079,#1080),
(#1081,#1082,#1083),
(#1084,#1085,#1086),
(#1087,#1088,#1089),
(#1090,#1091,#1092),
(#1093,#1094,#1095),
(#1096,#1097,#1098),
(#1099,#1100,#1101),
(#1102,#1103,#1104),
(#1105,#1106,#1107),
(#1108,#1109,#1110),
(#1111,#1112,#1113),
(#1114,#1115,#1116),
(#1117,#1118,#1119),
(#1120,#1121,#1122),
(#1123,#1124,#1125),
(#1126,#1127,#1128),
(#1129,#1130,#1131),
(#1132,#1133,#1134)),
.UNSPECIFIED.,.F.,.F.,.F.)B_SPLINE_SURFACE_WITH_KNOTS((4,1,1,1,1,1,1,1,1,1,1,1,1,
1,1,1,4),
(3,3),
(0.,10.0478817534876,13.7574377174678,17.1887751226597,20.2304539830446,22.950234917622,
25.4598848909168,27.7048198693164,29.7583605662078,31.5554903507955,33.1670598423699,
34.6424127210095,36.0150864805309,37.3392691498854,38.5703858920757,39.7195667444079,
41.0002654175174),
(0.,1.),
.UNSPECIFIED.)GEOMETRIC_REPRESENTATION_ITEM()RATIONAL_B_SPLINE_SURFACE((
(1.,1.,1.),
(1.,0.999982510161482,1.),
(1.,0.990536423539014,1.),
(1.,0.962033682230646,1.),
(1.,0.939908679110817,1.),
(1.,0.915584028100629,1.),
(1.,0.890213948380789,1.),
(1.,0.864502870262456,1.),
(1.,0.838951245526765,1.),
(1.,0.814620431952298,1.),
(1.,0.792039281472234,1.),
(1.,0.771707774722971,1.),
(1.,0.753630393546948,1.),
(1.,0.737793662632487,1.),
(1.,0.724744353986245,1.),
(1.,0.715005790043174,1.),
(1.,0.708642755308891,1.),
(1.,0.707105546095465,1.),
(1.,0.707106781289581,1.)))REPRESENTATION_ITEM('')SURFACE());
#1078=CARTESIAN_POINT('',(-3.33066907387547E-16,29.,-2.25000000000002));
#1079=CARTESIAN_POINT('',(-3.88578058618805E-16,29.,-2.25000000000002));
#1080=CARTESIAN_POINT('',(-4.44089209850063E-16,29.,-2.25000000000002));
#1081=CARTESIAN_POINT('',(0.000126201811861793,28.9067346465024,-2.43653070699509));
#1082=CARTESIAN_POINT('',(-0.000299637394698567,28.8556846063463,-2.39431539365376));
#1083=CARTESIAN_POINT('',(0.000126201811861561,28.8134692930049,-2.34326535349755));
#1084=CARTESIAN_POINT('',(0.017970303579679,28.7757800709406,-2.69843985811876));
#1085=CARTESIAN_POINT('',(0.0392394370410491,28.6544938474211,-2.59550615257897));
#1086=CARTESIAN_POINT('',(0.017970303579679,28.5515601418813,-2.47421992905939));
#1087=CARTESIAN_POINT('',(0.0750981254311783,28.6142995587198,-3.02140088256036));
#1088=CARTESIAN_POINT('',(0.152369924820321,28.4277854014756,-2.82221459852438));
#1089=CARTESIAN_POINT('',(0.0750981254311783,28.2285991174397,-2.63570044128019));
#1090=CARTESIAN_POINT('',(0.122343151384573,28.5170345286214,-3.21593094275712));
#1091=CARTESIAN_POINT('',(0.240722561160093,28.3010105433236,-2.94898945667639));
#1092=CARTESIAN_POINT('',(0.122343151384573,28.0340690572429,-2.73296547137857));
#1093=CARTESIAN_POINT('',(0.175109807201524,28.4319257562446,-3.38614848751087));
#1094=CARTESIAN_POINT('',(0.337174486323388,28.1967913625624,-3.05320863743761));
#1095=CARTESIAN_POINT('',(0.175109807201524,27.8638515124892,-2.81807424375544));
#1096=CARTESIAN_POINT('',(0.232675193992704,28.3565291271981,-3.53694174560377));
#1097=CARTESIAN_POINT('',(0.436685991531964,28.1138931840502,-3.13610681594982));
#1098=CARTESIAN_POINT('',(0.232675193992704,27.7130582543962,-2.89347087280189));
#1099=CARTESIAN_POINT('',(0.294042552933152,28.2898990114028,-3.67020197719443));
#1100=CARTESIAN_POINT('',(0.535794208033828,28.0504867319057,-3.19951326809429));
#1101=CARTESIAN_POINT('',(0.294042552933152,27.5797980228056,-2.96010098859722));
#1102=CARTESIAN_POINT('',(0.358297197786568,28.2314693640178,-3.78706127196448));
#1103=CARTESIAN_POINT('',(0.631677608726521,28.0046731798662,-3.24532682013382));
#1104=CARTESIAN_POINT('',(0.358297197786568,27.4629387280355,-3.01853063598225));
#1105=CARTESIAN_POINT('',(0.424557893749913,28.1808062437507,-3.88838751249869));
#1106=CARTESIAN_POINT('',(0.71949243861108,27.9752966834503,-3.2747033165497));
#1107=CARTESIAN_POINT('',(0.424557893749913,27.3616124875013,-3.06919375624935));
#1108=CARTESIAN_POINT('',(0.491667563401571,28.1376607622177,-3.97467847556463));
#1109=CARTESIAN_POINT('',(0.796641474670872,27.9597283607056,-3.29027163929439));
#1110=CARTESIAN_POINT('',(0.491667563401572,27.2753215244354,-3.11233923778232));
#1111=CARTESIAN_POINT('',(0.55938233168927,28.1012538670842,-4.04749226583158));
#1112=CARTESIAN_POINT('',(0.86119463211644,27.9550047143958,-3.29499528560422));
#1113=CARTESIAN_POINT('',(0.55938233168927,27.2025077341684,-3.1487461329158));
#1114=CARTESIAN_POINT('',(0.62791054147384,28.0708087998474,-4.1083824003053));
#1115=CARTESIAN_POINT('',(0.913148749519302,27.9582275257541,-3.2917724742459));
#1116=CARTESIAN_POINT('',(0.627910541473841,27.1416175996947,-3.17919120015266));
#1117=CARTESIAN_POINT('',(0.698197794533391,28.0456577247072,-4.1586845505856));
#1118=CARTESIAN_POINT('',(0.952792355419901,27.9668929511358,-3.28310704886425));
#1119=CARTESIAN_POINT('',(0.698197794533391,27.0913154494144,-3.20434227529281));
#1120=CARTESIAN_POINT('',(0.770118738972821,28.0258302814472,-4.19833943710557));
#1121=CARTESIAN_POINT('',(0.979507877887357,27.9782925403755,-3.27170745962454));
#1122=CARTESIAN_POINT('',(0.770118738972822,27.0516605628945,-3.22416971855279));
#1123=CARTESIAN_POINT('',(0.843375445401819,28.0114084843937,-4.22718303121265));
#1124=CARTESIAN_POINT('',(0.994209632471858,27.9893724526971,-3.26062754730288));
#1125=CARTESIAN_POINT('',(0.843375445401819,27.0228169687874,-3.23859151560633));
#1126=CARTESIAN_POINT('',(0.920012563714706,28.0021818683408,-4.24563626331838));
#1127=CARTESIAN_POINT('',(0.999975981233501,27.9977942960878,-3.2522057039122));
#1128=CARTESIAN_POINT('',(0.920012563714706,27.0043637366816,-3.24781813165919));
#1129=CARTESIAN_POINT('',(0.972637916760158,27.9999986335757,-4.25000273284855));
#1130=CARTESIAN_POINT('',(1.00000118941826,28.0000035596813,-3.24999644031878));
#1131=CARTESIAN_POINT('',(0.972637916760157,26.9999972671514,-3.25000136642429));
#1132=CARTESIAN_POINT('',(1.00001707106073,28.0000000001457,-4.2499999997086));
#1133=CARTESIAN_POINT('',(1.00000000000001,27.9999999998543,-3.25000000014573));
#1134=CARTESIAN_POINT('',(1.00001707106073,27.0000000002914,-3.2499999998543));
#1135=FACE_BOUND('',#1136,.T.);
#1136=EDGE_LOOP('',(#1602,#1603,#1604,#1605));
#1137=CYLINDRICAL_SURFACE('',#1138,1.);
#1138=AXIS2_PLACEMENT_3D('',#1139,#1140,#1141);
#1139=CARTESIAN_POINT('',(-3.,27.,-4.25000000000001));
#1140=DIRECTION('',(-1.,0.,1.73666171449745E-16));
#1141=DIRECTION('',(1.73666171449745E-16,0.,1.));
#1142=FACE_BOUND('',#1143,.T.);
#1143=EDGE_LOOP('',(#1606,#1607,#1608));
#1144=SPHERICAL_SURFACE('',#1145,1.);
#1145=AXIS2_PLACEMENT_3D('',#1146,#1147,#1148);
#1146=CARTESIAN_POINT('',(28.8,27.,-4.25000000000002));
#1147=DIRECTION('',(-1.,0.,0.));
#1148=DIRECTION('',(0.,-3.5527136788005E-15,1.));
#1149=FACE_BOUND('',#1150,.T.);
#1150=EDGE_LOOP('',(#1609,#1610,#1611));
#1151=(BOUNDED_SURFACE()B_SPLINE_SURFACE(3,2,(
(#1152,#1153,#1154),
(#1155,#1156,#1157),
(#1158,#1159,#1160),
(#1161,#1162,#1163),
(#1164,#1165,#1166),
(#1167,#1168,#1169),
(#1170,#1171,#1172),
(#1173,#1174,#1175),
(#1176,#1177,#1178),
(#1179,#1180,#1181),
(#1182,#1183,#1184),
(#1185,#1186,#1187),
(#1188,#1189,#1190),
(#1191,#1192,#1193),
(#1194,#1195,#1196),
(#1197,#1198,#1199),
(#1200,#1201,#1202),
(#1203,#1204,#1205),
(#1206,#1207,#1208)),
.UNSPECIFIED.,.F.,.F.,.F.)B_SPLINE_SURFACE_WITH_KNOTS((4,1,1,1,1,1,1,1,1,1,1,1,1,
1,1,1,4),
(3,3),
(0.,10.0478817535021,13.7574377174824,17.1887751226744,20.230453983065,22.9502349176514,
25.459884890954,27.704819869369,29.7583605663591,31.5554903509564,33.1670598425649,
34.6424127212337,36.0150864807506,37.3392691500905,38.5703858922541,39.7195667446027,
41.0002654175174),
(0.,1.),
.UNSPECIFIED.)GEOMETRIC_REPRESENTATION_ITEM()RATIONAL_B_SPLINE_SURFACE((
(1.,1.,1.),
(1.,0.999982510161483,1.),
(1.,0.990536423538989,1.),
(1.,0.962033682230563,1.),
(1.,0.9399086791107,1.),
(1.,0.915584028100447,1.),
(1.,0.890213948380508,1.),
(1.,0.86450287026203,1.),
(1.,0.838951245525843,1.),
(1.,0.81462043195082,1.),
(1.,0.792039281470118,1.),
(1.,0.771707774720571,1.),
(1.,0.75363039354441,1.),
(1.,0.737793662630155,1.),
(1.,0.724744353984435,1.),
(1.,0.715005790041892,1.),
(1.,0.708642755308537,1.),
(1.,0.707105546095466,1.),
(1.,0.707106781289581,1.)))REPRESENTATION_ITEM('')SURFACE());
#1152=CARTESIAN_POINT('',(-3.10862446895044E-15,19.5,-16.75));
#1153=CARTESIAN_POINT('',(-3.10862446895044E-15,19.5,-16.75));
#1154=CARTESIAN_POINT('',(-3.10862446895044E-15,19.5,-16.75));
#1155=CARTESIAN_POINT('',(0.000126201811858784,19.5932653534976,-16.5634692930047));
#1156=CARTESIAN_POINT('',(-0.000299637394705381,19.644315393654,-16.6056846063461));
#1157=CARTESIAN_POINT('',(0.000126201811858687,19.6865307069953,-16.6567346465023));
#1158=CARTESIAN_POINT('',(0.0179703035797182,19.7242199290596,-16.3015601418808));
#1159=CARTESIAN_POINT('',(0.0392394370411492,19.8455061525794,-16.4044938474206));
#1160=CARTESIAN_POINT('',(0.0179703035797183,19.9484398581193,-16.5257800709404));
#1161=CARTESIAN_POINT('',(0.0750981254313428,19.8857004412806,-15.9785991174388));
#1162=CARTESIAN_POINT('',(0.152369924820652,20.0722145985249,-16.1777854014751));
#1163=CARTESIAN_POINT('',(0.0750981254313427,20.2714008825612,-16.3642995587194));
#1164=CARTESIAN_POINT('',(0.122343151384834,19.982965471379,-15.7840690572419));
#1165=CARTESIAN_POINT('',(0.240722561160559,20.198989456677,-16.051010543323));
#1166=CARTESIAN_POINT('',(0.122343151384834,20.4659309427581,-16.267034528621));
#1167=CARTESIAN_POINT('',(0.175109807201937,20.068074243756,-15.6138515124879));
#1168=CARTESIAN_POINT('',(0.337174486324109,20.3032086374383,-15.9467913625617));
#1169=CARTESIAN_POINT('',(0.175109807201937,20.6361484875121,-16.181925756244));
#1170=CARTESIAN_POINT('',(0.23267519399337,20.1434708728027,-15.4630582543946));
#1171=CARTESIAN_POINT('',(0.436685991533064,20.3861068159506,-15.8638931840494));
#1172=CARTESIAN_POINT('',(0.232675193993369,20.7869417456054,-16.1065291271973));
#1173=CARTESIAN_POINT('',(0.294042552934424,20.2101009885985,-15.329798022803));
#1174=CARTESIAN_POINT('',(0.535794208035464,20.4495132680952,-15.8004867319048));
#1175=CARTESIAN_POINT('',(0.294042552934424,20.920201977197,-16.0398990114015));
#1176=CARTESIAN_POINT('',(0.358297197788955,20.2685306359843,-15.2129387280314));
#1177=CARTESIAN_POINT('',(0.631677608730006,20.4953268201353,-15.7546731798647));
#1178=CARTESIAN_POINT('',(0.358297197788955,21.0370612719686,-15.9814693640157));
#1179=CARTESIAN_POINT('',(0.424557893754102,20.3191937562524,-15.1116124874953));
#1180=CARTESIAN_POINT('',(0.719492438616397,20.5247033165512,-15.7252966834488));
#1181=CARTESIAN_POINT('',(0.424557893754102,21.1383875125047,-15.9308062437477));
#1182=CARTESIAN_POINT('',(0.491667563407784,20.362339237786,-15.0253215244279));
#1183=CARTESIAN_POINT('',(0.796641474677925,20.5402716392954,-15.7097283607046));
#1184=CARTESIAN_POINT('',(0.491667563407784,21.2246784755721,-15.887660762214));
#1185=CARTESIAN_POINT('',(0.559382331697527,20.3987461329199,-14.9525077341602));
#1186=CARTESIAN_POINT('',(0.861194632123808,20.5449952856043,-15.7050047143957));
#1187=CARTESIAN_POINT('',(0.559382331697527,21.2974922658398,-15.8512538670801));
#1188=CARTESIAN_POINT('',(0.627910541483774,20.4291912001567,-14.8916175996867));
#1189=CARTESIAN_POINT('',(0.913148749526196,20.541772474245,-15.708227525755));
#1190=CARTESIAN_POINT('',(0.627910541483774,21.3583824003133,-15.8208087998433));
#1191=CARTESIAN_POINT('',(0.69819779454444,20.4543422752963,-14.8413154494074));
#1192=CARTESIAN_POINT('',(0.952792355425223,20.5331070488625,-15.7168929511375));
#1193=CARTESIAN_POINT('',(0.69819779454444,21.4086845505926,-15.7956577247037));
#1194=CARTESIAN_POINT('',(0.770118738984414,20.4741697185555,-14.801660562889));
#1195=CARTESIAN_POINT('',(0.979507877890557,20.5217074596227,-15.7282925403773));
#1196=CARTESIAN_POINT('',(0.770118738984414,21.448339437111,-15.7758302814445));
#1197=CARTESIAN_POINT('',(0.843375445413339,20.4885915156081,-14.7728169687837));
#1198=CARTESIAN_POINT('',(0.994209632473405,20.5106275473013,-15.7393724526987));
#1199=CARTESIAN_POINT('',(0.843375445413338,21.4771830312163,-15.7614084843919));
#1200=CARTESIAN_POINT('',(0.920012563722558,20.4978181316596,-14.7543637366807));
#1201=CARTESIAN_POINT('',(0.999975981233521,20.5022057039117,-15.7477942960883));
#1202=CARTESIAN_POINT('',(0.920012563722557,21.4956362633193,-15.7521818683404));
#1203=CARTESIAN_POINT('',(0.972637916763894,20.5000013664243,-14.7499972671515));
#1204=CARTESIAN_POINT('',(1.00000118941825,20.4999964403188,-15.7500035596812));
#1205=CARTESIAN_POINT('',(0.972637916763894,21.5000027328486,-15.7499986335757));
#1206=CARTESIAN_POINT('',(1.00001707106073,20.4999999998543,-14.7500000002914));
#1207=CARTESIAN_POINT('',(1.00000000000001,20.5000000001457,-15.7499999998543));
#1208=CARTESIAN_POINT('',(1.00001707106073,21.4999999997086,-15.7500000001457));
#1209=FACE_BOUND('',#1210,.T.);
#1210=EDGE_LOOP('',(#1612,#1613,#1614,#1615));
#1211=CYLINDRICAL_SURFACE('',#1212,1.);
#1212=AXIS2_PLACEMENT_3D('',#1213,#1214,#1215);
#1213=CARTESIAN_POINT('',(-3.,21.5,-14.75));
#1214=DIRECTION('',(-1.,0.,9.92378122569972E-17));
#1215=DIRECTION('',(-9.92378122569972E-17,0.,-1.));
#1216=FACE_BOUND('',#1217,.T.);
#1217=EDGE_LOOP('',(#1616,#1617,#1618));
#1218=SPHERICAL_SURFACE('',#1219,1.);
#1219=AXIS2_PLACEMENT_3D('',#1220,#1221,#1222);
#1220=CARTESIAN_POINT('',(28.8,21.5,-14.75));
#1221=DIRECTION('',(-1.,3.5527136788005E-15,0.));
#1222=DIRECTION('',(0.,0.,-1.));
#1223=FACE_BOUND('',#1224,.T.);
#1224=EDGE_LOOP('',(#1619,#1620,#1621));
#1225=(BOUNDED_SURFACE()B_SPLINE_SURFACE(3,2,(
(#1226,#1227,#1228),
(#1229,#1230,#1231),
(#1232,#1233,#1234),
(#1235,#1236,#1237),
(#1238,#1239,#1240),
(#1241,#1242,#1243),
(#1244,#1245,#1246),
(#1247,#1248,#1249),
(#1250,#1251,#1252),
(#1253,#1254,#1255),
(#1256,#1257,#1258),
(#1259,#1260,#1261),
(#1262,#1263,#1264),
(#1265,#1266,#1267),
(#1268,#1269,#1270),
(#1271,#1272,#1273),
(#1274,#1275,#1276),
(#1277,#1278,#1279),
(#1280,#1281,#1282)),
.UNSPECIFIED.,.F.,.F.,.F.)B_SPLINE_SURFACE_WITH_KNOTS((4,1,1,1,1,1,1,1,1,1,1,1,1,
1,1,1,4),
(3,3),
(0.,10.0478817534926,13.7574377174832,17.1887751226963,20.2304539830958,22.9502349177055,
25.4598848910318,27.704819869493,29.7583605663139,31.5554903508998,33.1670598424365,
34.6424127210419,36.0150864805744,37.3392691499521,38.5703858921729,39.7195667445223,
41.0002654175174),
(0.,1.),
.UNSPECIFIED.)GEOMETRIC_REPRESENTATION_ITEM()RATIONAL_B_SPLINE_SURFACE((
(1.,1.,1.),
(1.,0.999982510161482,1.),
(1.,0.990536423538997,1.),
(1.,0.962033682230546,1.),
(1.,0.939908679110577,1.),
(1.,0.91558402810015,1.),
(1.,0.890213948379987,1.),
(1.,0.86450287026112,1.),
(1.,0.838951245525218,1.),
(1.,0.814620431950718,1.),
(1.,0.792039281471076,1.),
(1.,0.771707774722136,1.),
(1.,0.753630393546386,1.),
(1.,0.737793662631966,1.),
(1.,0.724744353985599,1.),
(1.,0.715005790042531,1.),
(1.,0.708642755308687,1.),
(1.,0.707105546095464,1.),
(1.,0.70710678128958,1.)))REPRESENTATION_ITEM('')SURFACE());
#1226=CARTESIAN_POINT('',(-4.44089209850063E-16,19.5,-2.25));
#1227=CARTESIAN_POINT('',(-4.44089209850063E-16,19.5,-2.25));
#1228=CARTESIAN_POINT('',(-4.44089209850063E-16,19.5,-2.25000000000001));
#1229=CARTESIAN_POINT('',(0.000126201811860876,19.6865307069952,-2.3432653534976));
#1230=CARTESIAN_POINT('',(-0.000299637394700569,19.6443153936538,-2.39431539365382));
#1231=CARTESIAN_POINT('',(0.000126201811861012,19.5932653534976,-2.43653070699519));
#1232=CARTESIAN_POINT('',(0.0179703035797163,19.9484398581192,-2.47421992905962));
#1233=CARTESIAN_POINT('',(0.0392394370411176,19.8455061525793,-2.59550615257926));
#1234=CARTESIAN_POINT('',(0.0179703035797162,19.7242199290596,-2.69843985811923));
#1235=CARTESIAN_POINT('',(0.0750981254313921,20.2714008825615,-2.63570044128074));
#1236=CARTESIAN_POINT('',(0.152369924820728,20.0722145985251,-2.82221459852512));
#1237=CARTESIAN_POINT('',(0.075098125431392,19.8857004412807,-3.02140088256147));
#1238=CARTESIAN_POINT('',(0.122343151385116,20.4659309427592,-2.73296547137959));
#1239=CARTESIAN_POINT('',(0.240722561161059,20.1989894566776,-2.94898945667765));
#1240=CARTESIAN_POINT('',(0.122343151385115,19.9829654713796,-3.21593094275917));
#1241=CARTESIAN_POINT('',(0.175109807202593,20.6361484875141,-2.81807424375704));
#1242=CARTESIAN_POINT('',(0.337174486325299,20.3032086374395,-3.05320863743949));
#1243=CARTESIAN_POINT('',(0.175109807202593,20.068074243757,-3.38614848751407));
#1244=CARTESIAN_POINT('',(0.232675193994658,20.7869417456085,-2.89347087280428));
#1245=CARTESIAN_POINT('',(0.436685991535123,20.3861068159522,-3.13610681595222));
#1246=CARTESIAN_POINT('',(0.232675193994657,20.1434708728043,-3.53694174560855));
#1247=CARTESIAN_POINT('',(0.294042552936106,20.9202019772004,-2.9601009886002));
#1248=CARTESIAN_POINT('',(0.535794208038983,20.4495132680973,-3.19951326809726));
#1249=CARTESIAN_POINT('',(0.294042552936106,20.2101009886002,-3.6702019772004));
#1250=CARTESIAN_POINT('',(0.358297197790474,21.037061271971,-3.01853063598551));
#1251=CARTESIAN_POINT('',(0.631677608732251,20.4953268201361,-3.24532682013613));
#1252=CARTESIAN_POINT('',(0.358297197790473,20.2685306359855,-3.78706127197102));
#1253=CARTESIAN_POINT('',(0.424557893753998,21.1383875125044,-3.0691937562522));
#1254=CARTESIAN_POINT('',(0.719492438616603,20.5247033165511,-3.27470331655111));
#1255=CARTESIAN_POINT('',(0.424557893753998,20.3191937562522,-3.88838751250439));
#1256=CARTESIAN_POINT('',(0.491667563405361,21.224678475569,-3.11233923778451));
#1257=CARTESIAN_POINT('',(0.79664147467468,20.5402716392949,-3.29027163929487));
#1258=CARTESIAN_POINT('',(0.491667563405361,20.3623392377845,-3.97467847556902));
#1259=CARTESIAN_POINT('',(0.559382331692293,21.2974922658345,-3.14874613291725));
#1260=CARTESIAN_POINT('',(0.861194632118919,20.5449952856042,-3.29499528560417));
#1261=CARTESIAN_POINT('',(0.559382331692293,20.3987461329172,-4.04749226583449));
#1262=CARTESIAN_POINT('',(0.627910541476461,21.3583824003074,-3.17919120015369));
#1263=CARTESIAN_POINT('',(0.913148749520799,20.5417724742456,-3.29177247424567));
#1264=CARTESIAN_POINT('',(0.627910541476461,20.4291912001537,-4.10838240030737));
#1265=CARTESIAN_POINT('',(0.69819779453625,21.4086845505874,-3.20434227529373));
#1266=CARTESIAN_POINT('',(0.952792355421128,20.5331070488639,-3.28310704886388));
#1267=CARTESIAN_POINT('',(0.69819779453625,20.4543422752937,-4.15868455058744));
#1268=CARTESIAN_POINT('',(0.770118738976764,21.4483394371075,-3.22416971855376));
#1269=CARTESIAN_POINT('',(0.979507877888563,20.5217074596239,-3.27170745962389));
#1270=CARTESIAN_POINT('',(0.770118738976764,20.4741697185537,-4.1983394371075));
#1271=CARTESIAN_POINT('',(0.843375445406833,21.4771830312143,-3.23859151560714));
#1272=CARTESIAN_POINT('',(0.994209632472667,20.5106275473021,-3.26062754730208));
#1273=CARTESIAN_POINT('',(0.843375445406833,20.4885915156071,-4.22718303121427));
#1274=CARTESIAN_POINT('',(0.920012563718536,21.4956362633188,-3.24781813165942));
#1275=CARTESIAN_POINT('',(0.999975981233513,20.5022057039119,-3.25220570391189));
#1276=CARTESIAN_POINT('',(0.920012563718536,20.4978181316594,-4.24563626331883));
#1277=CARTESIAN_POINT('',(0.972637916762002,21.5000027328485,-3.25000136642428));
#1278=CARTESIAN_POINT('',(1.00000118941826,20.4999964403188,-3.24999644031878));
#1279=CARTESIAN_POINT('',(0.972637916762002,20.5000013664243,-4.25000273284856));
#1280=CARTESIAN_POINT('',(1.00001707106073,21.4999999997086,-3.2499999998543));
#1281=CARTESIAN_POINT('',(1.00000000000001,20.5000000001457,-3.25000000014572));
#1282=CARTESIAN_POINT('',(1.00001707106073,20.4999999998543,-4.24999999970859));
#1283=FACE_BOUND('',#1284,.T.);
#1284=EDGE_LOOP('',(#1622,#1623,#1624,#1625));
#1285=CYLINDRICAL_SURFACE('',#1286,1.);
#1286=AXIS2_PLACEMENT_3D('',#1287,#1288,#1289);
#1287=CARTESIAN_POINT('',(-3.,21.5,-4.25000000000001));
#1288=DIRECTION('',(-1.,0.,1.73666171449745E-16));
#1289=DIRECTION('',(1.54246545713606E-31,-1.,8.88178419700125E-16));
#1290=FACE_BOUND('',#1291,.T.);
#1291=EDGE_LOOP('',(#1626,#1627,#1628));
#1292=SPHERICAL_SURFACE('',#1293,1.);
#1293=AXIS2_PLACEMENT_3D('',#1294,#1295,#1296);
#1294=CARTESIAN_POINT('',(28.8,21.5,-4.25000000000001));
#1295=DIRECTION('',(-1.,0.,-8.88178419700125E-16));
#1296=DIRECTION('',(-1.57772181044203E-30,-1.,1.77635683940025E-15));
#1297=ORIENTED_EDGE('',*,*,#1629,.T.);
#1298=ORIENTED_EDGE('',*,*,#1630,.T.);
#1299=ORIENTED_EDGE('',*,*,#1631,.F.);
#1300=ORIENTED_EDGE('',*,*,#1632,.T.);
#1301=ORIENTED_EDGE('',*,*,#1633,.F.);
#1302=ORIENTED_EDGE('',*,*,#1634,.F.);
#1303=ORIENTED_EDGE('',*,*,#1633,.T.);
#1304=ORIENTED_EDGE('',*,*,#1635,.T.);
#1305=ORIENTED_EDGE('',*,*,#1636,.T.);
#1306=ORIENTED_EDGE('',*,*,#1629,.F.);
#1307=ORIENTED_EDGE('',*,*,#1637,.F.);
#1308=ORIENTED_EDGE('',*,*,#1638,.T.);
#1309=ORIENTED_EDGE('',*,*,#1639,.T.);
#1310=ORIENTED_EDGE('',*,*,#1640,.T.);
#1311=ORIENTED_EDGE('',*,*,#1630,.F.);
#1312=ORIENTED_EDGE('',*,*,#1641,.F.);
#1313=ORIENTED_EDGE('',*,*,#1642,.T.);
#1314=ORIENTED_EDGE('',*,*,#1631,.T.);
#1315=ORIENTED_EDGE('',*,*,#1643,.F.);
#1316=ORIENTED_EDGE('',*,*,#1644,.T.);
#1317=ORIENTED_EDGE('',*,*,#1632,.F.);
#1318=ORIENTED_EDGE('',*,*,#1645,.F.);
#1319=ORIENTED_EDGE('',*,*,#1646,.T.);
#1320=ORIENTED_EDGE('',*,*,#1634,.T.);
#1321=ORIENTED_EDGE('',*,*,#1647,.T.);
#1322=ORIENTED_EDGE('',*,*,#1648,.F.);
#1323=ORIENTED_EDGE('',*,*,#1649,.F.);
#1324=ORIENTED_EDGE('',*,*,#1650,.F.);
#1325=ORIENTED_EDGE('',*,*,#1651,.F.);
#1326=ORIENTED_EDGE('',*,*,#1652,.F.);
#1327=ORIENTED_EDGE('',*,*,#1653,.F.);
#1328=ORIENTED_EDGE('',*,*,#1654,.F.);
#1329=ORIENTED_EDGE('',*,*,#1655,.F.);
#1330=ORIENTED_EDGE('',*,*,#1656,.F.);
#1331=ORIENTED_EDGE('',*,*,#1635,.F.);
#1332=ORIENTED_EDGE('',*,*,#1657,.F.);
#1333=ORIENTED_EDGE('',*,*,#1658,.F.);
#1334=ORIENTED_EDGE('',*,*,#1659,.T.);
#1335=ORIENTED_EDGE('',*,*,#1660,.T.);
#1336=ORIENTED_EDGE('',*,*,#1661,.T.);
#1337=ORIENTED_EDGE('',*,*,#1662,.F.);
#1338=ORIENTED_EDGE('',*,*,#1663,.F.);
#1339=ORIENTED_EDGE('',*,*,#1664,.F.);
#1340=ORIENTED_EDGE('',*,*,#1665,.F.);
#1341=ORIENTED_EDGE('',*,*,#1656,.T.);
#1342=ORIENTED_EDGE('',*,*,#1666,.T.);
#1343=ORIENTED_EDGE('',*,*,#1638,.F.);
#1344=ORIENTED_EDGE('',*,*,#1636,.F.);
#1345=ORIENTED_EDGE('',*,*,#1657,.T.);
#1346=ORIENTED_EDGE('',*,*,#1637,.T.);
#1347=ORIENTED_EDGE('',*,*,#1644,.F.);
#1348=ORIENTED_EDGE('',*,*,#1667,.F.);
#1349=ORIENTED_EDGE('',*,*,#1668,.T.);
#1350=ORIENTED_EDGE('',*,*,#1669,.T.);
#1351=ORIENTED_EDGE('',*,*,#1670,.F.);
#1352=ORIENTED_EDGE('',*,*,#1639,.F.);
#1353=ORIENTED_EDGE('',*,*,#1643,.T.);
#1354=ORIENTED_EDGE('',*,*,#1640,.F.);
#1355=ORIENTED_EDGE('',*,*,#1671,.F.);
#1356=ORIENTED_EDGE('',*,*,#1672,.T.);
#1357=ORIENTED_EDGE('',*,*,#1673,.F.);
#1358=ORIENTED_EDGE('',*,*,#1641,.T.);
#1359=ORIENTED_EDGE('',*,*,#1674,.T.);
#1360=ORIENTED_EDGE('',*,*,#1675,.F.);
#1361=ORIENTED_EDGE('',*,*,#1645,.T.);
#1362=ORIENTED_EDGE('',*,*,#1642,.F.);
#1363=ORIENTED_EDGE('',*,*,#1676,.T.);
#1364=ORIENTED_EDGE('',*,*,#1646,.F.);
#1365=ORIENTED_EDGE('',*,*,#1677,.T.);
#1366=ORIENTED_EDGE('',*,*,#1678,.F.);
#1367=ORIENTED_EDGE('',*,*,#1647,.F.);
#1368=ORIENTED_EDGE('',*,*,#1679,.T.);
#1369=ORIENTED_EDGE('',*,*,#1652,.T.);
#1370=ORIENTED_EDGE('',*,*,#1680,.T.);
#1371=ORIENTED_EDGE('',*,*,#1681,.F.);
#1372=ORIENTED_EDGE('',*,*,#1682,.F.);
#1373=ORIENTED_EDGE('',*,*,#1653,.T.);
#1374=ORIENTED_EDGE('',*,*,#1682,.T.);
#1375=ORIENTED_EDGE('',*,*,#1683,.F.);
#1376=ORIENTED_EDGE('',*,*,#1684,.F.);
#1377=ORIENTED_EDGE('',*,*,#1654,.T.);
#1378=ORIENTED_EDGE('',*,*,#1684,.T.);
#1379=ORIENTED_EDGE('',*,*,#1685,.F.);
#1380=ORIENTED_EDGE('',*,*,#1686,.F.);
#1381=ORIENTED_EDGE('',*,*,#1655,.T.);
#1382=ORIENTED_EDGE('',*,*,#1686,.T.);
#1383=ORIENTED_EDGE('',*,*,#1668,.F.);
#1384=ORIENTED_EDGE('',*,*,#1666,.F.);
#1385=ORIENTED_EDGE('',*,*,#1658,.T.);
#1386=ORIENTED_EDGE('',*,*,#1667,.T.);
#1387=ORIENTED_EDGE('',*,*,#1676,.F.);
#1388=ORIENTED_EDGE('',*,*,#1680,.F.);
#1389=ORIENTED_EDGE('',*,*,#1659,.F.);
#1390=ORIENTED_EDGE('',*,*,#1687,.F.);
#1391=ORIENTED_EDGE('',*,*,#1660,.F.);
#1392=ORIENTED_EDGE('',*,*,#1688,.F.);
#1393=ORIENTED_EDGE('',*,*,#1661,.F.);
#1394=ORIENTED_EDGE('',*,*,#1689,.F.);
#1395=ORIENTED_EDGE('',*,*,#1690,.T.);
#1396=ORIENTED_EDGE('',*,*,#1691,.F.);
#1397=ORIENTED_EDGE('',*,*,#1692,.F.);
#1398=ORIENTED_EDGE('',*,*,#1693,.T.);
#1399=ORIENTED_EDGE('',*,*,#1694,.F.);
#1400=ORIENTED_EDGE('',*,*,#1695,.T.);
#1401=ORIENTED_EDGE('',*,*,#1696,.T.);
#1402=ORIENTED_EDGE('',*,*,#1697,.F.);
#1403=ORIENTED_EDGE('',*,*,#1698,.T.);
#1404=ORIENTED_EDGE('',*,*,#1699,.T.);
#1405=ORIENTED_EDGE('',*,*,#1700,.F.);
#1406=ORIENTED_EDGE('',*,*,#1701,.T.);
#1407=ORIENTED_EDGE('',*,*,#1702,.T.);
#1408=ORIENTED_EDGE('',*,*,#1703,.F.);
#1409=ORIENTED_EDGE('',*,*,#1704,.T.);
#1410=ORIENTED_EDGE('',*,*,#1705,.F.);
#1411=ORIENTED_EDGE('',*,*,#1706,.F.);
#1412=ORIENTED_EDGE('',*,*,#1707,.T.);
#1413=ORIENTED_EDGE('',*,*,#1708,.T.);
#1414=ORIENTED_EDGE('',*,*,#1709,.T.);
#1415=ORIENTED_EDGE('',*,*,#1710,.T.);
#1416=ORIENTED_EDGE('',*,*,#1711,.F.);
#1417=ORIENTED_EDGE('',*,*,#1712,.F.);
#1418=ORIENTED_EDGE('',*,*,#1713,.T.);
#1419=ORIENTED_EDGE('',*,*,#1714,.F.);
#1420=ORIENTED_EDGE('',*,*,#1715,.T.);
#1421=ORIENTED_EDGE('',*,*,#1716,.T.);
#1422=ORIENTED_EDGE('',*,*,#1717,.F.);
#1423=ORIENTED_EDGE('',*,*,#1718,.T.);
#1424=ORIENTED_EDGE('',*,*,#1719,.T.);
#1425=ORIENTED_EDGE('',*,*,#1720,.F.);
#1426=ORIENTED_EDGE('',*,*,#1721,.T.);
#1427=ORIENTED_EDGE('',*,*,#1722,.T.);
#1428=ORIENTED_EDGE('',*,*,#1723,.F.);
#1429=ORIENTED_EDGE('',*,*,#1724,.T.);
#1430=ORIENTED_EDGE('',*,*,#1725,.F.);
#1431=ORIENTED_EDGE('',*,*,#1726,.F.);
#1432=ORIENTED_EDGE('',*,*,#1727,.T.);
#1433=ORIENTED_EDGE('',*,*,#1728,.T.);
#1434=ORIENTED_EDGE('',*,*,#1729,.T.);
#1435=ORIENTED_EDGE('',*,*,#1685,.T.);
#1436=ORIENTED_EDGE('',*,*,#1730,.T.);
#1437=ORIENTED_EDGE('',*,*,#1731,.F.);
#1438=ORIENTED_EDGE('',*,*,#1669,.F.);
#1439=ORIENTED_EDGE('',*,*,#1732,.T.);
#1440=ORIENTED_EDGE('',*,*,#1674,.F.);
#1441=ORIENTED_EDGE('',*,*,#1671,.T.);
#1442=ORIENTED_EDGE('',*,*,#1670,.T.);
#1443=ORIENTED_EDGE('',*,*,#1672,.F.);
#1444=ORIENTED_EDGE('',*,*,#1733,.T.);
#1445=ORIENTED_EDGE('',*,*,#1734,.T.);
#1446=ORIENTED_EDGE('',*,*,#1735,.F.);
#1447=ORIENTED_EDGE('',*,*,#1736,.T.);
#1448=ORIENTED_EDGE('',*,*,#1677,.F.);
#1449=ORIENTED_EDGE('',*,*,#1675,.T.);
#1450=ORIENTED_EDGE('',*,*,#1673,.T.);
#1451=ORIENTED_EDGE('',*,*,#1681,.T.);
#1452=ORIENTED_EDGE('',*,*,#1678,.T.);
#1453=ORIENTED_EDGE('',*,*,#1737,.T.);
#1454=ORIENTED_EDGE('',*,*,#1738,.F.);
#1455=ORIENTED_EDGE('',*,*,#1679,.F.);
#1456=ORIENTED_EDGE('',*,*,#1687,.T.);
#1457=ORIENTED_EDGE('',*,*,#1688,.T.);
#1458=ORIENTED_EDGE('',*,*,#1689,.T.);
#1459=ORIENTED_EDGE('',*,*,#1683,.T.);
#1460=ORIENTED_EDGE('',*,*,#1738,.T.);
#1461=ORIENTED_EDGE('',*,*,#1734,.F.);
#1462=ORIENTED_EDGE('',*,*,#1730,.F.);
#1463=ORIENTED_EDGE('',*,*,#1739,.T.);
#1464=ORIENTED_EDGE('',*,*,#1740,.T.);
#1465=ORIENTED_EDGE('',*,*,#1741,.T.);
#1466=ORIENTED_EDGE('',*,*,#1742,.T.);
#1467=ORIENTED_EDGE('',*,*,#1698,.F.);
#1468=ORIENTED_EDGE('',*,*,#1708,.F.);
#1469=ORIENTED_EDGE('',*,*,#1699,.F.);
#1470=ORIENTED_EDGE('',*,*,#1709,.F.);
#1471=ORIENTED_EDGE('',*,*,#1743,.T.);
#1472=ORIENTED_EDGE('',*,*,#1744,.T.);
#1473=ORIENTED_EDGE('',*,*,#1745,.T.);
#1474=ORIENTED_EDGE('',*,*,#1746,.T.);
#1475=ORIENTED_EDGE('',*,*,#1728,.F.);
#1476=ORIENTED_EDGE('',*,*,#1718,.F.);
#1477=ORIENTED_EDGE('',*,*,#1729,.F.);
#1478=ORIENTED_EDGE('',*,*,#1719,.F.);
#1479=ORIENTED_EDGE('',*,*,#1732,.F.);
#1480=ORIENTED_EDGE('',*,*,#1731,.T.);
#1481=ORIENTED_EDGE('',*,*,#1733,.F.);
#1482=ORIENTED_EDGE('',*,*,#1735,.T.);
#1483=ORIENTED_EDGE('',*,*,#1737,.F.);
#1484=ORIENTED_EDGE('',*,*,#1736,.F.);
#1485=ORIENTED_EDGE('',*,*,#1747,.F.);
#1486=ORIENTED_EDGE('',*,*,#1662,.T.);
#1487=ORIENTED_EDGE('',*,*,#1748,.T.);
#1488=ORIENTED_EDGE('',*,*,#1701,.F.);
#1489=ORIENTED_EDGE('',*,*,#1749,.F.);
#1490=ORIENTED_EDGE('',*,*,#1665,.T.);
#1491=ORIENTED_EDGE('',*,*,#1750,.T.);
#1492=ORIENTED_EDGE('',*,*,#1695,.F.);
#1493=ORIENTED_EDGE('',*,*,#1751,.T.);
#1494=ORIENTED_EDGE('',*,*,#1693,.F.);
#1495=ORIENTED_EDGE('',*,*,#1752,.F.);
#1496=ORIENTED_EDGE('',*,*,#1664,.T.);
#1497=ORIENTED_EDGE('',*,*,#1753,.T.);
#1498=ORIENTED_EDGE('',*,*,#1707,.F.);
#1499=ORIENTED_EDGE('',*,*,#1754,.F.);
#1500=ORIENTED_EDGE('',*,*,#1663,.T.);
#1501=ORIENTED_EDGE('',*,*,#1755,.F.);
#1502=ORIENTED_EDGE('',*,*,#1648,.T.);
#1503=ORIENTED_EDGE('',*,*,#1756,.T.);
#1504=ORIENTED_EDGE('',*,*,#1721,.F.);
#1505=ORIENTED_EDGE('',*,*,#1757,.F.);
#1506=ORIENTED_EDGE('',*,*,#1651,.T.);
#1507=ORIENTED_EDGE('',*,*,#1758,.T.);
#1508=ORIENTED_EDGE('',*,*,#1715,.F.);
#1509=ORIENTED_EDGE('',*,*,#1759,.T.);
#1510=ORIENTED_EDGE('',*,*,#1713,.F.);
#1511=ORIENTED_EDGE('',*,*,#1760,.F.);
#1512=ORIENTED_EDGE('',*,*,#1650,.T.);
#1513=ORIENTED_EDGE('',*,*,#1761,.T.);
#1514=ORIENTED_EDGE('',*,*,#1727,.F.);
#1515=ORIENTED_EDGE('',*,*,#1762,.F.);
#1516=ORIENTED_EDGE('',*,*,#1649,.T.);
#1517=ORIENTED_EDGE('',*,*,#1763,.F.);
#1518=ORIENTED_EDGE('',*,*,#1703,.T.);
#1519=ORIENTED_EDGE('',*,*,#1764,.T.);
#1520=ORIENTED_EDGE('',*,*,#1739,.F.);
#1521=ORIENTED_EDGE('',*,*,#1765,.F.);
#1522=ORIENTED_EDGE('',*,*,#1697,.T.);
#1523=ORIENTED_EDGE('',*,*,#1766,.T.);
#1524=ORIENTED_EDGE('',*,*,#1740,.F.);
#1525=ORIENTED_EDGE('',*,*,#1767,.T.);
#1526=ORIENTED_EDGE('',*,*,#1741,.F.);
#1527=ORIENTED_EDGE('',*,*,#1768,.F.);
#1528=ORIENTED_EDGE('',*,*,#1691,.T.);
#1529=ORIENTED_EDGE('',*,*,#1769,.T.);
#1530=ORIENTED_EDGE('',*,*,#1742,.F.);
#1531=ORIENTED_EDGE('',*,*,#1770,.F.);
#1532=ORIENTED_EDGE('',*,*,#1705,.T.);
#1533=ORIENTED_EDGE('',*,*,#1771,.F.);
#1534=ORIENTED_EDGE('',*,*,#1723,.T.);
#1535=ORIENTED_EDGE('',*,*,#1772,.T.);
#1536=ORIENTED_EDGE('',*,*,#1743,.F.);
#1537=ORIENTED_EDGE('',*,*,#1773,.F.);
#1538=ORIENTED_EDGE('',*,*,#1717,.T.);
#1539=ORIENTED_EDGE('',*,*,#1774,.T.);
#1540=ORIENTED_EDGE('',*,*,#1744,.F.);
#1541=ORIENTED_EDGE('',*,*,#1775,.T.);
#1542=ORIENTED_EDGE('',*,*,#1745,.F.);
#1543=ORIENTED_EDGE('',*,*,#1776,.F.);
#1544=ORIENTED_EDGE('',*,*,#1711,.T.);
#1545=ORIENTED_EDGE('',*,*,#1777,.T.);
#1546=ORIENTED_EDGE('',*,*,#1746,.F.);
#1547=ORIENTED_EDGE('',*,*,#1778,.F.);
#1548=ORIENTED_EDGE('',*,*,#1725,.T.);
#1549=ORIENTED_EDGE('',*,*,#1750,.F.);
#1550=ORIENTED_EDGE('',*,*,#1752,.T.);
#1551=ORIENTED_EDGE('',*,*,#1779,.T.);
#1552=ORIENTED_EDGE('',*,*,#1696,.F.);
#1553=ORIENTED_EDGE('',*,*,#1779,.F.);
#1554=ORIENTED_EDGE('',*,*,#1692,.T.);
#1555=ORIENTED_EDGE('',*,*,#1780,.T.);
#1556=ORIENTED_EDGE('',*,*,#1766,.F.);
#1557=ORIENTED_EDGE('',*,*,#1780,.F.);
#1558=ORIENTED_EDGE('',*,*,#1768,.T.);
#1559=ORIENTED_EDGE('',*,*,#1781,.T.);
#1560=ORIENTED_EDGE('',*,*,#1751,.F.);
#1561=ORIENTED_EDGE('',*,*,#1754,.T.);
#1562=ORIENTED_EDGE('',*,*,#1690,.F.);
#1563=ORIENTED_EDGE('',*,*,#1781,.F.);
#1564=ORIENTED_EDGE('',*,*,#1706,.T.);
#1565=ORIENTED_EDGE('',*,*,#1782,.T.);
#1566=ORIENTED_EDGE('',*,*,#1767,.F.);
#1567=ORIENTED_EDGE('',*,*,#1782,.F.);
#1568=ORIENTED_EDGE('',*,*,#1770,.T.);
#1569=ORIENTED_EDGE('',*,*,#1748,.F.);
#1570=ORIENTED_EDGE('',*,*,#1749,.T.);
#1571=ORIENTED_EDGE('',*,*,#1783,.T.);
#1572=ORIENTED_EDGE('',*,*,#1702,.F.);
#1573=ORIENTED_EDGE('',*,*,#1783,.F.);
#1574=ORIENTED_EDGE('',*,*,#1694,.T.);
#1575=ORIENTED_EDGE('',*,*,#1784,.T.);
#1576=ORIENTED_EDGE('',*,*,#1764,.F.);
#1577=ORIENTED_EDGE('',*,*,#1784,.F.);
#1578=ORIENTED_EDGE('',*,*,#1765,.T.);
#1579=ORIENTED_EDGE('',*,*,#1785,.T.);
#1580=ORIENTED_EDGE('',*,*,#1753,.F.);
#1581=ORIENTED_EDGE('',*,*,#1747,.T.);
#1582=ORIENTED_EDGE('',*,*,#1704,.F.);
#1583=ORIENTED_EDGE('',*,*,#1785,.F.);
#1584=ORIENTED_EDGE('',*,*,#1700,.T.);
#1585=ORIENTED_EDGE('',*,*,#1786,.T.);
#1586=ORIENTED_EDGE('',*,*,#1769,.F.);
#1587=ORIENTED_EDGE('',*,*,#1786,.F.);
#1588=ORIENTED_EDGE('',*,*,#1763,.T.);
#1589=ORIENTED_EDGE('',*,*,#1787,.T.);
#1590=ORIENTED_EDGE('',*,*,#1758,.F.);
#1591=ORIENTED_EDGE('',*,*,#1760,.T.);
#1592=ORIENTED_EDGE('',*,*,#1716,.F.);
#1593=ORIENTED_EDGE('',*,*,#1787,.F.);
#1594=ORIENTED_EDGE('',*,*,#1712,.T.);
#1595=ORIENTED_EDGE('',*,*,#1788,.T.);
#1596=ORIENTED_EDGE('',*,*,#1774,.F.);
#1597=ORIENTED_EDGE('',*,*,#1788,.F.);
#1598=ORIENTED_EDGE('',*,*,#1776,.T.);
#1599=ORIENTED_EDGE('',*,*,#1759,.F.);
#1600=ORIENTED_EDGE('',*,*,#1762,.T.);
#1601=ORIENTED_EDGE('',*,*,#1789,.T.);
#1602=ORIENTED_EDGE('',*,*,#1710,.F.);
#1603=ORIENTED_EDGE('',*,*,#1789,.F.);
#1604=ORIENTED_EDGE('',*,*,#1726,.T.);
#1605=ORIENTED_EDGE('',*,*,#1790,.T.);
#1606=ORIENTED_EDGE('',*,*,#1775,.F.);
#1607=ORIENTED_EDGE('',*,*,#1790,.F.);
#1608=ORIENTED_EDGE('',*,*,#1778,.T.);
#1609=ORIENTED_EDGE('',*,*,#1791,.T.);
#1610=ORIENTED_EDGE('',*,*,#1756,.F.);
#1611=ORIENTED_EDGE('',*,*,#1757,.T.);
#1612=ORIENTED_EDGE('',*,*,#1722,.F.);
#1613=ORIENTED_EDGE('',*,*,#1791,.F.);
#1614=ORIENTED_EDGE('',*,*,#1714,.T.);
#1615=ORIENTED_EDGE('',*,*,#1792,.T.);
#1616=ORIENTED_EDGE('',*,*,#1772,.F.);
#1617=ORIENTED_EDGE('',*,*,#1792,.F.);
#1618=ORIENTED_EDGE('',*,*,#1773,.T.);
#1619=ORIENTED_EDGE('',*,*,#1761,.F.);
#1620=ORIENTED_EDGE('',*,*,#1755,.T.);
#1621=ORIENTED_EDGE('',*,*,#1793,.T.);
#1622=ORIENTED_EDGE('',*,*,#1724,.F.);
#1623=ORIENTED_EDGE('',*,*,#1793,.F.);
#1624=ORIENTED_EDGE('',*,*,#1720,.T.);
#1625=ORIENTED_EDGE('',*,*,#1794,.T.);
#1626=ORIENTED_EDGE('',*,*,#1777,.F.);
#1627=ORIENTED_EDGE('',*,*,#1794,.F.);
#1628=ORIENTED_EDGE('',*,*,#1771,.T.);
#1629=EDGE_CURVE('',#1795,#1796,#1797,.T.);
#1630=EDGE_CURVE('',#1796,#1798,#1799,.T.);
#1631=EDGE_CURVE('',#1800,#1798,#1801,.T.);
#1632=EDGE_CURVE('',#1800,#1795,#1802,.T.);
#1633=EDGE_CURVE('',#1803,#1803,#1804,.T.);
#1634=EDGE_CURVE('',#1805,#1805,#1806,.T.);
#1635=EDGE_CURVE('',#1807,#1808,#1809,.T.);
#1636=EDGE_CURVE('',#1808,#1796,#1810,.T.);
#1637=EDGE_CURVE('',#1807,#1795,#1811,.T.);
#1638=EDGE_CURVE('',#1796,#1812,#1813,.F.);
#1639=EDGE_CURVE('',#1812,#1814,#1815,.T.);
#1640=EDGE_CURVE('',#1814,#1798,#1816,.F.);
#1641=EDGE_CURVE('',#1817,#1818,#1819,.T.);
#1642=EDGE_CURVE('',#1817,#1800,#1820,.T.);
#1643=EDGE_CURVE('',#1818,#1798,#1821,.F.);
#1644=EDGE_CURVE('',#1822,#1795,#1823,.F.);
#1645=EDGE_CURVE('',#1824,#1800,#1825,.F.);
#1646=EDGE_CURVE('',#1824,#1822,#1826,.T.);
#1647=EDGE_CURVE('',#1827,#1827,#1828,.T.);
#1648=EDGE_CURVE('',#1829,#1830,#1831,.T.);
#1649=EDGE_CURVE('',#1832,#1829,#1833,.T.);
#1650=EDGE_CURVE('',#1834,#1832,#1835,.T.);
#1651=EDGE_CURVE('',#1830,#1834,#1836,.T.);
#1652=EDGE_CURVE('',#1837,#1838,#1839,.T.);
#1653=EDGE_CURVE('',#1840,#1837,#1841,.T.);
#1654=EDGE_CURVE('',#1842,#1840,#1843,.F.);
#1655=EDGE_CURVE('',#1844,#1842,#1845,.T.);
#1656=EDGE_CURVE('',#1808,#1844,#1846,.F.);
#1657=EDGE_CURVE('',#1847,#1807,#1848,.F.);
#1658=EDGE_CURVE('',#1838,#1847,#1849,.T.);
#1659=EDGE_CURVE('',#1850,#1850,#1851,.F.);
#1660=EDGE_CURVE('',#1852,#1852,#1853,.F.);
#1661=EDGE_CURVE('',#1854,#1854,#1855,.F.);
#1662=EDGE_CURVE('',#1856,#1857,#1858,.T.);
#1663=EDGE_CURVE('',#1859,#1856,#1860,.T.);
#1664=EDGE_CURVE('',#1861,#1859,#1862,.T.);
#1665=EDGE_CURVE('',#1857,#1861,#1863,.T.);
#1666=EDGE_CURVE('',#1844,#1812,#1864,.T.);
#1667=EDGE_CURVE('',#1847,#1822,#1865,.T.);
#1668=EDGE_CURVE('',#1812,#1866,#1867,.T.);
#1669=EDGE_CURVE('',#1866,#1868,#1869,.T.);
#1670=EDGE_CURVE('',#1814,#1868,#1870,.T.);
#1671=EDGE_CURVE('',#1818,#1814,#1871,.F.);
#1672=EDGE_CURVE('',#1872,#1873,#1874,.T.);
#1673=EDGE_CURVE('',#1817,#1873,#1875,.F.);
#1674=EDGE_CURVE('',#1818,#1872,#1876,.T.);
#1675=EDGE_CURVE('',#1824,#1817,#1877,.F.);
#1676=EDGE_CURVE('',#1878,#1822,#1879,.T.);
#1677=EDGE_CURVE('',#1824,#1880,#1881,.F.);
#1678=EDGE_CURVE('',#1878,#1880,#1882,.T.);
#1679=EDGE_CURVE('',#1883,#1883,#1884,.T.);
#1680=EDGE_CURVE('',#1838,#1878,#1885,.T.);
#1681=EDGE_CURVE('',#1886,#1878,#1887,.T.);
#1682=EDGE_CURVE('',#1837,#1886,#1888,.T.);
#1683=EDGE_CURVE('',#1889,#1886,#1890,.T.);
#1684=EDGE_CURVE('',#1840,#1889,#1891,.T.);
#1685=EDGE_CURVE('',#1866,#1889,#1892,.F.);
#1686=EDGE_CURVE('',#1842,#1866,#1893,.T.);
#1687=EDGE_CURVE('',#1894,#1894,#1895,.T.);
#1688=EDGE_CURVE('',#1896,#1896,#1897,.T.);
#1689=EDGE_CURVE('',#1898,#1898,#1899,.T.);
#1690=EDGE_CURVE('',#1900,#1901,#1902,.T.);
#1691=EDGE_CURVE('',#1903,#1901,#1904,.T.);
#1692=EDGE_CURVE('',#1905,#1903,#1906,.T.);
#1693=EDGE_CURVE('',#1905,#1900,#1907,.T.);
#1694=EDGE_CURVE('',#1908,#1909,#1910,.T.);
#1695=EDGE_CURVE('',#1908,#1911,#1912,.T.);
#1696=EDGE_CURVE('',#1911,#1913,#1914,.T.);
#1697=EDGE_CURVE('',#1909,#1913,#1915,.T.);
#1698=EDGE_CURVE('',#1916,#1916,#1917,.T.);
#1699=EDGE_CURVE('',#1918,#1918,#1919,.T.);
#1700=EDGE_CURVE('',#1920,#1921,#1922,.T.);
#1701=EDGE_CURVE('',#1920,#1923,#1924,.T.);
#1702=EDGE_CURVE('',#1923,#1925,#1926,.T.);
#1703=EDGE_CURVE('',#1921,#1925,#1927,.T.);
#1704=EDGE_CURVE('',#1928,#1929,#1930,.T.);
#1705=EDGE_CURVE('',#1931,#1929,#1932,.T.);
#1706=EDGE_CURVE('',#1933,#1931,#1934,.T.);
#1707=EDGE_CURVE('',#1933,#1928,#1935,.T.);
#1708=EDGE_CURVE('',#1936,#1936,#1937,.F.);
#1709=EDGE_CURVE('',#1938,#1938,#1939,.F.);
#1710=EDGE_CURVE('',#1940,#1941,#1942,.T.);
#1711=EDGE_CURVE('',#1943,#1941,#1944,.T.);
#1712=EDGE_CURVE('',#1945,#1943,#1946,.T.);
#1713=EDGE_CURVE('',#1945,#1940,#1947,.T.);
#1714=EDGE_CURVE('',#1948,#1949,#1950,.T.);
#1715=EDGE_CURVE('',#1948,#1951,#1952,.T.);
#1716=EDGE_CURVE('',#1951,#1953,#1954,.T.);
#1717=EDGE_CURVE('',#1949,#1953,#1955,.T.);
#1718=EDGE_CURVE('',#1956,#1956,#1957,.F.);
#1719=EDGE_CURVE('',#1958,#1958,#1959,.F.);
#1720=EDGE_CURVE('',#1960,#1961,#1962,.T.);
#1721=EDGE_CURVE('',#1960,#1963,#1964,.T.);
#1722=EDGE_CURVE('',#1963,#1965,#1966,.T.);
#1723=EDGE_CURVE('',#1961,#1965,#1967,.T.);
#1724=EDGE_CURVE('',#1968,#1969,#1970,.T.);
#1725=EDGE_CURVE('',#1971,#1969,#1972,.T.);
#1726=EDGE_CURVE('',#1973,#1971,#1974,.T.);
#1727=EDGE_CURVE('',#1973,#1968,#1975,.T.);
#1728=EDGE_CURVE('',#1976,#1976,#1977,.T.);
#1729=EDGE_CURVE('',#1978,#1978,#1979,.T.);
#1730=EDGE_CURVE('',#1889,#1980,#1981,.T.);
#1731=EDGE_CURVE('',#1868,#1980,#1982,.F.);
#1732=EDGE_CURVE('',#1868,#1872,#1983,.F.);
#1733=EDGE_CURVE('',#1872,#1980,#1984,.T.);
#1734=EDGE_CURVE('',#1980,#1985,#1986,.T.);
#1735=EDGE_CURVE('',#1873,#1985,#1987,.F.);
#1736=EDGE_CURVE('',#1873,#1880,#1988,.F.);
#1737=EDGE_CURVE('',#1880,#1985,#1989,.F.);
#1738=EDGE_CURVE('',#1886,#1985,#1990,.T.);
#1739=EDGE_CURVE('',#1991,#1992,#1993,.T.);
#1740=EDGE_CURVE('',#1992,#1994,#1995,.T.);
#1741=EDGE_CURVE('',#1994,#1996,#1997,.T.);
#1742=EDGE_CURVE('',#1996,#1991,#1998,.T.);
#1743=EDGE_CURVE('',#1999,#2000,#2001,.T.);
#1744=EDGE_CURVE('',#2000,#2002,#2003,.T.);
#1745=EDGE_CURVE('',#2002,#2004,#2005,.T.);
#1746=EDGE_CURVE('',#2004,#1999,#2006,.T.);
#1747=EDGE_CURVE('',#1856,#1920,#2007,.T.);
#1748=EDGE_CURVE('',#1857,#1923,#2008,.T.);
#1749=EDGE_CURVE('',#1857,#1908,#2009,.T.);
#1750=EDGE_CURVE('',#1861,#1911,#2010,.T.);
#1751=EDGE_CURVE('',#1859,#1900,#2011,.T.);
#1752=EDGE_CURVE('',#1861,#1905,#2012,.T.);
#1753=EDGE_CURVE('',#1856,#1928,#2013,.T.);
#1754=EDGE_CURVE('',#1859,#1933,#2014,.T.);
#1755=EDGE_CURVE('',#1829,#1960,#2015,.T.);
#1756=EDGE_CURVE('',#1830,#1963,#2016,.T.);
#1757=EDGE_CURVE('',#1830,#1948,#2017,.T.);
#1758=EDGE_CURVE('',#1834,#1951,#2018,.T.);
#1759=EDGE_CURVE('',#1832,#1940,#2019,.T.);
#1760=EDGE_CURVE('',#1834,#1945,#2020,.T.);
#1761=EDGE_CURVE('',#1829,#1968,#2021,.T.);
#1762=EDGE_CURVE('',#1832,#1973,#2022,.T.);
#1763=EDGE_CURVE('',#1921,#1991,#2023,.T.);
#1764=EDGE_CURVE('',#1925,#1992,#2024,.T.);
#1765=EDGE_CURVE('',#1909,#1992,#2025,.T.);
#1766=EDGE_CURVE('',#1913,#1994,#2026,.T.);
#1767=EDGE_CURVE('',#1901,#1996,#2027,.T.);
#1768=EDGE_CURVE('',#1903,#1994,#2028,.T.);
#1769=EDGE_CURVE('',#1929,#1991,#2029,.T.);
#1770=EDGE_CURVE('',#1931,#1996,#2030,.T.);
#1771=EDGE_CURVE('',#1961,#1999,#2031,.T.);
#1772=EDGE_CURVE('',#1965,#2000,#2032,.T.);
#1773=EDGE_CURVE('',#1949,#2000,#2033,.T.);
#1774=EDGE_CURVE('',#1953,#2002,#2034,.T.);
#1775=EDGE_CURVE('',#1941,#2004,#2035,.T.);
#1776=EDGE_CURVE('',#1943,#2002,#2036,.T.);
#1777=EDGE_CURVE('',#1969,#1999,#2037,.T.);
#1778=EDGE_CURVE('',#1971,#2004,#2038,.T.);
#1779=EDGE_CURVE('',#1905,#1911,#2039,.F.);
#1780=EDGE_CURVE('',#1903,#1913,#2040,.F.);
#1781=EDGE_CURVE('',#1933,#1900,#2041,.F.);
#1782=EDGE_CURVE('',#1931,#1901,#2042,.F.);
#1783=EDGE_CURVE('',#1908,#1923,#2043,.F.);
#1784=EDGE_CURVE('',#1909,#1925,#2044,.F.);
#1785=EDGE_CURVE('',#1920,#1928,#2045,.F.);
#1786=EDGE_CURVE('',#1921,#1929,#2046,.F.);
#1787=EDGE_CURVE('',#1945,#1951,#2047,.F.);
#1788=EDGE_CURVE('',#1943,#1953,#2048,.F.);
#1789=EDGE_CURVE('',#1973,#1940,#2049,.F.);
#1790=EDGE_CURVE('',#1971,#1941,#2050,.F.);
#1791=EDGE_CURVE('',#1948,#1963,#2051,.F.);
#1792=EDGE_CURVE('',#1949,#1965,#2052,.F.);
#1793=EDGE_CURVE('',#1960,#1968,#2053,.F.);
#1794=EDGE_CURVE('',#1961,#1969,#2054,.F.);
#1795=VERTEX_POINT('',#2055);
#1796=VERTEX_POINT('',#2056);
#1797=LINE('',#2057,#2058);
#1798=VERTEX_POINT('',#2060);
#1799=LINE('',#2061,#2062);
#1800=VERTEX_POINT('',#2064);
#1801=LINE('',#2065,#2066);
#1802=LINE('',#2068,#2069);
#1803=VERTEX_POINT('',#2071);
#1804=CIRCLE('',#2072,2.);
#1805=VERTEX_POINT('',#2076);
#1806=CIRCLE('',#2077,2.);
#1807=VERTEX_POINT('',#2081);
#1808=VERTEX_POINT('',#2082);
#1809=LINE('',#2083,#2084);
#1810=CIRCLE('',#2086,1.);
#1811=CIRCLE('',#2090,0.999999999999982);
#1812=VERTEX_POINT('',#2094);
#1813=CIRCLE('',#2095,1.);
#1814=VERTEX_POINT('',#2099);
#1815=LINE('',#2100,#2101);
#1816=CIRCLE('',#2103,1.);
#1817=VERTEX_POINT('',#2107);
#1818=VERTEX_POINT('',#2108);
#1819=LINE('',#2109,#2110);
#1820=CIRCLE('',#2112,1.);
#1821=CIRCLE('',#2116,1.);
#1822=VERTEX_POINT('',#2120);
#1823=(BOUNDED_CURVE()B_SPLINE_CURVE(3,
(#2121,#2122,#2123,#2124),
.UNSPECIFIED.,.F.,.F.)B_SPLINE_CURVE_WITH_KNOTS((4,4),
(0.,1.),
.UNSPECIFIED.)CURVE()GEOMETRIC_REPRESENTATION_ITEM()RATIONAL_B_SPLINE_CURVE((1.,
0.804737854124365,0.804737854124365,1.))REPRESENTATION_ITEM(''));
#1824=VERTEX_POINT('',#2125);
#1825=CIRCLE('',#2126,1.);
#1826=LINE('',#2130,#2131);
#1827=VERTEX_POINT('',#2133);
#1828=CIRCLE('',#2134,45.);
#1829=VERTEX_POINT('',#2138);
#1830=VERTEX_POINT('',#2139);
#1831=LINE('',#2140,#2141);
#1832=VERTEX_POINT('',#2143);
#1833=LINE('',#2144,#2145);
#1834=VERTEX_POINT('',#2147);
#1835=LINE('',#2148,#2149);
#1836=LINE('',#2151,#2152);
#1837=VERTEX_POINT('',#2154);
#1838=VERTEX_POINT('',#2155);
#1839=(BOUNDED_CURVE()B_SPLINE_CURVE(3,
(#2156,#2157,#2158,#2159),
.UNSPECIFIED.,.F.,.F.)B_SPLINE_CURVE_WITH_KNOTS((4,4),
(0.,1.),
.UNSPECIFIED.)CURVE()GEOMETRIC_REPRESENTATION_ITEM()RATIONAL_B_SPLINE_CURVE((1.,
0.804737854124365,0.804737854124365,1.))REPRESENTATION_ITEM(''));
#1840=VERTEX_POINT('',#2160);
#1841=LINE('',#2161,#2162);
#1842=VERTEX_POINT('',#2164);
#1843=CIRCLE('',#2165,2.);
#1844=VERTEX_POINT('',#2169);
#1845=LINE('',#2170,#2171);
#1846=CIRCLE('',#2173,2.);
#1847=VERTEX_POINT('',#2177);
#1848=(BOUNDED_CURVE()B_SPLINE_CURVE(3,
(#2178,#2179,#2180,#2181),
.UNSPECIFIED.,.F.,.F.)B_SPLINE_CURVE_WITH_KNOTS((4,4),
(0.,1.),
.UNSPECIFIED.)CURVE()GEOMETRIC_REPRESENTATION_ITEM()RATIONAL_B_SPLINE_CURVE((1.,
0.804737854124365,0.804737854124365,1.))REPRESENTATION_ITEM(''));
#1849=LINE('',#2182,#2183);
#1850=VERTEX_POINT('',#2185);
#1851=CIRCLE('',#2186,1.55);
#1852=VERTEX_POINT('',#2190);
#1853=CIRCLE('',#2191,1.55);
#1854=VERTEX_POINT('',#2195);
#1855=CIRCLE('',#2196,4.);
#1856=VERTEX_POINT('',#2200);
#1857=VERTEX_POINT('',#2201);
#1858=LINE('',#2202,#2203);
#1859=VERTEX_POINT('',#2205);
#1860=LINE('',#2206,#2207);
#1861=VERTEX_POINT('',#2209);
#1862=LINE('',#2210,#2211);
#1863=LINE('',#2213,#2214);
#1864=CIRCLE('',#2216,1.);
#1865=CIRCLE('',#2220,1.00000000000001);
#1866=VERTEX_POINT('',#2224);
#1867=LINE('',#2225,#2226);
#1868=VERTEX_POINT('',#2228);
#1869=LINE('',#2229,#2230);
#1870=LINE('',#2232,#2233);
#1871=CIRCLE('',#2235,1.);
#1872=VERTEX_POINT('',#2239);
#1873=VERTEX_POINT('',#2240);
#1874=LINE('',#2241,#2242);
#1875=LINE('',#2244,#2245);
#1876=LINE('',#2247,#2248);
#1877=CIRCLE('',#2250,1.);
#1878=VERTEX_POINT('',#2254);
#1879=LINE('',#2255,#2256);
#1880=VERTEX_POINT('',#2258);
#1881=LINE('',#2259,#2260);
#1882=LINE('',#2262,#2263);
#1883=VERTEX_POINT('',#2265);
#1884=CIRCLE('',#2266,45.);
#1885=CIRCLE('',#2270,0.999999999999999);
#1886=VERTEX_POINT('',#2274);
#1887=(BOUNDED_CURVE()B_SPLINE_CURVE(3,
(#2275,#2276,#2277,#2278),
.UNSPECIFIED.,.F.,.F.)B_SPLINE_CURVE_WITH_KNOTS((4,4),
(0.,1.),
.UNSPECIFIED.)CURVE()GEOMETRIC_REPRESENTATION_ITEM()RATIONAL_B_SPLINE_CURVE((1.,
0.804737854124365,0.804737854124365,1.))REPRESENTATION_ITEM(''));
#1888=CIRCLE('',#2279,1.);
#1889=VERTEX_POINT('',#2283);
#1890=LINE('',#2284,#2285);
#1891=CIRCLE('',#2287,1.);
#1892=CIRCLE('',#2291,1.);
#1893=CIRCLE('',#2295,1.);
#1894=VERTEX_POINT('',#2299);
#1895=CIRCLE('',#2300,1.55);
#1896=VERTEX_POINT('',#2304);
#1897=CIRCLE('',#2305,1.55);
#1898=VERTEX_POINT('',#2309);
#1899=CIRCLE('',#2310,4.);
#1900=VERTEX_POINT('',#2314);
#1901=VERTEX_POINT('',#2315);
#1902=LINE('',#2316,#2317);
#1903=VERTEX_POINT('',#2319);
#1904=LINE('',#2320,#2321);
#1905=VERTEX_POINT('',#2323);
#1906=LINE('',#2324,#2325);
#1907=LINE('',#2327,#2328);
#1908=VERTEX_POINT('',#2330);
#1909=VERTEX_POINT('',#2331);
#1910=LINE('',#2332,#2333);
#1911=VERTEX_POINT('',#2335);
#1912=LINE('',#2336,#2337);
#1913=VERTEX_POINT('',#2339);
#1914=LINE('',#2340,#2341);
#1915=LINE('',#2343,#2344);
#1916=VERTEX_POINT('',#2346);
#1917=CIRCLE('',#2347,2.);
#1918=VERTEX_POINT('',#2351);
#1919=CIRCLE('',#2352,2.);
#1920=VERTEX_POINT('',#2356);
#1921=VERTEX_POINT('',#2357);
#1922=LINE('',#2358,#2359);
#1923=VERTEX_POINT('',#2361);
#1924=LINE('',#2362,#2363);
#1925=VERTEX_POINT('',#2365);
#1926=LINE('',#2366,#2367);
#1927=LINE('',#2369,#2370);
#1928=VERTEX_POINT('',#2372);
#1929=VERTEX_POINT('',#2373);
#1930=LINE('',#2374,#2375);
#1931=VERTEX_POINT('',#2377);
#1932=LINE('',#2378,#2379);
#1933=VERTEX_POINT('',#2381);
#1934=LINE('',#2382,#2383);
#1935=LINE('',#2385,#2386);
#1936=VERTEX_POINT('',#2388);
#1937=CIRCLE('',#2389,2.);
#1938=VERTEX_POINT('',#2393);
#1939=CIRCLE('',#2394,2.);
#1940=VERTEX_POINT('',#2398);
#1941=VERTEX_POINT('',#2399);
#1942=LINE('',#2400,#2401);
#1943=VERTEX_POINT('',#2403);
#1944=LINE('',#2404,#2405);
#1945=VERTEX_POINT('',#2407);
#1946=LINE('',#2408,#2409);
#1947=LINE('',#2411,#2412);
#1948=VERTEX_POINT('',#2414);
#1949=VERTEX_POINT('',#2415);
#1950=LINE('',#2416,#2417);
#1951=VERTEX_POINT('',#2419);
#1952=LINE('',#2420,#2421);
#1953=VERTEX_POINT('',#2423);
#1954=LINE('',#2424,#2425);
#1955=LINE('',#2427,#2428);
#1956=VERTEX_POINT('',#2430);
#1957=CIRCLE('',#2431,2.);
#1958=VERTEX_POINT('',#2435);
#1959=CIRCLE('',#2436,2.);
#1960=VERTEX_POINT('',#2440);
#1961=VERTEX_POINT('',#2441);
#1962=LINE('',#2442,#2443);
#1963=VERTEX_POINT('',#2445);
#1964=LINE('',#2446,#2447);
#1965=VERTEX_POINT('',#2449);
#1966=LINE('',#2450,#2451);
#1967=LINE('',#2453,#2454);
#1968=VERTEX_POINT('',#2456);
#1969=VERTEX_POINT('',#2457);
#1970=LINE('',#2458,#2459);
#1971=VERTEX_POINT('',#2461);
#1972=LINE('',#2462,#2463);
#1973=VERTEX_POINT('',#2465);
#1974=LINE('',#2466,#2467);
#1975=LINE('',#2469,#2470);
#1976=VERTEX_POINT('',#2472);
#1977=CIRCLE('',#2473,2.);
#1978=VERTEX_POINT('',#2477);
#1979=CIRCLE('',#2478,2.);
#1980=VERTEX_POINT('',#2482);
#1981=LINE('',#2483,#2484);
#1982=CIRCLE('',#2486,1.);
#1983=CIRCLE('',#2490,1.);
#1984=CIRCLE('',#2494,1.);
#1985=VERTEX_POINT('',#2498);
#1986=LINE('',#2499,#2500);
#1987=CIRCLE('',#2502,1.);
#1988=CIRCLE('',#2506,1.);
#1989=CIRCLE('',#2510,1.);
#1990=LINE('',#2514,#2515);
#1991=VERTEX_POINT('',#2517);
#1992=VERTEX_POINT('',#2518);
#1993=LINE('',#2519,#2520);
#1994=VERTEX_POINT('',#2522);
#1995=LINE('',#2523,#2524);
#1996=VERTEX_POINT('',#2526);
#1997=LINE('',#2527,#2528);
#1998=LINE('',#2530,#2531);
#1999=VERTEX_POINT('',#2533);
#2000=VERTEX_POINT('',#2534);
#2001=LINE('',#2535,#2536);
#2002=VERTEX_POINT('',#2538);
#2003=LINE('',#2539,#2540);
#2004=VERTEX_POINT('',#2542);
#2005=LINE('',#2543,#2544);
#2006=LINE('',#2546,#2547);
#2007=B_SPLINE_CURVE_WITH_KNOTS('',3,
(#2549,#2550,#2551,#2552,#2553,#2554,#2555,#2556,#2557,#2558,#2559,#2560,#2561,#2562,
#2563,#2564,#2565,#2566,#2567,#2568),
.UNSPECIFIED.,.F.,.F.,
(4,1,1,1,1,1,1,1,1,1,1,1,1,1,1,1,1,4),
(0.,0.132003189719272,0.245311783711065,0.335880096666838,0.419665989239494,0.4938233160763,
0.562397762485797,0.623857250974344,0.678738354615028,0.726024031229573,0.769983093386197,
0.809522363450259,0.845658883600036,0.879100453646407,0.911312587872085,0.941203748001946,
0.970120473500728,1.),
.UNSPECIFIED.);
#2008=B_SPLINE_CURVE_WITH_KNOTS('',3,
(#2569,#2570,#2571,#2572,#2573,#2574,#2575,#2576,#2577,#2578,#2579,#2580,#2581,#2582,
#2583,#2584,#2585,#2586,#2587,#2588),
.UNSPECIFIED.,.F.,.F.,
(4,1,1,1,1,1,1,1,1,1,1,1,1,1,1,1,1,4),
(0.,0.132003189718816,0.245311783710391,0.335880096666946,0.419665989239373,0.493823316076683,
0.562397762486656,0.623857250976864,0.678738354618379,0.726024031233113,0.769983093389843,
0.809522363454103,0.845658883603979,0.879100453650423,0.911312587876122,0.941203748006013,
0.970120473503407,1.),
.UNSPECIFIED.);
#2009=B_SPLINE_CURVE_WITH_KNOTS('',3,
(#2589,#2590,#2591,#2592,#2593,#2594,#2595,#2596,#2597,#2598,#2599,#2600,#2601,#2602,
#2603,#2604,#2605,#2606,#2607,#2608),
.UNSPECIFIED.,.F.,.F.,
(4,1,1,1,1,1,1,1,1,1,1,1,1,1,1,1,1,4),
(0.,0.131990562257193,0.245289760732956,0.335846074122577,0.419596369090293,0.493722174190523,
0.562275010727979,0.623725914773553,0.678707480456498,0.727219707776814,0.771873289604178,
0.811095889331807,0.84900906285946,0.882850130518021,0.915404889559217,0.942551784083287,
0.970426015339754,1.),
.UNSPECIFIED.);
#2010=B_SPLINE_CURVE_WITH_KNOTS('',3,
(#2609,#2610,#2611,#2612,#2613,#2614,#2615,#2616,#2617,#2618,#2619,#2620,#2621,#2622,
#2623,#2624,#2625,#2626,#2627,#2628),
.UNSPECIFIED.,.F.,.F.,
(4,1,1,1,1,1,1,1,1,1,1,1,1,1,1,1,1,4),
(0.,0.131990562259144,0.245289760735924,0.335846074125989,0.41959636909363,0.493722174193707,
0.562275010730571,0.623725914775318,0.678707480457936,0.727219707778426,0.771873289606361,
0.811095889334095,0.849009062861693,0.882850130520477,0.915404889561834,0.942551784085702,
0.970426015341288,1.),
.UNSPECIFIED.);
#2011=B_SPLINE_CURVE_WITH_KNOTS('',3,
(#2629,#2630,#2631,#2632,#2633,#2634,#2635,#2636,#2637,#2638,#2639,#2640,#2641,#2642,
#2643,#2644,#2645,#2646,#2647,#2648),
.UNSPECIFIED.,.F.,.F.,
(4,1,1,1,1,1,1,1,1,1,1,1,1,1,1,1,1,4),
(0.,0.132003189719715,0.245311783711409,0.335880096667121,0.419665989239134,0.493823316076217,
0.562397762486333,0.623857250976479,0.678738354618057,0.726024031232654,0.76998309338901,
0.809522363452662,0.845658883602023,0.879100453648327,0.911312587874077,0.941203748004153,
0.970120473502199,1.),
.UNSPECIFIED.);
#2012=B_SPLINE_CURVE_WITH_KNOTS('',3,
(#2649,#2650,#2651,#2652,#2653,#2654,#2655,#2656,#2657,#2658,#2659,#2660,#2661,#2662,
#2663,#2664,#2665,#2666,#2667,#2668),
.UNSPECIFIED.,.F.,.F.,
(4,1,1,1,1,1,1,1,1,1,1,1,1,1,1,1,1,4),
(0.,0.132003189718277,0.245311783709455,0.335880096665198,0.419665989237873,0.493823316074688,
0.562397762483975,0.623857250972328,0.678738354612897,0.726024031227459,0.769983093384155,
0.809522363448309,0.845658883598144,0.879100453644561,0.911312587870176,0.941203747999919,
0.970120473499293,1.),
.UNSPECIFIED.);
#2013=B_SPLINE_CURVE_WITH_KNOTS('',3,
(#2669,#2670,#2671,#2672,#2673,#2674,#2675,#2676,#2677,#2678,#2679,#2680,#2681,#2682,
#2683,#2684,#2685,#2686,#2687,#2688),
.UNSPECIFIED.,.F.,.F.,
(4,1,1,1,1,1,1,1,1,1,1,1,1,1,1,1,1,4),
(0.,0.131990562258437,0.245289760734957,0.335846074124684,0.41959636909228,0.493722174192305,
0.562275010729635,0.62372591477527,0.678707480457921,0.72721970777759,0.771873289603986,
0.811095889330828,0.8490090628594,0.882850130519217,0.91540488956173,0.942551784085656,
0.970426015341226,1.),
.UNSPECIFIED.);
#2014=B_SPLINE_CURVE_WITH_KNOTS('',3,
(#2689,#2690,#2691,#2692,#2693,#2694,#2695,#2696,#2697,#2698,#2699,#2700,#2701,#2702,
#2703,#2704,#2705,#2706,#2707,#2708),
.UNSPECIFIED.,.F.,.F.,
(4,1,1,1,1,1,1,1,1,1,1,1,1,1,1,1,1,4),
(0.,0.131990562258466,0.245289760735424,0.335846074126273,0.41959636909491,0.493722174195706,
0.562275010733266,0.623725914778234,0.678707480461528,0.72721970778315,0.771873289611952,
0.811095889340038,0.849009062866875,0.882850130525261,0.915404889566209,0.942551784090252,
0.970426015344317,1.),
.UNSPECIFIED.);
#2015=B_SPLINE_CURVE_WITH_KNOTS('',3,
(#2709,#2710,#2711,#2712,#2713,#2714,#2715,#2716,#2717,#2718,#2719,#2720,#2721,#2722,
#2723,#2724,#2725,#2726,#2727,#2728),
.UNSPECIFIED.,.F.,.F.,
(4,1,1,1,1,1,1,1,1,1,1,1,1,1,1,1,1,4),
(0.,0.132003189717191,0.245311783707727,0.335880096663258,0.419665989235686,0.493823316072517,
0.562397762482102,0.623857250970814,0.678738354611596,0.726024031226109,0.769983093382732,
0.809522363446771,0.845658883596563,0.879100453642858,0.91131258786836,0.941203747997977,
0.97012047349801,1.),
.UNSPECIFIED.);
#2016=B_SPLINE_CURVE_WITH_KNOTS('',3,
(#2729,#2730,#2731,#2732,#2733,#2734,#2735,#2736,#2737,#2738,#2739,#2740,#2741,#2742,
#2743,#2744,#2745,#2746,#2747,#2748),
.UNSPECIFIED.,.F.,.F.,
(4,1,1,1,1,1,1,1,1,1,1,1,1,1,1,1,1,4),
(0.,0.132003189717718,0.245311783708558,0.335880096664293,0.419665989236635,0.493823316073483,
0.562397762483065,0.623857250972452,0.678738354613226,0.726024031227844,0.769983093384399,
0.80952236344894,0.845658883599011,0.879100453645287,0.911312587870701,0.9412037480003,
0.970120473499553,1.),
.UNSPECIFIED.);
#2017=B_SPLINE_CURVE_WITH_KNOTS('',3,
(#2749,#2750,#2751,#2752,#2753,#2754,#2755,#2756,#2757,#2758,#2759,#2760,#2761,#2762,
#2763,#2764,#2765,#2766,#2767,#2768),
.UNSPECIFIED.,.F.,.F.,
(4,1,1,1,1,1,1,1,1,1,1,1,1,1,1,1,1,4),
(0.,0.131990562257256,0.245289760733219,0.335846074123714,0.419596369091725,0.493722174192382,
0.562275010729863,0.623725914775406,0.678707480458745,0.727219707779881,0.771873289608313,
0.811095889336061,0.849009062864579,0.882850130524434,0.915404889567194,0.942551784091406,
0.970426015345159,1.),
.UNSPECIFIED.);
#2018=B_SPLINE_CURVE_WITH_KNOTS('',3,
(#2769,#2770,#2771,#2772,#2773,#2774,#2775,#2776,#2777,#2778,#2779,#2780,#2781,#2782,
#2783,#2784,#2785,#2786,#2787,#2788),
.UNSPECIFIED.,.F.,.F.,
(4,1,1,1,1,1,1,1,1,1,1,1,1,1,1,1,1,4),
(0.,0.131990562258179,0.245289760734492,0.335846074123588,0.419596369091217,0.493722174190961,
0.562275010728167,0.623725914772567,0.67870748045527,0.727219707776277,0.771873289604805,
0.811095889332809,0.849009062861713,0.882850130521621,0.915404889564381,0.942551784088569,
0.970426015343274,1.),
.UNSPECIFIED.);
#2019=B_SPLINE_CURVE_WITH_KNOTS('',3,
(#2789,#2790,#2791,#2792,#2793,#2794,#2795,#2796,#2797,#2798,#2799,#2800,#2801,#2802,
#2803,#2804,#2805,#2806,#2807,#2808),
.UNSPECIFIED.,.F.,.F.,
(4,1,1,1,1,1,1,1,1,1,1,1,1,1,1,1,1,4),
(0.,0.132003189718555,0.245311783709925,0.335880096665996,0.419665989238707,0.493823316075237,
0.562397762483699,0.623857250970937,0.678738354611199,0.726024031225304,0.769983093381654,
0.809522363444882,0.845658883594169,0.879100453640343,0.911312587865647,0.941203747995113,
0.970120473495998,1.),
.UNSPECIFIED.);
#2020=B_SPLINE_CURVE_WITH_KNOTS('',3,
(#2809,#2810,#2811,#2812,#2813,#2814,#2815,#2816,#2817,#2818,#2819,#2820,#2821,#2822,
#2823,#2824,#2825,#2826,#2827,#2828),
.UNSPECIFIED.,.F.,.F.,
(4,1,1,1,1,1,1,1,1,1,1,1,1,1,1,1,1,4),
(0.,0.132003189718691,0.245311783710309,0.335880096666326,0.419665989239036,0.493823316075878,
0.56239776248538,0.623857250974155,0.678738354614905,0.72602403122937,0.769983093385719,
0.809522363449655,0.845658883599438,0.879100453645661,0.911312587870897,0.941203748000259,
0.970120473499432,1.),
.UNSPECIFIED.);
#2021=B_SPLINE_CURVE_WITH_KNOTS('',3,
(#2829,#2830,#2831,#2832,#2833,#2834,#2835,#2836,#2837,#2838,#2839,#2840,#2841,#2842,
#2843,#2844,#2845,#2846,#2847,#2848),
.UNSPECIFIED.,.F.,.F.,
(4,1,1,1,1,1,1,1,1,1,1,1,1,1,1,1,1,4),
(0.,0.131990562258279,0.245289760734529,0.335846074124381,0.419596369092072,0.493722174192382,
0.56227501072968,0.623725914774785,0.678707480457649,0.727219707778272,0.771873289606057,
0.811095889333695,0.849009062860925,0.882850130519565,0.915404889560742,0.942551784084716,
0.970426015340651,1.),
.UNSPECIFIED.);
#2022=B_SPLINE_CURVE_WITH_KNOTS('',3,
(#2849,#2850,#2851,#2852,#2853,#2854,#2855,#2856,#2857,#2858,#2859,#2860,#2861,#2862,
#2863,#2864,#2865,#2866,#2867,#2868),
.UNSPECIFIED.,.F.,.F.,
(4,1,1,1,1,1,1,1,1,1,1,1,1,1,1,1,1,4),
(0.,0.13199056225862,0.245289760735102,0.335846074124662,0.419596369092413,0.493722174192152,
0.562275010728665,0.623725914772528,0.678707480454653,0.727219707775041,0.771873289602205,
0.811095889329468,0.84900906285546,0.882850130513265,0.915404889553395,0.942551784077218,
0.9704260153356,1.),
.UNSPECIFIED.);
#2023=CIRCLE('',#2869,1.);
#2024=CIRCLE('',#2873,1.);
#2025=CIRCLE('',#2877,1.);
#2026=CIRCLE('',#2881,1.);
#2027=CIRCLE('',#2885,1.);
#2028=CIRCLE('',#2889,1.);
#2029=CIRCLE('',#2893,1.);
#2030=CIRCLE('',#2897,1.);
#2031=CIRCLE('',#2901,1.);
#2032=CIRCLE('',#2905,1.);
#2033=CIRCLE('',#2909,1.);
#2034=CIRCLE('',#2913,1.);
#2035=CIRCLE('',#2917,1.);
#2036=CIRCLE('',#2921,1.);
#2037=CIRCLE('',#2925,1.);
#2038=CIRCLE('',#2929,1.);
#2039=CIRCLE('',#2933,0.999999999999993);
#2040=CIRCLE('',#2937,1.);
#2041=CIRCLE('',#2941,1.00000000000001);
#2042=CIRCLE('',#2945,1.);
#2043=CIRCLE('',#2949,1.);
#2044=CIRCLE('',#2953,1.);
#2045=CIRCLE('',#2957,0.999999999999993);
#2046=CIRCLE('',#2961,1.);
#2047=CIRCLE('',#2965,1.);
#2048=CIRCLE('',#2969,1.);
#2049=CIRCLE('',#2973,0.999999999999985);
#2050=CIRCLE('',#2977,1.);
#2051=CIRCLE('',#2981,0.999999999999999);
#2052=CIRCLE('',#2985,1.);
#2053=CIRCLE('',#2989,0.999999999999993);
#2054=CIRCLE('',#2993,1.);
#2055=CARTESIAN_POINT('',(0.999999999999999,31.7131061344083,25.25));
#2056=CARTESIAN_POINT('',(1.,5.63999999999999,25.25));
#2057=CARTESIAN_POINT('',(1.,31.7131061344083,25.25));
#2058=VECTOR('',#2059,1.);
#2059=DIRECTION('',(0.,-1.,0.));
#2060=CARTESIAN_POINT('',(28.8,5.64,25.25));
#2061=CARTESIAN_POINT('',(1.,5.64,25.25));
#2062=VECTOR('',#2063,1.);
#2063=DIRECTION('',(1.,0.,-2.55590912143921E-16));
#2064=CARTESIAN_POINT('',(28.8,23.8827560832394,25.25));
#2065=CARTESIAN_POINT('',(28.8,23.8827560832394,25.25));
#2066=VECTOR('',#2067,1.);
#2067=DIRECTION('',(0.,-1.,0.));
#2068=CARTESIAN_POINT('',(28.8,23.8827560832394,25.25));
#2069=VECTOR('',#2070,1.);
#2070=DIRECTION('',(-0.96254618743353,0.271117754964843,2.46018058026789E-16));
#2071=CARTESIAN_POINT('',(19.9,8.,25.25));
#2072=AXIS2_PLACEMENT_3D('',#2073,#2074,#2075);
#2073=CARTESIAN_POINT('',(19.9,10.,25.25));
#2074=DIRECTION('',(2.30695693428604E-16,0.,1.));
#2075=DIRECTION('',(6.12323399573677E-17,-1.,-1.41260371267209E-32));
#2076=CARTESIAN_POINT('',(19.9,8.,30.85));
#2077=AXIS2_PLACEMENT_3D('',#2078,#2079,#2080);
#2078=CARTESIAN_POINT('',(19.9,10.,30.85));
#2079=DIRECTION('',(0.,0.,1.));
#2080=DIRECTION('',(6.12323399573677E-17,-1.,0.));
#2081=CARTESIAN_POINT('',(4.84302495054536E-15,31.7131061344083,26.25));
#2082=CARTESIAN_POINT('',(4.82699569529385E-15,5.63999999999999,26.25));
#2083=CARTESIAN_POINT('',(4.8535140399967E-15,31.7131061344083,26.25));
#2084=VECTOR('',#2085,1.);
#2085=DIRECTION('',(0.,-1.,0.));
#2086=AXIS2_PLACEMENT_3D('',#2087,#2088,#2089);
#2087=CARTESIAN_POINT('',(1.,5.63999999999999,26.25));
#2088=DIRECTION('',(0.,-1.,0.));
#2089=DIRECTION('',(-1.,0.,1.60812264967664E-16));
#2090=AXIS2_PLACEMENT_3D('',#2091,#2092,#2093);
#2091=CARTESIAN_POINT('',(0.999999999999986,31.7131061344084,26.25));
#2092=DIRECTION('',(5.02429586778807E-15,-1.,1.21297232253891E-14));
#2093=DIRECTION('',(-1.,-5.02429586778795E-15,1.06581410364017E-14));
#2094=CARTESIAN_POINT('',(1.,4.64,24.25));
#2095=AXIS2_PLACEMENT_3D('',#2096,#2097,#2098);
#2096=CARTESIAN_POINT('',(1.00000000000001,5.64,24.25));
#2097=DIRECTION('',(-1.,0.,2.89623397728302E-16));
#2098=DIRECTION('',(0.,-1.,0.));
#2099=CARTESIAN_POINT('',(28.8,4.64,24.25));
#2100=CARTESIAN_POINT('',(1.,4.64,24.25));
#2101=VECTOR('',#2102,1.);
#2102=DIRECTION('',(1.,0.,-2.55590912143921E-16));
#2103=AXIS2_PLACEMENT_3D('',#2104,#2105,#2106);
#2104=CARTESIAN_POINT('',(28.8,5.64,24.25));
#2105=DIRECTION('',(1.,0.,-2.89623397728302E-16));
#2106=DIRECTION('',(2.89623397728302E-16,-6.12323399573677E-17,1.));
#2107=CARTESIAN_POINT('',(29.8,23.8827560832394,24.25));
#2108=CARTESIAN_POINT('',(29.8,5.64,24.25));
#2109=CARTESIAN_POINT('',(29.8,23.8827560832394,24.25));
#2110=VECTOR('',#2111,1.);
#2111=DIRECTION('',(0.,-1.,0.));
#2112=AXIS2_PLACEMENT_3D('',#2113,#2114,#2115);
#2113=CARTESIAN_POINT('',(28.8,23.8827560832394,24.25));
#2114=DIRECTION('',(-2.80259692864963E-45,-1.,-7.88860905221012E-31));
#2115=DIRECTION('',(1.,-4.83037991275698E-47,-3.49148133884313E-15));
#2116=AXIS2_PLACEMENT_3D('',#2117,#2118,#2119);
#2117=CARTESIAN_POINT('',(28.8,5.64,24.25));
#2118=DIRECTION('',(2.91928033385971E-16,1.,-6.73465400932253E-32));
#2119=DIRECTION('',(1.96603430047647E-47,6.73465400932253E-32,1.));
#2120=CARTESIAN_POINT('',(0.728882245035155,32.8283823165514,24.25));
#2121=CARTESIAN_POINT('',(0.999999999999993,31.7131061344083,25.25));
#2122=CARTESIAN_POINT('',(0.841182896141734,32.366419796116,25.25));
#2123=CARTESIAN_POINT('',(0.728882245035152,32.8283823165514,24.8357864376269));
#2124=CARTESIAN_POINT('',(0.728882245035152,32.8283823165514,24.25));
#2125=CARTESIAN_POINT('',(29.0711177549648,24.8453022706729,24.25));
#2126=AXIS2_PLACEMENT_3D('',#2127,#2128,#2129);
#2127=CARTESIAN_POINT('',(28.8,23.8827560832394,24.25));
#2128=DIRECTION('',(-0.96254618743353,0.271117754964841,2.22055260167037E-16));
#2129=DIRECTION('',(2.13738444073342E-16,-6.02031236146208E-17,1.));
#2130=CARTESIAN_POINT('',(29.0711177549648,24.8453022706729,24.25));
#2131=VECTOR('',#2132,1.);
#2132=DIRECTION('',(-0.96254618743353,0.271117754964843,2.41311311196627E-16));
#2133=CARTESIAN_POINT('',(-8.26636589424463E-15,0.,-45.));
#2134=AXIS2_PLACEMENT_3D('',#2135,#2136,#2137);
#2135=CARTESIAN_POINT('',(0.,0.,0.));
#2136=DIRECTION('',(1.,0.,-1.83697019872103E-16));
#2137=DIRECTION('',(-1.83697019872103E-16,1.22464679914735E-16,-1.));
#2138=CARTESIAN_POINT('',(-4.38960723993758E-16,19.5,-2.25));
#2139=CARTESIAN_POINT('',(-3.10334123793499E-15,19.5,-16.75));
#2140=CARTESIAN_POINT('',(-4.28703752281148E-16,19.5,-2.25000000000001));
#2141=VECTOR('',#2142,1.);
#2142=DIRECTION('',(-1.83729036111926E-16,0.,-1.));
#2143=CARTESIAN_POINT('',(-3.92701431301043E-16,29.,-2.25000000000002));
#2144=CARTESIAN_POINT('',(-4.28703752281149E-16,29.,-2.25000000000002));
#2145=VECTOR('',#2146,1.);
#2146=DIRECTION('',(1.08987361905535E-31,-1.,1.2154020480107E-15));
#2147=CARTESIAN_POINT('',(-3.10334123793499E-15,29.,-16.75));
#2148=CARTESIAN_POINT('',(-3.09277477590408E-15,29.,-16.75));
#2149=VECTOR('',#2150,1.);
#2150=DIRECTION('',(1.87557391369255E-16,0.,1.));
#2151=CARTESIAN_POINT('',(-3.09277477590408E-15,19.5,-16.75));
#2152=VECTOR('',#2153,1.);
#2153=DIRECTION('',(0.,1.,-3.73969860926369E-16));
#2154=CARTESIAN_POINT('',(2.6333001084851E-15,31.7131061344083,14.25));
#2155=CARTESIAN_POINT('',(2.13808078523114E-15,33.7909285039849,16.25));
#2156=CARTESIAN_POINT('',(2.61768253317747E-15,31.7131061344083,14.25));
#2157=CARTESIAN_POINT('',(2.61768253317747E-15,32.9302662983041,14.25));
#2158=CARTESIAN_POINT('',(2.76986212717456E-15,33.7909285039849,15.0784271247462));
#2159=CARTESIAN_POINT('',(2.98507657292167E-15,33.7909285039849,16.25));
#2160=CARTESIAN_POINT('',(2.50088794717605E-15,5.64,14.25));
#2161=CARTESIAN_POINT('',(2.64110889613892E-15,5.64,14.25));
#2162=VECTOR('',#2163,1.);
#2163=DIRECTION('',(0.,1.,-1.36259702257417E-16));
#2164=CARTESIAN_POINT('',(2.84539723201582E-15,3.64,16.25));
#2165=AXIS2_PLACEMENT_3D('',#2166,#2167,#2168);
#2166=CARTESIAN_POINT('',(2.98507657292167E-15,5.64,16.25));
#2167=DIRECTION('',(-1.,0.,1.83697019872103E-16));
#2168=DIRECTION('',(-1.83697019872103E-16,0.,-1.));
#2169=CARTESIAN_POINT('',(4.44547897629992E-15,3.64,24.25));
#2170=CARTESIAN_POINT('',(4.44777241519956E-15,3.64,24.25));
#2171=VECTOR('',#2172,1.);
#2172=DIRECTION('',(-1.88993024590753E-16,0.,-1.));
#2173=AXIS2_PLACEMENT_3D('',#2174,#2175,#2176);
#2174=CARTESIAN_POINT('',(4.4546527318985E-15,5.64,24.25));
#2175=DIRECTION('',(-1.,2.73691106313441E-48,1.83697019872103E-16));
#2176=DIRECTION('',(-2.73691106313441E-48,-1.,5.0276240595278E-64));
#2177=CARTESIAN_POINT('',(3.63590230270742E-15,33.7909285039849,24.25));
#2178=CARTESIAN_POINT('',(4.8220467716427E-15,31.7131061344084,26.25));
#2179=CARTESIAN_POINT('',(4.8220467716427E-15,32.9302662983041,26.25));
#2180=CARTESIAN_POINT('',(4.66986717764561E-15,33.7909285039849,25.4215728752538));
#2181=CARTESIAN_POINT('',(4.4546527318985E-15,33.7909285039849,24.25));
#2182=CARTESIAN_POINT('',(1.71458289138587E-15,33.7909285039849,16.25));
#2183=VECTOR('',#2184,1.);
#2184=DIRECTION('',(1.88993024590753E-16,0.,1.));
#2185=CARTESIAN_POINT('',(-3.59127673849961E-15,-2.58400474620092E-15,-19.55));
#2186=AXIS2_PLACEMENT_3D('',#2187,#2188,#2189);
#2187=CARTESIAN_POINT('',(-3.30654635769785E-15,-2.20436423846524E-15,-18.));
#2188=DIRECTION('',(1.,0.,-1.83697019872103E-16));
#2189=DIRECTION('',(-1.83697019872103E-16,-1.22464679914735E-16,-1.));
#2190=CARTESIAN_POINT('',(3.59127673849961E-15,-3.70375481403473E-15,19.55));
#2191=AXIS2_PLACEMENT_3D('',#2192,#2193,#2194);
#2192=CARTESIAN_POINT('',(3.30654635769785E-15,-3.58487730037066E-15,18.));
#2193=DIRECTION('',(1.,0.,-1.83697019872103E-16));
#2194=DIRECTION('',(1.83697019872103E-16,-1.99159850020592E-16,1.));
#2195=CARTESIAN_POINT('',(-7.34788079488412E-16,-9.79717439317883E-16,-4.));
#2196=AXIS2_PLACEMENT_3D('',#2197,#2198,#2199);
#2197=CARTESIAN_POINT('',(0.,0.,0.));
#2198=DIRECTION('',(1.,0.,-1.83697019872103E-16));
#2199=DIRECTION('',(-1.83697019872103E-16,1.22464679914735E-16,-1.));
#2200=CARTESIAN_POINT('',(-3.1496005306277E-15,-19.5,-16.75));
#2201=CARTESIAN_POINT('',(-3.92701431301043E-16,-19.5,-2.25));
#2202=CARTESIAN_POINT('',(-3.14828592713534E-15,-19.5,-16.75));
#2203=VECTOR('',#2204,1.);
#2204=DIRECTION('',(1.91385746626583E-16,2.45014736469E-16,1.));
#2205=CARTESIAN_POINT('',(-3.10334123793499E-15,-29.,-16.75));
#2206=CARTESIAN_POINT('',(-3.09277477590408E-15,-29.,-16.75));
#2207=VECTOR('',#2208,1.);
#2208=DIRECTION('',(-4.15189950116322E-32,1.,0.));
#2209=CARTESIAN_POINT('',(-4.38960723993757E-16,-29.,-2.25));
#2210=CARTESIAN_POINT('',(-4.28703752281147E-16,-29.,-2.25));
#2211=VECTOR('',#2212,1.);
#2212=DIRECTION('',(-1.83729036111927E-16,-7.35044209407E-16,-1.));
#2213=CARTESIAN_POINT('',(-4.28703752281147E-16,-19.5,-2.25));
#2214=VECTOR('',#2215,1.);
#2215=DIRECTION('',(3.11392462587242E-32,-1.,3.27223628310573E-16));
#2216=AXIS2_PLACEMENT_3D('',#2217,#2218,#2219);
#2217=CARTESIAN_POINT('',(1.,3.64,24.25));
#2218=DIRECTION('',(-1.83697019872103E-16,5.0532154980743E-16,-1.));
#2219=DIRECTION('',(-1.,-4.44089209850063E-16,1.83697019872103E-16));
#2220=AXIS2_PLACEMENT_3D('',#2221,#2222,#2223);
#2221=CARTESIAN_POINT('',(1.00000000000001,33.7909285039849,24.25));
#2222=DIRECTION('',(5.20728318667416E-15,7.6341374932148E-15,1.));
#2223=DIRECTION('',(-1.,7.10542735760097E-15,5.20728318667411E-15));
#2224=CARTESIAN_POINT('',(1.,4.64,16.25));
#2225=CARTESIAN_POINT('',(1.,4.64,24.25));
#2226=VECTOR('',#2227,1.);
#2227=DIRECTION('',(-1.94289029309402E-16,0.,-1.));
#2228=CARTESIAN_POINT('',(28.8,4.64,16.25));
#2229=CARTESIAN_POINT('',(1.,4.64,16.25));
#2230=VECTOR('',#2231,1.);
#2231=DIRECTION('',(1.,0.,-2.55590912143921E-16));
#2232=CARTESIAN_POINT('',(28.8,4.64,24.25));
#2233=VECTOR('',#2234,1.);
#2234=DIRECTION('',(0.,-1.11022302462516E-16,-1.));
#2235=AXIS2_PLACEMENT_3D('',#2236,#2237,#2238);
#2236=CARTESIAN_POINT('',(28.8,5.64,24.25));
#2237=DIRECTION('',(3.94745964311167E-16,4.93432455388956E-17,1.));
#2238=DIRECTION('',(1.9478047042494E-32,-1.,4.93432455388956E-17));
#2239=CARTESIAN_POINT('',(29.8,5.64,16.25));
#2240=CARTESIAN_POINT('',(29.8,23.8827560832394,16.25));
#2241=CARTESIAN_POINT('',(29.8,5.64,16.25));
#2242=VECTOR('',#2243,1.);
#2243=DIRECTION('',(0.,1.,3.89493085648892E-16));
#2244=CARTESIAN_POINT('',(29.8,23.8827560832394,16.25));
#2245=VECTOR('',#2246,1.);
#2246=DIRECTION('',(0.,0.,1.));
#2247=CARTESIAN_POINT('',(29.8,5.64,24.25));
#2248=VECTOR('',#2249,1.);
#2249=DIRECTION('',(0.,-2.22044604925031E-16,-1.));
#2250=AXIS2_PLACEMENT_3D('',#2251,#2252,#2253);
#2251=CARTESIAN_POINT('',(28.8,23.8827560832394,24.25));
#2252=DIRECTION('',(1.97372982155583E-16,-6.16297582203916E-33,1.));
#2253=DIRECTION('',(1.,1.77635683940025E-15,-1.97372982155583E-16));
#2254=CARTESIAN_POINT('',(0.728882245035158,32.8283823165514,16.25));
#2255=CARTESIAN_POINT('',(0.728882245035156,32.8283823165514,16.25));
#2256=VECTOR('',#2257,1.);
#2257=DIRECTION('',(2.35922392732846E-16,0.,1.));
#2258=CARTESIAN_POINT('',(29.0711177549648,24.8453022706729,16.25));
#2259=CARTESIAN_POINT('',(29.0711177549648,24.8453022706729,16.25));
#2260=VECTOR('',#2261,1.);
#2261=DIRECTION('',(0.,0.,1.));
#2262=CARTESIAN_POINT('',(0.728882245035156,32.8283823165514,16.25));
#2263=VECTOR('',#2264,1.);
#2264=DIRECTION('',(0.96254618743353,-0.271117754964843,-2.41311311196627E-16));
#2265=CARTESIAN_POINT('',(-4.00000000000001,0.,-45.));
#2266=AXIS2_PLACEMENT_3D('',#2267,#2268,#2269);
#2267=CARTESIAN_POINT('',(-4.,0.,2.44929359829471E-16));
#2268=DIRECTION('',(1.,0.,-1.83697019872103E-16));
#2269=DIRECTION('',(-1.83697019872103E-16,1.22464679914735E-16,-1.));
#2270=AXIS2_PLACEMENT_3D('',#2271,#2272,#2273);
#2271=CARTESIAN_POINT('',(1.,33.7909285039849,16.25));
#2272=DIRECTION('',(8.75999686547452E-15,2.94250035996645E-15,1.));
#2273=DIRECTION('',(-1.,4.86857137250732E-30,8.75999686547452E-15));
#2274=CARTESIAN_POINT('',(1.,31.7131061344083,15.25));
#2275=CARTESIAN_POINT('',(1.,31.7131061344083,15.25));
#2276=CARTESIAN_POINT('',(0.841182896141743,32.366419796116,15.25));
#2277=CARTESIAN_POINT('',(0.72888224503516,32.8283823165513,15.6642135623731));
#2278=CARTESIAN_POINT('',(0.728882245035161,32.8283823165513,16.25));
#2279=AXIS2_PLACEMENT_3D('',#2280,#2281,#2282);
#2280=CARTESIAN_POINT('',(1.,31.7131061344083,14.25));
#2281=DIRECTION('',(3.55271367880049E-15,1.,3.55271367880052E-15));
#2282=DIRECTION('',(-1.,3.55271367880049E-15,-3.08285662151461E-44));
#2283=CARTESIAN_POINT('',(1.,5.64,15.25));
#2284=CARTESIAN_POINT('',(1.,5.64,15.25));
#2285=VECTOR('',#2286,1.);
#2286=DIRECTION('',(0.,1.,-1.36259702257417E-16));
#2287=AXIS2_PLACEMENT_3D('',#2288,#2289,#2290);
#2288=CARTESIAN_POINT('',(1.,5.64,14.25));
#2289=DIRECTION('',(1.82925354634789E-32,1.,9.95799250102962E-17));
#2290=DIRECTION('',(-1.,1.95182016322483E-31,-1.77635683940025E-15));
#2291=AXIS2_PLACEMENT_3D('',#2292,#2293,#2294);
#2292=CARTESIAN_POINT('',(1.,5.64,16.25));
#2293=DIRECTION('',(-1.,0.,2.89623397728302E-16));
#2294=DIRECTION('',(-2.89623397728302E-16,0.,-1.));
#2295=AXIS2_PLACEMENT_3D('',#2296,#2297,#2298);
#2296=CARTESIAN_POINT('',(1.,3.64,16.25));
#2297=DIRECTION('',(-1.80411241501588E-16,0.,-1.));
#2298=DIRECTION('',(-1.,6.12323399573677E-17,1.80411241501588E-16));
#2299=CARTESIAN_POINT('',(-4.,-2.58400474620092E-15,-19.55));
#2300=AXIS2_PLACEMENT_3D('',#2301,#2302,#2303);
#2301=CARTESIAN_POINT('',(-4.,-2.20436423846524E-15,-18.));
#2302=DIRECTION('',(1.,0.,-1.83697019872103E-16));
#2303=DIRECTION('',(-1.83697019872103E-16,-1.22464679914735E-16,-1.));
#2304=CARTESIAN_POINT('',(-4.,-3.70375481403473E-15,19.55));
#2305=AXIS2_PLACEMENT_3D('',#2306,#2307,#2308);
#2306=CARTESIAN_POINT('',(-4.,-3.58487730037066E-15,18.));
#2307=DIRECTION('',(1.,0.,-1.83697019872103E-16));
#2308=DIRECTION('',(1.83697019872103E-16,-1.99159850020592E-16,1.));
#2309=CARTESIAN_POINT('',(-4.,-6.53144959545255E-16,-4.));
#2310=AXIS2_PLACEMENT_3D('',#2311,#2312,#2313);
#2311=CARTESIAN_POINT('',(-4.,0.,7.34788079488412E-16));
#2312=DIRECTION('',(1.,0.,-1.83697019872103E-16));
#2313=DIRECTION('',(-1.83697019872103E-16,1.22464679914735E-16,-1.));
#2314=CARTESIAN_POINT('',(0.999999999999997,-28.,-14.75));
#2315=CARTESIAN_POINT('',(28.8,-28.,-14.75));
#2316=CARTESIAN_POINT('',(0.999999999999998,-28.,-14.75));
#2317=VECTOR('',#2318,1.);
#2318=DIRECTION('',(1.,0.,-1.91693184107941E-16));
#2319=CARTESIAN_POINT('',(28.8,-28.,-4.25));
#2320=CARTESIAN_POINT('',(28.8,-28.,-4.25));
#2321=VECTOR('',#2322,1.);
#2322=DIRECTION('',(-3.38353683695286E-16,-3.38353683695286E-16,-1.));
#2323=CARTESIAN_POINT('',(0.999999999999999,-28.,-4.25));
#2324=CARTESIAN_POINT('',(0.999999999999999,-28.,-4.25));
#2325=VECTOR('',#2326,1.);
#2326=DIRECTION('',(1.,0.,-1.91693184107941E-16));
#2327=CARTESIAN_POINT('',(0.999999999999999,-28.,-4.25));
#2328=VECTOR('',#2329,1.);
#2329=DIRECTION('',(-1.79750394463121E-16,-3.38353683695286E-16,-1.));
#2330=CARTESIAN_POINT('',(0.999999999999999,-21.5,-3.25));
#2331=CARTESIAN_POINT('',(28.8,-21.5,-3.25000000000001));
#2332=CARTESIAN_POINT('',(0.999999999999999,-21.5,-3.25));
#2333=VECTOR('',#2334,1.);
#2334=DIRECTION('',(1.,0.,-1.91693184107941E-16));
#2335=CARTESIAN_POINT('',(0.999999999999999,-27.,-3.25));
#2336=CARTESIAN_POINT('',(0.999999999999999,-21.5,-3.25));
#2337=VECTOR('',#2338,1.);
#2338=DIRECTION('',(-2.01858731750028E-17,-1.,3.22973970800046E-16));
#2339=CARTESIAN_POINT('',(28.8,-27.,-3.25));
#2340=CARTESIAN_POINT('',(0.999999999999999,-27.,-3.25));
#2341=VECTOR('',#2342,1.);
#2342=DIRECTION('',(1.,0.,-1.59744320089951E-16));
#2343=CARTESIAN_POINT('',(28.8,-21.5,-3.25000000000001));
#2344=VECTOR('',#2345,1.);
#2345=DIRECTION('',(0.,-1.,3.22973970800046E-16));
#2346=CARTESIAN_POINT('',(14.9,-22.,-3.25));
#2347=AXIS2_PLACEMENT_3D('',#2348,#2349,#2350);
#2348=CARTESIAN_POINT('',(14.9,-24.,-3.25));
#2349=DIRECTION('',(-1.7882786973828E-16,-3.5527136788005E-16,-1.));
#2350=DIRECTION('',(-6.12323399573677E-17,1.,-3.5527136788005E-16));
#2351=CARTESIAN_POINT('',(24.9,-22.,-3.25000000000001));
#2352=AXIS2_PLACEMENT_3D('',#2353,#2354,#2355);
#2353=CARTESIAN_POINT('',(24.9,-24.,-3.25));
#2354=DIRECTION('',(-1.7882786973828E-16,-3.5527136788005E-16,-1.));
#2355=DIRECTION('',(-6.12323399573677E-17,1.,-3.5527136788005E-16));
#2356=CARTESIAN_POINT('',(0.999999999999997,-20.5,-14.75));
#2357=CARTESIAN_POINT('',(28.8,-20.5,-14.75));
#2358=CARTESIAN_POINT('',(0.999999999999997,-20.5,-14.75));
#2359=VECTOR('',#2360,1.);
#2360=DIRECTION('',(1.,0.,-1.91693184107941E-16));
#2361=CARTESIAN_POINT('',(0.999999999999999,-20.5,-4.25));
#2362=CARTESIAN_POINT('',(0.999999999999997,-20.5,-14.75));
#2363=VECTOR('',#2364,1.);
#2364=DIRECTION('',(1.79750394463121E-16,3.38353683695286E-16,1.));
#2365=CARTESIAN_POINT('',(28.8,-20.5,-4.25000000000001));
#2366=CARTESIAN_POINT('',(0.999999999999999,-20.5,-4.25));
#2367=VECTOR('',#2368,1.);
#2368=DIRECTION('',(1.,0.,-1.91693184107941E-16));
#2369=CARTESIAN_POINT('',(28.8,-20.5,-14.75));
#2370=VECTOR('',#2371,1.);
#2371=DIRECTION('',(6.76707367390572E-16,0.,1.));
#2372=CARTESIAN_POINT('',(0.999999999999997,-21.5,-15.75));
#2373=CARTESIAN_POINT('',(28.8,-21.5,-15.75));
#2374=CARTESIAN_POINT('',(0.999999999999997,-21.5,-15.75));
#2375=VECTOR('',#2376,1.);
#2376=DIRECTION('',(1.,0.,-1.91693184107941E-16));
#2377=CARTESIAN_POINT('',(28.8,-27.,-15.75));
#2378=CARTESIAN_POINT('',(28.8,-27.,-15.75));
#2379=VECTOR('',#2380,1.);
#2380=DIRECTION('',(0.,1.,0.));
#2381=CARTESIAN_POINT('',(0.999999999999997,-27.,-15.75));
#2382=CARTESIAN_POINT('',(0.999999999999997,-27.,-15.75));
#2383=VECTOR('',#2384,1.);
#2384=DIRECTION('',(1.,0.,-1.91693184107941E-16));
#2385=CARTESIAN_POINT('',(0.999999999999997,-27.,-15.75));
#2386=VECTOR('',#2387,1.);
#2387=DIRECTION('',(4.03717463500057E-17,1.,0.));
#2388=CARTESIAN_POINT('',(14.9,-22.,-15.75));
#2389=AXIS2_PLACEMENT_3D('',#2390,#2391,#2392);
#2390=CARTESIAN_POINT('',(14.9,-24.,-15.75));
#2391=DIRECTION('',(-1.7882786973828E-16,0.,-1.));
#2392=DIRECTION('',(-6.12323399573677E-17,1.,1.09500489136662E-32));
#2393=CARTESIAN_POINT('',(24.9,-22.,-15.75));
#2394=AXIS2_PLACEMENT_3D('',#2395,#2396,#2397);
#2395=CARTESIAN_POINT('',(24.9,-24.,-15.75));
#2396=DIRECTION('',(-1.7882786973828E-16,0.,-1.));
#2397=DIRECTION('',(-6.12323399573677E-17,1.,1.09500489136662E-32));
#2398=CARTESIAN_POINT('',(0.999999999999999,28.,-4.25000000000002));
#2399=CARTESIAN_POINT('',(28.8,28.,-4.25000000000002));
#2400=CARTESIAN_POINT('',(0.999999999999999,28.,-4.25000000000002));
#2401=VECTOR('',#2402,1.);
#2402=DIRECTION('',(1.,0.,-1.59744320089951E-16));
#2403=CARTESIAN_POINT('',(28.8,28.,-14.75));
#2404=CARTESIAN_POINT('',(28.8,28.,-14.75));
#2405=VECTOR('',#2406,1.);
#2406=DIRECTION('',(0.,3.38353683695286E-16,1.));
#2407=CARTESIAN_POINT('',(0.999999999999997,28.,-14.75));
#2408=CARTESIAN_POINT('',(0.999999999999997,28.,-14.75));
#2409=VECTOR('',#2410,1.);
#2410=DIRECTION('',(1.,0.,-1.91693184107941E-16));
#2411=CARTESIAN_POINT('',(0.999999999999997,28.,-14.75));
#2412=VECTOR('',#2413,1.);
#2413=DIRECTION('',(1.79750394463121E-16,0.,1.));
#2414=CARTESIAN_POINT('',(0.999999999999997,21.5,-15.75));
#2415=CARTESIAN_POINT('',(28.8,21.5,-15.75));
#2416=CARTESIAN_POINT('',(0.999999999999997,21.5,-15.75));
#2417=VECTOR('',#2418,1.);
#2418=DIRECTION('',(1.,0.,-1.2779545607196E-16));
#2419=CARTESIAN_POINT('',(0.999999999999997,27.,-15.75));
#2420=CARTESIAN_POINT('',(0.999999999999997,21.5,-15.75));
#2421=VECTOR('',#2422,1.);
#2422=DIRECTION('',(0.,1.,-3.22973970800045E-16));
#2423=CARTESIAN_POINT('',(28.8,27.,-15.75));
#2424=CARTESIAN_POINT('',(0.999999999999997,27.,-15.75));
#2425=VECTOR('',#2426,1.);
#2426=DIRECTION('',(1.,0.,-1.91693184107941E-16));
#2427=CARTESIAN_POINT('',(28.8,21.5,-15.75));
#2428=VECTOR('',#2429,1.);
#2429=DIRECTION('',(0.,1.,-6.45947941600092E-16));
#2430=CARTESIAN_POINT('',(14.9,26.,-15.75));
#2431=AXIS2_PLACEMENT_3D('',#2432,#2433,#2434);
#2432=CARTESIAN_POINT('',(14.9,24.,-15.75));
#2433=DIRECTION('',(-1.7882786973828E-16,-4.736951571734E-16,-1.));
#2434=DIRECTION('',(-6.12323399573677E-17,1.,-4.736951571734E-16));
#2435=CARTESIAN_POINT('',(24.9,26.,-15.75));
#2436=AXIS2_PLACEMENT_3D('',#2437,#2438,#2439);
#2437=CARTESIAN_POINT('',(24.9,24.,-15.75));
#2438=DIRECTION('',(-1.7882786973828E-16,-4.736951571734E-16,-1.));
#2439=DIRECTION('',(-6.12323399573677E-17,1.,-4.736951571734E-16));
#2440=CARTESIAN_POINT('',(0.999999999999999,20.5,-4.25000000000001));
#2441=CARTESIAN_POINT('',(28.8,20.5,-4.25000000000001));
#2442=CARTESIAN_POINT('',(0.999999999999999,20.5,-4.25000000000001));
#2443=VECTOR('',#2444,1.);
#2444=DIRECTION('',(1.,0.,-1.91693184107941E-16));
#2445=CARTESIAN_POINT('',(0.999999999999997,20.5,-14.75));
#2446=CARTESIAN_POINT('',(0.999999999999999,20.5,-4.25000000000001));
#2447=VECTOR('',#2448,1.);
#2448=DIRECTION('',(-1.69176841847643E-16,-3.38353683695286E-16,-1.));
#2449=CARTESIAN_POINT('',(28.8,20.5,-14.75));
#2450=CARTESIAN_POINT('',(0.999999999999997,20.5,-14.75));
#2451=VECTOR('',#2452,1.);
#2452=DIRECTION('',(1.,0.,-1.2779545607196E-16));
#2453=CARTESIAN_POINT('',(28.8,20.5,-4.25000000000001));
#2454=VECTOR('',#2455,1.);
#2455=DIRECTION('',(0.,-3.38353683695286E-16,-1.));
#2456=CARTESIAN_POINT('',(0.999999999999999,21.5,-3.25000000000001));
#2457=CARTESIAN_POINT('',(28.8,21.5,-3.25000000000001));
#2458=CARTESIAN_POINT('',(0.999999999999999,21.5,-3.25000000000001));
#2459=VECTOR('',#2460,1.);
#2460=DIRECTION('',(1.,0.,-1.59744320089951E-16));
#2461=CARTESIAN_POINT('',(28.8,27.,-3.25000000000002));
#2462=CARTESIAN_POINT('',(28.8,27.,-3.25000000000002));
#2463=VECTOR('',#2464,1.);
#2464=DIRECTION('',(0.,-1.,1.29189588320018E-15));
#2465=CARTESIAN_POINT('',(0.999999999999999,27.,-3.25000000000001));
#2466=CARTESIAN_POINT('',(0.999999999999999,27.,-3.25000000000002));
#2467=VECTOR('',#2468,1.);
#2468=DIRECTION('',(1.,0.,-1.59744320089951E-16));
#2469=CARTESIAN_POINT('',(0.999999999999999,27.,-3.25000000000001));
#2470=VECTOR('',#2471,1.);
#2471=DIRECTION('',(0.,-1.,1.29189588320018E-15));
#2472=CARTESIAN_POINT('',(14.9,26.,-3.25000000000001));
#2473=AXIS2_PLACEMENT_3D('',#2474,#2475,#2476);
#2474=CARTESIAN_POINT('',(14.9,24.,-3.25000000000001));
#2475=DIRECTION('',(-1.7882786973828E-16,-1.30266168222685E-15,-1.));
#2476=DIRECTION('',(-6.12323399573679E-17,1.,-1.30266168222685E-15));
#2477=CARTESIAN_POINT('',(24.9,26.,-3.25000000000002));
#2478=AXIS2_PLACEMENT_3D('',#2479,#2480,#2481);
#2479=CARTESIAN_POINT('',(24.9,24.,-3.25000000000002));
#2480=DIRECTION('',(-1.7882786973828E-16,-1.30266168222685E-15,-1.));
#2481=DIRECTION('',(-6.12323399573679E-17,1.,-1.30266168222685E-15));
#2482=CARTESIAN_POINT('',(28.8,5.64,15.25));
#2483=CARTESIAN_POINT('',(1.,5.64,15.25));
#2484=VECTOR('',#2485,1.);
#2485=DIRECTION('',(1.,0.,-2.55590912143921E-16));
#2486=AXIS2_PLACEMENT_3D('',#2487,#2488,#2489);
#2487=CARTESIAN_POINT('',(28.8,5.64,16.25));
#2488=DIRECTION('',(-1.,3.40266349687312E-15,1.73021770071453E-16));
#2489=DIRECTION('',(-1.73021770071453E-16,5.88734861186506E-31,-1.));
#2490=AXIS2_PLACEMENT_3D('',#2491,#2492,#2493);
#2491=CARTESIAN_POINT('',(28.8,5.64,16.25));
#2492=DIRECTION('',(-3.94745964311167E-16,-4.93432455388956E-17,-1.));
#2493=DIRECTION('',(1.,-6.12323399573677E-17,-3.94745964311167E-16));
#2494=AXIS2_PLACEMENT_3D('',#2495,#2496,#2497);
#2495=CARTESIAN_POINT('',(28.8,5.64,16.25));
#2496=DIRECTION('',(1.22613615628422E-45,1.,1.35378832449292E-16));
#2497=DIRECTION('',(1.,-4.72672667171074E-31,3.49148133884313E-15));
#2498=CARTESIAN_POINT('',(28.8,23.8827560832394,15.25));
#2499=CARTESIAN_POINT('',(28.8,5.64,15.25));
#2500=VECTOR('',#2501,1.);
#2501=DIRECTION('',(-1.94746542824446E-16,1.,9.73732714122229E-17));
#2502=AXIS2_PLACEMENT_3D('',#2503,#2504,#2505);
#2503=CARTESIAN_POINT('',(28.8,23.8827560832394,16.25));
#2504=DIRECTION('',(1.11022302462516E-16,-1.,8.88178419700125E-17));
#2505=DIRECTION('',(9.86076131526265E-33,-8.88178419700125E-17,-1.));
#2506=AXIS2_PLACEMENT_3D('',#2507,#2508,#2509);
#2507=CARTESIAN_POINT('',(28.8,23.8827560832394,16.25));
#2508=DIRECTION('',(-1.97372982155583E-16,6.16297582203916E-33,-1.));
#2509=DIRECTION('',(0.271117754964841,0.96254618743353,-5.35113198127373E-17));
#2510=AXIS2_PLACEMENT_3D('',#2511,#2512,#2513);
#2511=CARTESIAN_POINT('',(28.8,23.8827560832394,16.25));
#2512=DIRECTION('',(0.96254618743353,-0.271117754964843,-1.85994707416144E-16));
#2513=DIRECTION('',(8.00776434663543E-16,3.52901642945598E-15,-1.));
#2514=CARTESIAN_POINT('',(1.,31.7131061344083,15.25));
#2515=VECTOR('',#2516,1.);
#2516=DIRECTION('',(0.96254618743353,-0.271117754964843,-2.46018058026789E-16));
#2517=CARTESIAN_POINT('',(29.8,-21.5,-14.75));
#2518=CARTESIAN_POINT('',(29.8,-21.5,-4.25000000000001));
#2519=CARTESIAN_POINT('',(29.8,-21.5,-14.75));
#2520=VECTOR('',#2521,1.);
#2521=DIRECTION('',(6.76707367390572E-16,0.,1.));
#2522=CARTESIAN_POINT('',(29.8,-27.,-4.25));
#2523=CARTESIAN_POINT('',(29.8,-21.5,-4.25000000000001));
#2524=VECTOR('',#2525,1.);
#2525=DIRECTION('',(0.,-1.,3.22973970800046E-16));
#2526=CARTESIAN_POINT('',(29.8,-27.,-14.75));
#2527=CARTESIAN_POINT('',(29.8,-27.,-4.25));
#2528=VECTOR('',#2529,1.);
#2529=DIRECTION('',(-6.76707367390572E-16,-3.38353683695286E-16,-1.));
#2530=CARTESIAN_POINT('',(29.8,-27.,-14.75));
#2531=VECTOR('',#2532,1.);
#2532=DIRECTION('',(0.,1.,0.));
#2533=CARTESIAN_POINT('',(29.8,21.5,-4.25000000000001));
#2534=CARTESIAN_POINT('',(29.8,21.5,-14.75));
#2535=CARTESIAN_POINT('',(29.8,21.5,-4.25000000000001));
#2536=VECTOR('',#2537,1.);
#2537=DIRECTION('',(0.,-6.76707367390572E-16,-1.));
#2538=CARTESIAN_POINT('',(29.8,27.,-14.75));
#2539=CARTESIAN_POINT('',(29.8,21.5,-14.75));
#2540=VECTOR('',#2541,1.);
#2541=DIRECTION('',(0.,1.,-3.22973970800045E-16));
#2542=CARTESIAN_POINT('',(29.8,27.,-4.25000000000002));
#2543=CARTESIAN_POINT('',(29.8,27.,-14.75));
#2544=VECTOR('',#2545,1.);
#2545=DIRECTION('',(6.76707367390572E-16,3.38353683695286E-16,1.));
#2546=CARTESIAN_POINT('',(29.8,27.,-4.25000000000002));
#2547=VECTOR('',#2548,1.);
#2548=DIRECTION('',(0.,-1.,1.61486985400023E-15));
#2549=CARTESIAN_POINT('',(-3.21964677141295E-15,-19.5,-16.75));
#2550=CARTESIAN_POINT('',(-3.19709536622526E-15,-19.5518329660154,-16.6463340116452));
#2551=CARTESIAN_POINT('',(0.00745842542784672,-19.6482043124211,-16.4535913976686));
#2552=CARTESIAN_POINT('',(0.0371698150245624,-19.7795173862289,-16.1909652231398));
#2553=CARTESIAN_POINT('',(0.0774754955485068,-19.8911002823156,-15.9677994363503));
#2554=CARTESIAN_POINT('',(0.124265836104801,-19.9864795444652,-15.777040910847));
#2555=CARTESIAN_POINT('',(0.177932423486837,-20.0721896660672,-15.6056206679176));
#2556=CARTESIAN_POINT('',(0.236456407164508,-20.1480401488665,-15.4539197022551));
#2557=CARTESIAN_POINT('',(0.29907794096306,-20.2150994337436,-15.3198011325154));
#2558=CARTESIAN_POINT('',(0.363320812475823,-20.2726360110494,-15.2047279779006));
#2559=CARTESIAN_POINT('',(0.428754925024938,-20.3220561851748,-15.1058876296505));
#2560=CARTESIAN_POINT('',(0.494781851294406,-20.3641566227196,-15.0216867545607));
#2561=CARTESIAN_POINT('',(0.562400303181955,-20.4002179782558,-14.9495640434884));
#2562=CARTESIAN_POINT('',(0.630760344237521,-20.4303164834601,-14.8893670330798));
#2563=CARTESIAN_POINT('',(0.701074935185135,-20.4552450329596,-14.8395099340808));
#2564=CARTESIAN_POINT('',(0.772895072877788,-20.4748268606298,-14.8003462787404));
#2565=CARTESIAN_POINT('',(0.846481935016698,-20.4890790734936,-14.7718418530128));
#2566=CARTESIAN_POINT('',(0.922117401111393,-20.4979470597021,-14.7541058805958));
#2567=CARTESIAN_POINT('',(0.973691426725427,-20.5,-14.75));
#2568=CARTESIAN_POINT('',(0.999999999999997,-20.5,-14.75));
#2569=CARTESIAN_POINT('',(-3.33066907387547E-16,-19.5,-2.25));
#2570=CARTESIAN_POINT('',(-3.51281503885303E-16,-19.5518329660153,-2.35366598835442));
#2571=CARTESIAN_POINT('',(0.00745842542780257,-19.6482043124206,-2.54640860233053));
#2572=CARTESIAN_POINT('',(0.0371698150244366,-19.7795173862285,-2.8090347768594));
#2573=CARTESIAN_POINT('',(0.0774754955483826,-19.8911002823153,-3.03220056364916));
#2574=CARTESIAN_POINT('',(0.124265836104877,-19.9864795444653,-3.22295908915328));
#2575=CARTESIAN_POINT('',(0.177932423487106,-20.0721896660677,-3.39437933208328));
#2576=CARTESIAN_POINT('',(0.236456407165627,-20.1480401488678,-3.54608029774766));
#2577=CARTESIAN_POINT('',(0.299077940965444,-20.2150994337461,-3.68019886748943));
#2578=CARTESIAN_POINT('',(0.363320812479732,-20.2726360110527,-3.79527202210591));
#2579=CARTESIAN_POINT('',(0.428754925029927,-20.3220561851783,-3.89411237035644));
#2580=CARTESIAN_POINT('',(0.494781851300282,-20.3641566227231,-3.97831324544616));
#2581=CARTESIAN_POINT('',(0.562400303188737,-20.4002179782591,-4.05043595651828));
#2582=CARTESIAN_POINT('',(0.630760344245282,-20.4303164834632,-4.1106329669264));
#2583=CARTESIAN_POINT('',(0.701074935193782,-20.4552450329623,-4.16049006592467));
#2584=CARTESIAN_POINT('',(0.772895072887243,-20.474826860632,-4.19965372126405));
#2585=CARTESIAN_POINT('',(0.846481935025718,-20.4890790734949,-4.22815814698989));
#2586=CARTESIAN_POINT('',(0.922117401117316,-20.4979470597024,-4.24589411940485));
#2587=CARTESIAN_POINT('',(0.973691426727802,-20.5,-4.25));
#2588=CARTESIAN_POINT('',(0.999999999999999,-20.5,-4.25));
#2589=CARTESIAN_POINT('',(-4.44089209850063E-16,-19.5,-2.25));
#2590=CARTESIAN_POINT('',(-4.61002763740836E-16,-19.6036560820521,-2.30182801286684));
#2591=CARTESIAN_POINT('',(0.00745704873037561,-19.7963813758372,-2.39819069917307));
#2592=CARTESIAN_POINT('',(0.0371626287135144,-20.0589811838202,-2.52949058970919));
#2593=CARTESIAN_POINT('',(0.0774561143732369,-20.2821033341774,-2.64105166757924));
#2594=CARTESIAN_POINT('',(0.124224236320057,-20.4728024941632,-2.73640124697036));
#2595=CARTESIAN_POINT('',(0.177857320344716,-20.6441585930576,-2.82207929655479));
#2596=CARTESIAN_POINT('',(0.236346859056964,-20.7958188975373,-2.89790944876264));
#2597=CARTESIAN_POINT('',(0.298971802984826,-20.9299956122779,-2.96499780614028));
#2598=CARTESIAN_POINT('',(0.363719333144326,-21.046003176166,-3.02300158808271));
#2599=CARTESIAN_POINT('',(0.430148288695125,-21.1461636057796,-3.07308180288986));
#2600=CARTESIAN_POINT('',(0.497260822571123,-21.2312398385222,-3.1156199192611));
#2601=CARTESIAN_POINT('',(0.566414203688795,-21.3044061028466,-3.15220305142328));
#2602=CARTESIAN_POINT('',(0.636419898690571,-21.3652399835425,-3.18261999177126));
#2603=CARTESIAN_POINT('',(0.70915722870519,-21.4155457941502,-3.20777289707509));
#2604=CARTESIAN_POINT('',(0.780158792973494,-21.4528690333255,-3.22643451666276));
#2605=CARTESIAN_POINT('',(0.851355602573767,-21.479418185528,-3.23970909276399));
#2606=CARTESIAN_POINT('',(0.923566968321777,-21.496029512386,-3.24801475619302));
#2607=CARTESIAN_POINT('',(0.973964224518817,-21.5,-3.25));
#2608=CARTESIAN_POINT('',(0.999999999999999,-21.5,-3.25));
#2609=CARTESIAN_POINT('',(-4.44089209850063E-16,-29.,-2.25));
#2610=CARTESIAN_POINT('',(-4.58834359395865E-16,-28.896343917946,-2.301828012867));
#2611=CARTESIAN_POINT('',(0.00745704873057561,-28.7036186241591,-2.39819069917525));
#2612=CARTESIAN_POINT('',(0.0371626287144137,-28.4410188161732,-2.52949058971238));
#2613=CARTESIAN_POINT('',(0.0774561143748128,-28.2178966658151,-2.641051667583));
#2614=CARTESIAN_POINT('',(0.124224236322159,-28.0271975058292,-2.73640124697414));
#2615=CARTESIAN_POINT('',(0.177857320347106,-27.8558414069356,-2.8220792965582));
#2616=CARTESIAN_POINT('',(0.236346859059345,-27.7041811024572,-2.89790944876541));
#2617=CARTESIAN_POINT('',(0.298971802986966,-27.570004387718,-2.96499780614235));
#2618=CARTESIAN_POINT('',(0.363719333146343,-27.4539968238307,-3.02300158808437));
#2619=CARTESIAN_POINT('',(0.430148288697594,-27.3538363942169,-3.0730818028916));
#2620=CARTESIAN_POINT('',(0.497260822574361,-27.268760161474,-3.11561991926301));
#2621=CARTESIAN_POINT('',(0.566414203692795,-27.1955938971496,-3.15220305142521));
#2622=CARTESIAN_POINT('',(0.636419898695196,-27.1347600164538,-3.18261999177308));
#2623=CARTESIAN_POINT('',(0.709157228710494,-27.0844542058466,-3.20777289707672));
#2624=CARTESIAN_POINT('',(0.780158792979382,-27.0471309666718,-3.22643451666409));
#2625=CARTESIAN_POINT('',(0.85135560257928,-27.0205818144704,-3.23970909276479));
#2626=CARTESIAN_POINT('',(0.923566968325241,-27.0039704876136,-3.2480147561932));
#2627=CARTESIAN_POINT('',(0.973964224520174,-27.,-3.25));
#2628=CARTESIAN_POINT('',(0.999999999999999,-27.,-3.25));
#2629=CARTESIAN_POINT('',(-3.10862446895044E-15,-29.,-16.75));
#2630=CARTESIAN_POINT('',(-3.08694042550073E-15,-28.9481670339843,-16.6463340116449));
#2631=CARTESIAN_POINT('',(0.00745842542788106,-28.8517956875786,-16.4535913976679));
#2632=CARTESIAN_POINT('',(0.037169815024687,-28.7204826137707,-16.190965223139));
#2633=CARTESIAN_POINT('',(0.0774754955485662,-28.6088997176843,-15.9677994363501));
#2634=CARTESIAN_POINT('',(0.124265836104776,-28.5135204555349,-15.7770409108471));
#2635=CARTESIAN_POINT('',(0.17793242348684,-28.4278103339327,-15.6056206679175));
#2636=CARTESIAN_POINT('',(0.236456407165258,-28.3519598511326,-15.4539197022532));
#2637=CARTESIAN_POINT('',(0.299077940965064,-28.2849005662543,-15.3198011325113));
#2638=CARTESIAN_POINT('',(0.363320812479244,-28.2273639889477,-15.2047279778949));
#2639=CARTESIAN_POINT('',(0.428754925029171,-28.1779438148222,-15.1058876296446));
#2640=CARTESIAN_POINT('',(0.494781851298846,-28.1358433772778,-15.0216867545556));
#2641=CARTESIAN_POINT('',(0.562400303186259,-28.0997820217421,-14.9495640434842));
#2642=CARTESIAN_POINT('',(0.630760344241685,-28.0696835165383,-14.8893670330765));
#2643=CARTESIAN_POINT('',(0.701074935189385,-28.044754967039,-14.8395099340781));
#2644=CARTESIAN_POINT('',(0.772895072882556,-28.0251731393691,-14.8003462787381));
#2645=CARTESIAN_POINT('',(0.846481935021435,-28.0109209265057,-14.7718418530114));
#2646=CARTESIAN_POINT('',(0.922117401114621,-28.0020529402977,-14.7541058805955));
#2647=CARTESIAN_POINT('',(0.97369142672673,-28.,-14.75));
#2648=CARTESIAN_POINT('',(0.999999999999997,-28.,-14.75));
#2649=CARTESIAN_POINT('',(-4.44089209850063E-16,-29.,-2.25));
#2650=CARTESIAN_POINT('',(-4.59701721133854E-16,-28.9481670339844,-2.35366598835373));
#2651=CARTESIAN_POINT('',(0.00745842542774373,-28.8517956875801,-2.54640860232948));
#2652=CARTESIAN_POINT('',(0.0371698150241051,-28.7204826137727,-2.80903477685687));
#2653=CARTESIAN_POINT('',(0.0774754955477143,-28.6088997176863,-3.03220056364593));
#2654=CARTESIAN_POINT('',(0.124265836103773,-28.5135204555366,-3.22295908914927));
#2655=CARTESIAN_POINT('',(0.177932423485528,-28.4278103339347,-3.39437933207862));
#2656=CARTESIAN_POINT('',(0.236456407162828,-28.3519598511355,-3.54608029774088));
#2657=CARTESIAN_POINT('',(0.299077940960903,-28.2849005662585,-3.68019886748031));
#2658=CARTESIAN_POINT('',(0.363320812473206,-28.2273639889528,-3.79527202209504));
#2659=CARTESIAN_POINT('',(0.428754925021956,-28.1779438148273,-3.89411237034531));
#2660=CARTESIAN_POINT('',(0.494781851291146,-28.1358433772823,-3.97831324543542));
#2661=CARTESIAN_POINT('',(0.562400303178461,-28.0997820217459,-4.05043595650823));
#2662=CARTESIAN_POINT('',(0.630760344233774,-28.0696835165414,-4.11063296691722));
#2663=CARTESIAN_POINT('',(0.701074935181071,-28.0447549670417,-4.16049006591666));
#2664=CARTESIAN_POINT('',(0.772895072873287,-28.0251731393713,-4.19965372125749));
#2665=CARTESIAN_POINT('',(0.846481935012213,-28.0109209265071,-4.22815814698578));
#2666=CARTESIAN_POINT('',(0.922117401108359,-28.0020529402981,-4.24589411940385));
#2667=CARTESIAN_POINT('',(0.973691426724159,-28.,-4.25));
#2668=CARTESIAN_POINT('',(0.999999999999999,-28.,-4.25));
#2669=CARTESIAN_POINT('',(-3.10862446895044E-15,-19.5,-16.75));
#2670=CARTESIAN_POINT('',(-3.09908348983257E-15,-19.6036560820531,-16.6981719871326));
#2671=CARTESIAN_POINT('',(0.00745704873050311,-19.7963813758397,-16.6018093008257));
#2672=CARTESIAN_POINT('',(0.0371626287140916,-20.0589811838244,-16.4705094102887));
#2673=CARTESIAN_POINT('',(0.0774561143742309,-20.2821033341821,-16.3589483324184));
#2674=CARTESIAN_POINT('',(0.1242242363213,-20.4728024941676,-16.2635987530274));
#2675=CARTESIAN_POINT('',(0.177857320346136,-20.6441585930617,-16.1779207034432));
#2676=CARTESIAN_POINT('',(0.236346859058564,-20.795818897541,-16.1020905512355));
#2677=CARTESIAN_POINT('',(0.298971802986574,-20.9299956122813,-16.035002193858));
#2678=CARTESIAN_POINT('',(0.363719333145987,-21.0460031761687,-15.9769984119159));
#2679=CARTESIAN_POINT('',(0.430148288696124,-21.1461636057809,-15.9269181971095));
#2680=CARTESIAN_POINT('',(0.497260822570959,-21.231239838522,-15.884380080739));
#2681=CARTESIAN_POINT('',(0.566414203688055,-21.3044061028458,-15.8477969485771));
#2682=CARTESIAN_POINT('',(0.636419898690602,-21.3652399835427,-15.8173800082287));
#2683=CARTESIAN_POINT('',(0.709157228707762,-21.4155457941519,-15.792227102924));
#2684=CARTESIAN_POINT('',(0.780158792978237,-21.4528690333278,-15.7735654833361));
#2685=CARTESIAN_POINT('',(0.8513556025791,-21.4794181855295,-15.7602909072352));
#2686=CARTESIAN_POINT('',(0.923566968325144,-21.4960295123864,-15.7519852438068));
#2687=CARTESIAN_POINT('',(0.973964224520117,-21.5,-15.75));
#2688=CARTESIAN_POINT('',(0.999999999999997,-21.5,-15.75));
#2689=CARTESIAN_POINT('',(-3.10862446895044E-15,-29.,-16.75));
#2690=CARTESIAN_POINT('',(-3.10211925591552E-15,-28.8963439179468,-16.6981719871329));
#2691=CARTESIAN_POINT('',(0.00745704873051963,-28.7036186241599,-16.6018093008254));
#2692=CARTESIAN_POINT('',(0.037162628714286,-28.441018816174,-16.4705094102879));
#2693=CARTESIAN_POINT('',(0.0774561143749423,-28.2178966658143,-16.3589483324166));
#2694=CARTESIAN_POINT('',(0.124224236322865,-28.0271975058265,-16.2635987530245));
#2695=CARTESIAN_POINT('',(0.177857320348622,-27.8558414069311,-16.1779207034396));
#2696=CARTESIAN_POINT('',(0.236346859061685,-27.7041811024516,-16.1020905512318));
#2697=CARTESIAN_POINT('',(0.298971802990281,-27.5700043877114,-16.0350021938544));
#2698=CARTESIAN_POINT('',(0.363719333150997,-27.4539968238229,-15.9769984119117));
#2699=CARTESIAN_POINT('',(0.430148288704141,-27.3538363942077,-15.9269181971038));
#2700=CARTESIAN_POINT('',(0.497260822583029,-27.2687601614638,-15.8843800807319));
#2701=CARTESIAN_POINT('',(0.566414203702789,-27.19559389714,-15.84779694857));
#2702=CARTESIAN_POINT('',(0.636419898705784,-27.1347600164456,-15.8173800082228));
#2703=CARTESIAN_POINT('',(0.709157228720951,-27.0844542058402,-15.7922271029201));
#2704=CARTESIAN_POINT('',(0.780158792990161,-27.047130966667,-15.7735654833335));
#2705=CARTESIAN_POINT('',(0.8513556025893,-27.0205818144675,-15.7602909072337));
#2706=CARTESIAN_POINT('',(0.92356696833189,-27.0039704876129,-15.7519852438064));
#2707=CARTESIAN_POINT('',(0.973964224522852,-27.,-15.75));
#2708=CARTESIAN_POINT('',(0.999999999999997,-27.,-15.75));
#2709=CARTESIAN_POINT('',(-4.44089209850063E-16,19.5,-2.25000000000001));
#2710=CARTESIAN_POINT('',(-4.58400678526871E-16,19.5518329660145,-2.35366598835323));
#2711=CARTESIAN_POINT('',(0.00745842542763093,19.648204312419,-2.54640860232714));
#2712=CARTESIAN_POINT('',(0.0371698150235918,19.7795173862254,-2.80903477685319));
#2713=CARTESIAN_POINT('',(0.0774754955467719,19.8911002823115,-3.03220056364141));
#2714=CARTESIAN_POINT('',(0.124265836102449,19.9864795444609,-3.22295908914447));
#2715=CARTESIAN_POINT('',(0.177932423483899,20.072189666063,-3.39437933207396));
#2716=CARTESIAN_POINT('',(0.236456407161084,20.1480401488624,-3.5460802977368));
#2717=CARTESIAN_POINT('',(0.299077940959181,20.2150994337398,-3.68019886747696));
#2718=CARTESIAN_POINT('',(0.363320812471464,20.2726360110458,-3.79527202209218));
#2719=CARTESIAN_POINT('',(0.428754925020023,20.3220561851714,-3.89411237034261));
#2720=CARTESIAN_POINT('',(0.494781851288853,20.3641566227163,-3.97831324543273));
#2721=CARTESIAN_POINT('',(0.562400303175766,20.4002179782528,-4.0504359565056));
#2722=CARTESIAN_POINT('',(0.630760344230607,20.4303164834573,-4.11063296691469));
#2723=CARTESIAN_POINT('',(0.701074935177399,20.4552450329572,-4.16049006591434));
#2724=CARTESIAN_POINT('',(0.772895072869029,20.4748268606277,-4.19965372125549));
#2725=CARTESIAN_POINT('',(0.846481935008,20.4890790734922,-4.22815814698451));
#2726=CARTESIAN_POINT('',(0.922117401105528,20.4979470597018,-4.24589411940354));
#2727=CARTESIAN_POINT('',(0.973691426723023,20.5,-4.25000000000001));
#2728=CARTESIAN_POINT('',(0.999999999999999,20.5,-4.25000000000001));
#2729=CARTESIAN_POINT('',(-3.10862446895044E-15,19.5,-16.75));
#2730=CARTESIAN_POINT('',(-3.08650674463173E-15,19.5518329660148,-16.6463340116464));
#2731=CARTESIAN_POINT('',(0.00745842542768263,19.6482043124195,-16.4535913976718));
#2732=CARTESIAN_POINT('',(0.0371698150238446,19.7795173862263,-16.190965223145));
#2733=CARTESIAN_POINT('',(0.0774754955472247,19.8911002823126,-15.9677994363564));
#2734=CARTESIAN_POINT('',(0.12426583610307,19.9864795444621,-15.7770409108533));
#2735=CARTESIAN_POINT('',(0.177932423484645,20.0721896660641,-15.6056206679239));
#2736=CARTESIAN_POINT('',(0.236456407162171,20.1480401488637,-15.4539197022606));
#2737=CARTESIAN_POINT('',(0.299077940960696,20.2150994337413,-15.31980113252));
#2738=CARTESIAN_POINT('',(0.363320812473551,20.2726360110475,-15.2047279779044));
#2739=CARTESIAN_POINT('',(0.428754925022408,20.322056185173,-15.1058876296541));
#2740=CARTESIAN_POINT('',(0.494781851291811,20.3641566227181,-15.0216867545638));
#2741=CARTESIAN_POINT('',(0.562400303179474,20.4002179782546,-14.9495640434907));
#2742=CARTESIAN_POINT('',(0.630760344235233,20.4303164834592,-14.8893670330816));
#2743=CARTESIAN_POINT('',(0.701074935182603,20.4552450329588,-14.8395099340824));
#2744=CARTESIAN_POINT('',(0.772895072874565,20.474826860629,-14.8003462787419));
#2745=CARTESIAN_POINT('',(0.846481935013187,20.489079073493,-14.7718418530139));
#2746=CARTESIAN_POINT('',(0.922117401108918,20.497947059702,-14.7541058805961));
#2747=CARTESIAN_POINT('',(0.973691426724388,20.5,-14.75));
#2748=CARTESIAN_POINT('',(0.999999999999997,20.5,-14.75));
#2749=CARTESIAN_POINT('',(-3.10862446895044E-15,19.5,-16.75));
#2750=CARTESIAN_POINT('',(-3.1042876602605E-15,19.6036560820522,-16.6981719871333));
#2751=CARTESIAN_POINT('',(0.00745704873038525,19.7963813758374,-16.6018093008268));
#2752=CARTESIAN_POINT('',(0.0371626287136493,20.0589811838214,-16.4705094102903));
#2753=CARTESIAN_POINT('',(0.0774561143736674,20.2821033341796,-16.3589483324197));
#2754=CARTESIAN_POINT('',(0.12422423632097,20.4728024941665,-16.263598753028));
#2755=CARTESIAN_POINT('',(0.177857320346048,20.6441585930615,-16.1779207034433));
#2756=CARTESIAN_POINT('',(0.236346859058705,20.7958188975414,-16.1020905512353));
#2757=CARTESIAN_POINT('',(0.298971802986986,20.9299956122821,-16.0350021938576));
#2758=CARTESIAN_POINT('',(0.363719333147293,21.046003176171,-15.9769984119148));
#2759=CARTESIAN_POINT('',(0.430148288699558,21.1461636057859,-15.926918197107));
#2760=CARTESIAN_POINT('',(0.497260822577219,21.2312398385294,-15.8843800807353));
#2761=CARTESIAN_POINT('',(0.566414203696831,21.3044061028544,-15.8477969485728));
#2762=CARTESIAN_POINT('',(0.636419898700971,21.3652399835508,-15.8173800082246));
#2763=CARTESIAN_POINT('',(0.709157228719293,21.415545794159,-15.7922271029205));
#2764=CARTESIAN_POINT('',(0.780158792991139,21.4528690333336,-15.7735654833332));
#2765=CARTESIAN_POINT('',(0.851355602591794,21.4794181855333,-15.7602909072334));
#2766=CARTESIAN_POINT('',(0.923566968333643,21.4960295123873,-15.7519852438063));
#2767=CARTESIAN_POINT('',(0.973964224523599,21.5,-15.75));
#2768=CARTESIAN_POINT('',(0.999999999999997,21.5,-15.75));
#2769=CARTESIAN_POINT('',(-3.10862446895044E-15,29.,-16.75));
#2770=CARTESIAN_POINT('',(-3.09995085157055E-15,28.8963439179471,-16.6981719871328));
#2771=CARTESIAN_POINT('',(0.00745704873047637,28.7036186241608,-16.6018093008259));
#2772=CARTESIAN_POINT('',(0.0371626287139057,28.441018816177,-16.4705094102894));
#2773=CARTESIAN_POINT('',(0.0774561143738187,28.2178966658199,-16.3589483324194));
#2774=CARTESIAN_POINT('',(0.124224236320565,28.027197505835,-16.2635987530287));
#2775=CARTESIAN_POINT('',(0.177857320345135,27.8558414069413,-16.1779207034446));
#2776=CARTESIAN_POINT('',(0.236346859056887,27.704181102463,-16.1020905512375));
#2777=CARTESIAN_POINT('',(0.298971802984126,27.5700043877236,-16.0350021938605));
#2778=CARTESIAN_POINT('',(0.363719333143162,27.4539968238359,-15.9769984119182));
#2779=CARTESIAN_POINT('',(0.43014828869453,27.3538363942211,-15.9269181971105));
#2780=CARTESIAN_POINT('',(0.497260822571656,27.268760161477,-15.8843800807385));
#2781=CARTESIAN_POINT('',(0.56641420369106,27.1955938971512,-15.8477969485756));
#2782=CARTESIAN_POINT('',(0.636419898695031,27.1347600164538,-15.8173800082269));
#2783=CARTESIAN_POINT('',(0.709157228713118,27.0844542058448,-15.7922271029224));
#2784=CARTESIAN_POINT('',(0.780158792984483,27.0471309666694,-15.7735654833347));
#2785=CARTESIAN_POINT('',(0.851355602585478,27.0205818144686,-15.7602909072343));
#2786=CARTESIAN_POINT('',(0.923566968329498,27.0039704876131,-15.7519852438066));
#2787=CARTESIAN_POINT('',(0.973964224521929,27.,-15.75));
#2788=CARTESIAN_POINT('',(0.999999999999997,27.,-15.75));
#2789=CARTESIAN_POINT('',(-3.33066907387547E-16,29.,-2.25000000000002));
#2790=CARTESIAN_POINT('',(-3.4781205693335E-16,28.9481670339848,-2.35366598835422));
#2791=CARTESIAN_POINT('',(0.00745842542777321,28.8517956875796,-2.54640860232998));
#2792=CARTESIAN_POINT('',(0.0371698150242666,28.7204826137721,-2.80903477685811));
#2793=CARTESIAN_POINT('',(0.0774754955480475,28.6088997176855,-3.03220056364756));
#2794=CARTESIAN_POINT('',(0.124265836104239,28.5135204555358,-3.22295908915095));
#2795=CARTESIAN_POINT('',(0.177932423485844,28.4278103339343,-3.39437933207947));
#2796=CARTESIAN_POINT('',(0.236456407162527,28.351959851136,-3.54608029774005));
#2797=CARTESIAN_POINT('',(0.29907794095972,28.2849005662597,-3.6801988674779));
#2798=CARTESIAN_POINT('',(0.36332081247103,28.2273639889546,-3.79527202209142));
#2799=CARTESIAN_POINT('',(0.428754925018969,28.1779438148294,-3.89411237034111));
#2800=CARTESIAN_POINT('',(0.494781851286867,28.1358433772848,-3.97831324543035));
#2801=CARTESIAN_POINT('',(0.562400303172631,28.0997820217488,-4.05043595650247));
#2802=CARTESIAN_POINT('',(0.630760344226152,28.0696835165445,-4.11063296691111));
#2803=CARTESIAN_POINT('',(0.701074935171917,28.0447549670446,-4.16049006591088));
#2804=CARTESIAN_POINT('',(0.772895072862726,28.0251731393737,-4.19965372125252));
#2805=CARTESIAN_POINT('',(0.846481935001659,28.0109209265087,-4.22815814698257));
#2806=CARTESIAN_POINT('',(0.922117401101249,28.0020529402985,-4.24589411940307));
#2807=CARTESIAN_POINT('',(0.973691426721242,28.,-4.25000000000002));
#2808=CARTESIAN_POINT('',(0.999999999999999,28.,-4.25000000000002));
#2809=CARTESIAN_POINT('',(-3.10862446895044E-15,29.,-16.75));
#2810=CARTESIAN_POINT('',(-3.08390465941777E-15,28.9481670339848,-16.6463340116457));
#2811=CARTESIAN_POINT('',(0.00745842542779085,28.8517956875794,-16.4535913976696));
#2812=CARTESIAN_POINT('',(0.0371698150243526,28.7204826137718,-16.1909652231412));
#2813=CARTESIAN_POINT('',(0.0774754955482189,28.6088997176851,-15.9677994363516));
#2814=CARTESIAN_POINT('',(0.124265836104505,28.5135204555353,-15.7770409108481));
#2815=CARTESIAN_POINT('',(0.177932423486499,28.4278103339333,-15.6056206679186));
#2816=CARTESIAN_POINT('',(0.236456407164183,28.3519598511339,-15.4539197022559));
#2817=CARTESIAN_POINT('',(0.29907794096279,28.2849005662566,-15.3198011325159));
#2818=CARTESIAN_POINT('',(0.363320812475605,28.2273639889508,-15.204727977901));
#2819=CARTESIAN_POINT('',(0.428754925024567,28.1779438148255,-15.1058876296511));
#2820=CARTESIAN_POINT('',(0.494781851293728,28.1358433772808,-15.0216867545616));
#2821=CARTESIAN_POINT('',(0.562400303180963,28.0997820217447,-14.9495640434893));
#2822=CARTESIAN_POINT('',(0.630760344236242,28.0696835165404,-14.8893670330808));
#2823=CARTESIAN_POINT('',(0.701074935183332,28.044754967041,-14.839509934082));
#2824=CARTESIAN_POINT('',(0.77289507287499,28.0251731393709,-14.8003462787418));
#2825=CARTESIAN_POINT('',(0.846481935013223,28.010920926507,-14.7718418530139));
#2826=CARTESIAN_POINT('',(0.922117401108776,28.0020529402981,-14.7541058805961));
#2827=CARTESIAN_POINT('',(0.973691426724281,28.,-14.75));
#2828=CARTESIAN_POINT('',(0.999999999999997,28.,-14.75));
#2829=CARTESIAN_POINT('',(-4.44089209850063E-16,19.5,-2.25));
#2830=CARTESIAN_POINT('',(-4.59701721133854E-16,19.603656082053,-2.30182801286731));
#2831=CARTESIAN_POINT('',(0.00745704873048468,19.7963813758393,-2.39819069917411));
#2832=CARTESIAN_POINT('',(0.0371626287139974,20.0589811838237,-2.52949058971093));
#2833=CARTESIAN_POINT('',(0.0774561143740749,20.2821033341814,-2.64105166758123));
#2834=CARTESIAN_POINT('',(0.124224236321201,20.4728024941673,-2.73640124697244));
#2835=CARTESIAN_POINT('',(0.177857320346109,20.6441585930616,-2.8220792965568));
#2836=CARTESIAN_POINT('',(0.236346859058468,20.7958188975408,-2.8979094487644));
#2837=CARTESIAN_POINT('',(0.298971802986326,20.9299956122808,-2.96499780614175));
#2838=CARTESIAN_POINT('',(0.363719333145929,21.0460031761687,-3.02300158808404));
#2839=CARTESIAN_POINT('',(0.430148288697235,21.1461636057826,-3.07308180289136));
#2840=CARTESIAN_POINT('',(0.497260822573908,21.2312398385255,-3.11561991926275));
#2841=CARTESIAN_POINT('',(0.56641420369193,21.3044061028496,-3.15220305142479));
#2842=CARTESIAN_POINT('',(0.636419898693834,21.3652399835451,-3.18261999177254));
#2843=CARTESIAN_POINT('',(0.709157228708486,21.4155457941522,-3.2077728970761));
#2844=CARTESIAN_POINT('',(0.780158792977034,21.4528690333271,-3.22643451666357));
#2845=CARTESIAN_POINT('',(0.851355602577,21.4794181855289,-3.23970909276446));
#2846=CARTESIAN_POINT('',(0.923566968323818,21.4960295123863,-3.24801475619314));
#2847=CARTESIAN_POINT('',(0.973964224519612,21.5,-3.25000000000001));
#2848=CARTESIAN_POINT('',(0.999999999999999,21.5,-3.25000000000001));
#2849=CARTESIAN_POINT('',(-4.44089209850063E-16,29.,-2.25000000000002));
#2850=CARTESIAN_POINT('',(-4.58400678526871E-16,28.8963439179468,-2.30182801286747));
#2851=CARTESIAN_POINT('',(0.00745704873052099,28.70361862416,-2.39819069917447));
#2852=CARTESIAN_POINT('',(0.0371626287141334,28.4410188161754,-2.52949058971141));
#2853=CARTESIAN_POINT('',(0.0774561143742742,28.2178966658177,-2.6410516675817));
#2854=CARTESIAN_POINT('',(0.124224236321298,28.0271975058324,-2.7364012469726));
#2855=CARTESIAN_POINT('',(0.177857320345905,27.8558414069391,-2.82207929655646));
#2856=CARTESIAN_POINT('',(0.236346859057433,27.7041811024618,-2.89790944876312));
#2857=CARTESIAN_POINT('',(0.298971802984103,27.5700043877237,-2.9649978061395));
#2858=CARTESIAN_POINT('',(0.363719333142402,27.4539968238372,-3.02300158808111));
#2859=CARTESIAN_POINT('',(0.430148288692472,27.3538363942241,-3.07308180288803));
#2860=CARTESIAN_POINT('',(0.497260822567877,27.2687601614816,-3.11561991925921));
#2861=CARTESIAN_POINT('',(0.566414203683894,27.1955938971583,-3.15220305142088));
#2862=CARTESIAN_POINT('',(0.636419898683289,27.1347600164633,-3.18261999176835));
#2863=CARTESIAN_POINT('',(0.709157228694639,27.0844542058564,-3.20777289707183));
#2864=CARTESIAN_POINT('',(0.780158792960443,27.0471309666805,-3.22643451665977));
#2865=CARTESIAN_POINT('',(0.851355602560319,27.020581814476,-3.23970909276202));
#2866=CARTESIAN_POINT('',(0.923566968312804,27.003970487615,-3.24801475619254));
#2867=CARTESIAN_POINT('',(0.97396422451514,27.,-3.25000000000001));
#2868=CARTESIAN_POINT('',(0.999999999999999,27.,-3.25000000000001));
#2869=AXIS2_PLACEMENT_3D('',#2870,#2871,#2872);
#2870=CARTESIAN_POINT('',(28.8,-21.5,-14.75));
#2871=DIRECTION('',(-3.46606212565902E-16,0.,-1.));
#2872=DIRECTION('',(6.12323399573677E-17,1.,-2.1223509439171E-32));
#2873=AXIS2_PLACEMENT_3D('',#2874,#2875,#2876);
#2874=CARTESIAN_POINT('',(28.8,-21.5,-4.25000000000001));
#2875=DIRECTION('',(-3.46606212565902E-16,0.,-1.));
#2876=DIRECTION('',(6.12323399573677E-17,1.,-2.1223509439171E-32));
#2877=AXIS2_PLACEMENT_3D('',#2878,#2879,#2880);
#2878=CARTESIAN_POINT('',(28.8,-21.5,-4.25000000000001));
#2879=DIRECTION('',(4.19952089204522E-46,1.,-3.43811001174242E-16));
#2880=DIRECTION('',(6.12323399573677E-17,3.43811001174242E-16,1.));
#2881=AXIS2_PLACEMENT_3D('',#2882,#2883,#2884);
#2882=CARTESIAN_POINT('',(28.8,-27.,-4.25));
#2883=DIRECTION('',(4.19952089204522E-46,1.,-3.43811001174242E-16));
#2884=DIRECTION('',(6.12323399573677E-17,3.43811001174242E-16,1.));
#2885=AXIS2_PLACEMENT_3D('',#2886,#2887,#2888);
#2886=CARTESIAN_POINT('',(28.8,-27.,-14.75));
#2887=DIRECTION('',(3.46606212565902E-16,1.73303106282951E-16,1.));
#2888=DIRECTION('',(6.12323399573677E-17,-1.,1.73303106282951E-16));
#2889=AXIS2_PLACEMENT_3D('',#2890,#2891,#2892);
#2890=CARTESIAN_POINT('',(28.8,-27.,-4.25));
#2891=DIRECTION('',(3.46606212565902E-16,1.73303106282951E-16,1.));
#2892=DIRECTION('',(6.12323399573677E-17,-1.,1.73303106282951E-16));
#2893=AXIS2_PLACEMENT_3D('',#2894,#2895,#2896);
#2894=CARTESIAN_POINT('',(28.8,-21.5,-14.75));
#2895=DIRECTION('',(0.,-1.,0.));
#2896=DIRECTION('',(-1.71512449944288E-15,0.,-1.));
#2897=AXIS2_PLACEMENT_3D('',#2898,#2899,#2900);
#2898=CARTESIAN_POINT('',(28.8,-27.,-14.75));
#2899=DIRECTION('',(0.,-1.,0.));
#2900=DIRECTION('',(-1.71512449944288E-15,0.,-1.));
#2901=AXIS2_PLACEMENT_3D('',#2902,#2903,#2904);
#2902=CARTESIAN_POINT('',(28.8,21.5,-4.25000000000001));
#2903=DIRECTION('',(-6.01265933857545E-34,1.73303106282951E-16,1.));
#2904=DIRECTION('',(-3.49148133884313E-15,-1.,1.73303106282951E-16));
#2905=AXIS2_PLACEMENT_3D('',#2906,#2907,#2908);
#2906=CARTESIAN_POINT('',(28.8,21.5,-14.75));
#2907=DIRECTION('',(-6.01265933857545E-34,1.73303106282951E-16,1.));
#2908=DIRECTION('',(-3.49148133884313E-15,-1.,1.73303106282951E-16));
#2909=AXIS2_PLACEMENT_3D('',#2910,#2911,#2912);
#2910=CARTESIAN_POINT('',(28.8,21.5,-14.75));
#2911=DIRECTION('',(0.,-1.,3.43811001174242E-16));
#2912=DIRECTION('',(6.12323399573677E-17,-3.43811001174242E-16,-1.));
#2913=AXIS2_PLACEMENT_3D('',#2914,#2915,#2916);
#2914=CARTESIAN_POINT('',(28.8,27.,-14.75));
#2915=DIRECTION('',(0.,-1.,3.43811001174242E-16));
#2916=DIRECTION('',(6.12323399573677E-17,-3.43811001174242E-16,-1.));
#2917=AXIS2_PLACEMENT_3D('',#2918,#2919,#2920);
#2918=CARTESIAN_POINT('',(28.8,27.,-4.25000000000002));
#2919=DIRECTION('',(-3.46606212565903E-16,-1.73303106282951E-16,-1.));
#2920=DIRECTION('',(6.12323399573677E-17,1.,-1.73303106282951E-16));
#2921=AXIS2_PLACEMENT_3D('',#2922,#2923,#2924);
#2922=CARTESIAN_POINT('',(28.8,27.,-14.75));
#2923=DIRECTION('',(-3.46606212565903E-16,-1.73303106282951E-16,-1.));
#2924=DIRECTION('',(6.12323399573677E-17,1.,-1.73303106282951E-16));
#2925=AXIS2_PLACEMENT_3D('',#2926,#2927,#2928);
#2926=CARTESIAN_POINT('',(28.8,21.5,-4.25000000000001));
#2927=DIRECTION('',(0.,1.,-1.31794217116793E-15));
#2928=DIRECTION('',(6.12323399573677E-17,1.31794217116793E-15,1.));
#2929=AXIS2_PLACEMENT_3D('',#2930,#2931,#2932);
#2930=CARTESIAN_POINT('',(28.8,27.,-4.25000000000002));
#2931=DIRECTION('',(0.,1.,-1.31794217116793E-15));
#2932=DIRECTION('',(6.12323399573677E-17,1.31794217116793E-15,1.));
#2933=AXIS2_PLACEMENT_3D('',#2934,#2935,#2936);
#2934=CARTESIAN_POINT('',(0.999999999999999,-27.,-4.24999999999999));
#2935=DIRECTION('',(1.,1.57009245868376E-16,-3.79053850793408E-16));
#2936=DIRECTION('',(3.79053850793407E-16,3.55271367880052E-15,1.));
#2937=AXIS2_PLACEMENT_3D('',#2938,#2939,#2940);
#2938=CARTESIAN_POINT('',(28.8,-27.,-4.25));
#2939=DIRECTION('',(1.,0.,-1.73666171449745E-16));
#2940=DIRECTION('',(1.73666171449745E-16,1.04899068466779E-15,1.));
#2941=AXIS2_PLACEMENT_3D('',#2942,#2943,#2944);
#2942=CARTESIAN_POINT('',(0.999999999999998,-27.,-14.75));
#2943=DIRECTION('',(1.,-1.5700924586838E-16,-3.79053850793412E-16));
#2944=DIRECTION('',(-1.57009245868384E-16,-1.,-1.06581410364014E-14));
#2945=AXIS2_PLACEMENT_3D('',#2946,#2947,#2948);
#2946=CARTESIAN_POINT('',(28.8,-27.,-14.75));
#2947=DIRECTION('',(1.,0.,-1.48856718385496E-16));
#2948=DIRECTION('',(5.69908172635693E-32,-1.,3.82856869892695E-16));
#2949=AXIS2_PLACEMENT_3D('',#2950,#2951,#2952);
#2950=CARTESIAN_POINT('',(0.999999999999999,-21.5,-4.25));
#2951=DIRECTION('',(1.,1.11022302462516E-16,-1.11022302462515E-16));
#2952=DIRECTION('',(-1.11022302462516E-16,1.,1.77635683940025E-15));
#2953=AXIS2_PLACEMENT_3D('',#2954,#2955,#2956);
#2954=CARTESIAN_POINT('',(28.8,-21.5,-4.25000000000001));
#2955=DIRECTION('',(1.,0.,-1.98475624513994E-16));
#2956=DIRECTION('',(1.21531269134918E-32,1.,6.12323399573677E-17));
#2957=AXIS2_PLACEMENT_3D('',#2958,#2959,#2960);
#2958=CARTESIAN_POINT('',(0.999999999999997,-21.5,-14.75));
#2959=DIRECTION('',(1.,-1.89526925396703E-16,7.85046229341877E-17));
#2960=DIRECTION('',(7.8504622934187E-17,-3.55271367880053E-15,-1.));
#2961=AXIS2_PLACEMENT_3D('',#2962,#2963,#2964);
#2962=CARTESIAN_POINT('',(28.8,-21.5,-14.75));
#2963=DIRECTION('',(1.,0.,-1.48856718385496E-16));
#2964=DIRECTION('',(-1.48856718385496E-16,2.83276944882399E-16,-1.));
#2965=AXIS2_PLACEMENT_3D('',#2966,#2967,#2968);
#2966=CARTESIAN_POINT('',(0.999999999999997,27.,-14.75));
#2967=DIRECTION('',(1.,-1.11022302462516E-16,-1.11022302462515E-16));
#2968=DIRECTION('',(-1.11022302462515E-16,3.55271367880049E-15,-1.));
#2969=AXIS2_PLACEMENT_3D('',#2970,#2971,#2972);
#2970=CARTESIAN_POINT('',(28.8,27.,-14.75));
#2971=DIRECTION('',(1.,0.,-1.48856718385496E-16));
#2972=DIRECTION('',(-1.48856718385496E-16,-1.60812264967664E-16,-1.));
#2973=AXIS2_PLACEMENT_3D('',#2974,#2975,#2976);
#2974=CARTESIAN_POINT('',(0.999999999999999,27.,-4.25));
#2975=DIRECTION('',(1.,-5.3606309666178E-16,-5.36063096661779E-16));
#2976=DIRECTION('',(5.36063096661773E-16,1.,-1.33226762955021E-14));
#2977=AXIS2_PLACEMENT_3D('',#2978,#2979,#2980);
#2978=CARTESIAN_POINT('',(28.8,27.,-4.25000000000002));
#2979=DIRECTION('',(1.,0.,-1.73666171449745E-16));
#2980=DIRECTION('',(1.64880531762911E-31,1.,9.49410759657493E-16));
#2981=AXIS2_PLACEMENT_3D('',#2982,#2983,#2984);
#2982=CARTESIAN_POINT('',(0.999999999999997,21.5,-14.75));
#2983=DIRECTION('',(1.,-7.8504622934188E-17,-1.89526925396704E-16));
#2984=DIRECTION('',(-7.8504622934188E-17,-1.,-6.16297582203927E-33));
#2985=AXIS2_PLACEMENT_3D('',#2986,#2987,#2988);
#2986=CARTESIAN_POINT('',(28.8,21.5,-14.75));
#2987=DIRECTION('',(1.,0.,-9.92378122569972E-17));
#2988=DIRECTION('',(-2.81117842729753E-32,-1.,-2.83276944882399E-16));
#2989=AXIS2_PLACEMENT_3D('',#2990,#2991,#2992);
#2990=CARTESIAN_POINT('',(0.999999999999999,21.5,-4.25));
#2991=DIRECTION('',(1.,-1.11022302462515E-16,-1.11022302462516E-16));
#2992=DIRECTION('',(1.11022302462517E-16,3.55271367880052E-15,1.));
#2993=AXIS2_PLACEMENT_3D('',#2994,#2995,#2996);
#2994=CARTESIAN_POINT('',(28.8,21.5,-4.25000000000001));
#2995=DIRECTION('',(1.,0.,-1.73666171449745E-16));
#2996=DIRECTION('',(1.73666171449745E-16,1.93716910436791E-15,1.));
ENDSEC;
END-ISO-10303-21;
