ISO-10303-21;
HEADER;
FILE_DESCRIPTION(('STEP AP203'),
    '1');
FILE_NAME('Малая шестерня',
    '2026-04-29T19:54:11',
    ('pr11'),
    (''),
    'C3D Converter',
    'C3D Toolkit',
    '');
/*Модуль генерации 3D-моделей программы <Валы и механические передачи 2D>*/
FILE_SCHEMA(('CONFIG_CONTROL_DESIGN'));
ENDSEC;

DATA;
#1=PRODUCT_DEFINITION('','UNSPECIFIED',#33,#36);
#2=SHAPE_DEFINITION_REPRESENTATION(#31,#3);
#3=SHAPE_REPRESENTATION('NONE',(#4),#8);
#4=AXIS2_PLACEMENT_3D('',#5,#6,#7);
#5=CARTESIAN_POINT('',(0.,0.,0.));
#6=DIRECTION('',(0.,0.,1.));
#7=DIRECTION('',(1.,0.,0.));
#8=(GEOMETRIC_REPRESENTATION_CONTEXT(3)GLOBAL_UNCERTAINTY_ASSIGNED_CONTEXT((#10))
GLOBAL_UNIT_ASSIGNED_CONTEXT((#9,#11,#12))REPRESENTATION_CONTEXT('NONE','NONE'));
#9=(LENGTH_UNIT()NAMED_UNIT(*)SI_UNIT(.MILLI.,.METRE.));
#10=UNCERTAINTY_MEASURE_WITH_UNIT(LENGTH_MEASURE(1.E-5),#9,'NONE','NONE');
#11=(NAMED_UNIT(*)PLANE_ANGLE_UNIT()SI_UNIT($,.RADIAN.));
#12=(NAMED_UNIT(*)SI_UNIT($,.STERADIAN.)SOLID_ANGLE_UNIT());
#13=MANIFOLD_SOLID_BREP('',#14);
#14=CLOSED_SHELL('',(#58,#59,#60,#61,#62,#63,#64,#65,#66,#67,#68,#69,#70,#71,#72,
#73,#74,#75,#76,#77,#78,#79,#80,#81,#82,#83,#84,#85,#86,#87,#88,#89,#90,#91,#92,
#93,#94,#95,#96,#97,#98,#99,#100,#101,#102,#103,#104,#105,#106,#107,#108,#109,#110,
#111,#112,#113,#114,#115,#116,#117,#118,#119,#120));
#15=COLOUR_RGB('',0.564705882352941,0.564705882352941,0.564705882352941);
#16=FILL_AREA_STYLE_COLOUR('',#15);
#17=FILL_AREA_STYLE($,(#16));
#18=SURFACE_STYLE_FILL_AREA(#17);
#19=SURFACE_SIDE_STYLE('',(#18));
#20=SURFACE_STYLE_USAGE(.BOTH.,#19);
#21=PRESENTATION_STYLE_ASSIGNMENT((#20));
#22=MECHANICAL_DESIGN_GEOMETRIC_PRESENTATION_REPRESENTATION('NONE',(#23),#8);
#23=STYLED_ITEM('',(#21),#13);
#24=ADVANCED_BREP_SHAPE_REPRESENTATION('NONE',(#13),#8);
#25=SHAPE_REPRESENTATION_RELATIONSHIP('','',#3,#24);
#26=GEOMETRIC_CURVE_SET('',(#121));
#27=GEOMETRIC_CURVE_SET('',(#122));
#28=GEOMETRIC_CURVE_SET('',(#123));
#29=GEOMETRICALLY_BOUNDED_WIREFRAME_SHAPE_REPRESENTATION('NONE',(#26,#27,#28),#8);
#30=SHAPE_REPRESENTATION_RELATIONSHIP('','',#3,#29);
#31=PRODUCT_DEFINITION_SHAPE('NONE','NONE',#1);
#32=MECHANICAL_CONTEXT('NONE',#37,'mechanical');
#33=PRODUCT_DEFINITION_FORMATION_WITH_SPECIFIED_SOURCE('ANY','UNSPECIFIED',#34,.NOT_KNOWN.);
#34=PRODUCT('','\X2\041C043E04340435043B044C\X0\','\X2\041C043E04340443043B044C\X0\ \X2\04330435043D043504400430044604380438\X0\ 3D-\X2\043C043E04340435043B04350439\X0\ \X2\043F0440043E043304400430043C043C044B\X0\ <\X2\04120430043B044B\X0\ \X2\0438\X0\ \X2\043C043504450430043D0438044704350441043A04380435\X0\ \X2\043F0435044004350434043004470438\X0\ 2D>',
(#32));
#35=PRODUCT_RELATED_PRODUCT_CATEGORY('detail','',(#34));
#36=DESIGN_CONTEXT('detailed design',#37,'design');
#37=APPLICATION_CONTEXT('configuration controlled 3d designs of mechanical parts and assemblies');
#38=APPLICATION_PROTOCOL_DEFINITION('international standard','config_control_design',
1994,#37);
#39=CC_DESIGN_DATE_AND_TIME_ASSIGNMENT(#40,#44,(#1));
#40=DATE_AND_TIME(#41,#42);
#41=CALENDAR_DATE(0,1,1);
#42=LOCAL_TIME(0,0,0.,#43);
#43=COORDINATED_UNIVERSAL_TIME_OFFSET(0,0,.AHEAD.);
#44=DATE_TIME_ROLE('creation_date');
#45=CC_DESIGN_APPROVAL(#46,(#1));
#46=APPROVAL(#47,'UNSPECIFIED');
#47=APPROVAL_STATUS('not_yet_approved');
#48=APPROVAL_DATE_TIME(#49,#46);
#49=DATE_AND_TIME(#50,#51);
#50=CALENDAR_DATE(0,1,1);
#51=LOCAL_TIME(0,0,0.,#52);
#52=COORDINATED_UNIVERSAL_TIME_OFFSET(0,0,.AHEAD.);
#53=PERSON('UNSPECIFIED','pr11','UNSPECIFIED',('UNSPECIFIED'),('UNSPECIFIED'),('UNSPECIFIED'));
#54=ORGANIZATION('UNSPECIFIED','UNSPECIFIED','UNSPECIFIED');
#55=PERSON_AND_ORGANIZATION(#53,#54);
#56=PERSON_AND_ORGANIZATION_ROLE('creator');
#57=CC_DESIGN_PERSON_AND_ORGANIZATION_ASSIGNMENT(#55,#56,(#33,#1));
#58=ADVANCED_FACE('',(#124,#126),#128,.T.);
#59=ADVANCED_FACE('',(#133,#135),#137,.F.);
#60=ADVANCED_FACE('',(#142,#144),#146,.F.);
#61=ADVANCED_FACE('',(#151),#153,.F.);
#62=ADVANCED_FACE('',(#157),#159,.T.);
#63=ADVANCED_FACE('',(#164),#166,.F.);
#64=ADVANCED_FACE('',(#170),#172,.F.);
#65=ADVANCED_FACE('',(#176),#178,.T.);
#66=ADVANCED_FACE('',(#183),#185,.F.);
#67=ADVANCED_FACE('',(#189),#191,.F.);
#68=ADVANCED_FACE('',(#195),#197,.T.);
#69=ADVANCED_FACE('',(#202),#204,.F.);
#70=ADVANCED_FACE('',(#208),#210,.F.);
#71=ADVANCED_FACE('',(#214),#216,.T.);
#72=ADVANCED_FACE('',(#221),#223,.F.);
#73=ADVANCED_FACE('',(#227),#229,.F.);
#74=ADVANCED_FACE('',(#233),#235,.T.);
#75=ADVANCED_FACE('',(#240),#242,.F.);
#76=ADVANCED_FACE('',(#246),#248,.F.);
#77=ADVANCED_FACE('',(#252),#254,.T.);
#78=ADVANCED_FACE('',(#259),#261,.F.);
#79=ADVANCED_FACE('',(#265),#267,.F.);
#80=ADVANCED_FACE('',(#271),#273,.T.);
#81=ADVANCED_FACE('',(#278),#280,.F.);
#82=ADVANCED_FACE('',(#284),#286,.F.);
#83=ADVANCED_FACE('',(#290),#292,.T.);
#84=ADVANCED_FACE('',(#297),#299,.F.);
#85=ADVANCED_FACE('',(#303),#305,.F.);
#86=ADVANCED_FACE('',(#309),#311,.T.);
#87=ADVANCED_FACE('',(#316),#318,.F.);
#88=ADVANCED_FACE('',(#322),#324,.F.);
#89=ADVANCED_FACE('',(#328),#330,.T.);
#90=ADVANCED_FACE('',(#335),#337,.F.);
#91=ADVANCED_FACE('',(#341),#343,.F.);
#92=ADVANCED_FACE('',(#347),#349,.T.);
#93=ADVANCED_FACE('',(#354),#356,.F.);
#94=ADVANCED_FACE('',(#360),#362,.F.);
#95=ADVANCED_FACE('',(#366),#368,.T.);
#96=ADVANCED_FACE('',(#373),#375,.F.);
#97=ADVANCED_FACE('',(#379),#381,.F.);
#98=ADVANCED_FACE('',(#385),#387,.T.);
#99=ADVANCED_FACE('',(#392),#394,.F.);
#100=ADVANCED_FACE('',(#398),#400,.F.);
#101=ADVANCED_FACE('',(#404),#406,.T.);
#102=ADVANCED_FACE('',(#411),#413,.F.);
#103=ADVANCED_FACE('',(#417),#419,.F.);
#104=ADVANCED_FACE('',(#423),#425,.T.);
#105=ADVANCED_FACE('',(#430),#432,.F.);
#106=ADVANCED_FACE('',(#436),#438,.F.);
#107=ADVANCED_FACE('',(#442),#444,.T.);
#108=ADVANCED_FACE('',(#449),#451,.F.);
#109=ADVANCED_FACE('',(#455),#457,.F.);
#110=ADVANCED_FACE('',(#461),#463,.T.);
#111=ADVANCED_FACE('',(#468),#470,.F.);
#112=ADVANCED_FACE('',(#474),#476,.F.);
#113=ADVANCED_FACE('',(#480),#482,.T.);
#114=ADVANCED_FACE('',(#487),#489,.F.);
#115=ADVANCED_FACE('',(#493),#495,.F.);
#116=ADVANCED_FACE('',(#499),#501,.T.);
#117=ADVANCED_FACE('',(#506),#508,.F.);
#118=ADVANCED_FACE('',(#512),#514,.F.);
#119=ADVANCED_FACE('',(#518),#520,.T.);
#120=ADVANCED_FACE('',(#525),#527,.F.);
#121=CARTESIAN_POINT('',(4.,50.,0.));
#122=CARTESIAN_POINT('',(8.,0.,0.));
#123=CARTESIAN_POINT('',(0.,0.,0.));
#124=FACE_BOUND('',#125,.T.);
#125=EDGE_LOOP('',(#531,#532,#533,#534,#535,#536,#537,#538,#539,#540,#541,#542,#543,
#544,#545,#546,#547,#548,#549,#550,#551,#552,#553,#554,#555,#556,#557,#558,#559,
#560,#561,#562,#563,#564,#565,#566,#567,#568,#569,#570,#571,#572,#573,#574,#575,
#576,#577,#578,#579,#580,#581,#582,#583,#584,#585,#586,#587,#588,#589,#590));
#126=FACE_BOUND('',#127,.T.);
#127=EDGE_LOOP('',(#591));
#128=PLANE('',#129);
#129=AXIS2_PLACEMENT_3D('',#130,#131,#132);
#130=CARTESIAN_POINT('',(0.,0.,0.));
#131=DIRECTION('',(-1.,0.,6.12323399573677E-17));
#132=DIRECTION('',(-6.12323399573677E-17,0.,-1.));
#133=FACE_BOUND('',#134,.T.);
#134=EDGE_LOOP('',(#592,#593,#594,#595,#596,#597,#598,#599,#600,#601,#602,#603,#604,
#605,#606,#607,#608,#609,#610,#611,#612,#613,#614,#615,#616,#617,#618,#619,#620,
#621,#622,#623,#624,#625,#626,#627,#628,#629,#630,#631,#632,#633,#634,#635,#636,
#637,#638,#639,#640,#641,#642,#643,#644,#645,#646,#647,#648,#649,#650,#651));
#135=FACE_BOUND('',#136,.T.);
#136=EDGE_LOOP('',(#652));
#137=PLANE('',#138);
#138=AXIS2_PLACEMENT_3D('',#139,#140,#141);
#139=CARTESIAN_POINT('',(8.,0.,-4.89858719658941E-16));
#140=DIRECTION('',(-1.,0.,6.12323399573677E-17));
#141=DIRECTION('',(-6.12323399573677E-17,0.,-1.));
#142=FACE_OUTER_BOUND('',#143,.T.);
#143=EDGE_LOOP('',(#653));
#144=FACE_OUTER_BOUND('',#145,.T.);
#145=EDGE_LOOP('',(#654));
#146=CYLINDRICAL_SURFACE('',#147,4.);
#147=AXIS2_PLACEMENT_3D('',#148,#149,#150);
#148=CARTESIAN_POINT('',(-1.,0.,6.12323399573677E-17));
#149=DIRECTION('',(1.,0.,-6.12323399573677E-17));
#150=DIRECTION('',(-6.12323399573677E-17,-1.22464679914735E-16,-1.));
#151=FACE_BOUND('',#152,.T.);
#152=EDGE_LOOP('',(#655,#656,#657,#658));
#153=SURFACE_OF_LINEAR_EXTRUSION('',#154,#155);
#154=B_SPLINE_CURVE_WITH_KNOTS('',3,
(#659,#660,#661,#662,#663,#664,#665,#666,#667,#668,#669,#670,#671,#672,#673,#674,
#675,#676,#677,#678,#679,#680,#681,#682,#683,#684,#685,#686,#687,#688,#689,#690,
#691,#692,#693,#694,#695,#696,#697,#698,#699,#700,#701,#702,#703,#704,#705,#706,
#707,#708),
.UNSPECIFIED.,.F.,.F.,
(4,2,2,2,2,2,2,2,2,2,2,2,2,2,2,2,2,2,2,2,2,2,2,2,4),
(0.,0.0236400655532356,0.0473376154778238,0.0711516104418457,0.095144047208538,0.119381681232294,
0.143937984187559,0.16889555521404,0.194348996169944,0.220408625230795,0.247205238182879,
0.274896363998916,0.303674668328381,0.333779431888642,0.36551246908876,0.399260708419711,
0.435528818595902,0.474987468162298,0.518546509643582,0.567469116661715,0.623555657604721,
0.689451016166482,0.76918090310709,0.86913688217768,1.),
.UNSPECIFIED.);
#155=VECTOR('',#156,8.);
#156=DIRECTION('',(-1.,0.,0.));
#157=FACE_BOUND('',#158,.T.);
#158=EDGE_LOOP('',(#709,#710,#711,#712));
#159=CYLINDRICAL_SURFACE('',#160,7.5);
#160=AXIS2_PLACEMENT_3D('',#161,#162,#163);
#161=CARTESIAN_POINT('',(8.,0.,0.));
#162=DIRECTION('',(1.,0.,0.));
#163=DIRECTION('',(0.,0.954955077512448,0.29675040005566));
#164=FACE_BOUND('',#165,.T.);
#165=EDGE_LOOP('',(#713,#714,#715,#716));
#166=SURFACE_OF_LINEAR_EXTRUSION('',#167,#168);
#167=B_SPLINE_CURVE_WITH_KNOTS('',3,
(#717,#718,#719,#720,#721,#722,#723,#724,#725,#726,#727,#728,#729,#730,#731,#732,
#733,#734,#735,#736,#737,#738,#739,#740,#741,#742,#743,#744,#745,#746,#747,#748,
#749,#750,#751,#752,#753,#754,#755,#756,#757,#758,#759,#760,#761,#762,#763,#764,
#765,#766),
.UNSPECIFIED.,.F.,.F.,
(4,2,2,2,2,2,2,2,2,2,2,2,2,2,2,2,2,2,2,2,2,2,2,2,4),
(0.,0.130863118543429,0.230819095884656,0.310548984753539,0.376444341121349,0.432530884750336,
0.481453491223972,0.525012532185253,0.564471180875359,0.600739292939449,0.63448753065453,
0.666220567673557,0.696325330105422,0.7251036351931,0.752794760977953,0.779591373049014,
0.805651006824409,0.831104447016546,0.856062015441617,0.880618319141536,0.904855951801957,
0.928848391153516,0.952662385515761,0.976359936641511,1.),
.UNSPECIFIED.);
#168=VECTOR('',#169,8.);
#169=DIRECTION('',(-1.,0.,0.));
#170=FACE_BOUND('',#171,.T.);
#171=EDGE_LOOP('',(#767,#768,#769,#770));
#172=SURFACE_OF_LINEAR_EXTRUSION('',#173,#174);
#173=B_SPLINE_CURVE_WITH_KNOTS('',3,
(#771,#772,#773,#774,#775,#776,#777,#778,#779,#780,#781,#782,#783,#784,#785,#786,
#787,#788,#789,#790,#791,#792,#793,#794,#795,#796,#797,#798,#799,#800,#801,#802,
#803,#804,#805,#806,#807,#808,#809,#810,#811,#812),
.UNSPECIFIED.,.F.,.F.,
(4,2,2,2,2,2,2,2,2,2,2,2,2,2,2,2,2,2,2,2,4),
(0.,0.0561283162675223,0.111611712907186,0.166450190667865,0.220643736242106,0.274192351215118,
0.327096025779591,0.379354750414758,0.430968516298705,0.481937311758882,0.532261119689965,
0.581939921973691,0.630973683871585,0.679362372650436,0.727105928440033,0.774204269413401,
0.820657259114375,0.866464652780066,0.911625950692346,0.956139841641383,1.),
.UNSPECIFIED.);
#174=VECTOR('',#175,8.);
#175=DIRECTION('',(-1.,0.,0.));
#176=FACE_BOUND('',#177,.T.);
#177=EDGE_LOOP('',(#813,#814,#815,#816));
#178=CYLINDRICAL_SURFACE('',#179,12.);
#179=AXIS2_PLACEMENT_3D('',#180,#181,#182);
#180=CARTESIAN_POINT('',(8.,0.,-4.89858719658941E-16));
#181=DIRECTION('',(-1.,0.,6.12323399573677E-17));
#182=DIRECTION('',(-6.12323399573676E-17,0.,-1.));
#183=FACE_BOUND('',#184,.T.);
#184=EDGE_LOOP('',(#817,#818,#819,#820));
#185=SURFACE_OF_LINEAR_EXTRUSION('',#186,#187);
#186=B_SPLINE_CURVE_WITH_KNOTS('',3,
(#821,#822,#823,#824,#825,#826,#827,#828,#829,#830,#831,#832,#833,#834,#835,#836,
#837,#838,#839,#840,#841,#842,#843,#844,#845,#846,#847,#848,#849,#850,#851,#852,
#853,#854,#855,#856,#857,#858,#859,#860,#861,#862),
.UNSPECIFIED.,.F.,.F.,
(4,2,2,2,2,2,2,2,2,2,2,2,2,2,2,2,2,2,2,2,4),
(0.,0.0438601585348557,0.0883740491567428,0.133535347451962,0.179342739773032,0.225795731507641,
0.272894070846342,0.320637627412493,0.369026315877494,0.418060080634052,0.46773887859817,
0.518062688416147,0.569031483132591,0.620645251218196,0.672903974317118,0.725807648817617,
0.779356263600063,0.833549810720696,0.888388283793639,0.943871681444528,1.),
.UNSPECIFIED.);
#187=VECTOR('',#188,8.);
#188=DIRECTION('',(-1.,0.,0.));
#189=FACE_BOUND('',#190,.T.);
#190=EDGE_LOOP('',(#863,#864,#865,#866));
#191=SURFACE_OF_LINEAR_EXTRUSION('',#192,#193);
#192=B_SPLINE_CURVE_WITH_KNOTS('',3,
(#867,#868,#869,#870,#871,#872,#873,#874,#875,#876,#877,#878,#879,#880,#881,#882,
#883,#884,#885,#886,#887,#888,#889,#890,#891,#892,#893,#894,#895,#896,#897,#898,
#899,#900,#901,#902,#903,#904,#905,#906,#907,#908,#909,#910,#911,#912,#913,#914,
#915,#916),
.UNSPECIFIED.,.F.,.F.,
(4,2,2,2,2,2,2,2,2,2,2,2,2,2,2,2,2,2,2,2,2,2,2,2,4),
(0.,0.0236400655532356,0.0473376154778238,0.0711516104418457,0.095144047208538,0.119381681232294,
0.143937984187559,0.16889555521404,0.194348996169944,0.220408625230795,0.247205238182879,
0.274896363998916,0.303674668328381,0.333779431888642,0.36551246908876,0.399260708419711,
0.435528818595902,0.474987468162298,0.518546509643582,0.567469116661715,0.623555657604721,
0.689451016166482,0.76918090310709,0.86913688217768,1.),
.UNSPECIFIED.);
#193=VECTOR('',#194,8.);
#194=DIRECTION('',(-1.,0.,0.));
#195=FACE_BOUND('',#196,.T.);
#196=EDGE_LOOP('',(#917,#918,#919,#920));
#197=CYLINDRICAL_SURFACE('',#198,7.5);
#198=AXIS2_PLACEMENT_3D('',#199,#200,#201);
#199=CARTESIAN_POINT('',(8.,0.,0.));
#200=DIRECTION('',(1.,0.,0.));
#201=DIRECTION('',(0.,0.947000395336824,-0.32123239443104));
#202=FACE_BOUND('',#203,.T.);
#203=EDGE_LOOP('',(#921,#922,#923,#924));
#204=SURFACE_OF_LINEAR_EXTRUSION('',#205,#206);
#205=B_SPLINE_CURVE_WITH_KNOTS('',3,
(#925,#926,#927,#928,#929,#930,#931,#932,#933,#934,#935,#936,#937,#938,#939,#940,
#941,#942,#943,#944,#945,#946,#947,#948,#949,#950,#951,#952,#953,#954,#955,#956,
#957,#958,#959,#960,#961,#962,#963,#964,#965,#966,#967,#968,#969,#970,#971,#972,
#973,#974),
.UNSPECIFIED.,.F.,.F.,
(4,2,2,2,2,2,2,2,2,2,2,2,2,2,2,2,2,2,2,2,2,2,2,2,4),
(0.,0.130863118543429,0.230819095884656,0.310548984753539,0.376444341121349,0.432530884750336,
0.481453491223972,0.525012532185253,0.564471180875359,0.600739292939449,0.63448753065453,
0.666220567673557,0.696325330105422,0.7251036351931,0.752794760977953,0.779591373049014,
0.805651006824409,0.831104447016546,0.856062015441617,0.880618319141536,0.904855951801957,
0.928848391153516,0.952662385515761,0.976359936641511,1.),
.UNSPECIFIED.);
#206=VECTOR('',#207,8.);
#207=DIRECTION('',(-1.,0.,0.));
#208=FACE_BOUND('',#209,.T.);
#209=EDGE_LOOP('',(#975,#976,#977,#978));
#210=SURFACE_OF_LINEAR_EXTRUSION('',#211,#212);
#211=B_SPLINE_CURVE_WITH_KNOTS('',3,
(#979,#980,#981,#982,#983,#984,#985,#986,#987,#988,#989,#990,#991,#992,#993,#994,
#995,#996,#997,#998,#999,#1000,#1001,#1002,#1003,#1004,#1005,#1006,#1007,#1008,#1009,
#1010,#1011,#1012,#1013,#1014,#1015,#1016,#1017,#1018,#1019,#1020),
.UNSPECIFIED.,.F.,.F.,
(4,2,2,2,2,2,2,2,2,2,2,2,2,2,2,2,2,2,2,2,4),
(0.,0.0561283162675223,0.111611712907186,0.166450190667865,0.220643736242106,0.274192351215118,
0.327096025779591,0.379354750414758,0.430968516298705,0.481937311758882,0.532261119689965,
0.581939921973691,0.630973683871585,0.679362372650436,0.727105928440033,0.774204269413401,
0.820657259114375,0.866464652780066,0.911625950692346,0.956139841641383,1.),
.UNSPECIFIED.);
#212=VECTOR('',#213,8.);
#213=DIRECTION('',(-1.,0.,0.));
#214=FACE_BOUND('',#215,.T.);
#215=EDGE_LOOP('',(#1021,#1022,#1023,#1024));
#216=CYLINDRICAL_SURFACE('',#217,12.);
#217=AXIS2_PLACEMENT_3D('',#218,#219,#220);
#218=CARTESIAN_POINT('',(8.,0.,-4.89858719658941E-16));
#219=DIRECTION('',(-1.,0.,6.12323399573677E-17));
#220=DIRECTION('',(-6.12323399573676E-17,0.,-1.));
#221=FACE_BOUND('',#222,.T.);
#222=EDGE_LOOP('',(#1025,#1026,#1027,#1028));
#223=SURFACE_OF_LINEAR_EXTRUSION('',#224,#225);
#224=B_SPLINE_CURVE_WITH_KNOTS('',3,
(#1029,#1030,#1031,#1032,#1033,#1034,#1035,#1036,#1037,#1038,#1039,#1040,#1041,#1042,
#1043,#1044,#1045,#1046,#1047,#1048,#1049,#1050,#1051,#1052,#1053,#1054,#1055,#1056,
#1057,#1058,#1059,#1060,#1061,#1062,#1063,#1064,#1065,#1066,#1067,#1068,#1069,#1070),
.UNSPECIFIED.,.F.,.F.,
(4,2,2,2,2,2,2,2,2,2,2,2,2,2,2,2,2,2,2,2,4),
(0.,0.0438601585348557,0.0883740491567428,0.133535347451962,0.179342739773032,0.225795731507641,
0.272894070846342,0.320637627412493,0.369026315877494,0.418060080634052,0.46773887859817,
0.518062688416147,0.569031483132591,0.620645251218196,0.672903974317118,0.725807648817617,
0.779356263600063,0.833549810720696,0.888388283793639,0.943871681444528,1.),
.UNSPECIFIED.);
#225=VECTOR('',#226,8.);
#226=DIRECTION('',(-1.,0.,0.));
#227=FACE_BOUND('',#228,.T.);
#228=EDGE_LOOP('',(#1071,#1072,#1073,#1074));
#229=SURFACE_OF_LINEAR_EXTRUSION('',#230,#231);
#230=B_SPLINE_CURVE_WITH_KNOTS('',3,
(#1075,#1076,#1077,#1078,#1079,#1080,#1081,#1082,#1083,#1084,#1085,#1086,#1087,#1088,
#1089,#1090,#1091,#1092,#1093,#1094,#1095,#1096,#1097,#1098,#1099,#1100,#1101,#1102,
#1103,#1104,#1105,#1106,#1107,#1108,#1109,#1110,#1111,#1112,#1113,#1114,#1115,#1116,
#1117,#1118,#1119,#1120,#1121,#1122,#1123,#1124),
.UNSPECIFIED.,.F.,.F.,
(4,2,2,2,2,2,2,2,2,2,2,2,2,2,2,2,2,2,2,2,2,2,2,2,4),
(0.,0.0236400655532356,0.0473376154778238,0.0711516104418457,0.095144047208538,0.119381681232294,
0.143937984187559,0.16889555521404,0.194348996169944,0.220408625230795,0.247205238182879,
0.274896363998916,0.303674668328381,0.333779431888642,0.36551246908876,0.399260708419711,
0.435528818595902,0.474987468162298,0.518546509643582,0.567469116661715,0.623555657604721,
0.689451016166482,0.76918090310709,0.86913688217768,1.),
.UNSPECIFIED.);
#231=VECTOR('',#232,8.);
#232=DIRECTION('',(-1.,0.,0.));
#233=FACE_BOUND('',#234,.T.);
#234=EDGE_LOOP('',(#1125,#1126,#1127,#1128));
#235=CYLINDRICAL_SURFACE('',#236,7.5);
#236=AXIS2_PLACEMENT_3D('',#237,#238,#239);
#237=CARTESIAN_POINT('',(8.,0.,0.));
#238=DIRECTION('',(1.,0.,0.));
#239=DIRECTION('',(0.,0.57732374950212,-0.816515332532594));
#240=FACE_BOUND('',#241,.T.);
#241=EDGE_LOOP('',(#1129,#1130,#1131,#1132));
#242=SURFACE_OF_LINEAR_EXTRUSION('',#243,#244);
#243=B_SPLINE_CURVE_WITH_KNOTS('',3,
(#1133,#1134,#1135,#1136,#1137,#1138,#1139,#1140,#1141,#1142,#1143,#1144,#1145,#1146,
#1147,#1148,#1149,#1150,#1151,#1152,#1153,#1154,#1155,#1156,#1157,#1158,#1159,#1160,
#1161,#1162,#1163,#1164,#1165,#1166,#1167,#1168,#1169,#1170,#1171,#1172,#1173,#1174,
#1175,#1176,#1177,#1178,#1179,#1180,#1181,#1182),
.UNSPECIFIED.,.F.,.F.,
(4,2,2,2,2,2,2,2,2,2,2,2,2,2,2,2,2,2,2,2,2,2,2,2,4),
(0.,0.130863118543429,0.230819095884656,0.310548984753539,0.376444341121349,0.432530884750336,
0.481453491223972,0.525012532185253,0.564471180875359,0.600739292939449,0.63448753065453,
0.666220567673557,0.696325330105422,0.7251036351931,0.752794760977953,0.779591373049014,
0.805651006824409,0.831104447016546,0.856062015441617,0.880618319141536,0.904855951801957,
0.928848391153516,0.952662385515761,0.976359936641511,1.),
.UNSPECIFIED.);
#244=VECTOR('',#245,8.);
#245=DIRECTION('',(-1.,0.,0.));
#246=FACE_BOUND('',#247,.T.);
#247=EDGE_LOOP('',(#1183,#1184,#1185,#1186));
#248=SURFACE_OF_LINEAR_EXTRUSION('',#249,#250);
#249=B_SPLINE_CURVE_WITH_KNOTS('',3,
(#1187,#1188,#1189,#1190,#1191,#1192,#1193,#1194,#1195,#1196,#1197,#1198,#1199,#1200,
#1201,#1202,#1203,#1204,#1205,#1206,#1207,#1208,#1209,#1210,#1211,#1212,#1213,#1214,
#1215,#1216,#1217,#1218,#1219,#1220,#1221,#1222,#1223,#1224,#1225,#1226,#1227,#1228),
.UNSPECIFIED.,.F.,.F.,
(4,2,2,2,2,2,2,2,2,2,2,2,2,2,2,2,2,2,2,2,4),
(0.,0.0561283162675223,0.111611712907186,0.166450190667865,0.220643736242106,0.274192351215118,
0.327096025779591,0.379354750414758,0.430968516298705,0.481937311758882,0.532261119689965,
0.581939921973691,0.630973683871585,0.679362372650436,0.727105928440033,0.774204269413401,
0.820657259114375,0.866464652780066,0.911625950692346,0.956139841641383,1.),
.UNSPECIFIED.);
#250=VECTOR('',#251,8.);
#251=DIRECTION('',(-1.,0.,0.));
#252=FACE_BOUND('',#253,.T.);
#253=EDGE_LOOP('',(#1229,#1230,#1231,#1232));
#254=CYLINDRICAL_SURFACE('',#255,12.);
#255=AXIS2_PLACEMENT_3D('',#256,#257,#258);
#256=CARTESIAN_POINT('',(8.,0.,-4.89858719658941E-16));
#257=DIRECTION('',(-1.,0.,6.12323399573677E-17));
#258=DIRECTION('',(-6.12323399573676E-17,0.,-1.));
#259=FACE_BOUND('',#260,.T.);
#260=EDGE_LOOP('',(#1233,#1234,#1235,#1236));
#261=SURFACE_OF_LINEAR_EXTRUSION('',#262,#263);
#262=B_SPLINE_CURVE_WITH_KNOTS('',3,
(#1237,#1238,#1239,#1240,#1241,#1242,#1243,#1244,#1245,#1246,#1247,#1248,#1249,#1250,
#1251,#1252,#1253,#1254,#1255,#1256,#1257,#1258,#1259,#1260,#1261,#1262,#1263,#1264,
#1265,#1266,#1267,#1268,#1269,#1270,#1271,#1272,#1273,#1274,#1275,#1276,#1277,#1278),
.UNSPECIFIED.,.F.,.F.,
(4,2,2,2,2,2,2,2,2,2,2,2,2,2,2,2,2,2,2,2,4),
(0.,0.0438601585348557,0.0883740491567428,0.133535347451962,0.179342739773032,0.225795731507641,
0.272894070846342,0.320637627412493,0.369026315877494,0.418060080634052,0.46773887859817,
0.518062688416147,0.569031483132591,0.620645251218196,0.672903974317118,0.725807648817617,
0.779356263600063,0.833549810720696,0.888388283793639,0.943871681444528,1.),
.UNSPECIFIED.);
#263=VECTOR('',#264,8.);
#264=DIRECTION('',(-1.,0.,0.));
#265=FACE_BOUND('',#266,.T.);
#266=EDGE_LOOP('',(#1279,#1280,#1281,#1282));
#267=SURFACE_OF_LINEAR_EXTRUSION('',#268,#269);
#268=B_SPLINE_CURVE_WITH_KNOTS('',3,
(#1283,#1284,#1285,#1286,#1287,#1288,#1289,#1290,#1291,#1292,#1293,#1294,#1295,#1296,
#1297,#1298,#1299,#1300,#1301,#1302,#1303,#1304,#1305,#1306,#1307,#1308,#1309,#1310,
#1311,#1312,#1313,#1314,#1315,#1316,#1317,#1318,#1319,#1320,#1321,#1322,#1323,#1324,
#1325,#1326,#1327,#1328,#1329,#1330,#1331,#1332),
.UNSPECIFIED.,.F.,.F.,
(4,2,2,2,2,2,2,2,2,2,2,2,2,2,2,2,2,2,2,2,2,2,2,2,4),
(0.,0.0236400655532356,0.0473376154778238,0.0711516104418457,0.095144047208538,0.119381681232294,
0.143937984187559,0.16889555521404,0.194348996169944,0.220408625230795,0.247205238182879,
0.274896363998916,0.303674668328381,0.333779431888642,0.36551246908876,0.399260708419711,
0.435528818595902,0.474987468162298,0.518546509643582,0.567469116661715,0.623555657604721,
0.689451016166482,0.76918090310709,0.86913688217768,1.),
.UNSPECIFIED.);
#269=VECTOR('',#270,8.);
#270=DIRECTION('',(-1.,0.,0.));
#271=FACE_BOUND('',#272,.T.);
#272=EDGE_LOOP('',(#1333,#1334,#1335,#1336));
#273=CYLINDRICAL_SURFACE('',#274,7.5);
#274=AXIS2_PLACEMENT_3D('',#275,#276,#277);
#275=CARTESIAN_POINT('',(8.,0.,0.));
#276=DIRECTION('',(1.,0.,0.));
#277=DIRECTION('',(0.,-0.0128709461298629,-0.999917165942121));
#278=FACE_BOUND('',#279,.T.);
#279=EDGE_LOOP('',(#1337,#1338,#1339,#1340));
#280=SURFACE_OF_LINEAR_EXTRUSION('',#281,#282);
#281=B_SPLINE_CURVE_WITH_KNOTS('',3,
(#1341,#1342,#1343,#1344,#1345,#1346,#1347,#1348,#1349,#1350,#1351,#1352,#1353,#1354,
#1355,#1356,#1357,#1358,#1359,#1360,#1361,#1362,#1363,#1364,#1365,#1366,#1367,#1368,
#1369,#1370,#1371,#1372,#1373,#1374,#1375,#1376,#1377,#1378,#1379,#1380,#1381,#1382,
#1383,#1384,#1385,#1386,#1387,#1388,#1389,#1390),
.UNSPECIFIED.,.F.,.F.,
(4,2,2,2,2,2,2,2,2,2,2,2,2,2,2,2,2,2,2,2,2,2,2,2,4),
(0.,0.130863118543429,0.230819095884656,0.310548984753539,0.376444341121349,0.432530884750336,
0.481453491223972,0.525012532185253,0.564471180875359,0.600739292939449,0.63448753065453,
0.666220567673557,0.696325330105422,0.7251036351931,0.752794760977953,0.779591373049014,
0.805651006824409,0.831104447016546,0.856062015441617,0.880618319141536,0.904855951801957,
0.928848391153516,0.952662385515761,0.976359936641511,1.),
.UNSPECIFIED.);
#282=VECTOR('',#283,8.);
#283=DIRECTION('',(-1.,0.,0.));
#284=FACE_BOUND('',#285,.T.);
#285=EDGE_LOOP('',(#1391,#1392,#1393,#1394));
#286=SURFACE_OF_LINEAR_EXTRUSION('',#287,#288);
#287=B_SPLINE_CURVE_WITH_KNOTS('',3,
(#1395,#1396,#1397,#1398,#1399,#1400,#1401,#1402,#1403,#1404,#1405,#1406,#1407,#1408,
#1409,#1410,#1411,#1412,#1413,#1414,#1415,#1416,#1417,#1418,#1419,#1420,#1421,#1422,
#1423,#1424,#1425,#1426,#1427,#1428,#1429,#1430,#1431,#1432,#1433,#1434,#1435,#1436),
.UNSPECIFIED.,.F.,.F.,
(4,2,2,2,2,2,2,2,2,2,2,2,2,2,2,2,2,2,2,2,4),
(0.,0.0561283162675223,0.111611712907186,0.166450190667865,0.220643736242106,0.274192351215118,
0.327096025779591,0.379354750414758,0.430968516298705,0.481937311758882,0.532261119689965,
0.581939921973691,0.630973683871585,0.679362372650436,0.727105928440033,0.774204269413401,
0.820657259114375,0.866464652780066,0.911625950692346,0.956139841641383,1.),
.UNSPECIFIED.);
#288=VECTOR('',#289,8.);
#289=DIRECTION('',(-1.,0.,0.));
#290=FACE_BOUND('',#291,.T.);
#291=EDGE_LOOP('',(#1437,#1438,#1439,#1440));
#292=CYLINDRICAL_SURFACE('',#293,12.);
#293=AXIS2_PLACEMENT_3D('',#294,#295,#296);
#294=CARTESIAN_POINT('',(8.,0.,-4.89858719658941E-16));
#295=DIRECTION('',(-1.,0.,6.12323399573677E-17));
#296=DIRECTION('',(-6.12323399573676E-17,0.,-1.));
#297=FACE_BOUND('',#298,.T.);
#298=EDGE_LOOP('',(#1441,#1442,#1443,#1444));
#299=SURFACE_OF_LINEAR_EXTRUSION('',#300,#301);
#300=B_SPLINE_CURVE_WITH_KNOTS('',3,
(#1445,#1446,#1447,#1448,#1449,#1450,#1451,#1452,#1453,#1454,#1455,#1456,#1457,#1458,
#1459,#1460,#1461,#1462,#1463,#1464,#1465,#1466,#1467,#1468,#1469,#1470,#1471,#1472,
#1473,#1474,#1475,#1476,#1477,#1478,#1479,#1480,#1481,#1482,#1483,#1484,#1485,#1486),
.UNSPECIFIED.,.F.,.F.,
(4,2,2,2,2,2,2,2,2,2,2,2,2,2,2,2,2,2,2,2,4),
(0.,0.0438601585348557,0.0883740491567428,0.133535347451962,0.179342739773032,0.225795731507641,
0.272894070846342,0.320637627412493,0.369026315877494,0.418060080634052,0.46773887859817,
0.518062688416147,0.569031483132591,0.620645251218196,0.672903974317118,0.725807648817617,
0.779356263600063,0.833549810720696,0.888388283793639,0.943871681444528,1.),
.UNSPECIFIED.);
#301=VECTOR('',#302,8.);
#302=DIRECTION('',(-1.,0.,0.));
#303=FACE_BOUND('',#304,.T.);
#304=EDGE_LOOP('',(#1487,#1488,#1489,#1490));
#305=SURFACE_OF_LINEAR_EXTRUSION('',#306,#307);
#306=B_SPLINE_CURVE_WITH_KNOTS('',3,
(#1491,#1492,#1493,#1494,#1495,#1496,#1497,#1498,#1499,#1500,#1501,#1502,#1503,#1504,
#1505,#1506,#1507,#1508,#1509,#1510,#1511,#1512,#1513,#1514,#1515,#1516,#1517,#1518,
#1519,#1520,#1521,#1522,#1523,#1524,#1525,#1526,#1527,#1528,#1529,#1530,#1531,#1532,
#1533,#1534,#1535,#1536,#1537,#1538,#1539,#1540),
.UNSPECIFIED.,.F.,.F.,
(4,2,2,2,2,2,2,2,2,2,2,2,2,2,2,2,2,2,2,2,2,2,2,2,4),
(0.,0.0236400655532356,0.0473376154778238,0.0711516104418457,0.095144047208538,0.119381681232294,
0.143937984187559,0.16889555521404,0.194348996169944,0.220408625230795,0.247205238182879,
0.274896363998916,0.303674668328381,0.333779431888642,0.36551246908876,0.399260708419711,
0.435528818595902,0.474987468162298,0.518546509643582,0.567469116661715,0.623555657604721,
0.689451016166482,0.76918090310709,0.86913688217768,1.),
.UNSPECIFIED.);
#307=VECTOR('',#308,8.);
#308=DIRECTION('',(-1.,0.,0.));
#309=FACE_BOUND('',#310,.T.);
#310=EDGE_LOOP('',(#1541,#1542,#1543,#1544));
#311=CYLINDRICAL_SURFACE('',#312,7.5);
#312=AXIS2_PLACEMENT_3D('',#313,#314,#315);
#313=CARTESIAN_POINT('',(8.,0.,0.));
#314=DIRECTION('',(1.,0.,0.));
#315=DIRECTION('',(0.,-0.598149377807608,-0.801384627896226));
#316=FACE_BOUND('',#317,.T.);
#317=EDGE_LOOP('',(#1545,#1546,#1547,#1548));
#318=SURFACE_OF_LINEAR_EXTRUSION('',#319,#320);
#319=B_SPLINE_CURVE_WITH_KNOTS('',3,
(#1549,#1550,#1551,#1552,#1553,#1554,#1555,#1556,#1557,#1558,#1559,#1560,#1561,#1562,
#1563,#1564,#1565,#1566,#1567,#1568,#1569,#1570,#1571,#1572,#1573,#1574,#1575,#1576,
#1577,#1578,#1579,#1580,#1581,#1582,#1583,#1584,#1585,#1586,#1587,#1588,#1589,#1590,
#1591,#1592,#1593,#1594,#1595,#1596,#1597,#1598),
.UNSPECIFIED.,.F.,.F.,
(4,2,2,2,2,2,2,2,2,2,2,2,2,2,2,2,2,2,2,2,2,2,2,2,4),
(0.,0.130863118543429,0.230819095884656,0.310548984753539,0.376444341121349,0.432530884750336,
0.481453491223972,0.525012532185253,0.564471180875359,0.600739292939449,0.63448753065453,
0.666220567673557,0.696325330105422,0.7251036351931,0.752794760977953,0.779591373049014,
0.805651006824409,0.831104447016546,0.856062015441617,0.880618319141536,0.904855951801957,
0.928848391153516,0.952662385515761,0.976359936641511,1.),
.UNSPECIFIED.);
#320=VECTOR('',#321,8.);
#321=DIRECTION('',(-1.,0.,0.));
#322=FACE_BOUND('',#323,.T.);
#323=EDGE_LOOP('',(#1599,#1600,#1601,#1602));
#324=SURFACE_OF_LINEAR_EXTRUSION('',#325,#326);
#325=B_SPLINE_CURVE_WITH_KNOTS('',3,
(#1603,#1604,#1605,#1606,#1607,#1608,#1609,#1610,#1611,#1612,#1613,#1614,#1615,#1616,
#1617,#1618,#1619,#1620,#1621,#1622,#1623,#1624,#1625,#1626,#1627,#1628,#1629,#1630,
#1631,#1632,#1633,#1634,#1635,#1636,#1637,#1638,#1639,#1640,#1641,#1642,#1643,#1644),
.UNSPECIFIED.,.F.,.F.,
(4,2,2,2,2,2,2,2,2,2,2,2,2,2,2,2,2,2,2,2,4),
(0.,0.0561283162675223,0.111611712907186,0.166450190667865,0.220643736242106,0.274192351215118,
0.327096025779591,0.379354750414758,0.430968516298705,0.481937311758882,0.532261119689965,
0.581939921973691,0.630973683871585,0.679362372650436,0.727105928440033,0.774204269413401,
0.820657259114375,0.866464652780066,0.911625950692346,0.956139841641383,1.),
.UNSPECIFIED.);
#326=VECTOR('',#327,8.);
#327=DIRECTION('',(-1.,0.,0.));
#328=FACE_BOUND('',#329,.T.);
#329=EDGE_LOOP('',(#1645,#1646,#1647,#1648));
#330=CYLINDRICAL_SURFACE('',#331,12.);
#331=AXIS2_PLACEMENT_3D('',#332,#333,#334);
#332=CARTESIAN_POINT('',(8.,0.,-4.89858719658941E-16));
#333=DIRECTION('',(-1.,0.,6.12323399573677E-17));
#334=DIRECTION('',(-6.12323399573676E-17,0.,-1.));
#335=FACE_BOUND('',#336,.T.);
#336=EDGE_LOOP('',(#1649,#1650,#1651,#1652));
#337=SURFACE_OF_LINEAR_EXTRUSION('',#338,#339);
#338=B_SPLINE_CURVE_WITH_KNOTS('',3,
(#1653,#1654,#1655,#1656,#1657,#1658,#1659,#1660,#1661,#1662,#1663,#1664,#1665,#1666,
#1667,#1668,#1669,#1670,#1671,#1672,#1673,#1674,#1675,#1676,#1677,#1678,#1679,#1680,
#1681,#1682,#1683,#1684,#1685,#1686,#1687,#1688,#1689,#1690,#1691,#1692,#1693,#1694),
.UNSPECIFIED.,.F.,.F.,
(4,2,2,2,2,2,2,2,2,2,2,2,2,2,2,2,2,2,2,2,4),
(0.,0.0438601585348557,0.0883740491567428,0.133535347451962,0.179342739773032,0.225795731507641,
0.272894070846342,0.320637627412493,0.369026315877494,0.418060080634052,0.46773887859817,
0.518062688416147,0.569031483132591,0.620645251218196,0.672903974317118,0.725807648817617,
0.779356263600063,0.833549810720696,0.888388283793639,0.943871681444528,1.),
.UNSPECIFIED.);
#339=VECTOR('',#340,8.);
#340=DIRECTION('',(-1.,0.,0.));
#341=FACE_BOUND('',#342,.T.);
#342=EDGE_LOOP('',(#1695,#1696,#1697,#1698));
#343=SURFACE_OF_LINEAR_EXTRUSION('',#344,#345);
#344=B_SPLINE_CURVE_WITH_KNOTS('',3,
(#1699,#1700,#1701,#1702,#1703,#1704,#1705,#1706,#1707,#1708,#1709,#1710,#1711,#1712,
#1713,#1714,#1715,#1716,#1717,#1718,#1719,#1720,#1721,#1722,#1723,#1724,#1725,#1726,
#1727,#1728,#1729,#1730,#1731,#1732,#1733,#1734,#1735,#1736,#1737,#1738,#1739,#1740,
#1741,#1742,#1743,#1744,#1745,#1746,#1747,#1748),
.UNSPECIFIED.,.F.,.F.,
(4,2,2,2,2,2,2,2,2,2,2,2,2,2,2,2,2,2,2,2,2,2,2,2,4),
(0.,0.0236400655532356,0.0473376154778238,0.0711516104418457,0.095144047208538,0.119381681232294,
0.143937984187559,0.16889555521404,0.194348996169944,0.220408625230795,0.247205238182879,
0.274896363998916,0.303674668328381,0.333779431888642,0.36551246908876,0.399260708419711,
0.435528818595902,0.474987468162298,0.518546509643582,0.567469116661715,0.623555657604721,
0.689451016166482,0.76918090310709,0.86913688217768,1.),
.UNSPECIFIED.);
#345=VECTOR('',#346,8.);
#346=DIRECTION('',(-1.,0.,0.));
#347=FACE_BOUND('',#348,.T.);
#348=EDGE_LOOP('',(#1749,#1750,#1751,#1752));
#349=CYLINDRICAL_SURFACE('',#350,7.5);
#350=AXIS2_PLACEMENT_3D('',#351,#352,#353);
#351=CARTESIAN_POINT('',(8.,0.,0.));
#352=DIRECTION('',(1.,0.,0.));
#353=DIRECTION('',(0.,-0.954955077512448,-0.29675040005566));
#354=FACE_BOUND('',#355,.T.);
#355=EDGE_LOOP('',(#1753,#1754,#1755,#1756));
#356=SURFACE_OF_LINEAR_EXTRUSION('',#357,#358);
#357=B_SPLINE_CURVE_WITH_KNOTS('',3,
(#1757,#1758,#1759,#1760,#1761,#1762,#1763,#1764,#1765,#1766,#1767,#1768,#1769,#1770,
#1771,#1772,#1773,#1774,#1775,#1776,#1777,#1778,#1779,#1780,#1781,#1782,#1783,#1784,
#1785,#1786,#1787,#1788,#1789,#1790,#1791,#1792,#1793,#1794,#1795,#1796,#1797,#1798,
#1799,#1800,#1801,#1802,#1803,#1804,#1805,#1806),
.UNSPECIFIED.,.F.,.F.,
(4,2,2,2,2,2,2,2,2,2,2,2,2,2,2,2,2,2,2,2,2,2,2,2,4),
(0.,0.130863118543429,0.230819095884656,0.310548984753539,0.376444341121349,0.432530884750336,
0.481453491223972,0.525012532185253,0.564471180875359,0.600739292939449,0.63448753065453,
0.666220567673557,0.696325330105422,0.7251036351931,0.752794760977953,0.779591373049014,
0.805651006824409,0.831104447016546,0.856062015441617,0.880618319141536,0.904855951801957,
0.928848391153516,0.952662385515761,0.976359936641511,1.),
.UNSPECIFIED.);
#358=VECTOR('',#359,8.);
#359=DIRECTION('',(-1.,0.,0.));
#360=FACE_BOUND('',#361,.T.);
#361=EDGE_LOOP('',(#1807,#1808,#1809,#1810));
#362=SURFACE_OF_LINEAR_EXTRUSION('',#363,#364);
#363=B_SPLINE_CURVE_WITH_KNOTS('',3,
(#1811,#1812,#1813,#1814,#1815,#1816,#1817,#1818,#1819,#1820,#1821,#1822,#1823,#1824,
#1825,#1826,#1827,#1828,#1829,#1830,#1831,#1832,#1833,#1834,#1835,#1836,#1837,#1838,
#1839,#1840,#1841,#1842,#1843,#1844,#1845,#1846,#1847,#1848,#1849,#1850,#1851,#1852),
.UNSPECIFIED.,.F.,.F.,
(4,2,2,2,2,2,2,2,2,2,2,2,2,2,2,2,2,2,2,2,4),
(0.,0.0561283162675223,0.111611712907186,0.166450190667865,0.220643736242106,0.274192351215118,
0.327096025779591,0.379354750414758,0.430968516298705,0.481937311758882,0.532261119689965,
0.581939921973691,0.630973683871585,0.679362372650436,0.727105928440033,0.774204269413401,
0.820657259114375,0.866464652780066,0.911625950692346,0.956139841641383,1.),
.UNSPECIFIED.);
#364=VECTOR('',#365,8.);
#365=DIRECTION('',(-1.,0.,0.));
#366=FACE_BOUND('',#367,.T.);
#367=EDGE_LOOP('',(#1853,#1854,#1855,#1856));
#368=CYLINDRICAL_SURFACE('',#369,12.);
#369=AXIS2_PLACEMENT_3D('',#370,#371,#372);
#370=CARTESIAN_POINT('',(8.,0.,-4.89858719658941E-16));
#371=DIRECTION('',(-1.,0.,6.12323399573677E-17));
#372=DIRECTION('',(-6.12323399573676E-17,0.,-1.));
#373=FACE_BOUND('',#374,.T.);
#374=EDGE_LOOP('',(#1857,#1858,#1859,#1860));
#375=SURFACE_OF_LINEAR_EXTRUSION('',#376,#377);
#376=B_SPLINE_CURVE_WITH_KNOTS('',3,
(#1861,#1862,#1863,#1864,#1865,#1866,#1867,#1868,#1869,#1870,#1871,#1872,#1873,#1874,
#1875,#1876,#1877,#1878,#1879,#1880,#1881,#1882,#1883,#1884,#1885,#1886,#1887,#1888,
#1889,#1890,#1891,#1892,#1893,#1894,#1895,#1896,#1897,#1898,#1899,#1900,#1901,#1902),
.UNSPECIFIED.,.F.,.F.,
(4,2,2,2,2,2,2,2,2,2,2,2,2,2,2,2,2,2,2,2,4),
(0.,0.0438601585348557,0.0883740491567428,0.133535347451962,0.179342739773032,0.225795731507641,
0.272894070846342,0.320637627412493,0.369026315877494,0.418060080634052,0.46773887859817,
0.518062688416147,0.569031483132591,0.620645251218196,0.672903974317118,0.725807648817617,
0.779356263600063,0.833549810720696,0.888388283793639,0.943871681444528,1.),
.UNSPECIFIED.);
#377=VECTOR('',#378,8.);
#378=DIRECTION('',(-1.,0.,0.));
#379=FACE_BOUND('',#380,.T.);
#380=EDGE_LOOP('',(#1903,#1904,#1905,#1906));
#381=SURFACE_OF_LINEAR_EXTRUSION('',#382,#383);
#382=B_SPLINE_CURVE_WITH_KNOTS('',3,
(#1907,#1908,#1909,#1910,#1911,#1912,#1913,#1914,#1915,#1916,#1917,#1918,#1919,#1920,
#1921,#1922,#1923,#1924,#1925,#1926,#1927,#1928,#1929,#1930,#1931,#1932,#1933,#1934,
#1935,#1936,#1937,#1938,#1939,#1940,#1941,#1942,#1943,#1944,#1945,#1946,#1947,#1948,
#1949,#1950,#1951,#1952,#1953,#1954,#1955,#1956),
.UNSPECIFIED.,.F.,.F.,
(4,2,2,2,2,2,2,2,2,2,2,2,2,2,2,2,2,2,2,2,2,2,2,2,4),
(0.,0.0236400655532356,0.0473376154778238,0.0711516104418457,0.095144047208538,0.119381681232294,
0.143937984187559,0.16889555521404,0.194348996169944,0.220408625230795,0.247205238182879,
0.274896363998916,0.303674668328381,0.333779431888642,0.36551246908876,0.399260708419711,
0.435528818595902,0.474987468162298,0.518546509643582,0.567469116661715,0.623555657604721,
0.689451016166482,0.76918090310709,0.86913688217768,1.),
.UNSPECIFIED.);
#383=VECTOR('',#384,8.);
#384=DIRECTION('',(-1.,0.,0.));
#385=FACE_BOUND('',#386,.T.);
#386=EDGE_LOOP('',(#1957,#1958,#1959,#1960));
#387=CYLINDRICAL_SURFACE('',#388,7.5);
#388=AXIS2_PLACEMENT_3D('',#389,#390,#391);
#389=CARTESIAN_POINT('',(8.,0.,0.));
#390=DIRECTION('',(1.,0.,0.));
#391=DIRECTION('',(0.,-0.947000395336824,0.32123239443104));
#392=FACE_BOUND('',#393,.T.);
#393=EDGE_LOOP('',(#1961,#1962,#1963,#1964));
#394=SURFACE_OF_LINEAR_EXTRUSION('',#395,#396);
#395=B_SPLINE_CURVE_WITH_KNOTS('',3,
(#1965,#1966,#1967,#1968,#1969,#1970,#1971,#1972,#1973,#1974,#1975,#1976,#1977,#1978,
#1979,#1980,#1981,#1982,#1983,#1984,#1985,#1986,#1987,#1988,#1989,#1990,#1991,#1992,
#1993,#1994,#1995,#1996,#1997,#1998,#1999,#2000,#2001,#2002,#2003,#2004,#2005,#2006,
#2007,#2008,#2009,#2010,#2011,#2012,#2013,#2014),
.UNSPECIFIED.,.F.,.F.,
(4,2,2,2,2,2,2,2,2,2,2,2,2,2,2,2,2,2,2,2,2,2,2,2,4),
(0.,0.130863118543429,0.230819095884656,0.310548984753539,0.376444341121349,0.432530884750336,
0.481453491223972,0.525012532185253,0.564471180875359,0.600739292939449,0.63448753065453,
0.666220567673557,0.696325330105422,0.7251036351931,0.752794760977953,0.779591373049014,
0.805651006824409,0.831104447016546,0.856062015441617,0.880618319141536,0.904855951801957,
0.928848391153516,0.952662385515761,0.976359936641511,1.),
.UNSPECIFIED.);
#396=VECTOR('',#397,8.);
#397=DIRECTION('',(-1.,0.,0.));
#398=FACE_BOUND('',#399,.T.);
#399=EDGE_LOOP('',(#2015,#2016,#2017,#2018));
#400=SURFACE_OF_LINEAR_EXTRUSION('',#401,#402);
#401=B_SPLINE_CURVE_WITH_KNOTS('',3,
(#2019,#2020,#2021,#2022,#2023,#2024,#2025,#2026,#2027,#2028,#2029,#2030,#2031,#2032,
#2033,#2034,#2035,#2036,#2037,#2038,#2039,#2040,#2041,#2042,#2043,#2044,#2045,#2046,
#2047,#2048,#2049,#2050,#2051,#2052,#2053,#2054,#2055,#2056,#2057,#2058,#2059,#2060),
.UNSPECIFIED.,.F.,.F.,
(4,2,2,2,2,2,2,2,2,2,2,2,2,2,2,2,2,2,2,2,4),
(0.,0.0561283162675223,0.111611712907186,0.166450190667865,0.220643736242106,0.274192351215118,
0.327096025779591,0.379354750414758,0.430968516298705,0.481937311758882,0.532261119689965,
0.581939921973691,0.630973683871585,0.679362372650436,0.727105928440033,0.774204269413401,
0.820657259114375,0.866464652780066,0.911625950692346,0.956139841641383,1.),
.UNSPECIFIED.);
#402=VECTOR('',#403,8.);
#403=DIRECTION('',(-1.,0.,0.));
#404=FACE_BOUND('',#405,.T.);
#405=EDGE_LOOP('',(#2061,#2062,#2063,#2064));
#406=CYLINDRICAL_SURFACE('',#407,12.);
#407=AXIS2_PLACEMENT_3D('',#408,#409,#410);
#408=CARTESIAN_POINT('',(8.,0.,-4.89858719658941E-16));
#409=DIRECTION('',(-1.,0.,6.12323399573677E-17));
#410=DIRECTION('',(-6.12323399573676E-17,0.,-1.));
#411=FACE_BOUND('',#412,.T.);
#412=EDGE_LOOP('',(#2065,#2066,#2067,#2068));
#413=SURFACE_OF_LINEAR_EXTRUSION('',#414,#415);
#414=B_SPLINE_CURVE_WITH_KNOTS('',3,
(#2069,#2070,#2071,#2072,#2073,#2074,#2075,#2076,#2077,#2078,#2079,#2080,#2081,#2082,
#2083,#2084,#2085,#2086,#2087,#2088,#2089,#2090,#2091,#2092,#2093,#2094,#2095,#2096,
#2097,#2098,#2099,#2100,#2101,#2102,#2103,#2104,#2105,#2106,#2107,#2108,#2109,#2110),
.UNSPECIFIED.,.F.,.F.,
(4,2,2,2,2,2,2,2,2,2,2,2,2,2,2,2,2,2,2,2,4),
(0.,0.0438601585348557,0.0883740491567428,0.133535347451962,0.179342739773032,0.225795731507641,
0.272894070846342,0.320637627412493,0.369026315877494,0.418060080634052,0.46773887859817,
0.518062688416147,0.569031483132591,0.620645251218196,0.672903974317118,0.725807648817617,
0.779356263600063,0.833549810720696,0.888388283793639,0.943871681444528,1.),
.UNSPECIFIED.);
#415=VECTOR('',#416,8.);
#416=DIRECTION('',(-1.,0.,0.));
#417=FACE_BOUND('',#418,.T.);
#418=EDGE_LOOP('',(#2111,#2112,#2113,#2114));
#419=SURFACE_OF_LINEAR_EXTRUSION('',#420,#421);
#420=B_SPLINE_CURVE_WITH_KNOTS('',3,
(#2115,#2116,#2117,#2118,#2119,#2120,#2121,#2122,#2123,#2124,#2125,#2126,#2127,#2128,
#2129,#2130,#2131,#2132,#2133,#2134,#2135,#2136,#2137,#2138,#2139,#2140,#2141,#2142,
#2143,#2144,#2145,#2146,#2147,#2148,#2149,#2150,#2151,#2152,#2153,#2154,#2155,#2156,
#2157,#2158,#2159,#2160,#2161,#2162,#2163,#2164),
.UNSPECIFIED.,.F.,.F.,
(4,2,2,2,2,2,2,2,2,2,2,2,2,2,2,2,2,2,2,2,2,2,2,2,4),
(0.,0.0236400655532356,0.0473376154778238,0.0711516104418457,0.095144047208538,0.119381681232294,
0.143937984187559,0.16889555521404,0.194348996169944,0.220408625230795,0.247205238182879,
0.274896363998916,0.303674668328381,0.333779431888642,0.36551246908876,0.399260708419711,
0.435528818595902,0.474987468162298,0.518546509643582,0.567469116661715,0.623555657604721,
0.689451016166482,0.76918090310709,0.86913688217768,1.),
.UNSPECIFIED.);
#421=VECTOR('',#422,8.);
#422=DIRECTION('',(-1.,0.,0.));
#423=FACE_BOUND('',#424,.T.);
#424=EDGE_LOOP('',(#2165,#2166,#2167,#2168));
#425=CYLINDRICAL_SURFACE('',#426,7.5);
#426=AXIS2_PLACEMENT_3D('',#427,#428,#429);
#427=CARTESIAN_POINT('',(8.,0.,0.));
#428=DIRECTION('',(1.,0.,0.));
#429=DIRECTION('',(0.,-0.57732374950212,0.816515332532594));
#430=FACE_BOUND('',#431,.T.);
#431=EDGE_LOOP('',(#2169,#2170,#2171,#2172));
#432=SURFACE_OF_LINEAR_EXTRUSION('',#433,#434);
#433=B_SPLINE_CURVE_WITH_KNOTS('',3,
(#2173,#2174,#2175,#2176,#2177,#2178,#2179,#2180,#2181,#2182,#2183,#2184,#2185,#2186,
#2187,#2188,#2189,#2190,#2191,#2192,#2193,#2194,#2195,#2196,#2197,#2198,#2199,#2200,
#2201,#2202,#2203,#2204,#2205,#2206,#2207,#2208,#2209,#2210,#2211,#2212,#2213,#2214,
#2215,#2216,#2217,#2218,#2219,#2220,#2221,#2222),
.UNSPECIFIED.,.F.,.F.,
(4,2,2,2,2,2,2,2,2,2,2,2,2,2,2,2,2,2,2,2,2,2,2,2,4),
(0.,0.130863118543429,0.230819095884656,0.310548984753539,0.376444341121349,0.432530884750336,
0.481453491223972,0.525012532185253,0.564471180875359,0.600739292939449,0.63448753065453,
0.666220567673557,0.696325330105422,0.7251036351931,0.752794760977953,0.779591373049014,
0.805651006824409,0.831104447016546,0.856062015441617,0.880618319141536,0.904855951801957,
0.928848391153516,0.952662385515761,0.976359936641511,1.),
.UNSPECIFIED.);
#434=VECTOR('',#435,8.);
#435=DIRECTION('',(-1.,0.,0.));
#436=FACE_BOUND('',#437,.T.);
#437=EDGE_LOOP('',(#2223,#2224,#2225,#2226));
#438=SURFACE_OF_LINEAR_EXTRUSION('',#439,#440);
#439=B_SPLINE_CURVE_WITH_KNOTS('',3,
(#2227,#2228,#2229,#2230,#2231,#2232,#2233,#2234,#2235,#2236,#2237,#2238,#2239,#2240,
#2241,#2242,#2243,#2244,#2245,#2246,#2247,#2248,#2249,#2250,#2251,#2252,#2253,#2254,
#2255,#2256,#2257,#2258,#2259,#2260,#2261,#2262,#2263,#2264,#2265,#2266,#2267,#2268),
.UNSPECIFIED.,.F.,.F.,
(4,2,2,2,2,2,2,2,2,2,2,2,2,2,2,2,2,2,2,2,4),
(0.,0.0561283162675223,0.111611712907186,0.166450190667865,0.220643736242106,0.274192351215118,
0.327096025779591,0.379354750414758,0.430968516298705,0.481937311758882,0.532261119689965,
0.581939921973691,0.630973683871585,0.679362372650436,0.727105928440033,0.774204269413401,
0.820657259114375,0.866464652780066,0.911625950692346,0.956139841641383,1.),
.UNSPECIFIED.);
#440=VECTOR('',#441,8.);
#441=DIRECTION('',(-1.,0.,0.));
#442=FACE_BOUND('',#443,.T.);
#443=EDGE_LOOP('',(#2269,#2270,#2271,#2272));
#444=CYLINDRICAL_SURFACE('',#445,12.);
#445=AXIS2_PLACEMENT_3D('',#446,#447,#448);
#446=CARTESIAN_POINT('',(8.,0.,-4.89858719658941E-16));
#447=DIRECTION('',(-1.,0.,6.12323399573677E-17));
#448=DIRECTION('',(-6.12323399573676E-17,0.,-1.));
#449=FACE_BOUND('',#450,.T.);
#450=EDGE_LOOP('',(#2273,#2274,#2275,#2276));
#451=SURFACE_OF_LINEAR_EXTRUSION('',#452,#453);
#452=B_SPLINE_CURVE_WITH_KNOTS('',3,
(#2277,#2278,#2279,#2280,#2281,#2282,#2283,#2284,#2285,#2286,#2287,#2288,#2289,#2290,
#2291,#2292,#2293,#2294,#2295,#2296,#2297,#2298,#2299,#2300,#2301,#2302,#2303,#2304,
#2305,#2306,#2307,#2308,#2309,#2310,#2311,#2312,#2313,#2314,#2315,#2316,#2317,#2318),
.UNSPECIFIED.,.F.,.F.,
(4,2,2,2,2,2,2,2,2,2,2,2,2,2,2,2,2,2,2,2,4),
(0.,0.0438601585348557,0.0883740491567428,0.133535347451962,0.179342739773032,0.225795731507641,
0.272894070846342,0.320637627412493,0.369026315877494,0.418060080634052,0.46773887859817,
0.518062688416147,0.569031483132591,0.620645251218196,0.672903974317118,0.725807648817617,
0.779356263600063,0.833549810720696,0.888388283793639,0.943871681444528,1.),
.UNSPECIFIED.);
#453=VECTOR('',#454,8.);
#454=DIRECTION('',(-1.,0.,0.));
#455=FACE_BOUND('',#456,.T.);
#456=EDGE_LOOP('',(#2319,#2320,#2321,#2322));
#457=SURFACE_OF_LINEAR_EXTRUSION('',#458,#459);
#458=B_SPLINE_CURVE_WITH_KNOTS('',3,
(#2323,#2324,#2325,#2326,#2327,#2328,#2329,#2330,#2331,#2332,#2333,#2334,#2335,#2336,
#2337,#2338,#2339,#2340,#2341,#2342,#2343,#2344,#2345,#2346,#2347,#2348,#2349,#2350,
#2351,#2352,#2353,#2354,#2355,#2356,#2357,#2358,#2359,#2360,#2361,#2362,#2363,#2364,
#2365,#2366,#2367,#2368,#2369,#2370,#2371,#2372),
.UNSPECIFIED.,.F.,.F.,
(4,2,2,2,2,2,2,2,2,2,2,2,2,2,2,2,2,2,2,2,2,2,2,2,4),
(0.,0.0236400655532356,0.0473376154778238,0.0711516104418457,0.095144047208538,0.119381681232294,
0.143937984187559,0.16889555521404,0.194348996169944,0.220408625230795,0.247205238182879,
0.274896363998916,0.303674668328381,0.333779431888642,0.36551246908876,0.399260708419711,
0.435528818595902,0.474987468162298,0.518546509643582,0.567469116661715,0.623555657604721,
0.689451016166482,0.76918090310709,0.86913688217768,1.),
.UNSPECIFIED.);
#459=VECTOR('',#460,8.);
#460=DIRECTION('',(-1.,0.,0.));
#461=FACE_BOUND('',#462,.T.);
#462=EDGE_LOOP('',(#2373,#2374,#2375,#2376));
#463=CYLINDRICAL_SURFACE('',#464,7.5);
#464=AXIS2_PLACEMENT_3D('',#465,#466,#467);
#465=CARTESIAN_POINT('',(8.,0.,0.));
#466=DIRECTION('',(1.,0.,0.));
#467=DIRECTION('',(0.,0.0128709461298629,0.999917165942121));
#468=FACE_BOUND('',#469,.T.);
#469=EDGE_LOOP('',(#2377,#2378,#2379,#2380));
#470=SURFACE_OF_LINEAR_EXTRUSION('',#471,#472);
#471=B_SPLINE_CURVE_WITH_KNOTS('',3,
(#2381,#2382,#2383,#2384,#2385,#2386,#2387,#2388,#2389,#2390,#2391,#2392,#2393,#2394,
#2395,#2396,#2397,#2398,#2399,#2400,#2401,#2402,#2403,#2404,#2405,#2406,#2407,#2408,
#2409,#2410,#2411,#2412,#2413,#2414,#2415,#2416,#2417,#2418,#2419,#2420,#2421,#2422,
#2423,#2424,#2425,#2426,#2427,#2428,#2429,#2430),
.UNSPECIFIED.,.F.,.F.,
(4,2,2,2,2,2,2,2,2,2,2,2,2,2,2,2,2,2,2,2,2,2,2,2,4),
(0.,0.130863118543429,0.230819095884656,0.310548984753539,0.376444341121349,0.432530884750336,
0.481453491223972,0.525012532185253,0.564471180875359,0.600739292939449,0.63448753065453,
0.666220567673557,0.696325330105422,0.7251036351931,0.752794760977953,0.779591373049014,
0.805651006824409,0.831104447016546,0.856062015441617,0.880618319141536,0.904855951801957,
0.928848391153516,0.952662385515761,0.976359936641511,1.),
.UNSPECIFIED.);
#472=VECTOR('',#473,8.);
#473=DIRECTION('',(-1.,0.,0.));
#474=FACE_BOUND('',#475,.T.);
#475=EDGE_LOOP('',(#2431,#2432,#2433,#2434));
#476=SURFACE_OF_LINEAR_EXTRUSION('',#477,#478);
#477=B_SPLINE_CURVE_WITH_KNOTS('',3,
(#2435,#2436,#2437,#2438,#2439,#2440,#2441,#2442,#2443,#2444,#2445,#2446,#2447,#2448,
#2449,#2450,#2451,#2452,#2453,#2454,#2455,#2456,#2457,#2458,#2459,#2460,#2461,#2462,
#2463,#2464,#2465,#2466,#2467,#2468,#2469,#2470,#2471,#2472,#2473,#2474,#2475,#2476),
.UNSPECIFIED.,.F.,.F.,
(4,2,2,2,2,2,2,2,2,2,2,2,2,2,2,2,2,2,2,2,4),
(0.,0.0561283162675223,0.111611712907186,0.166450190667865,0.220643736242106,0.274192351215118,
0.327096025779591,0.379354750414758,0.430968516298705,0.481937311758882,0.532261119689965,
0.581939921973691,0.630973683871585,0.679362372650436,0.727105928440033,0.774204269413401,
0.820657259114375,0.866464652780066,0.911625950692346,0.956139841641383,1.),
.UNSPECIFIED.);
#478=VECTOR('',#479,8.);
#479=DIRECTION('',(-1.,0.,0.));
#480=FACE_BOUND('',#481,.T.);
#481=EDGE_LOOP('',(#2477,#2478,#2479,#2480));
#482=CYLINDRICAL_SURFACE('',#483,12.);
#483=AXIS2_PLACEMENT_3D('',#484,#485,#486);
#484=CARTESIAN_POINT('',(8.,0.,-4.89858719658941E-16));
#485=DIRECTION('',(-1.,0.,6.12323399573677E-17));
#486=DIRECTION('',(-6.12323399573676E-17,0.,-1.));
#487=FACE_BOUND('',#488,.T.);
#488=EDGE_LOOP('',(#2481,#2482,#2483,#2484));
#489=SURFACE_OF_LINEAR_EXTRUSION('',#490,#491);
#490=B_SPLINE_CURVE_WITH_KNOTS('',3,
(#2485,#2486,#2487,#2488,#2489,#2490,#2491,#2492,#2493,#2494,#2495,#2496,#2497,#2498,
#2499,#2500,#2501,#2502,#2503,#2504,#2505,#2506,#2507,#2508,#2509,#2510,#2511,#2512,
#2513,#2514,#2515,#2516,#2517,#2518,#2519,#2520,#2521,#2522,#2523,#2524,#2525,#2526),
.UNSPECIFIED.,.F.,.F.,
(4,2,2,2,2,2,2,2,2,2,2,2,2,2,2,2,2,2,2,2,4),
(0.,0.0438601585348557,0.0883740491567428,0.133535347451962,0.179342739773032,0.225795731507641,
0.272894070846342,0.320637627412493,0.369026315877494,0.418060080634052,0.46773887859817,
0.518062688416147,0.569031483132591,0.620645251218196,0.672903974317118,0.725807648817617,
0.779356263600063,0.833549810720696,0.888388283793639,0.943871681444528,1.),
.UNSPECIFIED.);
#491=VECTOR('',#492,8.);
#492=DIRECTION('',(-1.,0.,0.));
#493=FACE_BOUND('',#494,.T.);
#494=EDGE_LOOP('',(#2527,#2528,#2529,#2530));
#495=SURFACE_OF_LINEAR_EXTRUSION('',#496,#497);
#496=B_SPLINE_CURVE_WITH_KNOTS('',3,
(#2531,#2532,#2533,#2534,#2535,#2536,#2537,#2538,#2539,#2540,#2541,#2542,#2543,#2544,
#2545,#2546,#2547,#2548,#2549,#2550,#2551,#2552,#2553,#2554,#2555,#2556,#2557,#2558,
#2559,#2560,#2561,#2562,#2563,#2564,#2565,#2566,#2567,#2568,#2569,#2570,#2571,#2572,
#2573,#2574,#2575,#2576,#2577,#2578,#2579,#2580),
.UNSPECIFIED.,.F.,.F.,
(4,2,2,2,2,2,2,2,2,2,2,2,2,2,2,2,2,2,2,2,2,2,2,2,4),
(0.,0.0236400655532356,0.0473376154778238,0.0711516104418457,0.095144047208538,0.119381681232294,
0.143937984187559,0.16889555521404,0.194348996169944,0.220408625230795,0.247205238182879,
0.274896363998916,0.303674668328381,0.333779431888642,0.36551246908876,0.399260708419711,
0.435528818595902,0.474987468162298,0.518546509643582,0.567469116661715,0.623555657604721,
0.689451016166482,0.76918090310709,0.86913688217768,1.),
.UNSPECIFIED.);
#497=VECTOR('',#498,8.);
#498=DIRECTION('',(-1.,0.,0.));
#499=FACE_BOUND('',#500,.T.);
#500=EDGE_LOOP('',(#2581,#2582,#2583,#2584));
#501=CYLINDRICAL_SURFACE('',#502,7.5);
#502=AXIS2_PLACEMENT_3D('',#503,#504,#505);
#503=CARTESIAN_POINT('',(8.,0.,0.));
#504=DIRECTION('',(1.,0.,0.));
#505=DIRECTION('',(0.,0.598149377807608,0.801384627896226));
#506=FACE_BOUND('',#507,.T.);
#507=EDGE_LOOP('',(#2585,#2586,#2587,#2588));
#508=SURFACE_OF_LINEAR_EXTRUSION('',#509,#510);
#509=B_SPLINE_CURVE_WITH_KNOTS('',3,
(#2589,#2590,#2591,#2592,#2593,#2594,#2595,#2596,#2597,#2598,#2599,#2600,#2601,#2602,
#2603,#2604,#2605,#2606,#2607,#2608,#2609,#2610,#2611,#2612,#2613,#2614,#2615,#2616,
#2617,#2618,#2619,#2620,#2621,#2622,#2623,#2624,#2625,#2626,#2627,#2628,#2629,#2630,
#2631,#2632,#2633,#2634,#2635,#2636,#2637,#2638),
.UNSPECIFIED.,.F.,.F.,
(4,2,2,2,2,2,2,2,2,2,2,2,2,2,2,2,2,2,2,2,2,2,2,2,4),
(0.,0.130863118543429,0.230819095884656,0.310548984753539,0.376444341121349,0.432530884750336,
0.481453491223972,0.525012532185253,0.564471180875359,0.600739292939449,0.63448753065453,
0.666220567673557,0.696325330105422,0.7251036351931,0.752794760977953,0.779591373049014,
0.805651006824409,0.831104447016546,0.856062015441617,0.880618319141536,0.904855951801957,
0.928848391153516,0.952662385515761,0.976359936641511,1.),
.UNSPECIFIED.);
#510=VECTOR('',#511,8.);
#511=DIRECTION('',(-1.,0.,0.));
#512=FACE_BOUND('',#513,.T.);
#513=EDGE_LOOP('',(#2639,#2640,#2641,#2642));
#514=SURFACE_OF_LINEAR_EXTRUSION('',#515,#516);
#515=B_SPLINE_CURVE_WITH_KNOTS('',3,
(#2643,#2644,#2645,#2646,#2647,#2648,#2649,#2650,#2651,#2652,#2653,#2654,#2655,#2656,
#2657,#2658,#2659,#2660,#2661,#2662,#2663,#2664,#2665,#2666,#2667,#2668,#2669,#2670,
#2671,#2672,#2673,#2674,#2675,#2676,#2677,#2678,#2679,#2680,#2681,#2682,#2683,#2684),
.UNSPECIFIED.,.F.,.F.,
(4,2,2,2,2,2,2,2,2,2,2,2,2,2,2,2,2,2,2,2,4),
(0.,0.0561283162675223,0.111611712907186,0.166450190667865,0.220643736242106,0.274192351215118,
0.327096025779591,0.379354750414758,0.430968516298705,0.481937311758882,0.532261119689965,
0.581939921973691,0.630973683871585,0.679362372650436,0.727105928440033,0.774204269413401,
0.820657259114375,0.866464652780066,0.911625950692346,0.956139841641383,1.),
.UNSPECIFIED.);
#516=VECTOR('',#517,8.);
#517=DIRECTION('',(-1.,0.,0.));
#518=FACE_BOUND('',#519,.T.);
#519=EDGE_LOOP('',(#2685,#2686,#2687,#2688));
#520=CYLINDRICAL_SURFACE('',#521,12.);
#521=AXIS2_PLACEMENT_3D('',#522,#523,#524);
#522=CARTESIAN_POINT('',(8.,0.,-4.89858719658941E-16));
#523=DIRECTION('',(-1.,0.,6.12323399573677E-17));
#524=DIRECTION('',(-6.12323399573676E-17,0.,-1.));
#525=FACE_BOUND('',#526,.T.);
#526=EDGE_LOOP('',(#2689,#2690,#2691,#2692));
#527=SURFACE_OF_LINEAR_EXTRUSION('',#528,#529);
#528=B_SPLINE_CURVE_WITH_KNOTS('',3,
(#2693,#2694,#2695,#2696,#2697,#2698,#2699,#2700,#2701,#2702,#2703,#2704,#2705,#2706,
#2707,#2708,#2709,#2710,#2711,#2712,#2713,#2714,#2715,#2716,#2717,#2718,#2719,#2720,
#2721,#2722,#2723,#2724,#2725,#2726,#2727,#2728,#2729,#2730,#2731,#2732,#2733,#2734),
.UNSPECIFIED.,.F.,.F.,
(4,2,2,2,2,2,2,2,2,2,2,2,2,2,2,2,2,2,2,2,4),
(0.,0.0438601585348557,0.0883740491567428,0.133535347451962,0.179342739773032,0.225795731507641,
0.272894070846342,0.320637627412493,0.369026315877494,0.418060080634052,0.46773887859817,
0.518062688416147,0.569031483132591,0.620645251218196,0.672903974317118,0.725807648817617,
0.779356263600063,0.833549810720696,0.888388283793639,0.943871681444528,1.),
.UNSPECIFIED.);
#529=VECTOR('',#530,8.);
#530=DIRECTION('',(-1.,0.,0.));
#531=ORIENTED_EDGE('',*,*,#2735,.T.);
#532=ORIENTED_EDGE('',*,*,#2736,.T.);
#533=ORIENTED_EDGE('',*,*,#2737,.T.);
#534=ORIENTED_EDGE('',*,*,#2738,.T.);
#535=ORIENTED_EDGE('',*,*,#2739,.T.);
#536=ORIENTED_EDGE('',*,*,#2740,.T.);
#537=ORIENTED_EDGE('',*,*,#2741,.T.);
#538=ORIENTED_EDGE('',*,*,#2742,.T.);
#539=ORIENTED_EDGE('',*,*,#2743,.T.);
#540=ORIENTED_EDGE('',*,*,#2744,.T.);
#541=ORIENTED_EDGE('',*,*,#2745,.T.);
#542=ORIENTED_EDGE('',*,*,#2746,.T.);
#543=ORIENTED_EDGE('',*,*,#2747,.T.);
#544=ORIENTED_EDGE('',*,*,#2748,.T.);
#545=ORIENTED_EDGE('',*,*,#2749,.T.);
#546=ORIENTED_EDGE('',*,*,#2750,.T.);
#547=ORIENTED_EDGE('',*,*,#2751,.T.);
#548=ORIENTED_EDGE('',*,*,#2752,.T.);
#549=ORIENTED_EDGE('',*,*,#2753,.T.);
#550=ORIENTED_EDGE('',*,*,#2754,.T.);
#551=ORIENTED_EDGE('',*,*,#2755,.T.);
#552=ORIENTED_EDGE('',*,*,#2756,.T.);
#553=ORIENTED_EDGE('',*,*,#2757,.T.);
#554=ORIENTED_EDGE('',*,*,#2758,.T.);
#555=ORIENTED_EDGE('',*,*,#2759,.T.);
#556=ORIENTED_EDGE('',*,*,#2760,.T.);
#557=ORIENTED_EDGE('',*,*,#2761,.T.);
#558=ORIENTED_EDGE('',*,*,#2762,.T.);
#559=ORIENTED_EDGE('',*,*,#2763,.T.);
#560=ORIENTED_EDGE('',*,*,#2764,.T.);
#561=ORIENTED_EDGE('',*,*,#2765,.T.);
#562=ORIENTED_EDGE('',*,*,#2766,.T.);
#563=ORIENTED_EDGE('',*,*,#2767,.T.);
#564=ORIENTED_EDGE('',*,*,#2768,.T.);
#565=ORIENTED_EDGE('',*,*,#2769,.T.);
#566=ORIENTED_EDGE('',*,*,#2770,.T.);
#567=ORIENTED_EDGE('',*,*,#2771,.T.);
#568=ORIENTED_EDGE('',*,*,#2772,.T.);
#569=ORIENTED_EDGE('',*,*,#2773,.T.);
#570=ORIENTED_EDGE('',*,*,#2774,.T.);
#571=ORIENTED_EDGE('',*,*,#2775,.T.);
#572=ORIENTED_EDGE('',*,*,#2776,.T.);
#573=ORIENTED_EDGE('',*,*,#2777,.T.);
#574=ORIENTED_EDGE('',*,*,#2778,.T.);
#575=ORIENTED_EDGE('',*,*,#2779,.T.);
#576=ORIENTED_EDGE('',*,*,#2780,.T.);
#577=ORIENTED_EDGE('',*,*,#2781,.T.);
#578=ORIENTED_EDGE('',*,*,#2782,.T.);
#579=ORIENTED_EDGE('',*,*,#2783,.T.);
#580=ORIENTED_EDGE('',*,*,#2784,.T.);
#581=ORIENTED_EDGE('',*,*,#2785,.T.);
#582=ORIENTED_EDGE('',*,*,#2786,.T.);
#583=ORIENTED_EDGE('',*,*,#2787,.T.);
#584=ORIENTED_EDGE('',*,*,#2788,.T.);
#585=ORIENTED_EDGE('',*,*,#2789,.T.);
#586=ORIENTED_EDGE('',*,*,#2790,.T.);
#587=ORIENTED_EDGE('',*,*,#2791,.T.);
#588=ORIENTED_EDGE('',*,*,#2792,.T.);
#589=ORIENTED_EDGE('',*,*,#2793,.T.);
#590=ORIENTED_EDGE('',*,*,#2794,.T.);
#591=ORIENTED_EDGE('',*,*,#2795,.T.);
#592=ORIENTED_EDGE('',*,*,#2796,.T.);
#593=ORIENTED_EDGE('',*,*,#2797,.T.);
#594=ORIENTED_EDGE('',*,*,#2798,.F.);
#595=ORIENTED_EDGE('',*,*,#2799,.T.);
#596=ORIENTED_EDGE('',*,*,#2800,.T.);
#597=ORIENTED_EDGE('',*,*,#2801,.T.);
#598=ORIENTED_EDGE('',*,*,#2802,.T.);
#599=ORIENTED_EDGE('',*,*,#2803,.T.);
#600=ORIENTED_EDGE('',*,*,#2804,.F.);
#601=ORIENTED_EDGE('',*,*,#2805,.T.);
#602=ORIENTED_EDGE('',*,*,#2806,.T.);
#603=ORIENTED_EDGE('',*,*,#2807,.T.);
#604=ORIENTED_EDGE('',*,*,#2808,.T.);
#605=ORIENTED_EDGE('',*,*,#2809,.T.);
#606=ORIENTED_EDGE('',*,*,#2810,.F.);
#607=ORIENTED_EDGE('',*,*,#2811,.T.);
#608=ORIENTED_EDGE('',*,*,#2812,.T.);
#609=ORIENTED_EDGE('',*,*,#2813,.T.);
#610=ORIENTED_EDGE('',*,*,#2814,.T.);
#611=ORIENTED_EDGE('',*,*,#2815,.T.);
#612=ORIENTED_EDGE('',*,*,#2816,.F.);
#613=ORIENTED_EDGE('',*,*,#2817,.T.);
#614=ORIENTED_EDGE('',*,*,#2818,.T.);
#615=ORIENTED_EDGE('',*,*,#2819,.T.);
#616=ORIENTED_EDGE('',*,*,#2820,.T.);
#617=ORIENTED_EDGE('',*,*,#2821,.T.);
#618=ORIENTED_EDGE('',*,*,#2822,.F.);
#619=ORIENTED_EDGE('',*,*,#2823,.T.);
#620=ORIENTED_EDGE('',*,*,#2824,.T.);
#621=ORIENTED_EDGE('',*,*,#2825,.T.);
#622=ORIENTED_EDGE('',*,*,#2826,.T.);
#623=ORIENTED_EDGE('',*,*,#2827,.T.);
#624=ORIENTED_EDGE('',*,*,#2828,.F.);
#625=ORIENTED_EDGE('',*,*,#2829,.T.);
#626=ORIENTED_EDGE('',*,*,#2830,.T.);
#627=ORIENTED_EDGE('',*,*,#2831,.T.);
#628=ORIENTED_EDGE('',*,*,#2832,.T.);
#629=ORIENTED_EDGE('',*,*,#2833,.T.);
#630=ORIENTED_EDGE('',*,*,#2834,.F.);
#631=ORIENTED_EDGE('',*,*,#2835,.T.);
#632=ORIENTED_EDGE('',*,*,#2836,.T.);
#633=ORIENTED_EDGE('',*,*,#2837,.T.);
#634=ORIENTED_EDGE('',*,*,#2838,.T.);
#635=ORIENTED_EDGE('',*,*,#2839,.T.);
#636=ORIENTED_EDGE('',*,*,#2840,.F.);
#637=ORIENTED_EDGE('',*,*,#2841,.T.);
#638=ORIENTED_EDGE('',*,*,#2842,.T.);
#639=ORIENTED_EDGE('',*,*,#2843,.T.);
#640=ORIENTED_EDGE('',*,*,#2844,.T.);
#641=ORIENTED_EDGE('',*,*,#2845,.T.);
#642=ORIENTED_EDGE('',*,*,#2846,.F.);
#643=ORIENTED_EDGE('',*,*,#2847,.T.);
#644=ORIENTED_EDGE('',*,*,#2848,.T.);
#645=ORIENTED_EDGE('',*,*,#2849,.T.);
#646=ORIENTED_EDGE('',*,*,#2850,.T.);
#647=ORIENTED_EDGE('',*,*,#2851,.T.);
#648=ORIENTED_EDGE('',*,*,#2852,.F.);
#649=ORIENTED_EDGE('',*,*,#2853,.T.);
#650=ORIENTED_EDGE('',*,*,#2854,.T.);
#651=ORIENTED_EDGE('',*,*,#2855,.T.);
#652=ORIENTED_EDGE('',*,*,#2856,.T.);
#653=ORIENTED_EDGE('',*,*,#2856,.F.);
#654=ORIENTED_EDGE('',*,*,#2795,.F.);
#655=ORIENTED_EDGE('',*,*,#2735,.F.);
#656=ORIENTED_EDGE('',*,*,#2857,.F.);
#657=ORIENTED_EDGE('',*,*,#2796,.F.);
#658=ORIENTED_EDGE('',*,*,#2858,.T.);
#659=CARTESIAN_POINT('',(8.,7.10250297,2.40924296));
#660=CARTESIAN_POINT('',(8.,7.09614395112487,2.4279940418672));
#661=CARTESIAN_POINT('',(8.,7.09033996112487,2.44689797853387));
#662=CARTESIAN_POINT('',(8.,7.07982927523749,2.4850579009179));
#663=CARTESIAN_POINT('',(8.,7.07511872047022,2.5043477182452));
#664=CARTESIAN_POINT('',(8.,7.06681897786636,2.54319741766055));
#665=CARTESIAN_POINT('',(8.,7.06322513621044,2.56282543570023));
#666=CARTESIAN_POINT('',(8.,7.05716915931155,2.60233690440751));
#667=CARTESIAN_POINT('',(8.,7.05471137473039,2.62229009516259));
#668=CARTESIAN_POINT('',(8.,7.05094340927879,2.66244068676318));
#669=CARTESIAN_POINT('',(8.,7.04964714937015,2.68270894281032));
#670=CARTESIAN_POINT('',(8.,7.0482244994276,2.72348248562895));
#671=CARTESIAN_POINT('',(8.,7.04812235492482,2.7440592023077));
#672=CARTESIAN_POINT('',(8.,7.04911779225282,2.78544739398087));
#673=CARTESIAN_POINT('',(8.,7.0502509040196,2.80633024411071));
#674=CARTESIAN_POINT('',(8.,7.05375611512924,2.84833433076249));
#675=CARTESIAN_POINT('',(8.,7.05617625550938,2.86952612239743));
#676=CARTESIAN_POINT('',(8.,7.06230658409061,2.91215892578158));
#677=CARTESIAN_POINT('',(8.,7.06607889094426,2.93366870802485));
#678=CARTESIAN_POINT('',(8.,7.07497981622452,2.97695713006749));
#679=CARTESIAN_POINT('',(8.,7.08018662196707,2.99880150086578));
#680=CARTESIAN_POINT('',(8.,7.09204261518783,3.04278954082132));
#681=CARTESIAN_POINT('',(8.,7.0987886174862,3.06499422422962));
#682=CARTESIAN_POINT('',(8.,7.11383526837576,3.10974667293057));
#683=CARTESIAN_POINT('',(8.,7.12225464296472,3.13234845036145));
#684=CARTESIAN_POINT('',(8.,7.14079548673642,3.17795541807951));
#685=CARTESIAN_POINT('',(8.,7.15106187291967,3.20100443258162));
#686=CARTESIAN_POINT('',(8.,7.17349196191796,3.24758684589873));
#687=CARTESIAN_POINT('',(8.,7.18583240745979,3.27114935516721));
#688=CARTESIAN_POINT('',(8.,7.21267182201801,3.31886558330027));
#689=CARTESIAN_POINT('',(8.,7.22738686306542,3.34302714491227));
#690=CARTESIAN_POINT('',(8.,7.25932923487888,3.39208080396498));
#691=CARTESIAN_POINT('',(8.,7.27682213133891,3.41694977619959));
#692=CARTESIAN_POINT('',(8.,7.3148062451497,3.46759848841849));
#693=CARTESIAN_POINT('',(8.,7.33562651971659,3.49330944976259));
#694=CARTESIAN_POINT('',(8.,7.38094441185059,3.54587364988811));
#695=CARTESIAN_POINT('',(8.,7.40585425182784,3.57258962893721));
#696=CARTESIAN_POINT('',(8.,7.4603185813384,3.62745882486087));
#697=CARTESIAN_POINT('',(8.,7.49039673333943,3.65536974286057));
#698=CARTESIAN_POINT('',(8.,7.55660754022222,3.71299968710375));
#699=CARTESIAN_POINT('',(8.,7.59341697338397,3.74231075059007));
#700=CARTESIAN_POINT('',(8.,7.67520114123287,3.80319536779887));
#701=CARTESIAN_POINT('',(8.,7.72106895786308,3.83409053375521));
#702=CARTESIAN_POINT('',(8.,7.82423220251244,3.89866864443311));
#703=CARTESIAN_POINT('',(8.,7.88273583735098,3.93121256919138));
#704=CARTESIAN_POINT('',(8.,8.01640757811977,3.9996078516131));
#705=CARTESIAN_POINT('',(8.,8.09325861484915,4.03349288371492));
#706=CARTESIAN_POINT('',(8.,8.27242477194964,4.10481595868148));
#707=CARTESIAN_POINT('',(8.,8.37626871861631,4.13944821201482));
#708=CARTESIAN_POINT('',(8.,8.48237818,4.16827603));
#709=ORIENTED_EDGE('',*,*,#2736,.F.);
#710=ORIENTED_EDGE('',*,*,#2858,.F.);
#711=ORIENTED_EDGE('',*,*,#2855,.F.);
#712=ORIENTED_EDGE('',*,*,#2859,.T.);
#713=ORIENTED_EDGE('',*,*,#2737,.F.);
#714=ORIENTED_EDGE('',*,*,#2859,.F.);
#715=ORIENTED_EDGE('',*,*,#2854,.F.);
#716=ORIENTED_EDGE('',*,*,#2860,.T.);
#717=CARTESIAN_POINT('',(8.,9.31243928,1.61361065));
#718=CARTESIAN_POINT('',(8.,9.20965035413678,1.57456327343714));
#719=CARTESIAN_POINT('',(8.,9.10528250747011,1.54154341677047));
#720=CARTESIAN_POINT('',(8.,8.91841139090538,1.49393377061102));
#721=CARTESIAN_POINT('',(8.,8.8363204769709,1.47617542407129));
#722=CARTESIAN_POINT('',(8.,8.68797602859343,1.45293809356939));
#723=CARTESIAN_POINT('',(8.,8.62151675223933,1.44487911692649));
#724=CARTESIAN_POINT('',(8.,8.5000978731682,1.43648607024319));
#725=CARTESIAN_POINT('',(8.,8.44483030929097,1.43452034923027));
#726=CARTESIAN_POINT('',(8.,8.3428784473395,1.43570550961232));
#727=CARTESIAN_POINT('',(8.,8.29587037722277,1.4377826190944));
#728=CARTESIAN_POINT('',(8.,8.20843067647091,1.44548849071766));
#729=CARTESIAN_POINT('',(8.,8.16769131507841,1.4503894055508));
#730=CARTESIAN_POINT('',(8.,8.09137744409074,1.46276619044737));
#731=CARTESIAN_POINT('',(8.,8.05552170266657,1.46973823689891));
#732=CARTESIAN_POINT('',(8.,7.98796229727867,1.48562637931182));
#733=CARTESIAN_POINT('',(8.,7.95600581768543,1.49418913154726));
#734=CARTESIAN_POINT('',(8.,7.89550545689117,1.51283829766294));
#735=CARTESIAN_POINT('',(8.,7.86673578993156,1.52267565319553));
#736=CARTESIAN_POINT('',(8.,7.8120608501564,1.54358564056386));
#737=CARTESIAN_POINT('',(8.,7.7859543226552,1.55448346774446));
#738=CARTESIAN_POINT('',(8.,7.73619388578262,1.5773108931943));
#739=CARTESIAN_POINT('',(8.,7.71236056023387,1.58911983161759));
#740=CARTESIAN_POINT('',(8.,7.66683378264082,1.61362171985588));
#741=CARTESIAN_POINT('',(8.,7.64498023265343,1.62623433487055));
#742=CARTESIAN_POINT('',(8.,7.60317327167879,1.6522331113616));
#743=CARTESIAN_POINT('',(8.,7.58307685998684,1.66556954581149));
#744=CARTESIAN_POINT('',(8.,7.54459903541079,1.69293084010222));
#745=CARTESIAN_POINT('',(8.,7.52608982485047,1.70692961264761));
#746=CARTESIAN_POINT('',(8.,7.49064260469538,1.73554790684538));
#747=CARTESIAN_POINT('',(8.,7.47359040776786,1.75015988493119));
#748=CARTESIAN_POINT('',(8.,7.44094510790848,1.77994912167821));
#749=CARTESIAN_POINT('',(8.,7.42525011204503,1.79513359776251));
#750=CARTESIAN_POINT('',(8.,7.39523163820427,1.82602094726636));
#751=CARTESIAN_POINT('',(8.,7.38081748515138,1.84174294689796));
#752=CARTESIAN_POINT('',(8.,7.3532923281742,1.87366465278465));
#753=CARTESIAN_POINT('',(8.,7.34010098589809,1.889893200751));
#754=CARTESIAN_POINT('',(8.,7.31496829164157,1.92279184576909));
#755=CARTESIAN_POINT('',(8.,7.30295624081461,1.93949880141903));
#756=CARTESIAN_POINT('',(8.,7.28014110383555,1.97332150400684));
#757=CARTESIAN_POINT('',(8.,7.26927641959239,1.99048078951629));
#758=CARTESIAN_POINT('',(8.,7.24872484106318,2.02517805560958));
#759=CARTESIAN_POINT('',(8.,7.2389850355059,2.04276517595493));
#760=CARTESIAN_POINT('',(8.,7.22066016493894,2.07829024118406));
#761=CARTESIAN_POINT('',(8.,7.21203058858898,2.09628204989351));
#762=CARTESIAN_POINT('',(8.,7.19590994055375,2.13259058366874));
#763=CARTESIAN_POINT('',(8.,7.18838258596928,2.15096516794304));
#764=CARTESIAN_POINT('',(8.,7.17445606668059,2.1880152177187));
#765=CARTESIAN_POINT('',(8.,7.16804013668059,2.20672032105204));
#766=CARTESIAN_POINT('',(8.,7.16216308,2.225628));
#767=ORIENTED_EDGE('',*,*,#2861,.F.);
#768=ORIENTED_EDGE('',*,*,#2738,.F.);
#769=ORIENTED_EDGE('',*,*,#2860,.F.);
#770=ORIENTED_EDGE('',*,*,#2853,.F.);
#771=CARTESIAN_POINT('',(8.,12.2436636,0.3939563));
#772=CARTESIAN_POINT('',(8.,12.1960593439242,0.431250546793804));
#773=CARTESIAN_POINT('',(8.,12.1480258672575,0.467969356793804));
#774=CARTESIAN_POINT('',(8.,12.0516573136877,0.539840812451943));
#775=CARTESIAN_POINT('',(8.,12.0033307868797,0.575033717780185));
#776=CARTESIAN_POINT('',(8.,11.9064105090353,0.643784598777339));
#777=CARTESIAN_POINT('',(8.,11.8578235910975,0.677411650305344));
#778=CARTESIAN_POINT('',(8.,11.7604152462027,0.743012794254189));
#779=CARTESIAN_POINT('',(8.,11.7115998375524,0.775059104055168));
#780=CARTESIAN_POINT('',(8.,11.6137675140494,0.837479097955855));
#781=CARTESIAN_POINT('',(8.,11.5647557266999,0.867928567334858));
#782=CARTESIAN_POINT('',(8.,11.4665640269863,0.927133162066009));
#783=CARTESIAN_POINT('',(8.,11.4173882610743,0.955968164910634));
#784=CARTESIAN_POINT('',(8.,11.318902422213,1.01191953124672));
#785=CARTESIAN_POINT('',(8.,11.2695954058249,1.03912051813721));
#786=CARTESIAN_POINT('',(8.,11.1708814230338,1.09177631469303));
#787=CARTESIAN_POINT('',(8.,11.1214762836001,1.11732131033091));
#788=CARTESIAN_POINT('',(8.,11.0226010973329,1.16663348773273));
#789=CARTESIAN_POINT('',(8.,10.9731314668982,1.19049745670515));
#790=CARTESIAN_POINT('',(8.,10.8741632201323,1.23641070755292));
#791=CARTESIAN_POINT('',(8.,10.8246633762427,1.25856473676893));
#792=CARTESIAN_POINT('',(8.,10.7256717486796,1.30101442747539));
#793=CARTESIAN_POINT('',(8.,10.6761767846152,1.32142461806451));
#794=CARTESIAN_POINT('',(8.,10.5772334636581,1.36033394768529));
#795=CARTESIAN_POINT('',(8.,10.5277795440074,1.37895988964123));
#796=CARTESIAN_POINT('',(8.,10.4289588871952,1.4142359335241));
#797=CARTESIAN_POINT('',(8.,10.3795835936171,1.43102865782084));
#798=CARTESIAN_POINT('',(8.,10.2809636142883,1.46255660159346));
#799=CARTESIAN_POINT('',(8.,10.2317064767457,1.47745555568207));
#800=CARTESIAN_POINT('',(8.,10.1333703495191,1.50508988639485));
#801=CARTESIAN_POINT('',(8.,10.0842735889174,1.51801842672442));
#802=CARTESIAN_POINT('',(8.,9.98631208533959,1.54156877436978));
#803=CARTESIAN_POINT('',(8.,9.9374218417416,1.55242733956197));
#804=CARTESIAN_POINT('',(8.,9.83993760841044,1.57163376265915));
#805=CARTESIAN_POINT('',(8.,9.79130583272244,1.58028892261076));
#806=CARTESIAN_POINT('',(8.,9.69442173658202,1.59477370074587));
#807=CARTESIAN_POINT('',(8.,9.64610909686706,1.60104257748923));
#808=CARTESIAN_POINT('',(8.,9.54998778764199,1.61019736980035));
#809=CARTESIAN_POINT('',(8.,9.50206347043175,1.61385906556553));
#810=CARTESIAN_POINT('',(8.,9.40697457414208,1.61645729446074));
#811=CARTESIAN_POINT('',(8.,9.35973189414208,1.61593824779408));
#812=CARTESIAN_POINT('',(8.,9.31243928,1.61361065));
#813=ORIENTED_EDGE('',*,*,#2861,.T.);
#814=ORIENTED_EDGE('',*,*,#2852,.T.);
#815=ORIENTED_EDGE('',*,*,#2862,.T.);
#816=ORIENTED_EDGE('',*,*,#2739,.F.);
#817=ORIENTED_EDGE('',*,*,#2862,.F.);
#818=ORIENTED_EDGE('',*,*,#2851,.F.);
#819=ORIENTED_EDGE('',*,*,#2863,.T.);
#820=ORIENTED_EDGE('',*,*,#2740,.F.);
#821=CARTESIAN_POINT('',(8.,9.31243927825346,-1.61361065305573));
#822=CARTESIAN_POINT('',(8.,9.35973189262468,-1.61593824302127));
#823=CARTESIAN_POINT('',(8.,9.40697457292297,-1.61645728538299));
#824=CARTESIAN_POINT('',(8.,9.50206346940849,-1.61385905492829));
#825=CARTESIAN_POINT('',(8.,9.54998778657434,-1.61019736625191));
#826=CARTESIAN_POINT('',(8.,9.64610909640126,-1.60104257864278));
#827=CARTESIAN_POINT('',(8.,9.69442173711388,-1.59477370496535));
#828=CARTESIAN_POINT('',(8.,9.79130583223585,-1.58028892679826));
#829=CARTESIAN_POINT('',(8.,9.83993760554466,-1.57163376126537));
#830=CARTESIAN_POINT('',(8.,9.93742183980117,-1.55242733792007));
#831=CARTESIAN_POINT('',(8.,9.98631208696819,-1.5415687783889));
#832=CARTESIAN_POINT('',(8.,10.0842735907642,-1.51801842966281));
#833=CARTESIAN_POINT('',(8.,10.1333703478282,-1.50508988247022));
#834=CARTESIAN_POINT('',(8.,10.231706473991,-1.47745555059924));
#835=CARTESIAN_POINT('',(8.,10.2809636135275,-1.4625566002313));
#836=CARTESIAN_POINT('',(8.,10.3795835941421,-1.43102865844756));
#837=CARTESIAN_POINT('',(8.,10.4289588879402,-1.41423593550187));
#838=CARTESIAN_POINT('',(8.,10.5277795473091,-1.37895989032091));
#839=CARTESIAN_POINT('',(8.,10.5772334687936,-1.36033394428312));
#840=CARTESIAN_POINT('',(8.,10.6761767882238,-1.32142461461904));
#841=CARTESIAN_POINT('',(8.,10.7256717490017,-1.30101442812104));
#842=CARTESIAN_POINT('',(8.,10.8246633743165,-1.25856473852358));
#843=CARTESIAN_POINT('',(8.,10.874163219916,-1.23641070785569));
#844=CARTESIAN_POINT('',(8.,10.9731314664679,-1.19049745334931));
#845=CARTESIAN_POINT('',(8.,11.0226010934112,-1.1666334789346));
#846=CARTESIAN_POINT('',(8.,11.1214762814724,-1.11732130111258));
#847=CARTESIAN_POINT('',(8.,11.1708814267627,-1.09177631153784));
#848=CARTESIAN_POINT('',(8.,11.2695954112033,-1.03912051636449));
#849=CARTESIAN_POINT('',(8.,11.3189024246724,-1.01191952734269));
#850=CARTESIAN_POINT('',(8.,11.417388261156,-0.955968160010186));
#851=CARTESIAN_POINT('',(8.,11.4665640264172,-0.927133156068221));
#852=CARTESIAN_POINT('',(8.,11.5647557254165,-0.867928560377245));
#853=CARTESIAN_POINT('',(8.,11.6137675124076,-0.837479090715517));
#854=CARTESIAN_POINT('',(8.,11.7115998376947,-0.775059096589277));
#855=CARTESIAN_POINT('',(8.,11.7604152481227,-0.743012786391125));
#856=CARTESIAN_POINT('',(8.,11.8578235924885,-0.677411647399391));
#857=CARTESIAN_POINT('',(8.,11.90641050952,-0.643784603279667));
#858=CARTESIAN_POINT('',(8.,12.0033307857896,-0.575033726710118));
#859=CARTESIAN_POINT('',(8.,12.05165731265,-0.539840819381759));
#860=CARTESIAN_POINT('',(8.,12.148025868165,-0.467969360147516));
#861=CARTESIAN_POINT('',(8.,12.196059346018,-0.431250547512407));
#862=CARTESIAN_POINT('',(8.,12.2436636029451,-0.393956297651697));
#863=ORIENTED_EDGE('',*,*,#2741,.F.);
#864=ORIENTED_EDGE('',*,*,#2863,.F.);
#865=ORIENTED_EDGE('',*,*,#2850,.F.);
#866=ORIENTED_EDGE('',*,*,#2864,.T.);
#867=CARTESIAN_POINT('',(8.,7.162163086406,-2.22562800191129));
#868=CARTESIAN_POINT('',(8.,7.16804014145454,-2.20672032050395));
#869=CARTESIAN_POINT('',(8.,7.1744560700923,-2.18801521475358));
#870=CARTESIAN_POINT('',(8.,7.18838258619282,-2.15096516288479));
#871=CARTESIAN_POINT('',(8.,7.19590993747758,-2.13259057822629));
#872=CARTESIAN_POINT('',(8.,7.21203058503445,-2.09628204487255));
#873=CARTESIAN_POINT('',(8.,7.22066016559518,-2.07829023758813));
#874=CARTESIAN_POINT('',(8.,7.23898503596899,-2.04276517402183));
#875=CARTESIAN_POINT('',(8.,7.24872483773633,-2.02517805407885));
#876=CARTESIAN_POINT('',(8.,7.26927641526541,-1.99048078861616));
#877=CARTESIAN_POINT('',(8.,7.28014110096439,-1.97332150257025));
#878=CARTESIAN_POINT('',(8.,7.30295624013633,-1.9394988008537));
#879=CARTESIAN_POINT('',(8.,7.31496829410207,-1.92279184833981));
#880=CARTESIAN_POINT('',(8.,7.34010098850179,-1.88989320129075));
#881=CARTESIAN_POINT('',(8.,7.3532923265098,-1.87366464703044));
#882=CARTESIAN_POINT('',(8.,7.38081748453631,-1.84174293849237));
#883=CARTESIAN_POINT('',(8.,7.39523164182529,-1.82602094174237));
#884=CARTESIAN_POINT('',(8.,7.42525011492169,-1.7951335960185));
#885=CARTESIAN_POINT('',(8.,7.44094510805691,-1.77994912297409));
#886=CARTESIAN_POINT('',(8.,7.47359040394597,-1.75015988649342));
#887=CARTESIAN_POINT('',(8.,7.49064259727895,-1.7355479029132));
#888=CARTESIAN_POINT('',(8.,7.52608981844286,-1.70692960900636));
#889=CARTESIAN_POINT('',(8.,7.54459903438555,-1.69293084343724));
#890=CARTESIAN_POINT('',(8.,7.58307686001403,-1.66556955138756));
#891=CARTESIAN_POINT('',(8.,7.60317326858797,-1.65223311355981));
#892=CARTESIAN_POINT('',(8.,7.64498022931579,-1.62623433614805));
#893=CARTESIAN_POINT('',(8.,7.66683378101307,-1.61362172210511));
#894=CARTESIAN_POINT('',(8.,7.71236055976201,-1.58911983361337));
#895=CARTESIAN_POINT('',(8.,7.73619388537853,-1.57731089508126));
#896=CARTESIAN_POINT('',(8.,7.78595432306685,-1.55448346767163));
#897=CARTESIAN_POINT('',(8.,7.81206085093501,-1.54358563783142));
#898=CARTESIAN_POINT('',(8.,7.86673578993491,-1.52267564909671));
#899=CARTESIAN_POINT('',(8.,7.89550545557109,-1.51283829448535));
#900=CARTESIAN_POINT('',(8.,7.95600581525016,-1.49418912747643));
#901=CARTESIAN_POINT('',(8.,7.98796229510265,-1.48562637314644));
#902=CARTESIAN_POINT('',(8.,8.05552170162064,-1.46973823061051));
#903=CARTESIAN_POINT('',(8.,8.09137744397501,-1.46276618611402));
#904=CARTESIAN_POINT('',(8.,8.16769131630537,-1.4503894038064));
#905=CARTESIAN_POINT('',(8.,8.20843067841176,-1.44548849097845));
#906=CARTESIAN_POINT('',(8.,8.2958703777078,-1.43778262252893));
#907=CARTESIAN_POINT('',(8.,8.34287844553523,-1.43570551600301));
#908=CARTESIAN_POINT('',(8.,8.44483030728261,-1.43452035371768));
#909=CARTESIAN_POINT('',(8.,8.50009787334758,-1.43648606558505));
#910=CARTESIAN_POINT('',(8.,8.62151675254116,-1.44487911036555));
#911=CARTESIAN_POINT('',(8.,8.68797602638287,-1.45293809593604));
#912=CARTESIAN_POINT('',(8.,8.83632047466637,-1.47617542799395));
#913=CARTESIAN_POINT('',(8.,8.91841139155868,-1.49393376718156));
#914=CARTESIAN_POINT('',(8.,9.10528250908333,-1.54154341229611));
#915=CARTESIAN_POINT('',(8.,9.20965035446261,-1.57456327118646));
#916=CARTESIAN_POINT('',(8.,9.31243927825346,-1.61361065305573));
#917=ORIENTED_EDGE('',*,*,#2742,.F.);
#918=ORIENTED_EDGE('',*,*,#2864,.F.);
#919=ORIENTED_EDGE('',*,*,#2849,.F.);
#920=ORIENTED_EDGE('',*,*,#2865,.T.);
#921=ORIENTED_EDGE('',*,*,#2743,.F.);
#922=ORIENTED_EDGE('',*,*,#2865,.F.);
#923=ORIENTED_EDGE('',*,*,#2848,.F.);
#924=ORIENTED_EDGE('',*,*,#2866,.T.);
#925=CARTESIAN_POINT('',(8.,8.48237817961687,-4.16827603349873));
#926=CARTESIAN_POINT('',(8.,8.37626871967562,-4.13944821000246));
#927=CARTESIAN_POINT('',(8.,8.27242477327449,-4.10481595411343));
#928=CARTESIAN_POINT('',(8.,8.09325861633641,-4.03349288055642));
#929=CARTESIAN_POINT('',(8.,8.01640757767849,-3.99960785614117));
#930=CARTESIAN_POINT('',(8.,7.88273583774828,-3.93121257240537));
#931=CARTESIAN_POINT('',(8.,7.82423220612468,-3.89866863894778));
#932=CARTESIAN_POINT('',(8.,7.72106896045594,-3.83409052988126));
#933=CARTESIAN_POINT('',(8.,7.67520114022004,-3.80319537260974));
#934=CARTESIAN_POINT('',(8.,7.5934169710873,-3.74231075682077));
#935=CARTESIAN_POINT('',(8.,7.55660753781106,-3.71299968959725));
#936=CARTESIAN_POINT('',(8.,7.49039673161596,-3.65536974193075));
#937=CARTESIAN_POINT('',(8.,7.46031858137111,-3.62745882272843));
#938=CARTESIAN_POINT('',(8.,7.40585425446854,-3.57258962549948));
#939=CARTESIAN_POINT('',(8.,7.38094441639299,-3.54587364541547));
#940=CARTESIAN_POINT('',(8.,7.33562652510094,-3.49330944605372));
#941=CARTESIAN_POINT('',(8.,7.31480624951264,-3.46759848655654));
#942=CARTESIAN_POINT('',(8.,7.27682213427462,-3.41694977440479));
#943=CARTESIAN_POINT('',(8.,7.2593292372854,-3.39208080064699));
#944=CARTESIAN_POINT('',(8.,7.22738686404159,-3.34302714224403));
#945=CARTESIAN_POINT('',(8.,7.21267182172779,-3.31886558299939));
#946=CARTESIAN_POINT('',(8.,7.18583240667758,-3.27114935693131));
#947=CARTESIAN_POINT('',(8.,7.17349196112661,-3.2475868477907));
#948=CARTESIAN_POINT('',(8.,7.15106187291449,-3.20100443535806));
#949=CARTESIAN_POINT('',(8.,7.14079548868573,-3.17795542107485));
#950=CARTESIAN_POINT('',(8.,7.12225464417317,-3.13234845395657));
#951=CARTESIAN_POINT('',(8.,7.11383526507623,-3.10974667742572));
#952=CARTESIAN_POINT('',(8.,7.09878861635535,-3.06499422753033));
#953=CARTESIAN_POINT('',(8.,7.09204262251197,-3.04278954164179));
#954=CARTESIAN_POINT('',(8.,7.08018663027837,-2.99880150204384));
#955=CARTESIAN_POINT('',(8.,7.07497981839824,-2.97695713357781));
#956=CARTESIAN_POINT('',(8.,7.06607889006248,-2.93366870898599));
#957=CARTESIAN_POINT('',(8.,7.06230658278844,-2.91215892267979));
#958=CARTESIAN_POINT('',(8.,7.05617625582684,-2.86952611580005));
#959=CARTESIAN_POINT('',(8.,7.05375612056753,-2.84833432432376));
#960=CARTESIAN_POINT('',(8.,7.05025090874837,-2.80633024043376));
#961=CARTESIAN_POINT('',(8.,7.04911778982911,-2.78544739288712));
#962=CARTESIAN_POINT('',(8.,7.0481223514232,-2.74405920294121));
#963=CARTESIAN_POINT('',(8.,7.04822450030863,-2.72348248557027));
#964=CARTESIAN_POINT('',(8.,7.04964715253737,-2.68270894333572));
#965=CARTESIAN_POINT('',(8.,7.05094341330847,-2.6624406885783));
#966=CARTESIAN_POINT('',(8.,7.05471137832161,-2.62229009587967));
#967=CARTESIAN_POINT('',(8.,7.05716916007315,-2.60233690257141));
#968=CARTESIAN_POINT('',(8.,7.06322513779318,-2.56282543240533));
#969=CARTESIAN_POINT('',(8.,7.06681898369327,-2.5431974156878));
#970=CARTESIAN_POINT('',(8.,7.07511872615788,-2.5043477156503));
#971=CARTESIAN_POINT('',(8.,7.0798292780298,-2.4850578966943));
#972=CARTESIAN_POINT('',(8.,7.0903399601076,-2.44689797412968));
#973=CARTESIAN_POINT('',(8.,7.09614394758482,-2.42799403861774));
#974=CARTESIAN_POINT('',(8.,7.10250296369401,-2.40924295778091));
#975=ORIENTED_EDGE('',*,*,#2867,.F.);
#976=ORIENTED_EDGE('',*,*,#2744,.F.);
#977=ORIENTED_EDGE('',*,*,#2866,.F.);
#978=ORIENTED_EDGE('',*,*,#2847,.F.);
#979=CARTESIAN_POINT('',(8.,10.1368936289977,-6.87792755636909));
#980=CARTESIAN_POINT('',(8.,10.1203019850885,-6.81977479725276));
#981=CARTESIAN_POINT('',(8.,10.103024861166,-6.76183528674853));
#982=CARTESIAN_POINT('',(8.,10.0673060453013,-6.64704604313753));
#983=CARTESIAN_POINT('',(8.,10.0488949345718,-6.59016876489333));
#984=CARTESIAN_POINT('',(8.,10.0108955366284,-6.47757982382335));
#985=CARTESIAN_POINT('',(8.,9.99135337927867,-6.42181629384831));
#986=CARTESIAN_POINT('',(8.,9.95110775781149,-6.31148866496387));
#987=CARTESIAN_POINT('',(8.,9.93045161091739,-6.25686967843856));
#988=CARTESIAN_POINT('',(8.,9.8879931504673,-6.14886644563157));
#989=CARTESIAN_POINT('',(8.,9.86623953061799,-6.09542390164173));
#990=CARTESIAN_POINT('',(8.,9.82160036449404,-5.98981074536996));
#991=CARTESIAN_POINT('',(8.,9.7987651235817,-5.93757794806254));
#992=CARTESIAN_POINT('',(8.,9.75197579421558,-5.8344238181958));
#993=CARTESIAN_POINT('',(8.,9.72807391895775,-5.78343582047019));
#994=CARTESIAN_POINT('',(8.,9.67916292996056,-5.68281376292453));
#995=CARTESIAN_POINT('',(8.,9.65420830425499,-5.63310781498563));
#996=CARTESIAN_POINT('',(8.,9.60320156887806,-5.53509604913239));
#997=CARTESIAN_POINT('',(8.,9.5772066861741,-5.4867121734746));
#998=CARTESIAN_POINT('',(8.,9.52412682437014,-5.39139549737753));
#999=CARTESIAN_POINT('',(8.,9.4971024210966,-5.34437723301883));
#1000=CARTESIAN_POINT('',(8.,9.44196781425885,-5.25184889304933));
#1001=CARTESIAN_POINT('',(8.,9.41392235621953,-5.20624429206449));
#1002=CARTESIAN_POINT('',(8.,9.356745858213,-5.1166085582901));
#1003=CARTESIAN_POINT('',(8.,9.3276848507689,-5.07247157007278));
#1004=CARTESIAN_POINT('',(8.,9.26847199836613,-4.98584732638116));
#1005=CARTESIAN_POINT('',(8.,9.23839706244658,-4.9432396576504));
#1006=CARTESIAN_POINT('',(8.,9.17714348356937,-4.85976564590983));
#1007=CARTESIAN_POINT('',(8.,9.14605100769096,-4.81875951983601));
#1008=CARTESIAN_POINT('',(8.,9.08273846165358,-4.73860235130985));
#1009=CARTESIAN_POINT('',(8.,9.05061755329747,-4.69928459065378));
#1010=CARTESIAN_POINT('',(8.,8.98520757914079,-4.6226516320898));
#1011=CARTESIAN_POINT('',(8.,8.95203704569191,-4.5851299041469));
#1012=CARTESIAN_POINT('',(8.,8.8844598964892,-4.51229178677703));
#1013=CARTESIAN_POINT('',(8.,8.85020333886676,-4.47670457474495));
#1014=CARTESIAN_POINT('',(8.,8.78033639757505,-4.40803910018087));
#1015=CARTESIAN_POINT('',(8.,8.74493540430073,-4.37457001523607));
#1016=CARTESIAN_POINT('',(8.,8.67255268352435,-4.31066494468286));
#1017=CARTESIAN_POINT('',(8.,8.63593338722661,-4.27953336369824));
#1018=CARTESIAN_POINT('',(8.,8.5605320547786,-4.2215395014709));
#1019=CARTESIAN_POINT('',(8.,8.52200683582286,-4.19419086846233));
#1020=CARTESIAN_POINT('',(8.,8.48237817961687,-4.16827603349873));
#1021=ORIENTED_EDGE('',*,*,#2867,.T.);
#1022=ORIENTED_EDGE('',*,*,#2846,.T.);
#1023=ORIENTED_EDGE('',*,*,#2868,.T.);
#1024=ORIENTED_EDGE('',*,*,#2745,.F.);
#1025=ORIENTED_EDGE('',*,*,#2868,.F.);
#1026=ORIENTED_EDGE('',*,*,#2845,.F.);
#1027=ORIENTED_EDGE('',*,*,#2869,.T.);
#1028=ORIENTED_EDGE('',*,*,#2746,.F.);
#1029=CARTESIAN_POINT('',(8.,6.58546509038363,-6.77915291125309));
#1030=CARTESIAN_POINT('',(8.,6.62235749606325,-6.80883387236091));
#1031=CARTESIAN_POINT('',(8.,6.66027254183885,-6.83702233721044));
#1032=CARTESIAN_POINT('',(8.,6.73872827661532,-6.89081217562824));
#1033=CARTESIAN_POINT('',(8.,6.77965215024878,-6.91601901411722));
#1034=CARTESIAN_POINT('',(8.,6.86279697256485,-6.96511132370883));
#1035=CARTESIAN_POINT('',(8.,6.90556747144057,-6.98843715607839));
#1036=CARTESIAN_POINT('',(8.,6.99246228986823,-7.03366576667585));
#1037=CARTESIAN_POINT('',(8.,7.03689359959802,-7.05524862981437));
#1038=CARTESIAN_POINT('',(8.,7.12704925418683,-7.09701010215386));
#1039=CARTESIAN_POINT('',(8.,7.17298479615769,-7.11696230922442));
#1040=CARTESIAN_POINT('',(8.,7.26607986519074,-7.15549000410525));
#1041=CARTESIAN_POINT('',(8.,7.31339918539756,-7.17388893945146));
#1042=CARTESIAN_POINT('',(8.,7.40919783535503,-7.20933282006573));
#1043=CARTESIAN_POINT('',(8.,7.45780508163525,-7.22623193620938));
#1044=CARTESIAN_POINT('',(8.,7.55612198115302,-7.2586926656953));
#1045=CARTESIAN_POINT('',(8.,7.60593794783122,-7.27412913697253));
#1046=CARTESIAN_POINT('',(8.,7.70662027977255,-7.30367554312563));
#1047=CARTESIAN_POINT('',(8.,7.757577399083,-7.31767512196137));
#1048=CARTESIAN_POINT('',(8.,7.86049455613505,-7.34435423699733));
#1049=CARTESIAN_POINT('',(8.,7.91253362716036,-7.35693445727013));
#1050=CARTESIAN_POINT('',(8.,8.0175708358506,-7.38077775444034));
#1051=CARTESIAN_POINT('',(8.,8.07063886466498,-7.39195004637027));
#1052=CARTESIAN_POINT('',(8.,8.17769299191257,-7.41297751897601));
#1053=CARTESIAN_POINT('',(8.,8.23174165303713,-7.42274867527486));
#1054=CARTESIAN_POINT('',(8.,8.34071833138285,-7.44097166274721));
#1055=CARTESIAN_POINT('',(8.,8.39570290167427,-7.44934494784913));
#1056=CARTESIAN_POINT('',(8.,8.50651449251983,-7.46476813895078));
#1057=CARTESIAN_POINT('',(8.,8.56239304455293,-7.47174401192003));
#1058=CARTESIAN_POINT('',(8.,8.67495714853709,-7.4843669271343));
#1059=CARTESIAN_POINT('',(8.,8.73168996841167,-7.48994370850311));
#1060=CARTESIAN_POINT('',(8.,8.84592830982374,-7.49976181701333));
#1061=CARTESIAN_POINT('',(8.,8.90347742763151,-7.50393608416916));
#1062=CARTESIAN_POINT('',(8.,9.01931499338356,-7.51094164613347));
#1063=CARTESIAN_POINT('',(8.,9.07764383853206,-7.51370861491033));
#1064=CARTESIAN_POINT('',(8.,9.19500822655091,-7.51789136688415));
#1065=CARTESIAN_POINT('',(8.,9.2540813487454,-7.51924519000615));
#1066=CARTESIAN_POINT('',(8.,9.37290225067679,-7.5205928715226));
#1067=CARTESIAN_POINT('',(8.,9.43268510409886,-7.52052683119554));
#1068=CARTESIAN_POINT('',(8.,9.55289388703253,-7.51902561498099));
#1069=CARTESIAN_POINT('',(8.,9.61333656346308,-7.51755284144418));
#1070=CARTESIAN_POINT('',(8.,9.67377022638518,-7.51536223968252));
#1071=ORIENTED_EDGE('',*,*,#2747,.F.);
#1072=ORIENTED_EDGE('',*,*,#2869,.F.);
#1073=ORIENTED_EDGE('',*,*,#2844,.F.);
#1074=ORIENTED_EDGE('',*,*,#2870,.T.);
#1075=CARTESIAN_POINT('',(8.,4.48612033677476,-6.01038471340598));
#1076=CARTESIAN_POINT('',(8.,4.50198863047218,-5.99854252410766));
#1077=CARTESIAN_POINT('',(8.,4.51817381107747,-5.98718096390706));
#1078=CARTESIAN_POINT('',(8.,4.55121807336037,-5.96539264308244));
#1079=CARTESIAN_POINT('',(8.,4.56810813835163,-5.95495175790314));
#1080=CARTESIAN_POINT('',(8.,4.60249163662318,-5.93505301627047));
#1081=CARTESIAN_POINT('',(8.,4.620048432935,-5.92556967860492));
#1082=CARTESIAN_POINT('',(8.,4.65575467293815,-5.90760038700943));
#1083=CARTESIAN_POINT('',(8.,4.67397178782256,-5.89909701993254));
#1084=CARTESIAN_POINT('',(8.,4.71099290423865,-5.88310625669783));
#1085=CARTESIAN_POINT('',(8.,4.72986859488532,-5.8756102047));
#1086=CARTESIAN_POINT('',(8.,4.76820691546612,-5.8616574665499));
#1087=CARTESIAN_POINT('',(8.,4.78774497156017,-5.85520176621275));
#1088=CARTESIAN_POINT('',(8.,4.82741508799979,-5.84335882877665));
#1089=CARTESIAN_POINT('',(8.,4.84762600948705,-5.83798332652504));
#1090=CARTESIAN_POINT('',(8.,4.88865743961001,-5.82833700378325));
#1091=CARTESIAN_POINT('',(8.,4.90955989564262,-5.82409007030568));
#1092=CARTESIAN_POINT('',(8.,4.95200047682175,-5.81674609848634));
#1093=CARTESIAN_POINT('',(8.,4.97362320231408,-5.8136868872425));
#1094=CARTESIAN_POINT('',(8.,5.01754347535512,-5.80877531216049));
#1095=CARTESIAN_POINT('',(8.,5.03992769800806,-5.80697699688293));
#1096=CARTESIAN_POINT('',(8.,5.08542651343724,-5.80465966459718));
#1097=CARTESIAN_POINT('',(8.,5.10862905163927,-5.8042138695141));
#1098=CARTESIAN_POINT('',(8.,5.15584083042977,-5.80469481770256));
#1099=CARTESIAN_POINT('',(8.,5.17993812796525,-5.80571778543929));
#1100=CARTESIAN_POINT('',(8.,5.22904236761749,-5.80925784763919));
#1101=CARTESIAN_POINT('',(8.,5.25413577085534,-5.81189922393282));
#1102=CARTESIAN_POINT('',(8.,5.30536955727115,-5.81883674888174));
#1103=CARTESIAN_POINT('',(8.,5.33159224264178,-5.82329199423421));
#1104=CARTESIAN_POINT('',(8.,5.38526690755833,-5.83407266894276));
#1105=CARTESIAN_POINT('',(8.,5.41279311592985,-5.8406011714697));
#1106=CARTESIAN_POINT('',(8.,5.46931665375105,-5.85582175804526));
#1107=CARTESIAN_POINT('',(8.,5.49837405413534,-5.86477355615931));
#1108=CARTESIAN_POINT('',(8.,5.55828157861689,-5.88524728229591));
#1109=CARTESIAN_POINT('',(8.,5.58916797461212,-5.89710341609677));
#1110=CARTESIAN_POINT('',(8.,5.653163498484,-5.92396006158105));
#1111=CARTESIAN_POINT('',(8.,5.68626946832798,-5.93939503566375));
#1112=CARTESIAN_POINT('',(8.,5.75528357806106,-5.97423817714232));
#1113=CARTESIAN_POINT('',(8.,5.79112309862816,-5.9942192516105));
#1114=CARTESIAN_POINT('',(8.,5.86639269717243,-6.03938083878952));
#1115=CARTESIAN_POINT('',(8.,5.90564391550092,-6.06533107331865));
#1116=CARTESIAN_POINT('',(8.,5.98882132517561,-6.12429805766759));
#1117=CARTESIAN_POINT('',(8.,6.03237830891401,-6.15837381223744));
#1118=CARTESIAN_POINT('',(8.,6.12567493767577,-6.23653215463927));
#1119=CARTESIAN_POINT('',(8.,6.17470466678076,-6.28211579196545));
#1120=CARTESIAN_POINT('',(8.,6.28105928537702,-6.38810986746473));
#1121=CARTESIAN_POINT('',(8.,6.33703414234704,-6.45072849595585));
#1122=CARTESIAN_POINT('',(8.,6.4602318049171,-6.59908559491009));
#1123=CARTESIAN_POINT('',(8.,6.52525857940672,-6.68714510223173));
#1124=CARTESIAN_POINT('',(8.,6.58546509038363,-6.77915291125309));
#1125=ORIENTED_EDGE('',*,*,#2748,.F.);
#1126=ORIENTED_EDGE('',*,*,#2870,.F.);
#1127=ORIENTED_EDGE('',*,*,#2843,.F.);
#1128=ORIENTED_EDGE('',*,*,#2871,.T.);
#1129=ORIENTED_EDGE('',*,*,#2749,.F.);
#1130=ORIENTED_EDGE('',*,*,#2871,.F.);
#1131=ORIENTED_EDGE('',*,*,#2842,.F.);
#1132=ORIENTED_EDGE('',*,*,#2872,.T.);
#1133=CARTESIAN_POINT('',(8.,4.41233692005056,-8.35802294669254));
#1134=CARTESIAN_POINT('',(8.,4.34343713320094,-8.27233117189103));
#1135=CARTESIAN_POINT('',(8.,4.27978194506465,-8.18327514808883));
#1136=CARTESIAN_POINT('',(8.,4.17675613006988,-8.02026234473204));
#1137=CARTESIAN_POINT('',(8.,4.13449945138511,-7.9476768769788));
#1138=CARTESIAN_POINT('',(8.,4.06655848122016,-7.81377365272219));
#1139=CARTESIAN_POINT('',(8.,4.03835689314198,-7.75305748561729));
#1140=CARTESIAN_POINT('',(8.,3.99285413433132,-7.64017486353516));
#1141=CARTESIAN_POINT('',(8.,3.973906006077,-7.58821972796916));
#1142=CARTESIAN_POINT('',(8.,3.94352830263003,-7.49089151061268));
#1143=CARTESIAN_POINT('',(8.,3.93097745859918,-7.44554231708056));
#1144=CARTESIAN_POINT('',(8.,3.91128582450483,-7.36000097460955));
#1145=CARTESIAN_POINT('',(8.,3.90335771648243,-7.31974107351608));
#1146=CARTESIAN_POINT('',(8.,3.89154645536737,-7.24333763236079));
#1147=CARTESIAN_POINT('',(8.,3.88709723213104,-7.20708231499364));
#1148=CARTESIAN_POINT('',(8.,3.88133074910994,-7.13791979624781));
#1149=CARTESIAN_POINT('',(8.,3.87959931514616,-7.10488134213343));
#1150=CARTESIAN_POINT('',(8.,3.87864008645271,-7.04157917050118));
#1151=CARTESIAN_POINT('',(8.,3.87910565152207,-7.01117768122832));
#1152=CARTESIAN_POINT('',(8.,3.88209674570741,-6.95271718202813));
#1153=CARTESIAN_POINT('',(8.,3.88439383459899,-6.92452078512971));
#1154=CARTESIAN_POINT('',(8.,3.89072718568215,-6.87014173498652));
#1155=CARTESIAN_POINT('',(8.,3.89459325089312,-6.84382573276007));
#1156=CARTESIAN_POINT('',(8.,3.9038273833883,-6.79295569440438));
#1157=CARTESIAN_POINT('',(8.,3.909069574752,-6.76827422090164));
#1158=CARTESIAN_POINT('',(8.,3.92087681912518,-6.72047937447152));
#1159=CARTESIAN_POINT('',(8.,3.92735038927412,-6.69724536628836));
#1160=CARTESIAN_POINT('',(8.,3.94148222480301,-6.65219567556852));
#1161=CARTESIAN_POINT('',(8.,3.94907618803684,-6.63026651163673));
#1162=CARTESIAN_POINT('',(8.,3.96534000978761,-6.58771066266655));
#1163=CARTESIAN_POINT('',(8.,3.97396740812004,-6.56697771011154));
#1164=CARTESIAN_POINT('',(8.,3.99221070340074,-6.52672480454957));
#1165=CARTESIAN_POINT('',(8.,4.00180197787879,-6.50710571529969));
#1166=CARTESIAN_POINT('',(8.,4.02190137433353,-6.46901173423631));
#1167=CARTESIAN_POINT('',(8.,4.03239966627948,-6.45044469497676));
#1168=CARTESIAN_POINT('',(8.,4.05425327139549,-6.41440236546314));
#1169=CARTESIAN_POINT('',(8.,4.06561118874696,-6.39684175631714));
#1170=CARTESIAN_POINT('',(8.,4.089133229829,-6.36277290326992));
#1171=CARTESIAN_POINT('',(8.,4.1013105610245,-6.34618603083677));
#1172=CARTESIAN_POINT('',(8.,4.12642759766384,-6.31403575624735));
#1173=CARTESIAN_POINT('',(8.,4.13938967589291,-6.29840031666665));
#1174=CARTESIAN_POINT('',(8.,4.1660379498818,-6.26813255910511));
#1175=CARTESIAN_POINT('',(8.,4.17975452985001,-6.25343473449359));
#1176=CARTESIAN_POINT('',(8.,4.20787817820307,-6.22502889804854));
#1177=CARTESIAN_POINT('',(8.,4.22232271936973,-6.21126190857727));
#1178=CARTESIAN_POINT('',(8.,4.25187263281056,-6.18471030723908));
#1179=CARTESIAN_POINT('',(8.,4.26702182042956,-6.17187330880573));
#1180=CARTESIAN_POINT('',(8.,4.29795498056508,-6.14717930686379));
#1181=CARTESIAN_POINT('',(8.,4.3137619595735,-6.13529720001766));
#1182=CARTESIAN_POINT('',(8.,4.32992812045377,-6.12386499284584));
#1183=ORIENTED_EDGE('',*,*,#2873,.F.);
#1184=ORIENTED_EDGE('',*,*,#2750,.F.);
#1185=ORIENTED_EDGE('',*,*,#2872,.F.);
#1186=ORIENTED_EDGE('',*,*,#2841,.F.);
#1187=CARTESIAN_POINT('',(8.,4.15817483206048,-11.5226768583647));
#1188=CARTESIAN_POINT('',(8.,4.17893324436203,-11.4658779643687));
#1189=CARTESIAN_POINT('',(8.,4.19901174729422,-11.4088486770813));
#1190=CARTESIAN_POINT('',(8.,4.2375860427571,-11.294987235034));
#1191=CARTESIAN_POINT('',(8.,4.25612276663412,-11.2381507709755));
#1192=CARTESIAN_POINT('',(8.,4.29155872705403,-11.1247289185641));
#1193=CARTESIAN_POINT('',(8.,4.30852577018646,-11.0681286832598));
#1194=CARTESIAN_POINT('',(8.,4.340815331649,-10.9552159737754));
#1195=CARTESIAN_POINT('',(8.,4.35620839254811,-10.8988869069474));
#1196=CARTESIAN_POINT('',(8.,4.38534148393285,-10.7865539992715));
#1197=CARTESIAN_POINT('',(8.,4.3991551749878,-10.7305316160297));
#1198=CARTESIAN_POINT('',(8.,4.42511918668341,-10.6188505342539));
#1199=CARTESIAN_POINT('',(8.,4.43734675665796,-10.5631710957277));
#1200=CARTESIAN_POINT('',(8.,4.46012587029409,-10.4522155738595));
#1201=CARTESIAN_POINT('',(8.,4.47075884012012,-10.3969162474116));
#1202=CARTESIAN_POINT('',(8.,4.49033318029037,-10.2867621348406));
#1203=CARTESIAN_POINT('',(8.,4.499360887156,-10.2318812172703));
#1204=CARTESIAN_POINT('',(8.,4.51570544192816,-10.1226070262242));
#1205=CARTESIAN_POINT('',(8.,4.52311446861427,-10.0681842398749));
#1206=CARTESIAN_POINT('',(8.,4.53619769486319,-9.95987186910291));
#1207=CARTESIAN_POINT('',(8.,4.54197113573048,-9.90594874849452));
#1208=CARTESIAN_POINT('',(8.,4.55175309547374,-9.79868444020771));
#1209=CARTESIAN_POINT('',(8.,4.55586955520047,-9.74530483635999));
#1210=CARTESIAN_POINT('',(8.,4.56229935902534,-9.63918050212727));
#1211=CARTESIAN_POINT('',(8.,4.56473158088416,-9.58639129698653));
#1212=CARTESIAN_POINT('',(8.,4.56774382993783,-9.48150637032662));
#1213=CARTESIAN_POINT('',(8.,4.56845685498868,-9.42935843843557));
#1214=CARTESIAN_POINT('',(8.,4.56796646176153,-9.32582259403464));
#1215=CARTESIAN_POINT('',(8.,4.56691491653854,-9.27437224238885));
#1216=CARTESIAN_POINT('',(8.,4.56280919236235,-9.17230954998435));
#1217=CARTESIAN_POINT('',(8.,4.5599332314943,-9.12162061721087));
#1218=CARTESIAN_POINT('',(8.,4.55205917368336,-9.02117623324124));
#1219=CARTESIAN_POINT('',(8.,4.54727836673611,-8.9713233673052));
#1220=CARTESIAN_POINT('',(8.,4.53542047579445,-8.87267524082138));
#1221=CARTESIAN_POINT('',(8.,4.52862397691179,-8.82374908214022));
#1222=CARTESIAN_POINT('',(8.,4.51246098735223,-8.72713078857701));
#1223=CARTESIAN_POINT('',(8.,4.50349361671382,-8.67924554830734));
#1224=CARTESIAN_POINT('',(8.,4.48249722352452,-8.5849997644099));
#1225=CARTESIAN_POINT('',(8.,4.4711702746809,-8.53828950401844));
#1226=CARTESIAN_POINT('',(8.,4.44425725227266,-8.44705169269094));
#1227=CARTESIAN_POINT('',(8.,4.42916481857825,-8.40228162827057));
#1228=CARTESIAN_POINT('',(8.,4.41233692005056,-8.35802294669254));
#1229=ORIENTED_EDGE('',*,*,#2873,.T.);
#1230=ORIENTED_EDGE('',*,*,#2840,.T.);
#1231=ORIENTED_EDGE('',*,*,#2874,.T.);
#1232=ORIENTED_EDGE('',*,*,#2751,.F.);
#1233=ORIENTED_EDGE('',*,*,#2874,.F.);
#1234=ORIENTED_EDGE('',*,*,#2839,.F.);
#1235=ORIENTED_EDGE('',*,*,#2875,.T.);
#1236=ORIENTED_EDGE('',*,*,#2752,.F.);
#1237=CARTESIAN_POINT('',(8.,1.34306706971316,-9.35528917228456));
#1238=CARTESIAN_POINT('',(8.,1.3554676216583,-9.40098638621024));
#1239=CARTESIAN_POINT('',(8.,1.36957277410994,-9.44607723806574));
#1240=CARTESIAN_POINT('',(8.,1.40142792310511,-9.53570925532981));
#1241=CARTESIAN_POINT('',(8.,1.41971982442948,-9.58015646543028));
#1242=CARTESIAN_POINT('',(8.,1.45812966309855,-9.66874427854488));
#1243=CARTESIAN_POINT('',(8.,1.47902114328263,-9.71275514181213));
#1244=CARTESIAN_POINT('',(8.,1.52273581782286,-9.80042134918986));
#1245=CARTESIAN_POINT('',(8.,1.54599541382154,-9.8439983208554));
#1246=CARTESIAN_POINT('',(8.,1.5943860929677,-9.93077622586624));
#1247=CARTESIAN_POINT('',(8.,1.61982111400119,-9.97391813458815));
#1248=CARTESIAN_POINT('',(8.,1.67249059608566,-10.0598076031396));
#1249=CARTESIAN_POINT('',(8.,1.69995810744087,-10.1025062530792));
#1250=CARTESIAN_POINT('',(8.,1.75662745298555,-10.1874899884772));
#1251=CARTESIAN_POINT('',(8.,1.78601849003001,-10.2297322831454));
#1252=CARTESIAN_POINT('',(8.,1.84647859450365,-10.313782788537));
#1253=CARTESIAN_POINT('',(8.,1.87770722797335,-10.3555522466756));
#1254=CARTESIAN_POINT('',(8.,1.94179400375215,-10.4386353812577));
#1255=CARTESIAN_POINT('',(8.,1.97479043328074,-10.4799131216799));
#1256=CARTESIAN_POINT('',(8.,2.04237057198625,-10.5619901662619));
#1257=CARTESIAN_POINT('',(8.,2.07707659687026,-10.6027555767473));
#1258=CARTESIAN_POINT('',(8.,2.1480387452997,-10.68378453157));
#1259=CARTESIAN_POINT('',(8.,2.18440477403779,-10.7240157103128));
#1260=CARTESIAN_POINT('',(8.,2.25865374400843,-10.8039521301928));
#1261=CARTESIAN_POINT('',(8.,2.29663668781111,-10.8436261676084));
#1262=CARTESIAN_POINT('',(8.,2.37408946929437,-10.9224237585372));
#1263=CARTESIAN_POINT('',(8.,2.41365122759238,-10.9615170080044));
#1264=CARTESIAN_POINT('',(8.,2.49423416348732,-11.0391280505952));
#1265=CARTESIAN_POINT('',(8.,2.53534054644998,-11.0776162391824));
#1266=CARTESIAN_POINT('',(8.,2.61898725612586,-11.1539919123687));
#1267=CARTESIAN_POINT('',(8.,2.66160712169937,-11.1918503381132));
#1268=CARTESIAN_POINT('',(8.,2.74825694192322,-11.266940967079));
#1269=CARTESIAN_POINT('',(8.,2.79236158356767,-11.304144542877));
#1270=CARTESIAN_POINT('',(8.,2.88195837684146,-11.3778997743718));
#1271=CARTESIAN_POINT('',(8.,2.92752102038827,-11.4144231340967));
#1272=CARTESIAN_POINT('',(8.,3.02001224490572,-11.4867921079486));
#1273=CARTESIAN_POINT('',(8.,3.06700764740654,-11.5226096838944));
#1274=CARTESIAN_POINT('',(8.,3.16234362903584,-11.5935411549636));
#1275=CARTESIAN_POINT('',(8.,3.21074779095682,-11.6286272067982));
#1276=CARTESIAN_POINT('',(8.,3.3088811319747,-11.6980696471728));
#1277=CARTESIAN_POINT('',(8.,3.35864595895743,-11.7324054621676));
#1278=CARTESIAN_POINT('',(8.,3.40882542270288,-11.7661552439221));
#1279=ORIENTED_EDGE('',*,*,#2753,.F.);
#1280=ORIENTED_EDGE('',*,*,#2875,.F.);
#1281=ORIENTED_EDGE('',*,*,#2838,.F.);
#1282=ORIENTED_EDGE('',*,*,#2876,.T.);
#1283=CARTESIAN_POINT('',(8.,0.0965320961176865,-7.49937874984238));
#1284=CARTESIAN_POINT('',(8.,0.116330479615041,-7.49912536646383));
#1285=CARTESIAN_POINT('',(8.,0.136102723310687,-7.49944708164441));
#1286=CARTESIAN_POINT('',(8.,0.17564294671707,-7.50124288986117));
#1287=CARTESIAN_POINT('',(8.,0.19544429466037,-7.50272376742692));
#1288=CARTESIAN_POINT('',(8.,0.234957315958975,-7.50683546048565));
#1289=CARTESIAN_POINT('',(8.,0.254735228564339,-7.50948290510041));
#1290=CARTESIAN_POINT('',(8.,0.294184268126093,-7.51593304411145));
#1291=CARTESIAN_POINT('',(8.,0.313920377418681,-7.51976142710522));
#1292=CARTESIAN_POINT('',(8.,0.353270224552296,-7.52858509414809));
#1293=CARTESIAN_POINT('',(8.,0.372947047880758,-7.53361551328007));
#1294=CARTESIAN_POINT('',(8.,0.412164614480147,-7.54486221043363));
#1295=CARTESIAN_POINT('',(8.,0.431765799348681,-7.55112362038083));
#1296=CARTESIAN_POINT('',(8.,0.470820701685929,-7.56485999213164));
#1297=CARTESIAN_POINT('',(8.,0.490331321588263,-7.57239080104224));
#1298=CARTESIAN_POINT('',(8.,0.529196412107718,-7.58870443151766));
#1299=CARTESIAN_POINT('',(8.,0.548603139127863,-7.59755474555299));
#1300=CARTESIAN_POINT('',(8.,0.587254968881583,-7.61655929526074));
#1301=CARTESIAN_POINT('',(8.,0.60654628052236,-7.62679386053385));
#1302=CARTESIAN_POINT('',(8.,0.644965479208885,-7.64863600159354));
#1303=CARTESIAN_POINT('',(8.,0.664131718940109,-7.66033824993218));
#1304=CARTESIAN_POINT('',(8.,0.702303127588472,-7.68520702143744));
#1305=CARTESIAN_POINT('',(8.,0.721336407081919,-7.69848447541013));
#1306=CARTESIAN_POINT('',(8.,0.759248844205815,-7.72662395797555));
#1307=CARTESIAN_POINT('',(8.,0.77814268208131,-7.74161559237073));
#1308=CARTESIAN_POINT('',(8.,0.815788050102532,-7.77334231074421));
#1309=CARTESIAN_POINT('',(8.,0.834536477737503,-7.79022876140734));
#1310=CARTESIAN_POINT('',(8.,0.871907706781683,-7.82595580106422));
#1311=CARTESIAN_POINT('',(8.,0.890503577371144,-7.84497347800484));
#1312=CARTESIAN_POINT('',(8.,0.92759057185256,-7.88524440351458));
#1313=CARTESIAN_POINT('',(8.,0.946022384710943,-7.90670557233901));
#1314=CARTESIAN_POINT('',(8.,0.982804451070136,-7.95224298748168));
#1315=CARTESIAN_POINT('',(8.,1.00105064688044,-7.97656465570201));
#1316=CARTESIAN_POINT('',(8.,1.03748269799438,-8.0283410074763));
#1317=CARTESIAN_POINT('',(8.,1.05550145665217,-8.05608738927124));
#1318=CARTESIAN_POINT('',(8.,1.09148898288674,-8.11543049702455));
#1319=CARTESIAN_POINT('',(8.,1.10919982497045,-8.14737685420232));
#1320=CARTESIAN_POINT('',(8.,1.14455312789153,-8.21613102369709));
#1321=CARTESIAN_POINT('',(8.,1.16180332820321,-8.25336199414629));
#1322=CARTESIAN_POINT('',(8.,1.19615239767136,-8.33414084563736));
#1323=CARTESIAN_POINT('',(8.,1.21265413519927,-8.37820631364744));
#1324=CARTESIAN_POINT('',(8.,1.24528614940171,-8.47480206082345));
#1325=CARTESIAN_POINT('',(8.,1.2604952634729,-8.52797207804238));
#1326=CARTESIAN_POINT('',(8.,1.29003350065163,-8.64604188777241));
#1327=CARTESIAN_POINT('',(8.,1.30290599496099,-8.71173877672652));
#1328=CARTESIAN_POINT('',(8.,1.32664693442678,-8.86000346143257));
#1329=CARTESIAN_POINT('',(8.,1.33512523862737,-8.9435641914725));
#1330=CARTESIAN_POINT('',(8.,1.34759212647562,-9.13600137493823));
#1331=CARTESIAN_POINT('',(8.,1.34843981239931,-9.24546479192687));
#1332=CARTESIAN_POINT('',(8.,1.34306706971316,-9.35528917228456));
#1333=ORIENTED_EDGE('',*,*,#2754,.F.);
#1334=ORIENTED_EDGE('',*,*,#2876,.F.);
#1335=ORIENTED_EDGE('',*,*,#2837,.F.);
#1336=ORIENTED_EDGE('',*,*,#2877,.T.);
#1337=ORIENTED_EDGE('',*,*,#2755,.F.);
#1338=ORIENTED_EDGE('',*,*,#2877,.F.);
#1339=ORIENTED_EDGE('',*,*,#2836,.F.);
#1340=ORIENTED_EDGE('',*,*,#2878,.T.);
#1341=CARTESIAN_POINT('',(8.,-1.34306707315904,-9.35528917300135));
#1342=CARTESIAN_POINT('',(8.,-1.3484398101581,-9.24546479231248));
#1343=CARTESIAN_POINT('',(8.,-1.34759212172175,-9.13600137478663));
#1344=CARTESIAN_POINT('',(8.,-1.33512523516387,-8.94356419191094));
#1345=CARTESIAN_POINT('',(8.,-1.32664693886959,-8.86000346241215));
#1346=CARTESIAN_POINT('',(8.,-1.3029059978949,-8.71173877809755));
#1347=CARTESIAN_POINT('',(8.,-1.29003349431853,-8.64604188951279));
#1348=CARTESIAN_POINT('',(8.,-1.26049525898732,-8.52797207931122));
#1349=CARTESIAN_POINT('',(8.,-1.24528615429011,-8.47480206134683));
#1350=CARTESIAN_POINT('',(8.,-1.21265414183473,-8.37820631338858));
#1351=CARTESIAN_POINT('',(8.,-1.1961524007879,-8.33414084411474));
#1352=CARTESIAN_POINT('',(8.,-1.16180332785148,-8.25336199221985));
#1353=CARTESIAN_POINT('',(8.,-1.14455312585335,-8.21613102306923));
#1354=CARTESIAN_POINT('',(8.,-1.10919982088496,-8.14737685565146));
#1355=CARTESIAN_POINT('',(8.,-1.09148897722933,-8.11543049996251));
#1356=CARTESIAN_POINT('',(8.,-1.05550145146097,-8.05608739324596));
#1357=CARTESIAN_POINT('',(8.,-1.03748269487533,-8.02834101105033));
#1358=CARTESIAN_POINT('',(8.,-1.0010506442663,-7.97656465793941));
#1359=CARTESIAN_POINT('',(8.,-0.982804447170892,-7.95224298874511));
#1360=CARTESIAN_POINT('',(8.,-0.946022381871638,-7.90670557244287));
#1361=CARTESIAN_POINT('',(8.,-0.927590571656087,-7.88524440314559));
#1362=CARTESIAN_POINT('',(8.,-0.890503579290627,-7.84497347780605));
#1363=CARTESIAN_POINT('',(8.,-0.871907708825591,-7.82595580089625));
#1364=CARTESIAN_POINT('',(8.,-0.83453648037965,-7.79022876226037));
#1365=CARTESIAN_POINT('',(8.,-0.815788052348896,-7.77334231352372));
#1366=CARTESIAN_POINT('',(8.,-0.778142685127046,-7.74161559463098));
#1367=CARTESIAN_POINT('',(8.,-0.759248849500571,-7.72662395622659));
#1368=CARTESIAN_POINT('',(8.,-0.721336410570525,-7.6984844753546));
#1369=CARTESIAN_POINT('',(8.,-0.702303126105496,-7.68520702865664));
#1370=CARTESIAN_POINT('',(8.,-0.664131717492177,-7.66033825820073));
#1371=CARTESIAN_POINT('',(8.,-0.644965481875682,-7.64863600474562));
#1372=CARTESIAN_POINT('',(8.,-0.60654628170895,-7.62679385999223));
#1373=CARTESIAN_POINT('',(8.,-0.587254966334,-7.6165592930638));
#1374=CARTESIAN_POINT('',(8.,-0.548603132755279,-7.5975547438162));
#1375=CARTESIAN_POINT('',(8.,-0.529196404303596,-7.58870443470009));
#1376=CARTESIAN_POINT('',(8.,-0.490331316630012,-7.57239080440333));
#1377=CARTESIAN_POINT('',(8.,-0.470820701394677,-7.56485998948858));
#1378=CARTESIAN_POINT('',(8.,-0.431765801033237,-7.55112361724636));
#1379=CARTESIAN_POINT('',(8.,-0.412164614152086,-7.54486221125341));
#1380=CARTESIAN_POINT('',(8.,-0.372947047401712,-7.53361551645464));
#1381=CARTESIAN_POINT('',(8.,-0.353270225033332,-7.52858509854144));
#1382=CARTESIAN_POINT('',(8.,-0.31392037699092,-7.51976143074226));
#1383=CARTESIAN_POINT('',(8.,-0.294184266144506,-7.51593304426839));
#1384=CARTESIAN_POINT('',(8.,-0.254735224941616,-7.5094829055875));
#1385=CARTESIAN_POINT('',(8.,-0.234957312282164,-7.50683546541776));
#1386=CARTESIAN_POINT('',(8.,-0.195444290434887,-7.50272377203434));
#1387=CARTESIAN_POINT('',(8.,-0.175642941837316,-7.50124289121166));
#1388=CARTESIAN_POINT('',(8.,-0.13610271943641,-7.49944707931595));
#1389=CARTESIAN_POINT('',(8.,-0.116330477618549,-7.4991253620929));
#1390=CARTESIAN_POINT('',(8.,-0.0965320959558658,-7.49937874315929));
#1391=ORIENTED_EDGE('',*,*,#2879,.F.);
#1392=ORIENTED_EDGE('',*,*,#2756,.F.);
#1393=ORIENTED_EDGE('',*,*,#2878,.F.);
#1394=ORIENTED_EDGE('',*,*,#2835,.F.);
#1395=CARTESIAN_POINT('',(8.,-3.40882541955942,-11.7661552418469));
#1396=CARTESIAN_POINT('',(8.,-3.35864595899384,-11.7324054599542));
#1397=CARTESIAN_POINT('',(8.,-3.30888113488382,-11.6980696452733));
#1398=CARTESIAN_POINT('',(8.,-3.21074779786812,-11.6286272056436));
#1399=CARTESIAN_POINT('',(8.,-3.16234363786557,-11.5935411532409));
#1400=CARTESIAN_POINT('',(8.,-3.06700765153873,-11.5226096820422));
#1401=CARTESIAN_POINT('',(8.,-3.02001224171216,-11.4867921075237));
#1402=CARTESIAN_POINT('',(8.,-2.92752101231676,-11.4144231347006));
#1403=CARTESIAN_POINT('',(8.,-2.881958369697,-11.3778997765435));
#1404=CARTESIAN_POINT('',(8.,-2.79236157718905,-11.3041445466758));
#1405=CARTESIAN_POINT('',(8.,-2.74825693570273,-11.2669409704496));
#1406=CARTESIAN_POINT('',(8.,-2.66160711617099,-11.1918503405079));
#1407=CARTESIAN_POINT('',(8.,-2.61898725144,-11.1539919138053));
#1408=CARTESIAN_POINT('',(8.,-2.53534054197703,-11.0776162380498));
#1409=CARTESIAN_POINT('',(8.,-2.49423416013934,-11.0391280460278));
#1410=CARTESIAN_POINT('',(8.,-2.41365122343934,-10.961517005433));
#1411=CARTESIAN_POINT('',(8.,-2.3740894611847,-10.9224237634094));
#1412=CARTESIAN_POINT('',(8.,-2.29663668065544,-10.8436261740569));
#1413=CARTESIAN_POINT('',(8.,-2.25865374094979,-10.803952131639));
#1414=CARTESIAN_POINT('',(8.,-2.18440477439258,-10.7240157104249));
#1415=CARTESIAN_POINT('',(8.,-2.14803874756372,-10.6837845328598));
#1416=CARTESIAN_POINT('',(8.,-2.07707659738479,-10.6027555762415));
#1417=CARTESIAN_POINT('',(8.,-2.0423705675943,-10.5619901638947));
#1418=CARTESIAN_POINT('',(8.,-1.97479042845813,-10.4799131178471));
#1419=CARTESIAN_POINT('',(8.,-1.94179400337829,-10.4386353779076));
#1420=CARTESIAN_POINT('',(8.,-1.87770722962411,-10.3555522453559));
#1421=CARTESIAN_POINT('',(8.,-1.84647859493745,-10.313782787844));
#1422=CARTESIAN_POINT('',(8.,-1.78601848896962,-10.2297322842899));
#1423=CARTESIAN_POINT('',(8.,-1.75662744900272,-10.1874899926677));
#1424=CARTESIAN_POINT('',(8.,-1.69995810423084,-10.1025062559001));
#1425=CARTESIAN_POINT('',(8.,-1.67249059830955,-10.0598076004752));
#1426=CARTESIAN_POINT('',(8.,-1.61982111732034,-9.97391813179728));
#1427=CARTESIAN_POINT('',(8.,-1.59438609200578,-9.93077622821908));
#1428=CARTESIAN_POINT('',(8.,-1.54599541338155,-9.84399832401161));
#1429=CARTESIAN_POINT('',(8.,-1.52273582195577,-9.80042134835862));
#1430=CARTESIAN_POINT('',(8.,-1.47902114713124,-9.71275514000241));
#1431=CARTESIAN_POINT('',(8.,-1.45812966433957,-9.66874427863142));
#1432=CARTESIAN_POINT('',(8.,-1.41971982138464,-9.5801564675422));
#1433=CARTESIAN_POINT('',(8.,-1.4014279133047,-9.53570925959008));
#1434=CARTESIAN_POINT('',(8.,-1.36957276585321,-9.44607724203038));
#1435=CARTESIAN_POINT('',(8.,-1.35546761758799,-9.40098638912825));
#1436=CARTESIAN_POINT('',(8.,-1.34306707315904,-9.35528917300135));
#1437=ORIENTED_EDGE('',*,*,#2879,.T.);
#1438=ORIENTED_EDGE('',*,*,#2834,.T.);
#1439=ORIENTED_EDGE('',*,*,#2880,.T.);
#1440=ORIENTED_EDGE('',*,*,#2757,.F.);
#1441=ORIENTED_EDGE('',*,*,#2880,.F.);
#1442=ORIENTED_EDGE('',*,*,#2833,.F.);
#1443=ORIENTED_EDGE('',*,*,#2881,.T.);
#1444=ORIENTED_EDGE('',*,*,#2758,.F.);
#1445=CARTESIAN_POINT('',(8.,-4.41233692241702,-8.35802294408721));
#1446=CARTESIAN_POINT('',(8.,-4.42916481357014,-8.40228162830231));
#1447=CARTESIAN_POINT('',(8.,-4.44425724326248,-8.44705169433667));
#1448=CARTESIAN_POINT('',(8.,-4.47117026424809,-8.53828950633234));
#1449=CARTESIAN_POINT('',(8.,-4.48249721981984,-8.58499976449104));
#1450=CARTESIAN_POINT('',(8.,-4.50349361766696,-8.67924554750786));
#1451=CARTESIAN_POINT('',(8.,-4.51246099152955,-8.72713078777895));
#1452=CARTESIAN_POINT('',(8.,-4.52862398074397,-8.82374908038344));
#1453=CARTESIAN_POINT('',(8.,-4.53542047358332,-8.87267523852656));
#1454=CARTESIAN_POINT('',(8.,-4.54727836457494,-8.97132336596712));
#1455=CARTESIAN_POINT('',(8.,-4.55205917800905,-9.02117623354815));
#1456=CARTESIAN_POINT('',(8.,-4.55993323485957,-9.12162061805924));
#1457=CARTESIAN_POINT('',(8.,-4.56280918810729,-9.17230954958899));
#1458=CARTESIAN_POINT('',(8.,-4.56691491085325,-9.27437224133972));
#1459=CARTESIAN_POINT('',(8.,-4.56796646023093,-9.32582259373199));
#1460=CARTESIAN_POINT('',(8.,-4.56845685574698,-9.42935843874126));
#1461=CARTESIAN_POINT('',(8.,-4.567743832049,-9.48150637042395));
#1462=CARTESIAN_POINT('',(8.,-4.56473158255084,-9.58639129991656));
#1463=CARTESIAN_POINT('',(8.,-4.56229935737664,-9.63918050806273));
#1464=CARTESIAN_POINT('',(8.,-4.55586955303874,-9.74530484085665));
#1465=CARTESIAN_POINT('',(8.,-4.55175309618731,-9.79868444031448));
#1466=CARTESIAN_POINT('',(8.,-4.54197113680401,-9.90594874612031));
#1467=CARTESIAN_POINT('',(8.,-4.5361976950843,-9.95987186880365));
#1468=CARTESIAN_POINT('',(8.,-4.52311446528972,-10.0681842405027));
#1469=CARTESIAN_POINT('',(8.,-4.51570543234877,-10.1226070252133));
#1470=CARTESIAN_POINT('',(8.,-4.49936087773136,-10.2318812180954));
#1471=CARTESIAN_POINT('',(8.,-4.49033317844189,-10.286762139362));
#1472=CARTESIAN_POINT('',(8.,-4.47075884009618,-10.3969162530746));
#1473=CARTESIAN_POINT('',(8.,-4.46012586734114,-10.4522155774049));
#1474=CARTESIAN_POINT('',(8.,-4.43734675202261,-10.5631710973197));
#1475=CARTESIAN_POINT('',(8.,-4.42511918080332,-10.6188505355661));
#1476=CARTESIAN_POINT('',(8.,-4.39915516797412,-10.7305316169591));
#1477=CARTESIAN_POINT('',(8.,-4.38534147653954,-10.7865539999474));
#1478=CARTESIAN_POINT('',(8.,-4.3562083854916,-10.8988869093898));
#1479=CARTESIAN_POINT('',(8.,-4.34081532476407,-10.9552159780312));
#1480=CARTESIAN_POINT('',(8.,-4.30852576785258,-11.0681286854807));
#1481=CARTESIAN_POINT('',(8.,-4.29155873148577,-11.1247289176337));
#1482=CARTESIAN_POINT('',(8.,-4.25612277479012,-11.2381507671792));
#1483=CARTESIAN_POINT('',(8.,-4.23758604902709,-11.2949872319056));
#1484=CARTESIAN_POINT('',(8.,-4.19901175076424,-11.4088486769081));
#1485=CARTESIAN_POINT('',(8.,-4.17893324569248,-11.4658779661379));
#1486=CARTESIAN_POINT('',(8.,-4.1581748307372,-11.5226768618913));
#1487=ORIENTED_EDGE('',*,*,#2759,.F.);
#1488=ORIENTED_EDGE('',*,*,#2881,.F.);
#1489=ORIENTED_EDGE('',*,*,#2832,.F.);
#1490=ORIENTED_EDGE('',*,*,#2882,.T.);
#1491=CARTESIAN_POINT('',(8.,-4.32992812425107,-6.12386499834769));
#1492=CARTESIAN_POINT('',(8.,-4.31376196052747,-6.13529720472732));
#1493=CARTESIAN_POINT('',(8.,-4.29795497879935,-6.14717931102479));
#1494=CARTESIAN_POINT('',(8.,-4.26702181568797,-6.17187331058142));
#1495=CARTESIAN_POINT('',(8.,-4.2518726266839,-6.18471030599528));
#1496=CARTESIAN_POINT('',(8.,-4.22232271349611,-6.21126190674828));
#1497=CARTESIAN_POINT('',(8.,-4.20787817498592,-6.22502889978386));
#1498=CARTESIAN_POINT('',(8.,-4.17975452815462,-6.25343473553137));
#1499=CARTESIAN_POINT('',(8.,-4.16603794739794,-6.26813255641412));
#1500=CARTESIAN_POINT('',(8.,-4.13938967369972,-6.2984003128296));
#1501=CARTESIAN_POINT('',(8.,-4.12642759541032,-6.31403575396065));
#1502=CARTESIAN_POINT('',(8.,-4.10131056027724,-6.34618603036638));
#1503=CARTESIAN_POINT('',(8.,-4.08913323303423,-6.3627729048156));
#1504=CARTESIAN_POINT('',(8.,-4.06561119006488,-6.39684175862661));
#1505=CARTESIAN_POINT('',(8.,-4.05425326540859,-6.41440236565835));
#1506=CARTESIAN_POINT('',(8.,-4.03239965809522,-6.45044469698926));
#1507=CARTESIAN_POINT('',(8.,-4.02190137019885,-6.46901173938711));
#1508=CARTESIAN_POINT('',(8.,-4.00180197710908,-6.50710571857448));
#1509=CARTESIAN_POINT('',(8.,-3.99221070467907,-6.52672480429029));
#1510=CARTESIAN_POINT('',(8.,-3.97396740842478,-6.56697770599395));
#1511=CARTESIAN_POINT('',(8.,-3.96534000375607,-6.58771065682822));
#1512=CARTESIAN_POINT('',(8.,-3.94907618259374,-6.63026650666794));
#1513=CARTESIAN_POINT('',(8.,-3.94148222765799,-6.65219567356288));
#1514=CARTESIAN_POINT('',(8.,-3.92735039458569,-6.69724536459112));
#1515=CARTESIAN_POINT('',(8.,-3.92087682026069,-6.7204793708527));
#1516=CARTESIAN_POINT('',(8.,-3.90906957493559,-6.76827421733259));
#1517=CARTESIAN_POINT('',(8.,-3.90382738502444,-6.79295569216124));
#1518=CARTESIAN_POINT('',(8.,-3.89459325264541,-6.84382573169458));
#1519=CARTESIAN_POINT('',(8.,-3.8907271873519,-6.8701417340191));
#1520=CARTESIAN_POINT('',(8.,-3.88439383465693,-6.92452078554372));
#1521=CARTESIAN_POINT('',(8.,-3.88209674334932,-6.952717183613));
#1522=CARTESIAN_POINT('',(8.,-3.87910564762489,-7.01117768249811));
#1523=CARTESIAN_POINT('',(8.,-3.87864008302272,-7.04157917022764));
#1524=CARTESIAN_POINT('',(8.,-3.87959931052204,-7.10488134107531));
#1525=CARTESIAN_POINT('',(8.,-3.88133074257389,-7.1379197960835));
#1526=CARTESIAN_POINT('',(8.,-3.88709722582721,-7.20708231594212));
#1527=CARTESIAN_POINT('',(8.,-3.89154645121035,-7.2433376335898));
#1528=CARTESIAN_POINT('',(8.,-3.90335771520256,-7.31974107522204));
#1529=CARTESIAN_POINT('',(8.,-3.91128582535262,-7.36000097637482));
#1530=CARTESIAN_POINT('',(8.,-3.93097746201549,-7.44554231648052));
#1531=CARTESIAN_POINT('',(8.,-3.94352830815039,-7.49089150692187));
#1532=CARTESIAN_POINT('',(8.,-3.97390600972416,-7.5882197246724));
#1533=CARTESIAN_POINT('',(8.,-3.9928541299566,-7.64017486514521));
#1534=CARTESIAN_POINT('',(8.,-4.03835688699542,-7.75305748793179));
#1535=CARTESIAN_POINT('',(8.,-4.06655848278788,-7.81377364988849));
#1536=CARTESIAN_POINT('',(8.,-4.13449945440364,-7.94767687357489));
#1537=CARTESIAN_POINT('',(8.,-4.17675612701014,-8.02026234641312));
#1538=CARTESIAN_POINT('',(8.,-4.27978194130779,-8.18327515100574));
#1539=CARTESIAN_POINT('',(8.,-4.3434371311611,-8.27233117289641));
#1540=CARTESIAN_POINT('',(8.,-4.41233692241702,-8.35802294408721));
#1541=ORIENTED_EDGE('',*,*,#2760,.F.);
#1542=ORIENTED_EDGE('',*,*,#2882,.F.);
#1543=ORIENTED_EDGE('',*,*,#2831,.F.);
#1544=ORIENTED_EDGE('',*,*,#2883,.T.);
#1545=ORIENTED_EDGE('',*,*,#2761,.F.);
#1546=ORIENTED_EDGE('',*,*,#2883,.F.);
#1547=ORIENTED_EDGE('',*,*,#2830,.F.);
#1548=ORIENTED_EDGE('',*,*,#2884,.T.);
#1549=CARTESIAN_POINT('',(8.,-6.58546509359273,-6.77915290980754));
#1550=CARTESIAN_POINT('',(8.,-6.5252585778202,-6.68714510386105));
#1551=CARTESIAN_POINT('',(8.,-6.46023180098202,-6.5990855975817));
#1552=CARTESIAN_POINT('',(8.,-6.33703413980272,-6.45072849834635));
#1553=CARTESIAN_POINT('',(8.,-6.28105928954711,-6.3881098656458));
#1554=CARTESIAN_POINT('',(8.,-6.17470466996022,-6.28211579135013));
#1555=CARTESIAN_POINT('',(8.,-6.12567493357516,-6.23653215976977));
#1556=CARTESIAN_POINT('',(8.,-6.03237830603091,-6.15837381590051));
#1557=CARTESIAN_POINT('',(8.,-5.98882132943804,-6.12429805521769));
#1558=CARTESIAN_POINT('',(8.,-5.90564392071696,-6.065331069209));
#1559=CARTESIAN_POINT('',(8.,-5.86639269879879,-6.03938083572583));
#1560=CARTESIAN_POINT('',(8.,-5.79112309721127,-5.99421925025871));
#1561=CARTESIAN_POINT('',(8.,-5.75528357604309,-5.97423817783238));
#1562=CARTESIAN_POINT('',(8.,-5.68626946587453,-5.93939503923752));
#1563=CARTESIAN_POINT('',(8.,-5.65316349563395,-5.92396006728325));
#1564=CARTESIAN_POINT('',(8.,-5.58916797274863,-5.89710342236369));
#1565=CARTESIAN_POINT('',(8.,-5.55828157819429,-5.88524728702069));
#1566=CARTESIAN_POINT('',(8.,-5.49837405333557,-5.86477355950596));
#1567=CARTESIAN_POINT('',(8.,-5.46931665133912,-5.85582176135931));
#1568=CARTESIAN_POINT('',(8.,-5.41279311369386,-5.84060117322263));
#1569=CARTESIAN_POINT('',(8.,-5.38526690718249,-5.83407266875972));
#1570=CARTESIAN_POINT('',(8.,-5.33159224407783,-5.82329199294514));
#1571=CARTESIAN_POINT('',(8.,-5.30536955882597,-5.81883674754447));
#1572=CARTESIAN_POINT('',(8.,-5.25413577349428,-5.81189922306993));
#1573=CARTESIAN_POINT('',(8.,-5.22904237106859,-5.80925784856748));
#1574=CARTESIAN_POINT('',(8.,-5.17993813175785,-5.80571778547764));
#1575=CARTESIAN_POINT('',(8.,-5.1558408336853,-5.80469481317544));
#1576=CARTESIAN_POINT('',(8.,-5.10862905442897,-5.80421386741863));
#1577=CARTESIAN_POINT('',(8.,-5.08542651648083,-5.80465967130931));
#1578=CARTESIAN_POINT('',(8.,-5.0399277016968,-5.8069770044234));
#1579=CARTESIAN_POINT('',(8.,-5.01754347936535,-5.80877531314307));
#1580=CARTESIAN_POINT('',(8.,-4.97362320295569,-5.81368688610686));
#1581=CARTESIAN_POINT('',(8.,-4.95200047346938,-5.81674609820641));
#1582=CARTESIAN_POINT('',(8.,-4.90955988946624,-5.8240900726463));
#1583=CARTESIAN_POINT('',(8.,-4.88865743516693,-5.82833701094505));
#1584=CARTESIAN_POINT('',(8.,-4.84762600745134,-5.8379833321586));
#1585=CARTESIAN_POINT('',(8.,-4.82741508621061,-5.84335882680956));
#1586=CARTESIAN_POINT('',(8.,-4.78774497108061,-5.85520176268675));
#1587=CARTESIAN_POINT('',(8.,-4.76820691568257,-5.86165746740594));
#1588=CARTESIAN_POINT('',(8.,-4.72986859636372,-5.87561020754985));
#1589=CARTESIAN_POINT('',(8.,-4.71099290721016,-5.88310625996938));
#1590=CARTESIAN_POINT('',(8.,-4.67397178961429,-5.8990970231264));
#1591=CARTESIAN_POINT('',(8.,-4.65575467142726,-5.90760038830114));
#1592=CARTESIAN_POINT('',(8.,-4.62004843029046,-5.92556968112836));
#1593=CARTESIAN_POINT('',(8.,-4.6024916365476,-5.9350530224218));
#1594=CARTESIAN_POINT('',(8.,-4.56810813764132,-5.9549517641143));
#1595=CARTESIAN_POINT('',(8.,-4.55121807020636,-5.96539264704325));
#1596=CARTESIAN_POINT('',(8.,-4.51817380657448,-5.98718096430055));
#1597=CARTESIAN_POINT('',(8.,-4.50198862628782,-5.99854252174501));
#1598=CARTESIAN_POINT('',(8.,-4.48612033271562,-6.01038470809436));
#1599=ORIENTED_EDGE('',*,*,#2885,.F.);
#1600=ORIENTED_EDGE('',*,*,#2762,.F.);
#1601=ORIENTED_EDGE('',*,*,#2884,.F.);
#1602=ORIENTED_EDGE('',*,*,#2829,.F.);
#1603=CARTESIAN_POINT('',(8.,-9.67377022262224,-7.51536223985124));
#1604=CARTESIAN_POINT('',(8.,-9.61333656219155,-7.51755283963211));
#1605=CARTESIAN_POINT('',(8.,-9.55289388826958,-7.51902561173434));
#1606=CARTESIAN_POINT('',(8.,-9.43268510901161,-7.52052682619913));
#1607=CARTESIAN_POINT('',(8.,-9.37290225680761,-7.52059286493889));
#1608=CARTESIAN_POINT('',(8.,-9.25408135099969,-7.5192451860788));
#1609=CARTESIAN_POINT('',(8.,-9.1950082237175,-7.51789136841751));
#1610=CARTESIAN_POINT('',(8.,-9.07764383235702,-7.51370862014318));
#1611=CARTESIAN_POINT('',(8.,-9.0193149888801,-7.51094165208986));
#1612=CARTESIAN_POINT('',(8.,-8.903477424704,-7.50393609099174));
#1613=CARTESIAN_POINT('',(8.,-8.84592830677246,-7.49976182339653));
#1614=CARTESIAN_POINT('',(8.,-8.73168996534666,-7.48994371368992));
#1615=CARTESIAN_POINT('',(8.,-8.67495714559056,-7.48436693105081));
#1616=CARTESIAN_POINT('',(8.,-8.56239304026851,-7.47174401363286));
#1617=CARTESIAN_POINT('',(8.,-8.50651448712662,-7.46476813722359));
#1618=CARTESIAN_POINT('',(8.,-8.39570289680298,-7.44934494820996));
#1619=CARTESIAN_POINT('',(8.,-8.34071832768577,-7.44097167145561));
#1620=CARTESIAN_POINT('',(8.,-8.2317416510384,-7.42274868469779));
#1621=CARTESIAN_POINT('',(8.,-8.17769299028814,-7.41297752194384));
#1622=CARTESIAN_POINT('',(8.,-8.07063886501793,-7.39195004625246));
#1623=CARTESIAN_POINT('',(8.,-8.01757083844033,-7.38077775415302));
#1624=CARTESIAN_POINT('',(8.,-7.91253362727932,-7.35693445655849));
#1625=CARTESIAN_POINT('',(8.,-7.86049455119046,-7.34435423766372));
#1626=CARTESIAN_POINT('',(8.,-7.75757739292857,-7.31767512169522));
#1627=CARTESIAN_POINT('',(8.,-7.70662027750096,-7.30367554063509));
#1628=CARTESIAN_POINT('',(8.,-7.60593794839104,-7.2741291349346));
#1629=CARTESIAN_POINT('',(8.,-7.55612198109662,-7.25869266487965));
#1630=CARTESIAN_POINT('',(8.,-7.45780508145011,-7.22623193775858));
#1631=CARTESIAN_POINT('',(8.,-7.40919783459596,-7.20933282579696));
#1632=CARTESIAN_POINT('',(8.,-7.31339918445869,-7.17388894362043));
#1633=CARTESIAN_POINT('',(8.,-7.26607986542381,-7.15549000064253));
#1634=CARTESIAN_POINT('',(8.,-7.17298479720251,-7.11696230501561));
#1635=CARTESIAN_POINT('',(8.,-7.12704925479158,-7.09701010462274));
#1636=CARTESIAN_POINT('',(8.,-7.03689360109725,-7.05524863262642));
#1637=CARTESIAN_POINT('',(8.,-6.99246229272324,-7.0336657635741));
#1638=CARTESIAN_POINT('',(8.,-6.90556747349043,-6.98843715235213));
#1639=CARTESIAN_POINT('',(8.,-6.86279697361973,-6.96511132304938));
#1640=CARTESIAN_POINT('',(8.,-6.7796521490268,-6.91601901761551));
#1641=CARTESIAN_POINT('',(8.,-6.73872827119075,-6.89081218483541));
#1642=CARTESIAN_POINT('',(8.,-6.66027253748936,-6.83702234527107));
#1643=CARTESIAN_POINT('',(8.,-6.62235749448547,-6.8088338771141));
#1644=CARTESIAN_POINT('',(8.,-6.58546509359273,-6.77915290980754));
#1645=ORIENTED_EDGE('',*,*,#2885,.T.);
#1646=ORIENTED_EDGE('',*,*,#2828,.T.);
#1647=ORIENTED_EDGE('',*,*,#2886,.T.);
#1648=ORIENTED_EDGE('',*,*,#2763,.F.);
#1649=ORIENTED_EDGE('',*,*,#2886,.F.);
#1650=ORIENTED_EDGE('',*,*,#2827,.F.);
#1651=ORIENTED_EDGE('',*,*,#2887,.T.);
#1652=ORIENTED_EDGE('',*,*,#2764,.F.);
#1653=CARTESIAN_POINT('',(8.,-8.48237818,-4.16827603));
#1654=CARTESIAN_POINT('',(8.,-8.52200683178987,-4.19419087143171));
#1655=CARTESIAN_POINT('',(8.,-8.56053204845654,-4.22153950809837));
#1656=CARTESIAN_POINT('',(8.,-8.63593338014636,-4.27953337170248));
#1657=CARTESIAN_POINT('',(8.,-8.67255268057489,-4.31066494692606));
#1658=CARTESIAN_POINT('',(8.,-8.74493540460192,-4.37457001402904));
#1659=CARTESIAN_POINT('',(8.,-8.78033640048549,-4.40803909707985));
#1660=CARTESIAN_POINT('',(8.,-8.85020334093446,-4.47670457107118));
#1661=CARTESIAN_POINT('',(8.,-8.88445989335149,-4.51229178622016));
#1662=CARTESIAN_POINT('',(8.,-8.95203704315699,-4.58512990433467));
#1663=CARTESIAN_POINT('',(8.,-8.98520758282074,-4.62265162979552));
#1664=CARTESIAN_POINT('',(8.,-9.0506175565187,-4.69928458936208));
#1665=CARTESIAN_POINT('',(8.,-9.08273845797878,-4.73860235349105));
#1666=CARTESIAN_POINT('',(8.,-9.1460510024748,-4.81875952232897));
#1667=CARTESIAN_POINT('',(8.,-9.1771434821532,-4.85976564656464));
#1668=CARTESIAN_POINT('',(8.,-9.23839706323973,-4.94323965745198));
#1669=CARTESIAN_POINT('',(8.,-9.26847200013133,-4.98584732521899));
#1670=CARTESIAN_POINT('',(8.,-9.32768485383951,-5.07247157146357));
#1671=CARTESIAN_POINT('',(8.,-9.35674586036794,-5.11660856406107));
#1672=CARTESIAN_POINT('',(8.,-9.41392235711373,-5.206244296973));
#1673=CARTESIAN_POINT('',(8.,-9.4419678148989,-5.25184889271628));
#1674=CARTESIAN_POINT('',(8.,-9.49710242056958,-5.34437723046706));
#1675=CARTESIAN_POINT('',(8.,-9.52412682437312,-5.39139549700546));
#1676=CARTESIAN_POINT('',(8.,-9.57720668385351,-5.48671217593664));
#1677=CARTESIAN_POINT('',(8.,-9.60320156053396,-5.53509605394514));
#1678=CARTESIAN_POINT('',(8.,-9.65420829711527,-5.6331078211928));
#1679=CARTESIAN_POINT('',(8.,-9.67916293112271,-5.68281376766891));
#1680=CARTESIAN_POINT('',(8.,-9.728073922267,-5.7834358250657));
#1681=CARTESIAN_POINT('',(8.,-9.75197579391054,-5.83442382279983));
#1682=CARTESIAN_POINT('',(8.,-9.7987651207674,-5.93757795207512));
#1683=CARTESIAN_POINT('',(8.,-9.82160036050822,-5.98981074988777));
#1684=CARTESIAN_POINT('',(8.,-9.8662395254901,-6.09542390651619));
#1685=CARTESIAN_POINT('',(8.,-9.88799314488329,-6.14886645052409));
#1686=CARTESIAN_POINT('',(8.,-9.93045160664417,-6.25686968456223));
#1687=CARTESIAN_POINT('',(8.,-9.95110775474294,-6.31148867245373));
#1688=CARTESIAN_POINT('',(8.,-9.99135337869593,-6.42181629701688));
#1689=CARTESIAN_POINT('',(8.,-10.0108955396669,-6.47757982046578));
#1690=CARTESIAN_POINT('',(8.,-10.0488949389388,-6.59016875702811));
#1691=CARTESIAN_POINT('',(8.,-10.067306048535,-6.64704603692126));
#1692=CARTESIAN_POINT('',(8.,-10.1030248638714,-6.76183528456876));
#1693=CARTESIAN_POINT('',(8.,-10.1203019872048,-6.8197747979021));
#1694=CARTESIAN_POINT('',(8.,-10.13689363,-6.87792756));
#1695=ORIENTED_EDGE('',*,*,#2765,.F.);
#1696=ORIENTED_EDGE('',*,*,#2887,.F.);
#1697=ORIENTED_EDGE('',*,*,#2826,.F.);
#1698=ORIENTED_EDGE('',*,*,#2888,.T.);
#1699=CARTESIAN_POINT('',(8.,-7.10250297,-2.40924296));
#1700=CARTESIAN_POINT('',(8.,-7.09614395112487,-2.4279940418672));
#1701=CARTESIAN_POINT('',(8.,-7.09033996112487,-2.44689797853387));
#1702=CARTESIAN_POINT('',(8.,-7.07982927523749,-2.4850579009179));
#1703=CARTESIAN_POINT('',(8.,-7.07511872047022,-2.5043477182452));
#1704=CARTESIAN_POINT('',(8.,-7.06681897786636,-2.54319741766055));
#1705=CARTESIAN_POINT('',(8.,-7.06322513621044,-2.56282543570023));
#1706=CARTESIAN_POINT('',(8.,-7.05716915931155,-2.60233690440751));
#1707=CARTESIAN_POINT('',(8.,-7.05471137473039,-2.62229009516259));
#1708=CARTESIAN_POINT('',(8.,-7.05094340927879,-2.66244068676318));
#1709=CARTESIAN_POINT('',(8.,-7.04964714937015,-2.68270894281032));
#1710=CARTESIAN_POINT('',(8.,-7.0482244994276,-2.72348248562895));
#1711=CARTESIAN_POINT('',(8.,-7.04812235492482,-2.7440592023077));
#1712=CARTESIAN_POINT('',(8.,-7.04911779225282,-2.78544739398087));
#1713=CARTESIAN_POINT('',(8.,-7.0502509040196,-2.80633024411071));
#1714=CARTESIAN_POINT('',(8.,-7.05375611512924,-2.84833433076249));
#1715=CARTESIAN_POINT('',(8.,-7.05617625550938,-2.86952612239743));
#1716=CARTESIAN_POINT('',(8.,-7.06230658409061,-2.91215892578158));
#1717=CARTESIAN_POINT('',(8.,-7.06607889094426,-2.93366870802485));
#1718=CARTESIAN_POINT('',(8.,-7.07497981622452,-2.97695713006749));
#1719=CARTESIAN_POINT('',(8.,-7.08018662196707,-2.99880150086578));
#1720=CARTESIAN_POINT('',(8.,-7.09204261518783,-3.04278954082132));
#1721=CARTESIAN_POINT('',(8.,-7.0987886174862,-3.06499422422962));
#1722=CARTESIAN_POINT('',(8.,-7.11383526837576,-3.10974667293057));
#1723=CARTESIAN_POINT('',(8.,-7.12225464296472,-3.13234845036145));
#1724=CARTESIAN_POINT('',(8.,-7.14079548673642,-3.17795541807951));
#1725=CARTESIAN_POINT('',(8.,-7.15106187291967,-3.20100443258162));
#1726=CARTESIAN_POINT('',(8.,-7.17349196191796,-3.24758684589873));
#1727=CARTESIAN_POINT('',(8.,-7.18583240745979,-3.27114935516721));
#1728=CARTESIAN_POINT('',(8.,-7.21267182201801,-3.31886558330027));
#1729=CARTESIAN_POINT('',(8.,-7.22738686306542,-3.34302714491227));
#1730=CARTESIAN_POINT('',(8.,-7.25932923487888,-3.39208080396498));
#1731=CARTESIAN_POINT('',(8.,-7.27682213133891,-3.41694977619959));
#1732=CARTESIAN_POINT('',(8.,-7.3148062451497,-3.46759848841849));
#1733=CARTESIAN_POINT('',(8.,-7.33562651971659,-3.49330944976259));
#1734=CARTESIAN_POINT('',(8.,-7.38094441185059,-3.54587364988811));
#1735=CARTESIAN_POINT('',(8.,-7.40585425182784,-3.57258962893721));
#1736=CARTESIAN_POINT('',(8.,-7.4603185813384,-3.62745882486087));
#1737=CARTESIAN_POINT('',(8.,-7.49039673333943,-3.65536974286057));
#1738=CARTESIAN_POINT('',(8.,-7.55660754022222,-3.71299968710375));
#1739=CARTESIAN_POINT('',(8.,-7.59341697338397,-3.74231075059007));
#1740=CARTESIAN_POINT('',(8.,-7.67520114123287,-3.80319536779887));
#1741=CARTESIAN_POINT('',(8.,-7.72106895786308,-3.83409053375521));
#1742=CARTESIAN_POINT('',(8.,-7.82423220251244,-3.89866864443311));
#1743=CARTESIAN_POINT('',(8.,-7.88273583735098,-3.93121256919138));
#1744=CARTESIAN_POINT('',(8.,-8.01640757811977,-3.9996078516131));
#1745=CARTESIAN_POINT('',(8.,-8.09325861484915,-4.03349288371492));
#1746=CARTESIAN_POINT('',(8.,-8.27242477194964,-4.10481595868148));
#1747=CARTESIAN_POINT('',(8.,-8.37626871861631,-4.13944821201482));
#1748=CARTESIAN_POINT('',(8.,-8.48237818,-4.16827603));
#1749=ORIENTED_EDGE('',*,*,#2766,.F.);
#1750=ORIENTED_EDGE('',*,*,#2888,.F.);
#1751=ORIENTED_EDGE('',*,*,#2825,.F.);
#1752=ORIENTED_EDGE('',*,*,#2889,.T.);
#1753=ORIENTED_EDGE('',*,*,#2767,.F.);
#1754=ORIENTED_EDGE('',*,*,#2889,.F.);
#1755=ORIENTED_EDGE('',*,*,#2824,.F.);
#1756=ORIENTED_EDGE('',*,*,#2890,.T.);
#1757=CARTESIAN_POINT('',(8.,-9.31243928,-1.61361065));
#1758=CARTESIAN_POINT('',(8.,-9.20965035413678,-1.57456327343714));
#1759=CARTESIAN_POINT('',(8.,-9.10528250747011,-1.54154341677047));
#1760=CARTESIAN_POINT('',(8.,-8.91841139090538,-1.49393377061102));
#1761=CARTESIAN_POINT('',(8.,-8.8363204769709,-1.47617542407129));
#1762=CARTESIAN_POINT('',(8.,-8.68797602859343,-1.45293809356939));
#1763=CARTESIAN_POINT('',(8.,-8.62151675223933,-1.44487911692649));
#1764=CARTESIAN_POINT('',(8.,-8.5000978731682,-1.43648607024319));
#1765=CARTESIAN_POINT('',(8.,-8.44483030929097,-1.43452034923027));
#1766=CARTESIAN_POINT('',(8.,-8.3428784473395,-1.43570550961232));
#1767=CARTESIAN_POINT('',(8.,-8.29587037722277,-1.4377826190944));
#1768=CARTESIAN_POINT('',(8.,-8.20843067647091,-1.44548849071766));
#1769=CARTESIAN_POINT('',(8.,-8.16769131507841,-1.4503894055508));
#1770=CARTESIAN_POINT('',(8.,-8.09137744409074,-1.46276619044737));
#1771=CARTESIAN_POINT('',(8.,-8.05552170266657,-1.46973823689891));
#1772=CARTESIAN_POINT('',(8.,-7.98796229727867,-1.48562637931182));
#1773=CARTESIAN_POINT('',(8.,-7.95600581768543,-1.49418913154726));
#1774=CARTESIAN_POINT('',(8.,-7.89550545689117,-1.51283829766294));
#1775=CARTESIAN_POINT('',(8.,-7.86673578993156,-1.52267565319553));
#1776=CARTESIAN_POINT('',(8.,-7.8120608501564,-1.54358564056386));
#1777=CARTESIAN_POINT('',(8.,-7.7859543226552,-1.55448346774446));
#1778=CARTESIAN_POINT('',(8.,-7.73619388578262,-1.5773108931943));
#1779=CARTESIAN_POINT('',(8.,-7.71236056023387,-1.58911983161759));
#1780=CARTESIAN_POINT('',(8.,-7.66683378264082,-1.61362171985588));
#1781=CARTESIAN_POINT('',(8.,-7.64498023265343,-1.62623433487055));
#1782=CARTESIAN_POINT('',(8.,-7.60317327167879,-1.6522331113616));
#1783=CARTESIAN_POINT('',(8.,-7.58307685998684,-1.66556954581149));
#1784=CARTESIAN_POINT('',(8.,-7.54459903541079,-1.69293084010222));
#1785=CARTESIAN_POINT('',(8.,-7.52608982485047,-1.70692961264761));
#1786=CARTESIAN_POINT('',(8.,-7.49064260469538,-1.73554790684538));
#1787=CARTESIAN_POINT('',(8.,-7.47359040776786,-1.75015988493119));
#1788=CARTESIAN_POINT('',(8.,-7.44094510790848,-1.77994912167821));
#1789=CARTESIAN_POINT('',(8.,-7.42525011204503,-1.79513359776251));
#1790=CARTESIAN_POINT('',(8.,-7.39523163820427,-1.82602094726636));
#1791=CARTESIAN_POINT('',(8.,-7.38081748515138,-1.84174294689796));
#1792=CARTESIAN_POINT('',(8.,-7.3532923281742,-1.87366465278465));
#1793=CARTESIAN_POINT('',(8.,-7.34010098589809,-1.889893200751));
#1794=CARTESIAN_POINT('',(8.,-7.31496829164157,-1.92279184576909));
#1795=CARTESIAN_POINT('',(8.,-7.30295624081461,-1.93949880141903));
#1796=CARTESIAN_POINT('',(8.,-7.28014110383555,-1.97332150400684));
#1797=CARTESIAN_POINT('',(8.,-7.26927641959239,-1.99048078951629));
#1798=CARTESIAN_POINT('',(8.,-7.24872484106318,-2.02517805560958));
#1799=CARTESIAN_POINT('',(8.,-7.2389850355059,-2.04276517595493));
#1800=CARTESIAN_POINT('',(8.,-7.22066016493894,-2.07829024118406));
#1801=CARTESIAN_POINT('',(8.,-7.21203058858898,-2.09628204989351));
#1802=CARTESIAN_POINT('',(8.,-7.19590994055375,-2.13259058366874));
#1803=CARTESIAN_POINT('',(8.,-7.18838258596928,-2.15096516794304));
#1804=CARTESIAN_POINT('',(8.,-7.17445606668059,-2.1880152177187));
#1805=CARTESIAN_POINT('',(8.,-7.16804013668059,-2.20672032105204));
#1806=CARTESIAN_POINT('',(8.,-7.16216308,-2.225628));
#1807=ORIENTED_EDGE('',*,*,#2891,.F.);
#1808=ORIENTED_EDGE('',*,*,#2768,.F.);
#1809=ORIENTED_EDGE('',*,*,#2890,.F.);
#1810=ORIENTED_EDGE('',*,*,#2823,.F.);
#1811=CARTESIAN_POINT('',(8.,-12.2436636,-0.3939563));
#1812=CARTESIAN_POINT('',(8.,-12.1960593439242,-0.431250546793804));
#1813=CARTESIAN_POINT('',(8.,-12.1480258672575,-0.467969356793804));
#1814=CARTESIAN_POINT('',(8.,-12.0516573136877,-0.539840812451943));
#1815=CARTESIAN_POINT('',(8.,-12.0033307868797,-0.575033717780185));
#1816=CARTESIAN_POINT('',(8.,-11.9064105090353,-0.643784598777339));
#1817=CARTESIAN_POINT('',(8.,-11.8578235910975,-0.677411650305344));
#1818=CARTESIAN_POINT('',(8.,-11.7604152462027,-0.743012794254189));
#1819=CARTESIAN_POINT('',(8.,-11.7115998375524,-0.775059104055168));
#1820=CARTESIAN_POINT('',(8.,-11.6137675140494,-0.837479097955855));
#1821=CARTESIAN_POINT('',(8.,-11.5647557266999,-0.867928567334858));
#1822=CARTESIAN_POINT('',(8.,-11.4665640269863,-0.927133162066009));
#1823=CARTESIAN_POINT('',(8.,-11.4173882610743,-0.955968164910634));
#1824=CARTESIAN_POINT('',(8.,-11.318902422213,-1.01191953124672));
#1825=CARTESIAN_POINT('',(8.,-11.2695954058249,-1.03912051813721));
#1826=CARTESIAN_POINT('',(8.,-11.1708814230338,-1.09177631469303));
#1827=CARTESIAN_POINT('',(8.,-11.1214762836001,-1.11732131033091));
#1828=CARTESIAN_POINT('',(8.,-11.0226010973329,-1.16663348773273));
#1829=CARTESIAN_POINT('',(8.,-10.9731314668982,-1.19049745670515));
#1830=CARTESIAN_POINT('',(8.,-10.8741632201323,-1.23641070755292));
#1831=CARTESIAN_POINT('',(8.,-10.8246633762427,-1.25856473676893));
#1832=CARTESIAN_POINT('',(8.,-10.7256717486796,-1.30101442747539));
#1833=CARTESIAN_POINT('',(8.,-10.6761767846152,-1.32142461806451));
#1834=CARTESIAN_POINT('',(8.,-10.5772334636581,-1.36033394768529));
#1835=CARTESIAN_POINT('',(8.,-10.5277795440074,-1.37895988964123));
#1836=CARTESIAN_POINT('',(8.,-10.4289588871952,-1.4142359335241));
#1837=CARTESIAN_POINT('',(8.,-10.3795835936171,-1.43102865782084));
#1838=CARTESIAN_POINT('',(8.,-10.2809636142883,-1.46255660159346));
#1839=CARTESIAN_POINT('',(8.,-10.2317064767457,-1.47745555568207));
#1840=CARTESIAN_POINT('',(8.,-10.1333703495191,-1.50508988639485));
#1841=CARTESIAN_POINT('',(8.,-10.0842735889174,-1.51801842672442));
#1842=CARTESIAN_POINT('',(8.,-9.98631208533959,-1.54156877436978));
#1843=CARTESIAN_POINT('',(8.,-9.9374218417416,-1.55242733956197));
#1844=CARTESIAN_POINT('',(8.,-9.83993760841044,-1.57163376265915));
#1845=CARTESIAN_POINT('',(8.,-9.79130583272244,-1.58028892261076));
#1846=CARTESIAN_POINT('',(8.,-9.69442173658202,-1.59477370074587));
#1847=CARTESIAN_POINT('',(8.,-9.64610909686706,-1.60104257748923));
#1848=CARTESIAN_POINT('',(8.,-9.54998778764199,-1.61019736980035));
#1849=CARTESIAN_POINT('',(8.,-9.50206347043175,-1.61385906556553));
#1850=CARTESIAN_POINT('',(8.,-9.40697457414208,-1.61645729446074));
#1851=CARTESIAN_POINT('',(8.,-9.35973189414208,-1.61593824779408));
#1852=CARTESIAN_POINT('',(8.,-9.31243928,-1.61361065));
#1853=ORIENTED_EDGE('',*,*,#2891,.T.);
#1854=ORIENTED_EDGE('',*,*,#2822,.T.);
#1855=ORIENTED_EDGE('',*,*,#2892,.T.);
#1856=ORIENTED_EDGE('',*,*,#2769,.F.);
#1857=ORIENTED_EDGE('',*,*,#2892,.F.);
#1858=ORIENTED_EDGE('',*,*,#2821,.F.);
#1859=ORIENTED_EDGE('',*,*,#2893,.T.);
#1860=ORIENTED_EDGE('',*,*,#2770,.F.);
#1861=CARTESIAN_POINT('',(8.,-9.31243927825346,1.61361065305573));
#1862=CARTESIAN_POINT('',(8.,-9.35973189262468,1.61593824302127));
#1863=CARTESIAN_POINT('',(8.,-9.40697457292297,1.61645728538299));
#1864=CARTESIAN_POINT('',(8.,-9.50206346940849,1.61385905492829));
#1865=CARTESIAN_POINT('',(8.,-9.54998778657434,1.61019736625191));
#1866=CARTESIAN_POINT('',(8.,-9.64610909640126,1.60104257864278));
#1867=CARTESIAN_POINT('',(8.,-9.69442173711388,1.59477370496535));
#1868=CARTESIAN_POINT('',(8.,-9.79130583223585,1.58028892679826));
#1869=CARTESIAN_POINT('',(8.,-9.83993760554466,1.57163376126537));
#1870=CARTESIAN_POINT('',(8.,-9.93742183980117,1.55242733792007));
#1871=CARTESIAN_POINT('',(8.,-9.98631208696819,1.5415687783889));
#1872=CARTESIAN_POINT('',(8.,-10.0842735907642,1.51801842966281));
#1873=CARTESIAN_POINT('',(8.,-10.1333703478282,1.50508988247022));
#1874=CARTESIAN_POINT('',(8.,-10.231706473991,1.47745555059924));
#1875=CARTESIAN_POINT('',(8.,-10.2809636135275,1.4625566002313));
#1876=CARTESIAN_POINT('',(8.,-10.3795835941421,1.43102865844756));
#1877=CARTESIAN_POINT('',(8.,-10.4289588879402,1.41423593550187));
#1878=CARTESIAN_POINT('',(8.,-10.5277795473091,1.37895989032091));
#1879=CARTESIAN_POINT('',(8.,-10.5772334687936,1.36033394428312));
#1880=CARTESIAN_POINT('',(8.,-10.6761767882238,1.32142461461904));
#1881=CARTESIAN_POINT('',(8.,-10.7256717490017,1.30101442812104));
#1882=CARTESIAN_POINT('',(8.,-10.8246633743165,1.25856473852358));
#1883=CARTESIAN_POINT('',(8.,-10.874163219916,1.23641070785569));
#1884=CARTESIAN_POINT('',(8.,-10.9731314664679,1.19049745334931));
#1885=CARTESIAN_POINT('',(8.,-11.0226010934112,1.1666334789346));
#1886=CARTESIAN_POINT('',(8.,-11.1214762814724,1.11732130111258));
#1887=CARTESIAN_POINT('',(8.,-11.1708814267627,1.09177631153784));
#1888=CARTESIAN_POINT('',(8.,-11.2695954112033,1.03912051636449));
#1889=CARTESIAN_POINT('',(8.,-11.3189024246724,1.01191952734269));
#1890=CARTESIAN_POINT('',(8.,-11.417388261156,0.955968160010186));
#1891=CARTESIAN_POINT('',(8.,-11.4665640264172,0.927133156068221));
#1892=CARTESIAN_POINT('',(8.,-11.5647557254165,0.867928560377245));
#1893=CARTESIAN_POINT('',(8.,-11.6137675124076,0.837479090715517));
#1894=CARTESIAN_POINT('',(8.,-11.7115998376947,0.775059096589277));
#1895=CARTESIAN_POINT('',(8.,-11.7604152481227,0.743012786391125));
#1896=CARTESIAN_POINT('',(8.,-11.8578235924885,0.677411647399391));
#1897=CARTESIAN_POINT('',(8.,-11.90641050952,0.643784603279667));
#1898=CARTESIAN_POINT('',(8.,-12.0033307857896,0.575033726710118));
#1899=CARTESIAN_POINT('',(8.,-12.05165731265,0.539840819381759));
#1900=CARTESIAN_POINT('',(8.,-12.148025868165,0.467969360147516));
#1901=CARTESIAN_POINT('',(8.,-12.196059346018,0.431250547512407));
#1902=CARTESIAN_POINT('',(8.,-12.2436636029451,0.393956297651697));
#1903=ORIENTED_EDGE('',*,*,#2771,.F.);
#1904=ORIENTED_EDGE('',*,*,#2893,.F.);
#1905=ORIENTED_EDGE('',*,*,#2820,.F.);
#1906=ORIENTED_EDGE('',*,*,#2894,.T.);
#1907=CARTESIAN_POINT('',(8.,-7.162163086406,2.22562800191129));
#1908=CARTESIAN_POINT('',(8.,-7.16804014145454,2.20672032050395));
#1909=CARTESIAN_POINT('',(8.,-7.1744560700923,2.18801521475358));
#1910=CARTESIAN_POINT('',(8.,-7.18838258619282,2.15096516288479));
#1911=CARTESIAN_POINT('',(8.,-7.19590993747758,2.13259057822629));
#1912=CARTESIAN_POINT('',(8.,-7.21203058503445,2.09628204487255));
#1913=CARTESIAN_POINT('',(8.,-7.22066016559518,2.07829023758813));
#1914=CARTESIAN_POINT('',(8.,-7.23898503596899,2.04276517402183));
#1915=CARTESIAN_POINT('',(8.,-7.24872483773633,2.02517805407885));
#1916=CARTESIAN_POINT('',(8.,-7.26927641526541,1.99048078861616));
#1917=CARTESIAN_POINT('',(8.,-7.28014110096439,1.97332150257025));
#1918=CARTESIAN_POINT('',(8.,-7.30295624013633,1.9394988008537));
#1919=CARTESIAN_POINT('',(8.,-7.31496829410207,1.92279184833981));
#1920=CARTESIAN_POINT('',(8.,-7.34010098850179,1.88989320129075));
#1921=CARTESIAN_POINT('',(8.,-7.3532923265098,1.87366464703044));
#1922=CARTESIAN_POINT('',(8.,-7.38081748453631,1.84174293849237));
#1923=CARTESIAN_POINT('',(8.,-7.39523164182529,1.82602094174237));
#1924=CARTESIAN_POINT('',(8.,-7.42525011492169,1.7951335960185));
#1925=CARTESIAN_POINT('',(8.,-7.44094510805691,1.77994912297409));
#1926=CARTESIAN_POINT('',(8.,-7.47359040394597,1.75015988649342));
#1927=CARTESIAN_POINT('',(8.,-7.49064259727895,1.7355479029132));
#1928=CARTESIAN_POINT('',(8.,-7.52608981844286,1.70692960900636));
#1929=CARTESIAN_POINT('',(8.,-7.54459903438555,1.69293084343724));
#1930=CARTESIAN_POINT('',(8.,-7.58307686001403,1.66556955138756));
#1931=CARTESIAN_POINT('',(8.,-7.60317326858797,1.65223311355981));
#1932=CARTESIAN_POINT('',(8.,-7.64498022931579,1.62623433614805));
#1933=CARTESIAN_POINT('',(8.,-7.66683378101307,1.61362172210511));
#1934=CARTESIAN_POINT('',(8.,-7.71236055976201,1.58911983361337));
#1935=CARTESIAN_POINT('',(8.,-7.73619388537853,1.57731089508126));
#1936=CARTESIAN_POINT('',(8.,-7.78595432306685,1.55448346767163));
#1937=CARTESIAN_POINT('',(8.,-7.81206085093501,1.54358563783142));
#1938=CARTESIAN_POINT('',(8.,-7.86673578993491,1.52267564909671));
#1939=CARTESIAN_POINT('',(8.,-7.89550545557109,1.51283829448535));
#1940=CARTESIAN_POINT('',(8.,-7.95600581525016,1.49418912747643));
#1941=CARTESIAN_POINT('',(8.,-7.98796229510265,1.48562637314644));
#1942=CARTESIAN_POINT('',(8.,-8.05552170162064,1.46973823061051));
#1943=CARTESIAN_POINT('',(8.,-8.09137744397501,1.46276618611402));
#1944=CARTESIAN_POINT('',(8.,-8.16769131630537,1.4503894038064));
#1945=CARTESIAN_POINT('',(8.,-8.20843067841176,1.44548849097845));
#1946=CARTESIAN_POINT('',(8.,-8.2958703777078,1.43778262252893));
#1947=CARTESIAN_POINT('',(8.,-8.34287844553523,1.43570551600301));
#1948=CARTESIAN_POINT('',(8.,-8.44483030728261,1.43452035371768));
#1949=CARTESIAN_POINT('',(8.,-8.50009787334758,1.43648606558505));
#1950=CARTESIAN_POINT('',(8.,-8.62151675254116,1.44487911036555));
#1951=CARTESIAN_POINT('',(8.,-8.68797602638287,1.45293809593604));
#1952=CARTESIAN_POINT('',(8.,-8.83632047466637,1.47617542799395));
#1953=CARTESIAN_POINT('',(8.,-8.91841139155868,1.49393376718156));
#1954=CARTESIAN_POINT('',(8.,-9.10528250908333,1.54154341229611));
#1955=CARTESIAN_POINT('',(8.,-9.20965035446261,1.57456327118646));
#1956=CARTESIAN_POINT('',(8.,-9.31243927825346,1.61361065305573));
#1957=ORIENTED_EDGE('',*,*,#2772,.F.);
#1958=ORIENTED_EDGE('',*,*,#2894,.F.);
#1959=ORIENTED_EDGE('',*,*,#2819,.F.);
#1960=ORIENTED_EDGE('',*,*,#2895,.T.);
#1961=ORIENTED_EDGE('',*,*,#2773,.F.);
#1962=ORIENTED_EDGE('',*,*,#2895,.F.);
#1963=ORIENTED_EDGE('',*,*,#2818,.F.);
#1964=ORIENTED_EDGE('',*,*,#2896,.T.);
#1965=CARTESIAN_POINT('',(8.,-8.48237817961687,4.16827603349873));
#1966=CARTESIAN_POINT('',(8.,-8.37626871967562,4.13944821000246));
#1967=CARTESIAN_POINT('',(8.,-8.27242477327449,4.10481595411343));
#1968=CARTESIAN_POINT('',(8.,-8.09325861633641,4.03349288055642));
#1969=CARTESIAN_POINT('',(8.,-8.01640757767849,3.99960785614117));
#1970=CARTESIAN_POINT('',(8.,-7.88273583774828,3.93121257240537));
#1971=CARTESIAN_POINT('',(8.,-7.82423220612468,3.89866863894778));
#1972=CARTESIAN_POINT('',(8.,-7.72106896045594,3.83409052988126));
#1973=CARTESIAN_POINT('',(8.,-7.67520114022004,3.80319537260974));
#1974=CARTESIAN_POINT('',(8.,-7.5934169710873,3.74231075682077));
#1975=CARTESIAN_POINT('',(8.,-7.55660753781106,3.71299968959725));
#1976=CARTESIAN_POINT('',(8.,-7.49039673161596,3.65536974193075));
#1977=CARTESIAN_POINT('',(8.,-7.46031858137111,3.62745882272843));
#1978=CARTESIAN_POINT('',(8.,-7.40585425446854,3.57258962549948));
#1979=CARTESIAN_POINT('',(8.,-7.38094441639299,3.54587364541547));
#1980=CARTESIAN_POINT('',(8.,-7.33562652510094,3.49330944605372));
#1981=CARTESIAN_POINT('',(8.,-7.31480624951264,3.46759848655654));
#1982=CARTESIAN_POINT('',(8.,-7.27682213427462,3.41694977440479));
#1983=CARTESIAN_POINT('',(8.,-7.2593292372854,3.39208080064699));
#1984=CARTESIAN_POINT('',(8.,-7.22738686404159,3.34302714224403));
#1985=CARTESIAN_POINT('',(8.,-7.21267182172779,3.31886558299939));
#1986=CARTESIAN_POINT('',(8.,-7.18583240667758,3.27114935693131));
#1987=CARTESIAN_POINT('',(8.,-7.17349196112661,3.2475868477907));
#1988=CARTESIAN_POINT('',(8.,-7.15106187291449,3.20100443535806));
#1989=CARTESIAN_POINT('',(8.,-7.14079548868573,3.17795542107485));
#1990=CARTESIAN_POINT('',(8.,-7.12225464417317,3.13234845395657));
#1991=CARTESIAN_POINT('',(8.,-7.11383526507623,3.10974667742572));
#1992=CARTESIAN_POINT('',(8.,-7.09878861635535,3.06499422753033));
#1993=CARTESIAN_POINT('',(8.,-7.09204262251197,3.04278954164179));
#1994=CARTESIAN_POINT('',(8.,-7.08018663027837,2.99880150204384));
#1995=CARTESIAN_POINT('',(8.,-7.07497981839824,2.97695713357781));
#1996=CARTESIAN_POINT('',(8.,-7.06607889006248,2.93366870898599));
#1997=CARTESIAN_POINT('',(8.,-7.06230658278844,2.91215892267979));
#1998=CARTESIAN_POINT('',(8.,-7.05617625582684,2.86952611580005));
#1999=CARTESIAN_POINT('',(8.,-7.05375612056753,2.84833432432376));
#2000=CARTESIAN_POINT('',(8.,-7.05025090874837,2.80633024043376));
#2001=CARTESIAN_POINT('',(8.,-7.04911778982911,2.78544739288712));
#2002=CARTESIAN_POINT('',(8.,-7.0481223514232,2.74405920294121));
#2003=CARTESIAN_POINT('',(8.,-7.04822450030863,2.72348248557027));
#2004=CARTESIAN_POINT('',(8.,-7.04964715253737,2.68270894333572));
#2005=CARTESIAN_POINT('',(8.,-7.05094341330847,2.6624406885783));
#2006=CARTESIAN_POINT('',(8.,-7.05471137832161,2.62229009587967));
#2007=CARTESIAN_POINT('',(8.,-7.05716916007315,2.60233690257141));
#2008=CARTESIAN_POINT('',(8.,-7.06322513779318,2.56282543240533));
#2009=CARTESIAN_POINT('',(8.,-7.06681898369327,2.5431974156878));
#2010=CARTESIAN_POINT('',(8.,-7.07511872615788,2.5043477156503));
#2011=CARTESIAN_POINT('',(8.,-7.0798292780298,2.4850578966943));
#2012=CARTESIAN_POINT('',(8.,-7.0903399601076,2.44689797412968));
#2013=CARTESIAN_POINT('',(8.,-7.09614394758482,2.42799403861774));
#2014=CARTESIAN_POINT('',(8.,-7.10250296369401,2.40924295778091));
#2015=ORIENTED_EDGE('',*,*,#2897,.F.);
#2016=ORIENTED_EDGE('',*,*,#2774,.F.);
#2017=ORIENTED_EDGE('',*,*,#2896,.F.);
#2018=ORIENTED_EDGE('',*,*,#2817,.F.);
#2019=CARTESIAN_POINT('',(8.,-10.1368936289977,6.87792755636909));
#2020=CARTESIAN_POINT('',(8.,-10.1203019850885,6.81977479725276));
#2021=CARTESIAN_POINT('',(8.,-10.103024861166,6.76183528674853));
#2022=CARTESIAN_POINT('',(8.,-10.0673060453013,6.64704604313753));
#2023=CARTESIAN_POINT('',(8.,-10.0488949345718,6.59016876489333));
#2024=CARTESIAN_POINT('',(8.,-10.0108955366284,6.47757982382335));
#2025=CARTESIAN_POINT('',(8.,-9.99135337927867,6.42181629384831));
#2026=CARTESIAN_POINT('',(8.,-9.95110775781149,6.31148866496387));
#2027=CARTESIAN_POINT('',(8.,-9.93045161091739,6.25686967843856));
#2028=CARTESIAN_POINT('',(8.,-9.8879931504673,6.14886644563157));
#2029=CARTESIAN_POINT('',(8.,-9.86623953061799,6.09542390164173));
#2030=CARTESIAN_POINT('',(8.,-9.82160036449404,5.98981074536996));
#2031=CARTESIAN_POINT('',(8.,-9.7987651235817,5.93757794806254));
#2032=CARTESIAN_POINT('',(8.,-9.75197579421558,5.8344238181958));
#2033=CARTESIAN_POINT('',(8.,-9.72807391895775,5.78343582047019));
#2034=CARTESIAN_POINT('',(8.,-9.67916292996056,5.68281376292453));
#2035=CARTESIAN_POINT('',(8.,-9.65420830425499,5.63310781498563));
#2036=CARTESIAN_POINT('',(8.,-9.60320156887806,5.53509604913239));
#2037=CARTESIAN_POINT('',(8.,-9.5772066861741,5.4867121734746));
#2038=CARTESIAN_POINT('',(8.,-9.52412682437014,5.39139549737753));
#2039=CARTESIAN_POINT('',(8.,-9.4971024210966,5.34437723301883));
#2040=CARTESIAN_POINT('',(8.,-9.44196781425885,5.25184889304933));
#2041=CARTESIAN_POINT('',(8.,-9.41392235621953,5.20624429206449));
#2042=CARTESIAN_POINT('',(8.,-9.356745858213,5.1166085582901));
#2043=CARTESIAN_POINT('',(8.,-9.3276848507689,5.07247157007278));
#2044=CARTESIAN_POINT('',(8.,-9.26847199836613,4.98584732638116));
#2045=CARTESIAN_POINT('',(8.,-9.23839706244658,4.9432396576504));
#2046=CARTESIAN_POINT('',(8.,-9.17714348356937,4.85976564590983));
#2047=CARTESIAN_POINT('',(8.,-9.14605100769096,4.81875951983601));
#2048=CARTESIAN_POINT('',(8.,-9.08273846165358,4.73860235130985));
#2049=CARTESIAN_POINT('',(8.,-9.05061755329747,4.69928459065378));
#2050=CARTESIAN_POINT('',(8.,-8.98520757914079,4.6226516320898));
#2051=CARTESIAN_POINT('',(8.,-8.95203704569191,4.5851299041469));
#2052=CARTESIAN_POINT('',(8.,-8.8844598964892,4.51229178677703));
#2053=CARTESIAN_POINT('',(8.,-8.85020333886676,4.47670457474495));
#2054=CARTESIAN_POINT('',(8.,-8.78033639757505,4.40803910018087));
#2055=CARTESIAN_POINT('',(8.,-8.74493540430073,4.37457001523607));
#2056=CARTESIAN_POINT('',(8.,-8.67255268352435,4.31066494468286));
#2057=CARTESIAN_POINT('',(8.,-8.63593338722661,4.27953336369824));
#2058=CARTESIAN_POINT('',(8.,-8.5605320547786,4.2215395014709));
#2059=CARTESIAN_POINT('',(8.,-8.52200683582286,4.19419086846233));
#2060=CARTESIAN_POINT('',(8.,-8.48237817961687,4.16827603349873));
#2061=ORIENTED_EDGE('',*,*,#2897,.T.);
#2062=ORIENTED_EDGE('',*,*,#2816,.T.);
#2063=ORIENTED_EDGE('',*,*,#2898,.T.);
#2064=ORIENTED_EDGE('',*,*,#2775,.F.);
#2065=ORIENTED_EDGE('',*,*,#2898,.F.);
#2066=ORIENTED_EDGE('',*,*,#2815,.F.);
#2067=ORIENTED_EDGE('',*,*,#2899,.T.);
#2068=ORIENTED_EDGE('',*,*,#2776,.F.);
#2069=CARTESIAN_POINT('',(8.,-6.58546509038363,6.77915291125309));
#2070=CARTESIAN_POINT('',(8.,-6.62235749606325,6.80883387236091));
#2071=CARTESIAN_POINT('',(8.,-6.66027254183885,6.83702233721044));
#2072=CARTESIAN_POINT('',(8.,-6.73872827661532,6.89081217562824));
#2073=CARTESIAN_POINT('',(8.,-6.77965215024878,6.91601901411722));
#2074=CARTESIAN_POINT('',(8.,-6.86279697256485,6.96511132370883));
#2075=CARTESIAN_POINT('',(8.,-6.90556747144057,6.98843715607839));
#2076=CARTESIAN_POINT('',(8.,-6.99246228986823,7.03366576667585));
#2077=CARTESIAN_POINT('',(8.,-7.03689359959802,7.05524862981437));
#2078=CARTESIAN_POINT('',(8.,-7.12704925418683,7.09701010215386));
#2079=CARTESIAN_POINT('',(8.,-7.17298479615769,7.11696230922442));
#2080=CARTESIAN_POINT('',(8.,-7.26607986519074,7.15549000410525));
#2081=CARTESIAN_POINT('',(8.,-7.31339918539756,7.17388893945146));
#2082=CARTESIAN_POINT('',(8.,-7.40919783535503,7.20933282006573));
#2083=CARTESIAN_POINT('',(8.,-7.45780508163525,7.22623193620938));
#2084=CARTESIAN_POINT('',(8.,-7.55612198115302,7.2586926656953));
#2085=CARTESIAN_POINT('',(8.,-7.60593794783122,7.27412913697253));
#2086=CARTESIAN_POINT('',(8.,-7.70662027977255,7.30367554312563));
#2087=CARTESIAN_POINT('',(8.,-7.757577399083,7.31767512196137));
#2088=CARTESIAN_POINT('',(8.,-7.86049455613505,7.34435423699733));
#2089=CARTESIAN_POINT('',(8.,-7.91253362716036,7.35693445727013));
#2090=CARTESIAN_POINT('',(8.,-8.0175708358506,7.38077775444034));
#2091=CARTESIAN_POINT('',(8.,-8.07063886466498,7.39195004637027));
#2092=CARTESIAN_POINT('',(8.,-8.17769299191257,7.41297751897601));
#2093=CARTESIAN_POINT('',(8.,-8.23174165303713,7.42274867527486));
#2094=CARTESIAN_POINT('',(8.,-8.34071833138285,7.44097166274721));
#2095=CARTESIAN_POINT('',(8.,-8.39570290167427,7.44934494784913));
#2096=CARTESIAN_POINT('',(8.,-8.50651449251983,7.46476813895078));
#2097=CARTESIAN_POINT('',(8.,-8.56239304455293,7.47174401192003));
#2098=CARTESIAN_POINT('',(8.,-8.67495714853709,7.4843669271343));
#2099=CARTESIAN_POINT('',(8.,-8.73168996841167,7.48994370850311));
#2100=CARTESIAN_POINT('',(8.,-8.84592830982374,7.49976181701333));
#2101=CARTESIAN_POINT('',(8.,-8.90347742763151,7.50393608416916));
#2102=CARTESIAN_POINT('',(8.,-9.01931499338356,7.51094164613347));
#2103=CARTESIAN_POINT('',(8.,-9.07764383853206,7.51370861491033));
#2104=CARTESIAN_POINT('',(8.,-9.19500822655091,7.51789136688415));
#2105=CARTESIAN_POINT('',(8.,-9.2540813487454,7.51924519000615));
#2106=CARTESIAN_POINT('',(8.,-9.37290225067679,7.5205928715226));
#2107=CARTESIAN_POINT('',(8.,-9.43268510409886,7.52052683119554));
#2108=CARTESIAN_POINT('',(8.,-9.55289388703253,7.51902561498099));
#2109=CARTESIAN_POINT('',(8.,-9.61333656346308,7.51755284144418));
#2110=CARTESIAN_POINT('',(8.,-9.67377022638518,7.51536223968252));
#2111=ORIENTED_EDGE('',*,*,#2777,.F.);
#2112=ORIENTED_EDGE('',*,*,#2899,.F.);
#2113=ORIENTED_EDGE('',*,*,#2814,.F.);
#2114=ORIENTED_EDGE('',*,*,#2900,.T.);
#2115=CARTESIAN_POINT('',(8.,-4.48612033677476,6.01038471340598));
#2116=CARTESIAN_POINT('',(8.,-4.50198863047218,5.99854252410766));
#2117=CARTESIAN_POINT('',(8.,-4.51817381107747,5.98718096390706));
#2118=CARTESIAN_POINT('',(8.,-4.55121807336037,5.96539264308244));
#2119=CARTESIAN_POINT('',(8.,-4.56810813835163,5.95495175790314));
#2120=CARTESIAN_POINT('',(8.,-4.60249163662318,5.93505301627047));
#2121=CARTESIAN_POINT('',(8.,-4.620048432935,5.92556967860492));
#2122=CARTESIAN_POINT('',(8.,-4.65575467293815,5.90760038700943));
#2123=CARTESIAN_POINT('',(8.,-4.67397178782256,5.89909701993254));
#2124=CARTESIAN_POINT('',(8.,-4.71099290423865,5.88310625669783));
#2125=CARTESIAN_POINT('',(8.,-4.72986859488532,5.8756102047));
#2126=CARTESIAN_POINT('',(8.,-4.76820691546612,5.8616574665499));
#2127=CARTESIAN_POINT('',(8.,-4.78774497156017,5.85520176621275));
#2128=CARTESIAN_POINT('',(8.,-4.82741508799979,5.84335882877665));
#2129=CARTESIAN_POINT('',(8.,-4.84762600948705,5.83798332652504));
#2130=CARTESIAN_POINT('',(8.,-4.88865743961001,5.82833700378325));
#2131=CARTESIAN_POINT('',(8.,-4.90955989564262,5.82409007030568));
#2132=CARTESIAN_POINT('',(8.,-4.95200047682175,5.81674609848634));
#2133=CARTESIAN_POINT('',(8.,-4.97362320231408,5.8136868872425));
#2134=CARTESIAN_POINT('',(8.,-5.01754347535512,5.80877531216049));
#2135=CARTESIAN_POINT('',(8.,-5.03992769800806,5.80697699688293));
#2136=CARTESIAN_POINT('',(8.,-5.08542651343724,5.80465966459718));
#2137=CARTESIAN_POINT('',(8.,-5.10862905163927,5.8042138695141));
#2138=CARTESIAN_POINT('',(8.,-5.15584083042977,5.80469481770256));
#2139=CARTESIAN_POINT('',(8.,-5.17993812796525,5.80571778543929));
#2140=CARTESIAN_POINT('',(8.,-5.22904236761749,5.80925784763919));
#2141=CARTESIAN_POINT('',(8.,-5.25413577085534,5.81189922393282));
#2142=CARTESIAN_POINT('',(8.,-5.30536955727115,5.81883674888174));
#2143=CARTESIAN_POINT('',(8.,-5.33159224264178,5.82329199423421));
#2144=CARTESIAN_POINT('',(8.,-5.38526690755833,5.83407266894276));
#2145=CARTESIAN_POINT('',(8.,-5.41279311592985,5.8406011714697));
#2146=CARTESIAN_POINT('',(8.,-5.46931665375105,5.85582175804526));
#2147=CARTESIAN_POINT('',(8.,-5.49837405413534,5.86477355615931));
#2148=CARTESIAN_POINT('',(8.,-5.55828157861689,5.88524728229591));
#2149=CARTESIAN_POINT('',(8.,-5.58916797461212,5.89710341609677));
#2150=CARTESIAN_POINT('',(8.,-5.653163498484,5.92396006158105));
#2151=CARTESIAN_POINT('',(8.,-5.68626946832798,5.93939503566375));
#2152=CARTESIAN_POINT('',(8.,-5.75528357806106,5.97423817714232));
#2153=CARTESIAN_POINT('',(8.,-5.79112309862816,5.9942192516105));
#2154=CARTESIAN_POINT('',(8.,-5.86639269717243,6.03938083878952));
#2155=CARTESIAN_POINT('',(8.,-5.90564391550092,6.06533107331865));
#2156=CARTESIAN_POINT('',(8.,-5.98882132517561,6.12429805766759));
#2157=CARTESIAN_POINT('',(8.,-6.03237830891401,6.15837381223744));
#2158=CARTESIAN_POINT('',(8.,-6.12567493767577,6.23653215463927));
#2159=CARTESIAN_POINT('',(8.,-6.17470466678076,6.28211579196545));
#2160=CARTESIAN_POINT('',(8.,-6.28105928537702,6.38810986746473));
#2161=CARTESIAN_POINT('',(8.,-6.33703414234704,6.45072849595585));
#2162=CARTESIAN_POINT('',(8.,-6.4602318049171,6.59908559491009));
#2163=CARTESIAN_POINT('',(8.,-6.52525857940672,6.68714510223173));
#2164=CARTESIAN_POINT('',(8.,-6.58546509038363,6.77915291125309));
#2165=ORIENTED_EDGE('',*,*,#2778,.F.);
#2166=ORIENTED_EDGE('',*,*,#2900,.F.);
#2167=ORIENTED_EDGE('',*,*,#2813,.F.);
#2168=ORIENTED_EDGE('',*,*,#2901,.T.);
#2169=ORIENTED_EDGE('',*,*,#2779,.F.);
#2170=ORIENTED_EDGE('',*,*,#2901,.F.);
#2171=ORIENTED_EDGE('',*,*,#2812,.F.);
#2172=ORIENTED_EDGE('',*,*,#2902,.T.);
#2173=CARTESIAN_POINT('',(8.,-4.41233692005056,8.35802294669254));
#2174=CARTESIAN_POINT('',(8.,-4.34343713320094,8.27233117189103));
#2175=CARTESIAN_POINT('',(8.,-4.27978194506465,8.18327514808883));
#2176=CARTESIAN_POINT('',(8.,-4.17675613006988,8.02026234473204));
#2177=CARTESIAN_POINT('',(8.,-4.13449945138511,7.9476768769788));
#2178=CARTESIAN_POINT('',(8.,-4.06655848122016,7.81377365272219));
#2179=CARTESIAN_POINT('',(8.,-4.03835689314198,7.75305748561729));
#2180=CARTESIAN_POINT('',(8.,-3.99285413433132,7.64017486353516));
#2181=CARTESIAN_POINT('',(8.,-3.973906006077,7.58821972796916));
#2182=CARTESIAN_POINT('',(8.,-3.94352830263003,7.49089151061268));
#2183=CARTESIAN_POINT('',(8.,-3.93097745859918,7.44554231708056));
#2184=CARTESIAN_POINT('',(8.,-3.91128582450483,7.36000097460955));
#2185=CARTESIAN_POINT('',(8.,-3.90335771648243,7.31974107351608));
#2186=CARTESIAN_POINT('',(8.,-3.89154645536737,7.24333763236079));
#2187=CARTESIAN_POINT('',(8.,-3.88709723213104,7.20708231499364));
#2188=CARTESIAN_POINT('',(8.,-3.88133074910994,7.13791979624781));
#2189=CARTESIAN_POINT('',(8.,-3.87959931514616,7.10488134213343));
#2190=CARTESIAN_POINT('',(8.,-3.87864008645271,7.04157917050118));
#2191=CARTESIAN_POINT('',(8.,-3.87910565152207,7.01117768122832));
#2192=CARTESIAN_POINT('',(8.,-3.88209674570741,6.95271718202813));
#2193=CARTESIAN_POINT('',(8.,-3.88439383459899,6.92452078512971));
#2194=CARTESIAN_POINT('',(8.,-3.89072718568215,6.87014173498652));
#2195=CARTESIAN_POINT('',(8.,-3.89459325089312,6.84382573276007));
#2196=CARTESIAN_POINT('',(8.,-3.9038273833883,6.79295569440438));
#2197=CARTESIAN_POINT('',(8.,-3.909069574752,6.76827422090164));
#2198=CARTESIAN_POINT('',(8.,-3.92087681912518,6.72047937447152));
#2199=CARTESIAN_POINT('',(8.,-3.92735038927412,6.69724536628836));
#2200=CARTESIAN_POINT('',(8.,-3.94148222480301,6.65219567556852));
#2201=CARTESIAN_POINT('',(8.,-3.94907618803684,6.63026651163673));
#2202=CARTESIAN_POINT('',(8.,-3.96534000978761,6.58771066266655));
#2203=CARTESIAN_POINT('',(8.,-3.97396740812004,6.56697771011154));
#2204=CARTESIAN_POINT('',(8.,-3.99221070340074,6.52672480454957));
#2205=CARTESIAN_POINT('',(8.,-4.00180197787879,6.50710571529969));
#2206=CARTESIAN_POINT('',(8.,-4.02190137433353,6.46901173423631));
#2207=CARTESIAN_POINT('',(8.,-4.03239966627948,6.45044469497676));
#2208=CARTESIAN_POINT('',(8.,-4.05425327139549,6.41440236546314));
#2209=CARTESIAN_POINT('',(8.,-4.06561118874696,6.39684175631714));
#2210=CARTESIAN_POINT('',(8.,-4.089133229829,6.36277290326992));
#2211=CARTESIAN_POINT('',(8.,-4.1013105610245,6.34618603083677));
#2212=CARTESIAN_POINT('',(8.,-4.12642759766384,6.31403575624735));
#2213=CARTESIAN_POINT('',(8.,-4.13938967589291,6.29840031666665));
#2214=CARTESIAN_POINT('',(8.,-4.1660379498818,6.26813255910511));
#2215=CARTESIAN_POINT('',(8.,-4.17975452985001,6.25343473449359));
#2216=CARTESIAN_POINT('',(8.,-4.20787817820307,6.22502889804854));
#2217=CARTESIAN_POINT('',(8.,-4.22232271936973,6.21126190857727));
#2218=CARTESIAN_POINT('',(8.,-4.25187263281056,6.18471030723908));
#2219=CARTESIAN_POINT('',(8.,-4.26702182042956,6.17187330880573));
#2220=CARTESIAN_POINT('',(8.,-4.29795498056508,6.14717930686379));
#2221=CARTESIAN_POINT('',(8.,-4.3137619595735,6.13529720001766));
#2222=CARTESIAN_POINT('',(8.,-4.32992812045377,6.12386499284584));
#2223=ORIENTED_EDGE('',*,*,#2903,.F.);
#2224=ORIENTED_EDGE('',*,*,#2780,.F.);
#2225=ORIENTED_EDGE('',*,*,#2902,.F.);
#2226=ORIENTED_EDGE('',*,*,#2811,.F.);
#2227=CARTESIAN_POINT('',(8.,-4.15817483206048,11.5226768583647));
#2228=CARTESIAN_POINT('',(8.,-4.17893324436203,11.4658779643687));
#2229=CARTESIAN_POINT('',(8.,-4.19901174729422,11.4088486770813));
#2230=CARTESIAN_POINT('',(8.,-4.2375860427571,11.294987235034));
#2231=CARTESIAN_POINT('',(8.,-4.25612276663412,11.2381507709755));
#2232=CARTESIAN_POINT('',(8.,-4.29155872705403,11.1247289185641));
#2233=CARTESIAN_POINT('',(8.,-4.30852577018646,11.0681286832598));
#2234=CARTESIAN_POINT('',(8.,-4.340815331649,10.9552159737754));
#2235=CARTESIAN_POINT('',(8.,-4.35620839254811,10.8988869069474));
#2236=CARTESIAN_POINT('',(8.,-4.38534148393285,10.7865539992715));
#2237=CARTESIAN_POINT('',(8.,-4.3991551749878,10.7305316160297));
#2238=CARTESIAN_POINT('',(8.,-4.42511918668341,10.6188505342539));
#2239=CARTESIAN_POINT('',(8.,-4.43734675665796,10.5631710957277));
#2240=CARTESIAN_POINT('',(8.,-4.46012587029409,10.4522155738595));
#2241=CARTESIAN_POINT('',(8.,-4.47075884012012,10.3969162474116));
#2242=CARTESIAN_POINT('',(8.,-4.49033318029037,10.2867621348406));
#2243=CARTESIAN_POINT('',(8.,-4.499360887156,10.2318812172703));
#2244=CARTESIAN_POINT('',(8.,-4.51570544192816,10.1226070262242));
#2245=CARTESIAN_POINT('',(8.,-4.52311446861427,10.0681842398749));
#2246=CARTESIAN_POINT('',(8.,-4.53619769486319,9.95987186910291));
#2247=CARTESIAN_POINT('',(8.,-4.54197113573048,9.90594874849452));
#2248=CARTESIAN_POINT('',(8.,-4.55175309547374,9.79868444020771));
#2249=CARTESIAN_POINT('',(8.,-4.55586955520047,9.74530483635999));
#2250=CARTESIAN_POINT('',(8.,-4.56229935902534,9.63918050212727));
#2251=CARTESIAN_POINT('',(8.,-4.56473158088416,9.58639129698653));
#2252=CARTESIAN_POINT('',(8.,-4.56774382993783,9.48150637032662));
#2253=CARTESIAN_POINT('',(8.,-4.56845685498868,9.42935843843557));
#2254=CARTESIAN_POINT('',(8.,-4.56796646176153,9.32582259403464));
#2255=CARTESIAN_POINT('',(8.,-4.56691491653854,9.27437224238885));
#2256=CARTESIAN_POINT('',(8.,-4.56280919236235,9.17230954998435));
#2257=CARTESIAN_POINT('',(8.,-4.5599332314943,9.12162061721087));
#2258=CARTESIAN_POINT('',(8.,-4.55205917368336,9.02117623324124));
#2259=CARTESIAN_POINT('',(8.,-4.54727836673611,8.9713233673052));
#2260=CARTESIAN_POINT('',(8.,-4.53542047579445,8.87267524082138));
#2261=CARTESIAN_POINT('',(8.,-4.52862397691179,8.82374908214022));
#2262=CARTESIAN_POINT('',(8.,-4.51246098735223,8.72713078857701));
#2263=CARTESIAN_POINT('',(8.,-4.50349361671382,8.67924554830734));
#2264=CARTESIAN_POINT('',(8.,-4.48249722352452,8.5849997644099));
#2265=CARTESIAN_POINT('',(8.,-4.4711702746809,8.53828950401844));
#2266=CARTESIAN_POINT('',(8.,-4.44425725227266,8.44705169269094));
#2267=CARTESIAN_POINT('',(8.,-4.42916481857825,8.40228162827057));
#2268=CARTESIAN_POINT('',(8.,-4.41233692005056,8.35802294669254));
#2269=ORIENTED_EDGE('',*,*,#2903,.T.);
#2270=ORIENTED_EDGE('',*,*,#2810,.T.);
#2271=ORIENTED_EDGE('',*,*,#2904,.T.);
#2272=ORIENTED_EDGE('',*,*,#2781,.F.);
#2273=ORIENTED_EDGE('',*,*,#2904,.F.);
#2274=ORIENTED_EDGE('',*,*,#2809,.F.);
#2275=ORIENTED_EDGE('',*,*,#2905,.T.);
#2276=ORIENTED_EDGE('',*,*,#2782,.F.);
#2277=CARTESIAN_POINT('',(8.,-1.34306706971316,9.35528917228456));
#2278=CARTESIAN_POINT('',(8.,-1.3554676216583,9.40098638621024));
#2279=CARTESIAN_POINT('',(8.,-1.36957277410994,9.44607723806574));
#2280=CARTESIAN_POINT('',(8.,-1.40142792310511,9.53570925532981));
#2281=CARTESIAN_POINT('',(8.,-1.41971982442948,9.58015646543028));
#2282=CARTESIAN_POINT('',(8.,-1.45812966309855,9.66874427854488));
#2283=CARTESIAN_POINT('',(8.,-1.47902114328263,9.71275514181213));
#2284=CARTESIAN_POINT('',(8.,-1.52273581782286,9.80042134918986));
#2285=CARTESIAN_POINT('',(8.,-1.54599541382154,9.8439983208554));
#2286=CARTESIAN_POINT('',(8.,-1.5943860929677,9.93077622586624));
#2287=CARTESIAN_POINT('',(8.,-1.61982111400119,9.97391813458815));
#2288=CARTESIAN_POINT('',(8.,-1.67249059608566,10.0598076031396));
#2289=CARTESIAN_POINT('',(8.,-1.69995810744087,10.1025062530792));
#2290=CARTESIAN_POINT('',(8.,-1.75662745298555,10.1874899884772));
#2291=CARTESIAN_POINT('',(8.,-1.78601849003001,10.2297322831454));
#2292=CARTESIAN_POINT('',(8.,-1.84647859450365,10.313782788537));
#2293=CARTESIAN_POINT('',(8.,-1.87770722797335,10.3555522466756));
#2294=CARTESIAN_POINT('',(8.,-1.94179400375215,10.4386353812577));
#2295=CARTESIAN_POINT('',(8.,-1.97479043328074,10.4799131216799));
#2296=CARTESIAN_POINT('',(8.,-2.04237057198625,10.5619901662619));
#2297=CARTESIAN_POINT('',(8.,-2.07707659687026,10.6027555767473));
#2298=CARTESIAN_POINT('',(8.,-2.1480387452997,10.68378453157));
#2299=CARTESIAN_POINT('',(8.,-2.18440477403779,10.7240157103128));
#2300=CARTESIAN_POINT('',(8.,-2.25865374400843,10.8039521301928));
#2301=CARTESIAN_POINT('',(8.,-2.29663668781111,10.8436261676084));
#2302=CARTESIAN_POINT('',(8.,-2.37408946929437,10.9224237585372));
#2303=CARTESIAN_POINT('',(8.,-2.41365122759238,10.9615170080044));
#2304=CARTESIAN_POINT('',(8.,-2.49423416348732,11.0391280505952));
#2305=CARTESIAN_POINT('',(8.,-2.53534054644998,11.0776162391824));
#2306=CARTESIAN_POINT('',(8.,-2.61898725612586,11.1539919123687));
#2307=CARTESIAN_POINT('',(8.,-2.66160712169937,11.1918503381132));
#2308=CARTESIAN_POINT('',(8.,-2.74825694192322,11.266940967079));
#2309=CARTESIAN_POINT('',(8.,-2.79236158356767,11.304144542877));
#2310=CARTESIAN_POINT('',(8.,-2.88195837684146,11.3778997743718));
#2311=CARTESIAN_POINT('',(8.,-2.92752102038827,11.4144231340967));
#2312=CARTESIAN_POINT('',(8.,-3.02001224490572,11.4867921079486));
#2313=CARTESIAN_POINT('',(8.,-3.06700764740654,11.5226096838944));
#2314=CARTESIAN_POINT('',(8.,-3.16234362903584,11.5935411549636));
#2315=CARTESIAN_POINT('',(8.,-3.21074779095682,11.6286272067982));
#2316=CARTESIAN_POINT('',(8.,-3.3088811319747,11.6980696471728));
#2317=CARTESIAN_POINT('',(8.,-3.35864595895743,11.7324054621676));
#2318=CARTESIAN_POINT('',(8.,-3.40882542270288,11.7661552439221));
#2319=ORIENTED_EDGE('',*,*,#2783,.F.);
#2320=ORIENTED_EDGE('',*,*,#2905,.F.);
#2321=ORIENTED_EDGE('',*,*,#2808,.F.);
#2322=ORIENTED_EDGE('',*,*,#2906,.T.);
#2323=CARTESIAN_POINT('',(8.,-0.0965320961176865,7.49937874984238));
#2324=CARTESIAN_POINT('',(8.,-0.116330479615041,7.49912536646383));
#2325=CARTESIAN_POINT('',(8.,-0.136102723310687,7.49944708164441));
#2326=CARTESIAN_POINT('',(8.,-0.17564294671707,7.50124288986117));
#2327=CARTESIAN_POINT('',(8.,-0.19544429466037,7.50272376742692));
#2328=CARTESIAN_POINT('',(8.,-0.234957315958975,7.50683546048565));
#2329=CARTESIAN_POINT('',(8.,-0.254735228564339,7.50948290510041));
#2330=CARTESIAN_POINT('',(8.,-0.294184268126093,7.51593304411145));
#2331=CARTESIAN_POINT('',(8.,-0.313920377418681,7.51976142710522));
#2332=CARTESIAN_POINT('',(8.,-0.353270224552296,7.52858509414809));
#2333=CARTESIAN_POINT('',(8.,-0.372947047880758,7.53361551328007));
#2334=CARTESIAN_POINT('',(8.,-0.412164614480147,7.54486221043363));
#2335=CARTESIAN_POINT('',(8.,-0.431765799348681,7.55112362038083));
#2336=CARTESIAN_POINT('',(8.,-0.470820701685929,7.56485999213164));
#2337=CARTESIAN_POINT('',(8.,-0.490331321588263,7.57239080104224));
#2338=CARTESIAN_POINT('',(8.,-0.529196412107718,7.58870443151766));
#2339=CARTESIAN_POINT('',(8.,-0.548603139127863,7.59755474555299));
#2340=CARTESIAN_POINT('',(8.,-0.587254968881583,7.61655929526074));
#2341=CARTESIAN_POINT('',(8.,-0.60654628052236,7.62679386053385));
#2342=CARTESIAN_POINT('',(8.,-0.644965479208885,7.64863600159354));
#2343=CARTESIAN_POINT('',(8.,-0.664131718940109,7.66033824993218));
#2344=CARTESIAN_POINT('',(8.,-0.702303127588472,7.68520702143744));
#2345=CARTESIAN_POINT('',(8.,-0.721336407081919,7.69848447541013));
#2346=CARTESIAN_POINT('',(8.,-0.759248844205815,7.72662395797555));
#2347=CARTESIAN_POINT('',(8.,-0.77814268208131,7.74161559237073));
#2348=CARTESIAN_POINT('',(8.,-0.815788050102532,7.77334231074421));
#2349=CARTESIAN_POINT('',(8.,-0.834536477737503,7.79022876140734));
#2350=CARTESIAN_POINT('',(8.,-0.871907706781683,7.82595580106422));
#2351=CARTESIAN_POINT('',(8.,-0.890503577371144,7.84497347800484));
#2352=CARTESIAN_POINT('',(8.,-0.92759057185256,7.88524440351458));
#2353=CARTESIAN_POINT('',(8.,-0.946022384710943,7.90670557233901));
#2354=CARTESIAN_POINT('',(8.,-0.982804451070136,7.95224298748168));
#2355=CARTESIAN_POINT('',(8.,-1.00105064688044,7.97656465570201));
#2356=CARTESIAN_POINT('',(8.,-1.03748269799438,8.0283410074763));
#2357=CARTESIAN_POINT('',(8.,-1.05550145665217,8.05608738927124));
#2358=CARTESIAN_POINT('',(8.,-1.09148898288674,8.11543049702455));
#2359=CARTESIAN_POINT('',(8.,-1.10919982497045,8.14737685420232));
#2360=CARTESIAN_POINT('',(8.,-1.14455312789153,8.21613102369709));
#2361=CARTESIAN_POINT('',(8.,-1.16180332820321,8.25336199414629));
#2362=CARTESIAN_POINT('',(8.,-1.19615239767136,8.33414084563736));
#2363=CARTESIAN_POINT('',(8.,-1.21265413519927,8.37820631364744));
#2364=CARTESIAN_POINT('',(8.,-1.24528614940171,8.47480206082345));
#2365=CARTESIAN_POINT('',(8.,-1.2604952634729,8.52797207804238));
#2366=CARTESIAN_POINT('',(8.,-1.29003350065163,8.64604188777241));
#2367=CARTESIAN_POINT('',(8.,-1.30290599496099,8.71173877672652));
#2368=CARTESIAN_POINT('',(8.,-1.32664693442678,8.86000346143257));
#2369=CARTESIAN_POINT('',(8.,-1.33512523862737,8.9435641914725));
#2370=CARTESIAN_POINT('',(8.,-1.34759212647562,9.13600137493823));
#2371=CARTESIAN_POINT('',(8.,-1.34843981239931,9.24546479192687));
#2372=CARTESIAN_POINT('',(8.,-1.34306706971316,9.35528917228456));
#2373=ORIENTED_EDGE('',*,*,#2784,.F.);
#2374=ORIENTED_EDGE('',*,*,#2906,.F.);
#2375=ORIENTED_EDGE('',*,*,#2807,.F.);
#2376=ORIENTED_EDGE('',*,*,#2907,.T.);
#2377=ORIENTED_EDGE('',*,*,#2785,.F.);
#2378=ORIENTED_EDGE('',*,*,#2907,.F.);
#2379=ORIENTED_EDGE('',*,*,#2806,.F.);
#2380=ORIENTED_EDGE('',*,*,#2908,.T.);
#2381=CARTESIAN_POINT('',(8.,1.34306707315904,9.35528917300135));
#2382=CARTESIAN_POINT('',(8.,1.3484398101581,9.24546479231248));
#2383=CARTESIAN_POINT('',(8.,1.34759212172175,9.13600137478663));
#2384=CARTESIAN_POINT('',(8.,1.33512523516387,8.94356419191094));
#2385=CARTESIAN_POINT('',(8.,1.32664693886959,8.86000346241215));
#2386=CARTESIAN_POINT('',(8.,1.3029059978949,8.71173877809755));
#2387=CARTESIAN_POINT('',(8.,1.29003349431853,8.64604188951279));
#2388=CARTESIAN_POINT('',(8.,1.26049525898732,8.52797207931122));
#2389=CARTESIAN_POINT('',(8.,1.24528615429011,8.47480206134683));
#2390=CARTESIAN_POINT('',(8.,1.21265414183473,8.37820631338858));
#2391=CARTESIAN_POINT('',(8.,1.1961524007879,8.33414084411474));
#2392=CARTESIAN_POINT('',(8.,1.16180332785148,8.25336199221985));
#2393=CARTESIAN_POINT('',(8.,1.14455312585335,8.21613102306923));
#2394=CARTESIAN_POINT('',(8.,1.10919982088496,8.14737685565146));
#2395=CARTESIAN_POINT('',(8.,1.09148897722933,8.11543049996251));
#2396=CARTESIAN_POINT('',(8.,1.05550145146097,8.05608739324596));
#2397=CARTESIAN_POINT('',(8.,1.03748269487533,8.02834101105033));
#2398=CARTESIAN_POINT('',(8.,1.0010506442663,7.97656465793941));
#2399=CARTESIAN_POINT('',(8.,0.982804447170892,7.95224298874511));
#2400=CARTESIAN_POINT('',(8.,0.946022381871638,7.90670557244287));
#2401=CARTESIAN_POINT('',(8.,0.927590571656087,7.88524440314559));
#2402=CARTESIAN_POINT('',(8.,0.890503579290627,7.84497347780605));
#2403=CARTESIAN_POINT('',(8.,0.871907708825591,7.82595580089625));
#2404=CARTESIAN_POINT('',(8.,0.83453648037965,7.79022876226037));
#2405=CARTESIAN_POINT('',(8.,0.815788052348896,7.77334231352372));
#2406=CARTESIAN_POINT('',(8.,0.778142685127046,7.74161559463098));
#2407=CARTESIAN_POINT('',(8.,0.759248849500571,7.72662395622659));
#2408=CARTESIAN_POINT('',(8.,0.721336410570525,7.6984844753546));
#2409=CARTESIAN_POINT('',(8.,0.702303126105496,7.68520702865664));
#2410=CARTESIAN_POINT('',(8.,0.664131717492177,7.66033825820073));
#2411=CARTESIAN_POINT('',(8.,0.644965481875682,7.64863600474562));
#2412=CARTESIAN_POINT('',(8.,0.60654628170895,7.62679385999223));
#2413=CARTESIAN_POINT('',(8.,0.587254966334,7.6165592930638));
#2414=CARTESIAN_POINT('',(8.,0.548603132755279,7.5975547438162));
#2415=CARTESIAN_POINT('',(8.,0.529196404303596,7.58870443470009));
#2416=CARTESIAN_POINT('',(8.,0.490331316630012,7.57239080440333));
#2417=CARTESIAN_POINT('',(8.,0.470820701394677,7.56485998948858));
#2418=CARTESIAN_POINT('',(8.,0.431765801033237,7.55112361724636));
#2419=CARTESIAN_POINT('',(8.,0.412164614152086,7.54486221125341));
#2420=CARTESIAN_POINT('',(8.,0.372947047401712,7.53361551645464));
#2421=CARTESIAN_POINT('',(8.,0.353270225033332,7.52858509854144));
#2422=CARTESIAN_POINT('',(8.,0.31392037699092,7.51976143074226));
#2423=CARTESIAN_POINT('',(8.,0.294184266144506,7.51593304426839));
#2424=CARTESIAN_POINT('',(8.,0.254735224941616,7.5094829055875));
#2425=CARTESIAN_POINT('',(8.,0.234957312282164,7.50683546541776));
#2426=CARTESIAN_POINT('',(8.,0.195444290434887,7.50272377203434));
#2427=CARTESIAN_POINT('',(8.,0.175642941837316,7.50124289121166));
#2428=CARTESIAN_POINT('',(8.,0.13610271943641,7.49944707931595));
#2429=CARTESIAN_POINT('',(8.,0.116330477618549,7.4991253620929));
#2430=CARTESIAN_POINT('',(8.,0.0965320959558658,7.49937874315929));
#2431=ORIENTED_EDGE('',*,*,#2909,.F.);
#2432=ORIENTED_EDGE('',*,*,#2786,.F.);
#2433=ORIENTED_EDGE('',*,*,#2908,.F.);
#2434=ORIENTED_EDGE('',*,*,#2805,.F.);
#2435=CARTESIAN_POINT('',(8.,3.40882541955942,11.7661552418469));
#2436=CARTESIAN_POINT('',(8.,3.35864595899384,11.7324054599542));
#2437=CARTESIAN_POINT('',(8.,3.30888113488382,11.6980696452733));
#2438=CARTESIAN_POINT('',(8.,3.21074779786812,11.6286272056436));
#2439=CARTESIAN_POINT('',(8.,3.16234363786557,11.5935411532409));
#2440=CARTESIAN_POINT('',(8.,3.06700765153873,11.5226096820422));
#2441=CARTESIAN_POINT('',(8.,3.02001224171216,11.4867921075237));
#2442=CARTESIAN_POINT('',(8.,2.92752101231676,11.4144231347006));
#2443=CARTESIAN_POINT('',(8.,2.881958369697,11.3778997765435));
#2444=CARTESIAN_POINT('',(8.,2.79236157718905,11.3041445466758));
#2445=CARTESIAN_POINT('',(8.,2.74825693570273,11.2669409704496));
#2446=CARTESIAN_POINT('',(8.,2.66160711617099,11.1918503405079));
#2447=CARTESIAN_POINT('',(8.,2.61898725144,11.1539919138053));
#2448=CARTESIAN_POINT('',(8.,2.53534054197703,11.0776162380498));
#2449=CARTESIAN_POINT('',(8.,2.49423416013934,11.0391280460278));
#2450=CARTESIAN_POINT('',(8.,2.41365122343934,10.961517005433));
#2451=CARTESIAN_POINT('',(8.,2.3740894611847,10.9224237634094));
#2452=CARTESIAN_POINT('',(8.,2.29663668065544,10.8436261740569));
#2453=CARTESIAN_POINT('',(8.,2.25865374094979,10.803952131639));
#2454=CARTESIAN_POINT('',(8.,2.18440477439258,10.7240157104249));
#2455=CARTESIAN_POINT('',(8.,2.14803874756372,10.6837845328598));
#2456=CARTESIAN_POINT('',(8.,2.07707659738479,10.6027555762415));
#2457=CARTESIAN_POINT('',(8.,2.0423705675943,10.5619901638947));
#2458=CARTESIAN_POINT('',(8.,1.97479042845813,10.4799131178471));
#2459=CARTESIAN_POINT('',(8.,1.94179400337829,10.4386353779076));
#2460=CARTESIAN_POINT('',(8.,1.87770722962411,10.3555522453559));
#2461=CARTESIAN_POINT('',(8.,1.84647859493745,10.313782787844));
#2462=CARTESIAN_POINT('',(8.,1.78601848896962,10.2297322842899));
#2463=CARTESIAN_POINT('',(8.,1.75662744900272,10.1874899926677));
#2464=CARTESIAN_POINT('',(8.,1.69995810423084,10.1025062559001));
#2465=CARTESIAN_POINT('',(8.,1.67249059830955,10.0598076004752));
#2466=CARTESIAN_POINT('',(8.,1.61982111732034,9.97391813179728));
#2467=CARTESIAN_POINT('',(8.,1.59438609200578,9.93077622821908));
#2468=CARTESIAN_POINT('',(8.,1.54599541338155,9.84399832401161));
#2469=CARTESIAN_POINT('',(8.,1.52273582195577,9.80042134835862));
#2470=CARTESIAN_POINT('',(8.,1.47902114713124,9.71275514000241));
#2471=CARTESIAN_POINT('',(8.,1.45812966433957,9.66874427863142));
#2472=CARTESIAN_POINT('',(8.,1.41971982138464,9.5801564675422));
#2473=CARTESIAN_POINT('',(8.,1.4014279133047,9.53570925959008));
#2474=CARTESIAN_POINT('',(8.,1.36957276585321,9.44607724203038));
#2475=CARTESIAN_POINT('',(8.,1.35546761758799,9.40098638912825));
#2476=CARTESIAN_POINT('',(8.,1.34306707315904,9.35528917300135));
#2477=ORIENTED_EDGE('',*,*,#2910,.T.);
#2478=ORIENTED_EDGE('',*,*,#2787,.F.);
#2479=ORIENTED_EDGE('',*,*,#2909,.T.);
#2480=ORIENTED_EDGE('',*,*,#2804,.T.);
#2481=ORIENTED_EDGE('',*,*,#2910,.F.);
#2482=ORIENTED_EDGE('',*,*,#2803,.F.);
#2483=ORIENTED_EDGE('',*,*,#2911,.T.);
#2484=ORIENTED_EDGE('',*,*,#2788,.F.);
#2485=CARTESIAN_POINT('',(8.,4.41233692241702,8.35802294408721));
#2486=CARTESIAN_POINT('',(8.,4.42916481357014,8.40228162830231));
#2487=CARTESIAN_POINT('',(8.,4.44425724326248,8.44705169433667));
#2488=CARTESIAN_POINT('',(8.,4.47117026424809,8.53828950633234));
#2489=CARTESIAN_POINT('',(8.,4.48249721981984,8.58499976449104));
#2490=CARTESIAN_POINT('',(8.,4.50349361766696,8.67924554750786));
#2491=CARTESIAN_POINT('',(8.,4.51246099152955,8.72713078777895));
#2492=CARTESIAN_POINT('',(8.,4.52862398074397,8.82374908038344));
#2493=CARTESIAN_POINT('',(8.,4.53542047358332,8.87267523852656));
#2494=CARTESIAN_POINT('',(8.,4.54727836457494,8.97132336596712));
#2495=CARTESIAN_POINT('',(8.,4.55205917800905,9.02117623354815));
#2496=CARTESIAN_POINT('',(8.,4.55993323485957,9.12162061805924));
#2497=CARTESIAN_POINT('',(8.,4.56280918810729,9.17230954958899));
#2498=CARTESIAN_POINT('',(8.,4.56691491085325,9.27437224133972));
#2499=CARTESIAN_POINT('',(8.,4.56796646023093,9.32582259373199));
#2500=CARTESIAN_POINT('',(8.,4.56845685574698,9.42935843874126));
#2501=CARTESIAN_POINT('',(8.,4.567743832049,9.48150637042395));
#2502=CARTESIAN_POINT('',(8.,4.56473158255084,9.58639129991656));
#2503=CARTESIAN_POINT('',(8.,4.56229935737664,9.63918050806273));
#2504=CARTESIAN_POINT('',(8.,4.55586955303874,9.74530484085665));
#2505=CARTESIAN_POINT('',(8.,4.55175309618731,9.79868444031448));
#2506=CARTESIAN_POINT('',(8.,4.54197113680401,9.90594874612031));
#2507=CARTESIAN_POINT('',(8.,4.5361976950843,9.95987186880365));
#2508=CARTESIAN_POINT('',(8.,4.52311446528972,10.0681842405027));
#2509=CARTESIAN_POINT('',(8.,4.51570543234877,10.1226070252133));
#2510=CARTESIAN_POINT('',(8.,4.49936087773136,10.2318812180954));
#2511=CARTESIAN_POINT('',(8.,4.49033317844189,10.286762139362));
#2512=CARTESIAN_POINT('',(8.,4.47075884009618,10.3969162530746));
#2513=CARTESIAN_POINT('',(8.,4.46012586734114,10.4522155774049));
#2514=CARTESIAN_POINT('',(8.,4.43734675202261,10.5631710973197));
#2515=CARTESIAN_POINT('',(8.,4.42511918080332,10.6188505355661));
#2516=CARTESIAN_POINT('',(8.,4.39915516797412,10.7305316169591));
#2517=CARTESIAN_POINT('',(8.,4.38534147653954,10.7865539999474));
#2518=CARTESIAN_POINT('',(8.,4.3562083854916,10.8988869093898));
#2519=CARTESIAN_POINT('',(8.,4.34081532476407,10.9552159780312));
#2520=CARTESIAN_POINT('',(8.,4.30852576785258,11.0681286854807));
#2521=CARTESIAN_POINT('',(8.,4.29155873148577,11.1247289176337));
#2522=CARTESIAN_POINT('',(8.,4.25612277479012,11.2381507671792));
#2523=CARTESIAN_POINT('',(8.,4.23758604902709,11.2949872319056));
#2524=CARTESIAN_POINT('',(8.,4.19901175076424,11.4088486769081));
#2525=CARTESIAN_POINT('',(8.,4.17893324569248,11.4658779661379));
#2526=CARTESIAN_POINT('',(8.,4.1581748307372,11.5226768618913));
#2527=ORIENTED_EDGE('',*,*,#2789,.F.);
#2528=ORIENTED_EDGE('',*,*,#2911,.F.);
#2529=ORIENTED_EDGE('',*,*,#2802,.F.);
#2530=ORIENTED_EDGE('',*,*,#2912,.T.);
#2531=CARTESIAN_POINT('',(8.,4.32992812425107,6.12386499834769));
#2532=CARTESIAN_POINT('',(8.,4.31376196052747,6.13529720472732));
#2533=CARTESIAN_POINT('',(8.,4.29795497879935,6.14717931102479));
#2534=CARTESIAN_POINT('',(8.,4.26702181568797,6.17187331058142));
#2535=CARTESIAN_POINT('',(8.,4.2518726266839,6.18471030599528));
#2536=CARTESIAN_POINT('',(8.,4.22232271349611,6.21126190674828));
#2537=CARTESIAN_POINT('',(8.,4.20787817498592,6.22502889978386));
#2538=CARTESIAN_POINT('',(8.,4.17975452815462,6.25343473553137));
#2539=CARTESIAN_POINT('',(8.,4.16603794739794,6.26813255641412));
#2540=CARTESIAN_POINT('',(8.,4.13938967369972,6.2984003128296));
#2541=CARTESIAN_POINT('',(8.,4.12642759541032,6.31403575396065));
#2542=CARTESIAN_POINT('',(8.,4.10131056027724,6.34618603036638));
#2543=CARTESIAN_POINT('',(8.,4.08913323303423,6.3627729048156));
#2544=CARTESIAN_POINT('',(8.,4.06561119006488,6.39684175862661));
#2545=CARTESIAN_POINT('',(8.,4.05425326540859,6.41440236565835));
#2546=CARTESIAN_POINT('',(8.,4.03239965809522,6.45044469698926));
#2547=CARTESIAN_POINT('',(8.,4.02190137019885,6.46901173938711));
#2548=CARTESIAN_POINT('',(8.,4.00180197710908,6.50710571857448));
#2549=CARTESIAN_POINT('',(8.,3.99221070467907,6.52672480429029));
#2550=CARTESIAN_POINT('',(8.,3.97396740842478,6.56697770599395));
#2551=CARTESIAN_POINT('',(8.,3.96534000375607,6.58771065682822));
#2552=CARTESIAN_POINT('',(8.,3.94907618259374,6.63026650666794));
#2553=CARTESIAN_POINT('',(8.,3.94148222765799,6.65219567356288));
#2554=CARTESIAN_POINT('',(8.,3.92735039458569,6.69724536459112));
#2555=CARTESIAN_POINT('',(8.,3.92087682026069,6.7204793708527));
#2556=CARTESIAN_POINT('',(8.,3.90906957493559,6.76827421733259));
#2557=CARTESIAN_POINT('',(8.,3.90382738502444,6.79295569216124));
#2558=CARTESIAN_POINT('',(8.,3.89459325264541,6.84382573169458));
#2559=CARTESIAN_POINT('',(8.,3.8907271873519,6.8701417340191));
#2560=CARTESIAN_POINT('',(8.,3.88439383465693,6.92452078554372));
#2561=CARTESIAN_POINT('',(8.,3.88209674334932,6.952717183613));
#2562=CARTESIAN_POINT('',(8.,3.87910564762489,7.01117768249811));
#2563=CARTESIAN_POINT('',(8.,3.87864008302272,7.04157917022764));
#2564=CARTESIAN_POINT('',(8.,3.87959931052204,7.10488134107531));
#2565=CARTESIAN_POINT('',(8.,3.88133074257389,7.1379197960835));
#2566=CARTESIAN_POINT('',(8.,3.88709722582721,7.20708231594212));
#2567=CARTESIAN_POINT('',(8.,3.89154645121035,7.2433376335898));
#2568=CARTESIAN_POINT('',(8.,3.90335771520256,7.31974107522204));
#2569=CARTESIAN_POINT('',(8.,3.91128582535262,7.36000097637482));
#2570=CARTESIAN_POINT('',(8.,3.93097746201549,7.44554231648052));
#2571=CARTESIAN_POINT('',(8.,3.94352830815039,7.49089150692187));
#2572=CARTESIAN_POINT('',(8.,3.97390600972416,7.5882197246724));
#2573=CARTESIAN_POINT('',(8.,3.9928541299566,7.64017486514521));
#2574=CARTESIAN_POINT('',(8.,4.03835688699542,7.75305748793179));
#2575=CARTESIAN_POINT('',(8.,4.06655848278788,7.81377364988849));
#2576=CARTESIAN_POINT('',(8.,4.13449945440364,7.94767687357489));
#2577=CARTESIAN_POINT('',(8.,4.17675612701014,8.02026234641312));
#2578=CARTESIAN_POINT('',(8.,4.27978194130779,8.18327515100574));
#2579=CARTESIAN_POINT('',(8.,4.3434371311611,8.27233117289641));
#2580=CARTESIAN_POINT('',(8.,4.41233692241702,8.35802294408721));
#2581=ORIENTED_EDGE('',*,*,#2790,.F.);
#2582=ORIENTED_EDGE('',*,*,#2912,.F.);
#2583=ORIENTED_EDGE('',*,*,#2801,.F.);
#2584=ORIENTED_EDGE('',*,*,#2913,.T.);
#2585=ORIENTED_EDGE('',*,*,#2791,.F.);
#2586=ORIENTED_EDGE('',*,*,#2913,.F.);
#2587=ORIENTED_EDGE('',*,*,#2800,.F.);
#2588=ORIENTED_EDGE('',*,*,#2914,.T.);
#2589=CARTESIAN_POINT('',(8.,6.58546509359273,6.77915290980754));
#2590=CARTESIAN_POINT('',(8.,6.5252585778202,6.68714510386105));
#2591=CARTESIAN_POINT('',(8.,6.46023180098202,6.5990855975817));
#2592=CARTESIAN_POINT('',(8.,6.33703413980272,6.45072849834635));
#2593=CARTESIAN_POINT('',(8.,6.28105928954711,6.3881098656458));
#2594=CARTESIAN_POINT('',(8.,6.17470466996022,6.28211579135013));
#2595=CARTESIAN_POINT('',(8.,6.12567493357516,6.23653215976977));
#2596=CARTESIAN_POINT('',(8.,6.03237830603091,6.15837381590051));
#2597=CARTESIAN_POINT('',(8.,5.98882132943804,6.12429805521769));
#2598=CARTESIAN_POINT('',(8.,5.90564392071696,6.065331069209));
#2599=CARTESIAN_POINT('',(8.,5.86639269879879,6.03938083572583));
#2600=CARTESIAN_POINT('',(8.,5.79112309721127,5.99421925025871));
#2601=CARTESIAN_POINT('',(8.,5.75528357604309,5.97423817783238));
#2602=CARTESIAN_POINT('',(8.,5.68626946587453,5.93939503923752));
#2603=CARTESIAN_POINT('',(8.,5.65316349563395,5.92396006728325));
#2604=CARTESIAN_POINT('',(8.,5.58916797274863,5.89710342236369));
#2605=CARTESIAN_POINT('',(8.,5.55828157819429,5.88524728702069));
#2606=CARTESIAN_POINT('',(8.,5.49837405333557,5.86477355950596));
#2607=CARTESIAN_POINT('',(8.,5.46931665133912,5.85582176135931));
#2608=CARTESIAN_POINT('',(8.,5.41279311369386,5.84060117322263));
#2609=CARTESIAN_POINT('',(8.,5.38526690718249,5.83407266875972));
#2610=CARTESIAN_POINT('',(8.,5.33159224407783,5.82329199294514));
#2611=CARTESIAN_POINT('',(8.,5.30536955882597,5.81883674754447));
#2612=CARTESIAN_POINT('',(8.,5.25413577349428,5.81189922306993));
#2613=CARTESIAN_POINT('',(8.,5.22904237106859,5.80925784856748));
#2614=CARTESIAN_POINT('',(8.,5.17993813175785,5.80571778547764));
#2615=CARTESIAN_POINT('',(8.,5.1558408336853,5.80469481317544));
#2616=CARTESIAN_POINT('',(8.,5.10862905442897,5.80421386741863));
#2617=CARTESIAN_POINT('',(8.,5.08542651648083,5.80465967130931));
#2618=CARTESIAN_POINT('',(8.,5.0399277016968,5.8069770044234));
#2619=CARTESIAN_POINT('',(8.,5.01754347936535,5.80877531314307));
#2620=CARTESIAN_POINT('',(8.,4.97362320295569,5.81368688610686));
#2621=CARTESIAN_POINT('',(8.,4.95200047346938,5.81674609820641));
#2622=CARTESIAN_POINT('',(8.,4.90955988946624,5.8240900726463));
#2623=CARTESIAN_POINT('',(8.,4.88865743516693,5.82833701094505));
#2624=CARTESIAN_POINT('',(8.,4.84762600745134,5.8379833321586));
#2625=CARTESIAN_POINT('',(8.,4.82741508621061,5.84335882680956));
#2626=CARTESIAN_POINT('',(8.,4.78774497108061,5.85520176268675));
#2627=CARTESIAN_POINT('',(8.,4.76820691568257,5.86165746740594));
#2628=CARTESIAN_POINT('',(8.,4.72986859636372,5.87561020754985));
#2629=CARTESIAN_POINT('',(8.,4.71099290721016,5.88310625996938));
#2630=CARTESIAN_POINT('',(8.,4.67397178961429,5.8990970231264));
#2631=CARTESIAN_POINT('',(8.,4.65575467142726,5.90760038830114));
#2632=CARTESIAN_POINT('',(8.,4.62004843029046,5.92556968112836));
#2633=CARTESIAN_POINT('',(8.,4.6024916365476,5.9350530224218));
#2634=CARTESIAN_POINT('',(8.,4.56810813764132,5.9549517641143));
#2635=CARTESIAN_POINT('',(8.,4.55121807020636,5.96539264704325));
#2636=CARTESIAN_POINT('',(8.,4.51817380657448,5.98718096430055));
#2637=CARTESIAN_POINT('',(8.,4.50198862628782,5.99854252174501));
#2638=CARTESIAN_POINT('',(8.,4.48612033271562,6.01038470809436));
#2639=ORIENTED_EDGE('',*,*,#2915,.F.);
#2640=ORIENTED_EDGE('',*,*,#2792,.F.);
#2641=ORIENTED_EDGE('',*,*,#2914,.F.);
#2642=ORIENTED_EDGE('',*,*,#2799,.F.);
#2643=CARTESIAN_POINT('',(8.,9.67377022262224,7.51536223985124));
#2644=CARTESIAN_POINT('',(8.,9.61333656219155,7.51755283963211));
#2645=CARTESIAN_POINT('',(8.,9.55289388826958,7.51902561173434));
#2646=CARTESIAN_POINT('',(8.,9.43268510901161,7.52052682619913));
#2647=CARTESIAN_POINT('',(8.,9.37290225680761,7.52059286493889));
#2648=CARTESIAN_POINT('',(8.,9.25408135099969,7.5192451860788));
#2649=CARTESIAN_POINT('',(8.,9.1950082237175,7.51789136841751));
#2650=CARTESIAN_POINT('',(8.,9.07764383235702,7.51370862014318));
#2651=CARTESIAN_POINT('',(8.,9.0193149888801,7.51094165208986));
#2652=CARTESIAN_POINT('',(8.,8.903477424704,7.50393609099174));
#2653=CARTESIAN_POINT('',(8.,8.84592830677246,7.49976182339653));
#2654=CARTESIAN_POINT('',(8.,8.73168996534666,7.48994371368992));
#2655=CARTESIAN_POINT('',(8.,8.67495714559056,7.48436693105081));
#2656=CARTESIAN_POINT('',(8.,8.56239304026851,7.47174401363286));
#2657=CARTESIAN_POINT('',(8.,8.50651448712662,7.46476813722359));
#2658=CARTESIAN_POINT('',(8.,8.39570289680298,7.44934494820996));
#2659=CARTESIAN_POINT('',(8.,8.34071832768577,7.44097167145561));
#2660=CARTESIAN_POINT('',(8.,8.2317416510384,7.42274868469779));
#2661=CARTESIAN_POINT('',(8.,8.17769299028814,7.41297752194384));
#2662=CARTESIAN_POINT('',(8.,8.07063886501793,7.39195004625246));
#2663=CARTESIAN_POINT('',(8.,8.01757083844033,7.38077775415302));
#2664=CARTESIAN_POINT('',(8.,7.91253362727932,7.35693445655849));
#2665=CARTESIAN_POINT('',(8.,7.86049455119046,7.34435423766372));
#2666=CARTESIAN_POINT('',(8.,7.75757739292857,7.31767512169522));
#2667=CARTESIAN_POINT('',(8.,7.70662027750096,7.30367554063509));
#2668=CARTESIAN_POINT('',(8.,7.60593794839104,7.2741291349346));
#2669=CARTESIAN_POINT('',(8.,7.55612198109662,7.25869266487965));
#2670=CARTESIAN_POINT('',(8.,7.45780508145011,7.22623193775858));
#2671=CARTESIAN_POINT('',(8.,7.40919783459596,7.20933282579696));
#2672=CARTESIAN_POINT('',(8.,7.31339918445869,7.17388894362043));
#2673=CARTESIAN_POINT('',(8.,7.26607986542381,7.15549000064253));
#2674=CARTESIAN_POINT('',(8.,7.17298479720251,7.11696230501561));
#2675=CARTESIAN_POINT('',(8.,7.12704925479158,7.09701010462274));
#2676=CARTESIAN_POINT('',(8.,7.03689360109725,7.05524863262642));
#2677=CARTESIAN_POINT('',(8.,6.99246229272324,7.0336657635741));
#2678=CARTESIAN_POINT('',(8.,6.90556747349043,6.98843715235213));
#2679=CARTESIAN_POINT('',(8.,6.86279697361973,6.96511132304938));
#2680=CARTESIAN_POINT('',(8.,6.7796521490268,6.91601901761551));
#2681=CARTESIAN_POINT('',(8.,6.73872827119075,6.89081218483541));
#2682=CARTESIAN_POINT('',(8.,6.66027253748936,6.83702234527107));
#2683=CARTESIAN_POINT('',(8.,6.62235749448547,6.8088338771141));
#2684=CARTESIAN_POINT('',(8.,6.58546509359273,6.77915290980754));
#2685=ORIENTED_EDGE('',*,*,#2916,.T.);
#2686=ORIENTED_EDGE('',*,*,#2793,.F.);
#2687=ORIENTED_EDGE('',*,*,#2915,.T.);
#2688=ORIENTED_EDGE('',*,*,#2798,.T.);
#2689=ORIENTED_EDGE('',*,*,#2916,.F.);
#2690=ORIENTED_EDGE('',*,*,#2797,.F.);
#2691=ORIENTED_EDGE('',*,*,#2857,.T.);
#2692=ORIENTED_EDGE('',*,*,#2794,.F.);
#2693=CARTESIAN_POINT('',(8.,8.48237818,4.16827603));
#2694=CARTESIAN_POINT('',(8.,8.52200683178987,4.19419087143171));
#2695=CARTESIAN_POINT('',(8.,8.56053204845654,4.22153950809837));
#2696=CARTESIAN_POINT('',(8.,8.63593338014636,4.27953337170248));
#2697=CARTESIAN_POINT('',(8.,8.67255268057489,4.31066494692606));
#2698=CARTESIAN_POINT('',(8.,8.74493540460192,4.37457001402904));
#2699=CARTESIAN_POINT('',(8.,8.78033640048549,4.40803909707985));
#2700=CARTESIAN_POINT('',(8.,8.85020334093446,4.47670457107118));
#2701=CARTESIAN_POINT('',(8.,8.88445989335149,4.51229178622016));
#2702=CARTESIAN_POINT('',(8.,8.95203704315699,4.58512990433467));
#2703=CARTESIAN_POINT('',(8.,8.98520758282074,4.62265162979552));
#2704=CARTESIAN_POINT('',(8.,9.0506175565187,4.69928458936208));
#2705=CARTESIAN_POINT('',(8.,9.08273845797878,4.73860235349105));
#2706=CARTESIAN_POINT('',(8.,9.1460510024748,4.81875952232897));
#2707=CARTESIAN_POINT('',(8.,9.1771434821532,4.85976564656464));
#2708=CARTESIAN_POINT('',(8.,9.23839706323973,4.94323965745198));
#2709=CARTESIAN_POINT('',(8.,9.26847200013133,4.98584732521899));
#2710=CARTESIAN_POINT('',(8.,9.32768485383951,5.07247157146357));
#2711=CARTESIAN_POINT('',(8.,9.35674586036794,5.11660856406107));
#2712=CARTESIAN_POINT('',(8.,9.41392235711373,5.206244296973));
#2713=CARTESIAN_POINT('',(8.,9.4419678148989,5.25184889271628));
#2714=CARTESIAN_POINT('',(8.,9.49710242056958,5.34437723046706));
#2715=CARTESIAN_POINT('',(8.,9.52412682437312,5.39139549700546));
#2716=CARTESIAN_POINT('',(8.,9.57720668385351,5.48671217593664));
#2717=CARTESIAN_POINT('',(8.,9.60320156053396,5.53509605394514));
#2718=CARTESIAN_POINT('',(8.,9.65420829711527,5.6331078211928));
#2719=CARTESIAN_POINT('',(8.,9.67916293112271,5.68281376766891));
#2720=CARTESIAN_POINT('',(8.,9.728073922267,5.7834358250657));
#2721=CARTESIAN_POINT('',(8.,9.75197579391054,5.83442382279983));
#2722=CARTESIAN_POINT('',(8.,9.7987651207674,5.93757795207512));
#2723=CARTESIAN_POINT('',(8.,9.82160036050822,5.98981074988777));
#2724=CARTESIAN_POINT('',(8.,9.8662395254901,6.09542390651619));
#2725=CARTESIAN_POINT('',(8.,9.88799314488329,6.14886645052409));
#2726=CARTESIAN_POINT('',(8.,9.93045160664417,6.25686968456223));
#2727=CARTESIAN_POINT('',(8.,9.95110775474294,6.31148867245373));
#2728=CARTESIAN_POINT('',(8.,9.99135337869593,6.42181629701688));
#2729=CARTESIAN_POINT('',(8.,10.0108955396669,6.47757982046578));
#2730=CARTESIAN_POINT('',(8.,10.0488949389388,6.59016875702811));
#2731=CARTESIAN_POINT('',(8.,10.067306048535,6.64704603692126));
#2732=CARTESIAN_POINT('',(8.,10.1030248638714,6.76183528456876));
#2733=CARTESIAN_POINT('',(8.,10.1203019872048,6.8197747979021));
#2734=CARTESIAN_POINT('',(8.,10.13689363,6.87792756));
#2735=EDGE_CURVE('',#2917,#2918,#2919,.F.);
#2736=EDGE_CURVE('',#2918,#2920,#2921,.F.);
#2737=EDGE_CURVE('',#2920,#2922,#2923,.F.);
#2738=EDGE_CURVE('',#2922,#2924,#2925,.F.);
#2739=EDGE_CURVE('',#2924,#2926,#2927,.T.);
#2740=EDGE_CURVE('',#2926,#2928,#2929,.F.);
#2741=EDGE_CURVE('',#2928,#2930,#2931,.F.);
#2742=EDGE_CURVE('',#2930,#2932,#2933,.F.);
#2743=EDGE_CURVE('',#2932,#2934,#2935,.F.);
#2744=EDGE_CURVE('',#2934,#2936,#2937,.F.);
#2745=EDGE_CURVE('',#2936,#2938,#2939,.T.);
#2746=EDGE_CURVE('',#2938,#2940,#2941,.F.);
#2747=EDGE_CURVE('',#2940,#2942,#2943,.F.);
#2748=EDGE_CURVE('',#2942,#2944,#2945,.F.);
#2749=EDGE_CURVE('',#2944,#2946,#2947,.F.);
#2750=EDGE_CURVE('',#2946,#2948,#2949,.F.);
#2751=EDGE_CURVE('',#2948,#2950,#2951,.T.);
#2752=EDGE_CURVE('',#2950,#2952,#2953,.F.);
#2753=EDGE_CURVE('',#2952,#2954,#2955,.F.);
#2754=EDGE_CURVE('',#2954,#2956,#2957,.F.);
#2755=EDGE_CURVE('',#2956,#2958,#2959,.F.);
#2756=EDGE_CURVE('',#2958,#2960,#2961,.F.);
#2757=EDGE_CURVE('',#2960,#2962,#2963,.T.);
#2758=EDGE_CURVE('',#2962,#2964,#2965,.F.);
#2759=EDGE_CURVE('',#2964,#2966,#2967,.F.);
#2760=EDGE_CURVE('',#2966,#2968,#2969,.F.);
#2761=EDGE_CURVE('',#2968,#2970,#2971,.F.);
#2762=EDGE_CURVE('',#2970,#2972,#2973,.F.);
#2763=EDGE_CURVE('',#2972,#2974,#2975,.T.);
#2764=EDGE_CURVE('',#2974,#2976,#2977,.F.);
#2765=EDGE_CURVE('',#2976,#2978,#2979,.F.);
#2766=EDGE_CURVE('',#2978,#2980,#2981,.F.);
#2767=EDGE_CURVE('',#2980,#2982,#2983,.F.);
#2768=EDGE_CURVE('',#2982,#2984,#2985,.F.);
#2769=EDGE_CURVE('',#2984,#2986,#2987,.T.);
#2770=EDGE_CURVE('',#2986,#2988,#2989,.F.);
#2771=EDGE_CURVE('',#2988,#2990,#2991,.F.);
#2772=EDGE_CURVE('',#2990,#2992,#2993,.F.);
#2773=EDGE_CURVE('',#2992,#2994,#2995,.F.);
#2774=EDGE_CURVE('',#2994,#2996,#2997,.F.);
#2775=EDGE_CURVE('',#2996,#2998,#2999,.T.);
#2776=EDGE_CURVE('',#2998,#3000,#3001,.F.);
#2777=EDGE_CURVE('',#3000,#3002,#3003,.F.);
#2778=EDGE_CURVE('',#3002,#3004,#3005,.F.);
#2779=EDGE_CURVE('',#3004,#3006,#3007,.F.);
#2780=EDGE_CURVE('',#3006,#3008,#3009,.F.);
#2781=EDGE_CURVE('',#3008,#3010,#3011,.T.);
#2782=EDGE_CURVE('',#3010,#3012,#3013,.F.);
#2783=EDGE_CURVE('',#3012,#3014,#3015,.F.);
#2784=EDGE_CURVE('',#3014,#3016,#3017,.F.);
#2785=EDGE_CURVE('',#3016,#3018,#3019,.F.);
#2786=EDGE_CURVE('',#3018,#3020,#3021,.F.);
#2787=EDGE_CURVE('',#3020,#3022,#3023,.T.);
#2788=EDGE_CURVE('',#3022,#3024,#3025,.F.);
#2789=EDGE_CURVE('',#3024,#3026,#3027,.F.);
#2790=EDGE_CURVE('',#3026,#3028,#3029,.F.);
#2791=EDGE_CURVE('',#3028,#3030,#3031,.F.);
#2792=EDGE_CURVE('',#3030,#3032,#3033,.F.);
#2793=EDGE_CURVE('',#3032,#3034,#3035,.T.);
#2794=EDGE_CURVE('',#3034,#2917,#3036,.F.);
#2795=EDGE_CURVE('',#3037,#3037,#3038,.T.);
#2796=EDGE_CURVE('',#3039,#3040,#3041,.T.);
#2797=EDGE_CURVE('',#3040,#3042,#3043,.T.);
#2798=EDGE_CURVE('',#3044,#3042,#3045,.T.);
#2799=EDGE_CURVE('',#3044,#3046,#3047,.T.);
#2800=EDGE_CURVE('',#3046,#3048,#3049,.T.);
#2801=EDGE_CURVE('',#3048,#3050,#3051,.T.);
#2802=EDGE_CURVE('',#3050,#3052,#3053,.T.);
#2803=EDGE_CURVE('',#3052,#3054,#3055,.T.);
#2804=EDGE_CURVE('',#3056,#3054,#3057,.T.);
#2805=EDGE_CURVE('',#3056,#3058,#3059,.T.);
#2806=EDGE_CURVE('',#3058,#3060,#3061,.T.);
#2807=EDGE_CURVE('',#3060,#3062,#3063,.T.);
#2808=EDGE_CURVE('',#3062,#3064,#3065,.T.);
#2809=EDGE_CURVE('',#3064,#3066,#3067,.T.);
#2810=EDGE_CURVE('',#3068,#3066,#3069,.T.);
#2811=EDGE_CURVE('',#3068,#3070,#3071,.T.);
#2812=EDGE_CURVE('',#3070,#3072,#3073,.T.);
#2813=EDGE_CURVE('',#3072,#3074,#3075,.T.);
#2814=EDGE_CURVE('',#3074,#3076,#3077,.T.);
#2815=EDGE_CURVE('',#3076,#3078,#3079,.T.);
#2816=EDGE_CURVE('',#3080,#3078,#3081,.T.);
#2817=EDGE_CURVE('',#3080,#3082,#3083,.T.);
#2818=EDGE_CURVE('',#3082,#3084,#3085,.T.);
#2819=EDGE_CURVE('',#3084,#3086,#3087,.T.);
#2820=EDGE_CURVE('',#3086,#3088,#3089,.T.);
#2821=EDGE_CURVE('',#3088,#3090,#3091,.T.);
#2822=EDGE_CURVE('',#3092,#3090,#3093,.T.);
#2823=EDGE_CURVE('',#3092,#3094,#3095,.T.);
#2824=EDGE_CURVE('',#3094,#3096,#3097,.T.);
#2825=EDGE_CURVE('',#3096,#3098,#3099,.T.);
#2826=EDGE_CURVE('',#3098,#3100,#3101,.T.);
#2827=EDGE_CURVE('',#3100,#3102,#3103,.T.);
#2828=EDGE_CURVE('',#3104,#3102,#3105,.T.);
#2829=EDGE_CURVE('',#3104,#3106,#3107,.T.);
#2830=EDGE_CURVE('',#3106,#3108,#3109,.T.);
#2831=EDGE_CURVE('',#3108,#3110,#3111,.T.);
#2832=EDGE_CURVE('',#3110,#3112,#3113,.T.);
#2833=EDGE_CURVE('',#3112,#3114,#3115,.T.);
#2834=EDGE_CURVE('',#3116,#3114,#3117,.T.);
#2835=EDGE_CURVE('',#3116,#3118,#3119,.T.);
#2836=EDGE_CURVE('',#3118,#3120,#3121,.T.);
#2837=EDGE_CURVE('',#3120,#3122,#3123,.T.);
#2838=EDGE_CURVE('',#3122,#3124,#3125,.T.);
#2839=EDGE_CURVE('',#3124,#3126,#3127,.T.);
#2840=EDGE_CURVE('',#3128,#3126,#3129,.T.);
#2841=EDGE_CURVE('',#3128,#3130,#3131,.T.);
#2842=EDGE_CURVE('',#3130,#3132,#3133,.T.);
#2843=EDGE_CURVE('',#3132,#3134,#3135,.T.);
#2844=EDGE_CURVE('',#3134,#3136,#3137,.T.);
#2845=EDGE_CURVE('',#3136,#3138,#3139,.T.);
#2846=EDGE_CURVE('',#3140,#3138,#3141,.T.);
#2847=EDGE_CURVE('',#3140,#3142,#3143,.T.);
#2848=EDGE_CURVE('',#3142,#3144,#3145,.T.);
#2849=EDGE_CURVE('',#3144,#3146,#3147,.T.);
#2850=EDGE_CURVE('',#3146,#3148,#3149,.T.);
#2851=EDGE_CURVE('',#3148,#3150,#3151,.T.);
#2852=EDGE_CURVE('',#3152,#3150,#3153,.T.);
#2853=EDGE_CURVE('',#3152,#3154,#3155,.T.);
#2854=EDGE_CURVE('',#3154,#3156,#3157,.T.);
#2855=EDGE_CURVE('',#3156,#3039,#3158,.T.);
#2856=EDGE_CURVE('',#3159,#3159,#3160,.F.);
#2857=EDGE_CURVE('',#3040,#2917,#3161,.T.);
#2858=EDGE_CURVE('',#3039,#2918,#3162,.T.);
#2859=EDGE_CURVE('',#3156,#2920,#3163,.T.);
#2860=EDGE_CURVE('',#3154,#2922,#3164,.T.);
#2861=EDGE_CURVE('',#2924,#3152,#3165,.F.);
#2862=EDGE_CURVE('',#3150,#2926,#3166,.T.);
#2863=EDGE_CURVE('',#3148,#2928,#3167,.T.);
#2864=EDGE_CURVE('',#3146,#2930,#3168,.T.);
#2865=EDGE_CURVE('',#3144,#2932,#3169,.T.);
#2866=EDGE_CURVE('',#3142,#2934,#3170,.T.);
#2867=EDGE_CURVE('',#2936,#3140,#3171,.F.);
#2868=EDGE_CURVE('',#3138,#2938,#3172,.T.);
#2869=EDGE_CURVE('',#3136,#2940,#3173,.T.);
#2870=EDGE_CURVE('',#3134,#2942,#3174,.T.);
#2871=EDGE_CURVE('',#3132,#2944,#3175,.T.);
#2872=EDGE_CURVE('',#3130,#2946,#3176,.T.);
#2873=EDGE_CURVE('',#2948,#3128,#3177,.F.);
#2874=EDGE_CURVE('',#3126,#2950,#3178,.T.);
#2875=EDGE_CURVE('',#3124,#2952,#3179,.T.);
#2876=EDGE_CURVE('',#3122,#2954,#3180,.T.);
#2877=EDGE_CURVE('',#3120,#2956,#3181,.T.);
#2878=EDGE_CURVE('',#3118,#2958,#3182,.T.);
#2879=EDGE_CURVE('',#2960,#3116,#3183,.F.);
#2880=EDGE_CURVE('',#3114,#2962,#3184,.T.);
#2881=EDGE_CURVE('',#3112,#2964,#3185,.T.);
#2882=EDGE_CURVE('',#3110,#2966,#3186,.T.);
#2883=EDGE_CURVE('',#3108,#2968,#3187,.T.);
#2884=EDGE_CURVE('',#3106,#2970,#3188,.T.);
#2885=EDGE_CURVE('',#2972,#3104,#3189,.F.);
#2886=EDGE_CURVE('',#3102,#2974,#3190,.T.);
#2887=EDGE_CURVE('',#3100,#2976,#3191,.T.);
#2888=EDGE_CURVE('',#3098,#2978,#3192,.T.);
#2889=EDGE_CURVE('',#3096,#2980,#3193,.T.);
#2890=EDGE_CURVE('',#3094,#2982,#3194,.T.);
#2891=EDGE_CURVE('',#2984,#3092,#3195,.F.);
#2892=EDGE_CURVE('',#3090,#2986,#3196,.T.);
#2893=EDGE_CURVE('',#3088,#2988,#3197,.T.);
#2894=EDGE_CURVE('',#3086,#2990,#3198,.T.);
#2895=EDGE_CURVE('',#3084,#2992,#3199,.T.);
#2896=EDGE_CURVE('',#3082,#2994,#3200,.T.);
#2897=EDGE_CURVE('',#2996,#3080,#3201,.F.);
#2898=EDGE_CURVE('',#3078,#2998,#3202,.T.);
#2899=EDGE_CURVE('',#3076,#3000,#3203,.T.);
#2900=EDGE_CURVE('',#3074,#3002,#3204,.T.);
#2901=EDGE_CURVE('',#3072,#3004,#3205,.T.);
#2902=EDGE_CURVE('',#3070,#3006,#3206,.T.);
#2903=EDGE_CURVE('',#3008,#3068,#3207,.F.);
#2904=EDGE_CURVE('',#3066,#3010,#3208,.T.);
#2905=EDGE_CURVE('',#3064,#3012,#3209,.T.);
#2906=EDGE_CURVE('',#3062,#3014,#3210,.T.);
#2907=EDGE_CURVE('',#3060,#3016,#3211,.T.);
#2908=EDGE_CURVE('',#3058,#3018,#3212,.T.);
#2909=EDGE_CURVE('',#3020,#3056,#3213,.F.);
#2910=EDGE_CURVE('',#3054,#3022,#3214,.T.);
#2911=EDGE_CURVE('',#3052,#3024,#3215,.T.);
#2912=EDGE_CURVE('',#3050,#3026,#3216,.T.);
#2913=EDGE_CURVE('',#3048,#3028,#3217,.T.);
#2914=EDGE_CURVE('',#3046,#3030,#3218,.T.);
#2915=EDGE_CURVE('',#3032,#3044,#3219,.F.);
#2916=EDGE_CURVE('',#3042,#3034,#3220,.T.);
#2917=VERTEX_POINT('',#3221);
#2918=VERTEX_POINT('',#3222);
#2919=B_SPLINE_CURVE_WITH_KNOTS('',3,
(#3223,#3224,#3225,#3226,#3227,#3228,#3229,#3230,#3231,#3232,#3233,#3234,#3235,#3236,
#3237,#3238,#3239,#3240,#3241,#3242,#3243,#3244,#3245,#3246,#3247,#3248,#3249,#3250,
#3251,#3252,#3253,#3254,#3255,#3256,#3257,#3258,#3259,#3260,#3261,#3262,#3263,#3264,
#3265,#3266,#3267,#3268,#3269,#3270,#3271,#3272),
.UNSPECIFIED.,.F.,.F.,
(4,2,2,2,2,2,2,2,2,2,2,2,2,2,2,2,2,2,2,2,2,2,2,2,4),
(0.,0.0236400655532356,0.0473376154778238,0.0711516104418457,0.095144047208538,0.119381681232294,
0.143937984187559,0.16889555521404,0.194348996169944,0.220408625230795,0.247205238182879,
0.274896363998916,0.303674668328381,0.333779431888642,0.36551246908876,0.399260708419711,
0.435528818595902,0.474987468162298,0.518546509643582,0.567469116661715,0.623555657604721,
0.689451016166482,0.76918090310709,0.86913688217768,1.),
.UNSPECIFIED.);
#2920=VERTEX_POINT('',#3273);
#2921=CIRCLE('',#3274,7.5);
#2922=VERTEX_POINT('',#3278);
#2923=B_SPLINE_CURVE_WITH_KNOTS('',3,
(#3279,#3280,#3281,#3282,#3283,#3284,#3285,#3286,#3287,#3288,#3289,#3290,#3291,#3292,
#3293,#3294,#3295,#3296,#3297,#3298,#3299,#3300,#3301,#3302,#3303,#3304,#3305,#3306,
#3307,#3308,#3309,#3310,#3311,#3312,#3313,#3314,#3315,#3316,#3317,#3318,#3319,#3320,
#3321,#3322,#3323,#3324,#3325,#3326,#3327,#3328),
.UNSPECIFIED.,.F.,.F.,
(4,2,2,2,2,2,2,2,2,2,2,2,2,2,2,2,2,2,2,2,2,2,2,2,4),
(0.,0.130863118543429,0.230819095884656,0.310548984753539,0.376444341121349,0.432530884750336,
0.481453491223972,0.525012532185253,0.564471180875359,0.600739292939449,0.63448753065453,
0.666220567673557,0.696325330105422,0.7251036351931,0.752794760977953,0.779591373049014,
0.805651006824409,0.831104447016546,0.856062015441617,0.880618319141536,0.904855951801957,
0.928848391153516,0.952662385515761,0.976359936641511,1.),
.UNSPECIFIED.);
#2924=VERTEX_POINT('',#3329);
#2925=B_SPLINE_CURVE_WITH_KNOTS('',3,
(#3330,#3331,#3332,#3333,#3334,#3335,#3336,#3337,#3338,#3339,#3340,#3341,#3342,#3343,
#3344,#3345,#3346,#3347,#3348,#3349,#3350,#3351,#3352,#3353,#3354,#3355,#3356,#3357,
#3358,#3359,#3360,#3361,#3362,#3363,#3364,#3365,#3366,#3367,#3368,#3369),
.UNSPECIFIED.,.F.,.F.,
(4,2,2,2,2,2,2,2,2,2,2,2,2,2,2,2,2,2,2,4),
(0.,0.0131001665168602,0.0740195700668408,0.134222526229287,0.193709036765189,0.252479090779724,
0.310532677696385,0.367869787715019,0.424490407868725,0.480394519155409,0.53558210144771,
0.590053116155076,0.643807526914575,0.696845267217115,0.749166246162094,0.800770312162004,
0.851657193312705,0.901826334483356,0.951276279066767,1.),
.UNSPECIFIED.);
#2926=VERTEX_POINT('',#3370);
#2927=CIRCLE('',#3371,12.);
#2928=VERTEX_POINT('',#3375);
#2929=B_SPLINE_CURVE_WITH_KNOTS('',3,
(#3376,#3377,#3378,#3379,#3380,#3381,#3382,#3383,#3384,#3385,#3386,#3387,#3388,#3389,
#3390,#3391,#3392,#3393,#3394,#3395,#3396,#3397,#3398,#3399,#3400,#3401,#3402,#3403,
#3404,#3405,#3406,#3407,#3408,#3409,#3410,#3411,#3412,#3413,#3414,#3415),
.UNSPECIFIED.,.F.,.F.,
(4,2,2,2,2,2,2,2,2,2,2,2,2,2,2,2,2,2,2,4),
(0.,0.0487237212651853,0.09817366562337,0.148342807359633,0.199229687158828,0.2508337555621,
0.303154732837371,0.356192474150802,0.40994688471188,0.464417902747133,0.519605480395069,
0.575509593934119,0.632130213419863,0.689467326044535,0.747520911416846,0.806290965524561,
0.865777476015015,0.925980434063581,0.986899832576267,1.),
.UNSPECIFIED.);
#2930=VERTEX_POINT('',#3416);
#2931=B_SPLINE_CURVE_WITH_KNOTS('',3,
(#3417,#3418,#3419,#3420,#3421,#3422,#3423,#3424,#3425,#3426,#3427,#3428,#3429,#3430,
#3431,#3432,#3433,#3434,#3435,#3436,#3437,#3438,#3439,#3440,#3441,#3442,#3443,#3444,
#3445,#3446,#3447,#3448,#3449,#3450,#3451,#3452,#3453,#3454,#3455,#3456,#3457,#3458,
#3459,#3460,#3461,#3462,#3463,#3464,#3465,#3466),
.UNSPECIFIED.,.F.,.F.,
(4,2,2,2,2,2,2,2,2,2,2,2,2,2,2,2,2,2,2,2,2,2,2,2,4),
(0.,0.0236400655532356,0.0473376154778238,0.0711516104418457,0.095144047208538,0.119381681232294,
0.143937984187559,0.16889555521404,0.194348996169944,0.220408625230795,0.247205238182879,
0.274896363998916,0.303674668328381,0.333779431888642,0.36551246908876,0.399260708419711,
0.435528818595902,0.474987468162298,0.518546509643582,0.567469116661715,0.623555657604721,
0.689451016166482,0.76918090310709,0.86913688217768,1.),
.UNSPECIFIED.);
#2932=VERTEX_POINT('',#3467);
#2933=CIRCLE('',#3468,7.5);
#2934=VERTEX_POINT('',#3472);
#2935=B_SPLINE_CURVE_WITH_KNOTS('',3,
(#3473,#3474,#3475,#3476,#3477,#3478,#3479,#3480,#3481,#3482,#3483,#3484,#3485,#3486,
#3487,#3488,#3489,#3490,#3491,#3492,#3493,#3494,#3495,#3496,#3497,#3498,#3499,#3500,
#3501,#3502,#3503,#3504,#3505,#3506,#3507,#3508,#3509,#3510,#3511,#3512,#3513,#3514,
#3515,#3516,#3517,#3518,#3519,#3520,#3521,#3522),
.UNSPECIFIED.,.F.,.F.,
(4,2,2,2,2,2,2,2,2,2,2,2,2,2,2,2,2,2,2,2,2,2,2,2,4),
(0.,0.130863118543429,0.230819095884656,0.310548984753539,0.376444341121349,0.432530884750336,
0.481453491223972,0.525012532185253,0.564471180875359,0.600739292939449,0.63448753065453,
0.666220567673557,0.696325330105422,0.7251036351931,0.752794760977953,0.779591373049014,
0.805651006824409,0.831104447016546,0.856062015441617,0.880618319141536,0.904855951801957,
0.928848391153516,0.952662385515761,0.976359936641511,1.),
.UNSPECIFIED.);
#2936=VERTEX_POINT('',#3523);
#2937=B_SPLINE_CURVE_WITH_KNOTS('',3,
(#3524,#3525,#3526,#3527,#3528,#3529,#3530,#3531,#3532,#3533,#3534,#3535,#3536,#3537,
#3538,#3539,#3540,#3541,#3542,#3543,#3544,#3545,#3546,#3547,#3548,#3549,#3550,#3551,
#3552,#3553,#3554,#3555,#3556,#3557,#3558,#3559,#3560,#3561,#3562,#3563),
.UNSPECIFIED.,.F.,.F.,
(4,2,2,2,2,2,2,2,2,2,2,2,2,2,2,2,2,2,2,4),
(0.,0.0131001665168595,0.0740195700668401,0.134222526229286,0.193709036765189,0.252479090779723,
0.310532677696385,0.367869787715018,0.424490407868725,0.480394519155409,0.53558210144771,
0.590053116155076,0.643807526914575,0.696845267217114,0.749166246162093,0.800770312162004,
0.851657193312705,0.901826334483356,0.951276279066767,1.),
.UNSPECIFIED.);
#2938=VERTEX_POINT('',#3564);
#2939=CIRCLE('',#3565,12.);
#2940=VERTEX_POINT('',#3569);
#2941=B_SPLINE_CURVE_WITH_KNOTS('',3,
(#3570,#3571,#3572,#3573,#3574,#3575,#3576,#3577,#3578,#3579,#3580,#3581,#3582,#3583,
#3584,#3585,#3586,#3587,#3588,#3589,#3590,#3591,#3592,#3593,#3594,#3595,#3596,#3597,
#3598,#3599,#3600,#3601,#3602,#3603,#3604,#3605,#3606,#3607,#3608,#3609),
.UNSPECIFIED.,.F.,.F.,
(4,2,2,2,2,2,2,2,2,2,2,2,2,2,2,2,2,2,2,4),
(0.,0.0487237212651853,0.09817366562337,0.148342807359633,0.199229687158828,0.2508337555621,
0.303154732837371,0.356192474150802,0.40994688471188,0.464417902747133,0.519605480395069,
0.575509593934119,0.632130213419863,0.689467326044535,0.747520911416846,0.806290965524561,
0.865777476015015,0.925980434063581,0.986899832576267,1.),
.UNSPECIFIED.);
#2942=VERTEX_POINT('',#3610);
#2943=B_SPLINE_CURVE_WITH_KNOTS('',3,
(#3611,#3612,#3613,#3614,#3615,#3616,#3617,#3618,#3619,#3620,#3621,#3622,#3623,#3624,
#3625,#3626,#3627,#3628,#3629,#3630,#3631,#3632,#3633,#3634,#3635,#3636,#3637,#3638,
#3639,#3640,#3641,#3642,#3643,#3644,#3645,#3646,#3647,#3648,#3649,#3650,#3651,#3652,
#3653,#3654,#3655,#3656,#3657,#3658,#3659,#3660),
.UNSPECIFIED.,.F.,.F.,
(4,2,2,2,2,2,2,2,2,2,2,2,2,2,2,2,2,2,2,2,2,2,2,2,4),
(0.,0.0236400655532356,0.0473376154778238,0.0711516104418457,0.095144047208538,0.119381681232294,
0.143937984187559,0.16889555521404,0.194348996169944,0.220408625230795,0.247205238182879,
0.274896363998916,0.303674668328381,0.333779431888642,0.36551246908876,0.399260708419711,
0.435528818595902,0.474987468162298,0.518546509643582,0.567469116661715,0.623555657604721,
0.689451016166482,0.76918090310709,0.86913688217768,1.),
.UNSPECIFIED.);
#2944=VERTEX_POINT('',#3661);
#2945=CIRCLE('',#3662,7.5);
#2946=VERTEX_POINT('',#3666);
#2947=B_SPLINE_CURVE_WITH_KNOTS('',3,
(#3667,#3668,#3669,#3670,#3671,#3672,#3673,#3674,#3675,#3676,#3677,#3678,#3679,#3680,
#3681,#3682,#3683,#3684,#3685,#3686,#3687,#3688,#3689,#3690,#3691,#3692,#3693,#3694,
#3695,#3696,#3697,#3698,#3699,#3700,#3701,#3702,#3703,#3704,#3705,#3706,#3707,#3708,
#3709,#3710,#3711,#3712,#3713,#3714,#3715,#3716),
.UNSPECIFIED.,.F.,.F.,
(4,2,2,2,2,2,2,2,2,2,2,2,2,2,2,2,2,2,2,2,2,2,2,2,4),
(0.,0.130863118543429,0.230819095884656,0.310548984753539,0.376444341121349,0.432530884750336,
0.481453491223972,0.525012532185253,0.564471180875359,0.600739292939449,0.63448753065453,
0.666220567673557,0.696325330105422,0.7251036351931,0.752794760977953,0.779591373049014,
0.805651006824409,0.831104447016546,0.856062015441617,0.880618319141536,0.904855951801957,
0.928848391153516,0.952662385515761,0.976359936641511,1.),
.UNSPECIFIED.);
#2948=VERTEX_POINT('',#3717);
#2949=B_SPLINE_CURVE_WITH_KNOTS('',3,
(#3718,#3719,#3720,#3721,#3722,#3723,#3724,#3725,#3726,#3727,#3728,#3729,#3730,#3731,
#3732,#3733,#3734,#3735,#3736,#3737,#3738,#3739,#3740,#3741,#3742,#3743,#3744,#3745,
#3746,#3747,#3748,#3749,#3750,#3751,#3752,#3753,#3754,#3755,#3756,#3757),
.UNSPECIFIED.,.F.,.F.,
(4,2,2,2,2,2,2,2,2,2,2,2,2,2,2,2,2,2,2,4),
(0.,0.0131001665168598,0.0740195700668404,0.134222526229287,0.193709036765189,0.252479090779724,
0.310532677696385,0.367869787715018,0.424490407868725,0.480394519155409,0.53558210144771,
0.590053116155076,0.643807526914575,0.696845267217114,0.749166246162093,0.800770312162004,
0.851657193312705,0.901826334483356,0.951276279066767,1.),
.UNSPECIFIED.);
#2950=VERTEX_POINT('',#3758);
#2951=CIRCLE('',#3759,12.);
#2952=VERTEX_POINT('',#3763);
#2953=B_SPLINE_CURVE_WITH_KNOTS('',3,
(#3764,#3765,#3766,#3767,#3768,#3769,#3770,#3771,#3772,#3773,#3774,#3775,#3776,#3777,
#3778,#3779,#3780,#3781,#3782,#3783,#3784,#3785,#3786,#3787,#3788,#3789,#3790,#3791,
#3792,#3793,#3794,#3795,#3796,#3797,#3798,#3799,#3800,#3801,#3802,#3803),
.UNSPECIFIED.,.F.,.F.,
(4,2,2,2,2,2,2,2,2,2,2,2,2,2,2,2,2,2,2,4),
(0.,0.0487237212651853,0.09817366562337,0.148342807359633,0.199229687158828,0.2508337555621,
0.303154732837371,0.356192474150802,0.40994688471188,0.464417902747133,0.519605480395069,
0.575509593934119,0.632130213419863,0.689467326044534,0.747520911416846,0.806290965524561,
0.865777476015014,0.925980434063581,0.986899832576266,1.),
.UNSPECIFIED.);
#2954=VERTEX_POINT('',#3804);
#2955=B_SPLINE_CURVE_WITH_KNOTS('',3,
(#3805,#3806,#3807,#3808,#3809,#3810,#3811,#3812,#3813,#3814,#3815,#3816,#3817,#3818,
#3819,#3820,#3821,#3822,#3823,#3824,#3825,#3826,#3827,#3828,#3829,#3830,#3831,#3832,
#3833,#3834,#3835,#3836,#3837,#3838,#3839,#3840,#3841,#3842,#3843,#3844,#3845,#3846,
#3847,#3848,#3849,#3850,#3851,#3852,#3853,#3854),
.UNSPECIFIED.,.F.,.F.,
(4,2,2,2,2,2,2,2,2,2,2,2,2,2,2,2,2,2,2,2,2,2,2,2,4),
(0.,0.0236400655532356,0.0473376154778238,0.0711516104418457,0.095144047208538,0.119381681232294,
0.143937984187559,0.16889555521404,0.194348996169944,0.220408625230795,0.247205238182879,
0.274896363998916,0.303674668328381,0.333779431888642,0.36551246908876,0.399260708419711,
0.435528818595902,0.474987468162298,0.518546509643582,0.567469116661715,0.623555657604721,
0.689451016166482,0.76918090310709,0.86913688217768,1.),
.UNSPECIFIED.);
#2956=VERTEX_POINT('',#3855);
#2957=CIRCLE('',#3856,7.5);
#2958=VERTEX_POINT('',#3860);
#2959=B_SPLINE_CURVE_WITH_KNOTS('',3,
(#3861,#3862,#3863,#3864,#3865,#3866,#3867,#3868,#3869,#3870,#3871,#3872,#3873,#3874,
#3875,#3876,#3877,#3878,#3879,#3880,#3881,#3882,#3883,#3884,#3885,#3886,#3887,#3888,
#3889,#3890,#3891,#3892,#3893,#3894,#3895,#3896,#3897,#3898,#3899,#3900,#3901,#3902,
#3903,#3904,#3905,#3906,#3907,#3908,#3909,#3910),
.UNSPECIFIED.,.F.,.F.,
(4,2,2,2,2,2,2,2,2,2,2,2,2,2,2,2,2,2,2,2,2,2,2,2,4),
(0.,0.130863118543429,0.230819095884656,0.310548984753539,0.376444341121349,0.432530884750336,
0.481453491223972,0.525012532185253,0.564471180875359,0.600739292939449,0.63448753065453,
0.666220567673557,0.696325330105422,0.7251036351931,0.752794760977953,0.779591373049014,
0.805651006824409,0.831104447016546,0.856062015441617,0.880618319141536,0.904855951801957,
0.928848391153516,0.952662385515761,0.976359936641511,1.),
.UNSPECIFIED.);
#2960=VERTEX_POINT('',#3911);
#2961=B_SPLINE_CURVE_WITH_KNOTS('',3,
(#3912,#3913,#3914,#3915,#3916,#3917,#3918,#3919,#3920,#3921,#3922,#3923,#3924,#3925,
#3926,#3927,#3928,#3929,#3930,#3931,#3932,#3933,#3934,#3935,#3936,#3937,#3938,#3939,
#3940,#3941,#3942,#3943,#3944,#3945,#3946,#3947,#3948,#3949,#3950,#3951),
.UNSPECIFIED.,.F.,.F.,
(4,2,2,2,2,2,2,2,2,2,2,2,2,2,2,2,2,2,2,4),
(0.,0.0131001665168597,0.0740195700668403,0.134222526229286,0.193709036765189,0.252479090779724,
0.310532677696385,0.367869787715018,0.424490407868725,0.480394519155409,0.53558210144771,
0.590053116155076,0.643807526914575,0.696845267217114,0.749166246162093,0.800770312162004,
0.851657193312705,0.901826334483356,0.951276279066767,1.),
.UNSPECIFIED.);
#2962=VERTEX_POINT('',#3952);
#2963=CIRCLE('',#3953,12.);
#2964=VERTEX_POINT('',#3957);
#2965=B_SPLINE_CURVE_WITH_KNOTS('',3,
(#3958,#3959,#3960,#3961,#3962,#3963,#3964,#3965,#3966,#3967,#3968,#3969,#3970,#3971,
#3972,#3973,#3974,#3975,#3976,#3977,#3978,#3979,#3980,#3981,#3982,#3983,#3984,#3985,
#3986,#3987,#3988,#3989,#3990,#3991,#3992,#3993,#3994,#3995,#3996,#3997),
.UNSPECIFIED.,.F.,.F.,
(4,2,2,2,2,2,2,2,2,2,2,2,2,2,2,2,2,2,2,4),
(0.,0.0487237212651853,0.09817366562337,0.148342807359633,0.199229687158828,0.2508337555621,
0.303154732837371,0.356192474150802,0.40994688471188,0.464417902747133,0.519605480395069,
0.575509593934119,0.632130213419863,0.689467326044535,0.747520911416846,0.806290965524561,
0.865777476015015,0.925980434063581,0.986899832576267,1.),
.UNSPECIFIED.);
#2966=VERTEX_POINT('',#3998);
#2967=B_SPLINE_CURVE_WITH_KNOTS('',3,
(#3999,#4000,#4001,#4002,#4003,#4004,#4005,#4006,#4007,#4008,#4009,#4010,#4011,#4012,
#4013,#4014,#4015,#4016,#4017,#4018,#4019,#4020,#4021,#4022,#4023,#4024,#4025,#4026,
#4027,#4028,#4029,#4030,#4031,#4032,#4033,#4034,#4035,#4036,#4037,#4038,#4039,#4040,
#4041,#4042,#4043,#4044,#4045,#4046,#4047,#4048),
.UNSPECIFIED.,.F.,.F.,
(4,2,2,2,2,2,2,2,2,2,2,2,2,2,2,2,2,2,2,2,2,2,2,2,4),
(0.,0.0236400655532356,0.0473376154778238,0.0711516104418457,0.095144047208538,0.119381681232294,
0.143937984187559,0.16889555521404,0.194348996169944,0.220408625230795,0.247205238182879,
0.274896363998916,0.303674668328381,0.333779431888642,0.36551246908876,0.399260708419711,
0.435528818595902,0.474987468162298,0.518546509643582,0.567469116661715,0.623555657604721,
0.689451016166482,0.76918090310709,0.86913688217768,1.),
.UNSPECIFIED.);
#2968=VERTEX_POINT('',#4049);
#2969=CIRCLE('',#4050,7.5);
#2970=VERTEX_POINT('',#4054);
#2971=B_SPLINE_CURVE_WITH_KNOTS('',3,
(#4055,#4056,#4057,#4058,#4059,#4060,#4061,#4062,#4063,#4064,#4065,#4066,#4067,#4068,
#4069,#4070,#4071,#4072,#4073,#4074,#4075,#4076,#4077,#4078,#4079,#4080,#4081,#4082,
#4083,#4084,#4085,#4086,#4087,#4088,#4089,#4090,#4091,#4092,#4093,#4094,#4095,#4096,
#4097,#4098,#4099,#4100,#4101,#4102,#4103,#4104),
.UNSPECIFIED.,.F.,.F.,
(4,2,2,2,2,2,2,2,2,2,2,2,2,2,2,2,2,2,2,2,2,2,2,2,4),
(0.,0.130863118543429,0.230819095884656,0.310548984753539,0.376444341121349,0.432530884750336,
0.481453491223972,0.525012532185253,0.564471180875359,0.600739292939449,0.63448753065453,
0.666220567673557,0.696325330105422,0.7251036351931,0.752794760977953,0.779591373049014,
0.805651006824409,0.831104447016546,0.856062015441617,0.880618319141536,0.904855951801957,
0.928848391153516,0.952662385515761,0.976359936641511,1.),
.UNSPECIFIED.);
#2972=VERTEX_POINT('',#4105);
#2973=B_SPLINE_CURVE_WITH_KNOTS('',3,
(#4106,#4107,#4108,#4109,#4110,#4111,#4112,#4113,#4114,#4115,#4116,#4117,#4118,#4119,
#4120,#4121,#4122,#4123,#4124,#4125,#4126,#4127,#4128,#4129,#4130,#4131,#4132,#4133,
#4134,#4135,#4136,#4137,#4138,#4139,#4140,#4141,#4142,#4143,#4144,#4145),
.UNSPECIFIED.,.F.,.F.,
(4,2,2,2,2,2,2,2,2,2,2,2,2,2,2,2,2,2,2,4),
(0.,0.0131001665168607,0.0740195700668413,0.134222526229287,0.19370903676519,0.252479090779724,
0.310532677696386,0.367869787715019,0.424490407868726,0.480394519155409,0.535582101447711,
0.590053116155076,0.643807526914576,0.696845267217115,0.749166246162094,0.800770312162004,
0.851657193312705,0.901826334483356,0.951276279066767,1.),
.UNSPECIFIED.);
#2974=VERTEX_POINT('',#4146);
#2975=CIRCLE('',#4147,12.);
#2976=VERTEX_POINT('',#4151);
#2977=B_SPLINE_CURVE_WITH_KNOTS('',3,
(#4152,#4153,#4154,#4155,#4156,#4157,#4158,#4159,#4160,#4161,#4162,#4163,#4164,#4165,
#4166,#4167,#4168,#4169,#4170,#4171,#4172,#4173,#4174,#4175,#4176,#4177,#4178,#4179,
#4180,#4181,#4182,#4183,#4184,#4185,#4186,#4187,#4188,#4189,#4190,#4191),
.UNSPECIFIED.,.F.,.F.,
(4,2,2,2,2,2,2,2,2,2,2,2,2,2,2,2,2,2,2,4),
(0.,0.0487237212651853,0.0981736656233699,0.148342807359633,0.199229687158828,0.2508337555621,
0.303154732837371,0.356192474150802,0.40994688471188,0.464417902747132,0.519605480395069,
0.575509593934118,0.632130213419862,0.689467326044534,0.747520911416845,0.80629096552456,
0.865777476015013,0.92598043406358,0.986899832576265,1.),
.UNSPECIFIED.);
#2978=VERTEX_POINT('',#4192);
#2979=B_SPLINE_CURVE_WITH_KNOTS('',3,
(#4193,#4194,#4195,#4196,#4197,#4198,#4199,#4200,#4201,#4202,#4203,#4204,#4205,#4206,
#4207,#4208,#4209,#4210,#4211,#4212,#4213,#4214,#4215,#4216,#4217,#4218,#4219,#4220,
#4221,#4222,#4223,#4224,#4225,#4226,#4227,#4228,#4229,#4230,#4231,#4232,#4233,#4234,
#4235,#4236,#4237,#4238,#4239,#4240,#4241,#4242),
.UNSPECIFIED.,.F.,.F.,
(4,2,2,2,2,2,2,2,2,2,2,2,2,2,2,2,2,2,2,2,2,2,2,2,4),
(0.,0.0236400655532356,0.0473376154778238,0.0711516104418457,0.095144047208538,0.119381681232294,
0.143937984187559,0.16889555521404,0.194348996169944,0.220408625230795,0.247205238182879,
0.274896363998916,0.303674668328381,0.333779431888642,0.36551246908876,0.399260708419711,
0.435528818595902,0.474987468162298,0.518546509643582,0.567469116661715,0.623555657604721,
0.689451016166482,0.76918090310709,0.86913688217768,1.),
.UNSPECIFIED.);
#2980=VERTEX_POINT('',#4243);
#2981=CIRCLE('',#4244,7.5);
#2982=VERTEX_POINT('',#4248);
#2983=B_SPLINE_CURVE_WITH_KNOTS('',3,
(#4249,#4250,#4251,#4252,#4253,#4254,#4255,#4256,#4257,#4258,#4259,#4260,#4261,#4262,
#4263,#4264,#4265,#4266,#4267,#4268,#4269,#4270,#4271,#4272,#4273,#4274,#4275,#4276,
#4277,#4278,#4279,#4280,#4281,#4282,#4283,#4284,#4285,#4286,#4287,#4288,#4289,#4290,
#4291,#4292,#4293,#4294,#4295,#4296,#4297,#4298),
.UNSPECIFIED.,.F.,.F.,
(4,2,2,2,2,2,2,2,2,2,2,2,2,2,2,2,2,2,2,2,2,2,2,2,4),
(0.,0.130863118543429,0.230819095884656,0.310548984753539,0.376444341121349,0.432530884750336,
0.481453491223972,0.525012532185253,0.564471180875359,0.600739292939449,0.63448753065453,
0.666220567673557,0.696325330105422,0.7251036351931,0.752794760977953,0.779591373049014,
0.805651006824409,0.831104447016546,0.856062015441617,0.880618319141536,0.904855951801957,
0.928848391153516,0.952662385515761,0.976359936641511,1.),
.UNSPECIFIED.);
#2984=VERTEX_POINT('',#4299);
#2985=B_SPLINE_CURVE_WITH_KNOTS('',3,
(#4300,#4301,#4302,#4303,#4304,#4305,#4306,#4307,#4308,#4309,#4310,#4311,#4312,#4313,
#4314,#4315,#4316,#4317,#4318,#4319,#4320,#4321,#4322,#4323,#4324,#4325,#4326,#4327,
#4328,#4329,#4330,#4331,#4332,#4333,#4334,#4335,#4336,#4337,#4338,#4339),
.UNSPECIFIED.,.F.,.F.,
(4,2,2,2,2,2,2,2,2,2,2,2,2,2,2,2,2,2,2,4),
(0.,0.0131001665168593,0.0740195700668399,0.134222526229286,0.193709036765189,0.252479090779723,
0.310532677696385,0.367869787715018,0.424490407868725,0.480394519155409,0.53558210144771,
0.590053116155075,0.643807526914575,0.696845267217114,0.749166246162093,0.800770312162004,
0.851657193312705,0.901826334483356,0.951276279066767,1.),
.UNSPECIFIED.);
#2986=VERTEX_POINT('',#4340);
#2987=CIRCLE('',#4341,12.);
#2988=VERTEX_POINT('',#4345);
#2989=B_SPLINE_CURVE_WITH_KNOTS('',3,
(#4346,#4347,#4348,#4349,#4350,#4351,#4352,#4353,#4354,#4355,#4356,#4357,#4358,#4359,
#4360,#4361,#4362,#4363,#4364,#4365,#4366,#4367,#4368,#4369,#4370,#4371,#4372,#4373,
#4374,#4375,#4376,#4377,#4378,#4379,#4380,#4381,#4382,#4383,#4384,#4385),
.UNSPECIFIED.,.F.,.F.,
(4,2,2,2,2,2,2,2,2,2,2,2,2,2,2,2,2,2,2,4),
(0.,0.0487237212651853,0.09817366562337,0.148342807359633,0.199229687158828,0.2508337555621,
0.303154732837371,0.356192474150802,0.40994688471188,0.464417902747133,0.519605480395069,
0.575509593934119,0.632130213419863,0.689467326044535,0.747520911416846,0.806290965524561,
0.865777476015015,0.925980434063581,0.986899832576267,1.),
.UNSPECIFIED.);
#2990=VERTEX_POINT('',#4386);
#2991=B_SPLINE_CURVE_WITH_KNOTS('',3,
(#4387,#4388,#4389,#4390,#4391,#4392,#4393,#4394,#4395,#4396,#4397,#4398,#4399,#4400,
#4401,#4402,#4403,#4404,#4405,#4406,#4407,#4408,#4409,#4410,#4411,#4412,#4413,#4414,
#4415,#4416,#4417,#4418,#4419,#4420,#4421,#4422,#4423,#4424,#4425,#4426,#4427,#4428,
#4429,#4430,#4431,#4432,#4433,#4434,#4435,#4436),
.UNSPECIFIED.,.F.,.F.,
(4,2,2,2,2,2,2,2,2,2,2,2,2,2,2,2,2,2,2,2,2,2,2,2,4),
(0.,0.0236400655532356,0.0473376154778238,0.0711516104418457,0.095144047208538,0.119381681232294,
0.143937984187559,0.16889555521404,0.194348996169944,0.220408625230795,0.247205238182879,
0.274896363998916,0.303674668328381,0.333779431888642,0.36551246908876,0.399260708419711,
0.435528818595902,0.474987468162298,0.518546509643582,0.567469116661715,0.623555657604721,
0.689451016166482,0.76918090310709,0.86913688217768,1.),
.UNSPECIFIED.);
#2992=VERTEX_POINT('',#4437);
#2993=CIRCLE('',#4438,7.5);
#2994=VERTEX_POINT('',#4442);
#2995=B_SPLINE_CURVE_WITH_KNOTS('',3,
(#4443,#4444,#4445,#4446,#4447,#4448,#4449,#4450,#4451,#4452,#4453,#4454,#4455,#4456,
#4457,#4458,#4459,#4460,#4461,#4462,#4463,#4464,#4465,#4466,#4467,#4468,#4469,#4470,
#4471,#4472,#4473,#4474,#4475,#4476,#4477,#4478,#4479,#4480,#4481,#4482,#4483,#4484,
#4485,#4486,#4487,#4488,#4489,#4490,#4491,#4492),
.UNSPECIFIED.,.F.,.F.,
(4,2,2,2,2,2,2,2,2,2,2,2,2,2,2,2,2,2,2,2,2,2,2,2,4),
(0.,0.130863118543429,0.230819095884656,0.310548984753539,0.376444341121349,0.432530884750336,
0.481453491223972,0.525012532185253,0.564471180875359,0.600739292939449,0.63448753065453,
0.666220567673557,0.696325330105422,0.7251036351931,0.752794760977953,0.779591373049014,
0.805651006824409,0.831104447016546,0.856062015441617,0.880618319141536,0.904855951801957,
0.928848391153516,0.952662385515761,0.976359936641511,1.),
.UNSPECIFIED.);
#2996=VERTEX_POINT('',#4493);
#2997=B_SPLINE_CURVE_WITH_KNOTS('',3,
(#4494,#4495,#4496,#4497,#4498,#4499,#4500,#4501,#4502,#4503,#4504,#4505,#4506,#4507,
#4508,#4509,#4510,#4511,#4512,#4513,#4514,#4515,#4516,#4517,#4518,#4519,#4520,#4521,
#4522,#4523,#4524,#4525,#4526,#4527,#4528,#4529,#4530,#4531,#4532,#4533),
.UNSPECIFIED.,.F.,.F.,
(4,2,2,2,2,2,2,2,2,2,2,2,2,2,2,2,2,2,2,4),
(0.,0.0131001665168606,0.0740195700668412,0.134222526229287,0.19370903676519,0.252479090779724,
0.310532677696386,0.367869787715019,0.424490407868726,0.480394519155409,0.535582101447711,
0.590053116155076,0.643807526914576,0.696845267217115,0.749166246162094,0.800770312162004,
0.851657193312705,0.901826334483356,0.951276279066767,1.),
.UNSPECIFIED.);
#2998=VERTEX_POINT('',#4534);
#2999=CIRCLE('',#4535,12.);
#3000=VERTEX_POINT('',#4539);
#3001=B_SPLINE_CURVE_WITH_KNOTS('',3,
(#4540,#4541,#4542,#4543,#4544,#4545,#4546,#4547,#4548,#4549,#4550,#4551,#4552,#4553,
#4554,#4555,#4556,#4557,#4558,#4559,#4560,#4561,#4562,#4563,#4564,#4565,#4566,#4567,
#4568,#4569,#4570,#4571,#4572,#4573,#4574,#4575,#4576,#4577,#4578,#4579),
.UNSPECIFIED.,.F.,.F.,
(4,2,2,2,2,2,2,2,2,2,2,2,2,2,2,2,2,2,2,4),
(0.,0.0487237212651853,0.0981736656233699,0.148342807359633,0.199229687158828,0.2508337555621,
0.303154732837371,0.356192474150802,0.40994688471188,0.464417902747133,0.519605480395069,
0.575509593934119,0.632130213419863,0.689467326044534,0.747520911416846,0.80629096552456,
0.865777476015014,0.925980434063581,0.986899832576266,1.),
.UNSPECIFIED.);
#3002=VERTEX_POINT('',#4580);
#3003=B_SPLINE_CURVE_WITH_KNOTS('',3,
(#4581,#4582,#4583,#4584,#4585,#4586,#4587,#4588,#4589,#4590,#4591,#4592,#4593,#4594,
#4595,#4596,#4597,#4598,#4599,#4600,#4601,#4602,#4603,#4604,#4605,#4606,#4607,#4608,
#4609,#4610,#4611,#4612,#4613,#4614,#4615,#4616,#4617,#4618,#4619,#4620,#4621,#4622,
#4623,#4624,#4625,#4626,#4627,#4628,#4629,#4630),
.UNSPECIFIED.,.F.,.F.,
(4,2,2,2,2,2,2,2,2,2,2,2,2,2,2,2,2,2,2,2,2,2,2,2,4),
(0.,0.0236400655532356,0.0473376154778238,0.0711516104418457,0.095144047208538,0.119381681232294,
0.143937984187559,0.16889555521404,0.194348996169944,0.220408625230795,0.247205238182879,
0.274896363998916,0.303674668328381,0.333779431888642,0.36551246908876,0.399260708419711,
0.435528818595902,0.474987468162298,0.518546509643582,0.567469116661715,0.623555657604721,
0.689451016166482,0.76918090310709,0.86913688217768,1.),
.UNSPECIFIED.);
#3004=VERTEX_POINT('',#4631);
#3005=CIRCLE('',#4632,7.5);
#3006=VERTEX_POINT('',#4636);
#3007=B_SPLINE_CURVE_WITH_KNOTS('',3,
(#4637,#4638,#4639,#4640,#4641,#4642,#4643,#4644,#4645,#4646,#4647,#4648,#4649,#4650,
#4651,#4652,#4653,#4654,#4655,#4656,#4657,#4658,#4659,#4660,#4661,#4662,#4663,#4664,
#4665,#4666,#4667,#4668,#4669,#4670,#4671,#4672,#4673,#4674,#4675,#4676,#4677,#4678,
#4679,#4680,#4681,#4682,#4683,#4684,#4685,#4686),
.UNSPECIFIED.,.F.,.F.,
(4,2,2,2,2,2,2,2,2,2,2,2,2,2,2,2,2,2,2,2,2,2,2,2,4),
(0.,0.130863118543429,0.230819095884656,0.310548984753539,0.376444341121349,0.432530884750336,
0.481453491223972,0.525012532185253,0.564471180875359,0.600739292939449,0.63448753065453,
0.666220567673557,0.696325330105422,0.7251036351931,0.752794760977953,0.779591373049014,
0.805651006824409,0.831104447016546,0.856062015441617,0.880618319141536,0.904855951801957,
0.928848391153516,0.952662385515761,0.976359936641511,1.),
.UNSPECIFIED.);
#3008=VERTEX_POINT('',#4687);
#3009=B_SPLINE_CURVE_WITH_KNOTS('',3,
(#4688,#4689,#4690,#4691,#4692,#4693,#4694,#4695,#4696,#4697,#4698,#4699,#4700,#4701,
#4702,#4703,#4704,#4705,#4706,#4707,#4708,#4709,#4710,#4711,#4712,#4713,#4714,#4715,
#4716,#4717,#4718,#4719,#4720,#4721,#4722,#4723,#4724,#4725,#4726,#4727),
.UNSPECIFIED.,.F.,.F.,
(4,2,2,2,2,2,2,2,2,2,2,2,2,2,2,2,2,2,2,4),
(0.,0.0131001665168607,0.0740195700668413,0.134222526229287,0.19370903676519,0.252479090779724,
0.310532677696386,0.367869787715019,0.424490407868726,0.480394519155409,0.535582101447711,
0.590053116155076,0.643807526914576,0.696845267217115,0.749166246162094,0.800770312162004,
0.851657193312705,0.901826334483356,0.951276279066767,1.),
.UNSPECIFIED.);
#3010=VERTEX_POINT('',#4728);
#3011=CIRCLE('',#4729,12.);
#3012=VERTEX_POINT('',#4733);
#3013=B_SPLINE_CURVE_WITH_KNOTS('',3,
(#4734,#4735,#4736,#4737,#4738,#4739,#4740,#4741,#4742,#4743,#4744,#4745,#4746,#4747,
#4748,#4749,#4750,#4751,#4752,#4753,#4754,#4755,#4756,#4757,#4758,#4759,#4760,#4761,
#4762,#4763,#4764,#4765,#4766,#4767,#4768,#4769,#4770,#4771,#4772,#4773),
.UNSPECIFIED.,.F.,.F.,
(4,2,2,2,2,2,2,2,2,2,2,2,2,2,2,2,2,2,2,4),
(0.,0.0487237212651853,0.0981736656233699,0.148342807359633,0.199229687158828,0.2508337555621,
0.303154732837371,0.356192474150802,0.40994688471188,0.464417902747133,0.519605480395069,
0.575509593934119,0.632130213419863,0.689467326044534,0.747520911416846,0.80629096552456,
0.865777476015014,0.925980434063581,0.986899832576266,1.),
.UNSPECIFIED.);
#3014=VERTEX_POINT('',#4774);
#3015=B_SPLINE_CURVE_WITH_KNOTS('',3,
(#4775,#4776,#4777,#4778,#4779,#4780,#4781,#4782,#4783,#4784,#4785,#4786,#4787,#4788,
#4789,#4790,#4791,#4792,#4793,#4794,#4795,#4796,#4797,#4798,#4799,#4800,#4801,#4802,
#4803,#4804,#4805,#4806,#4807,#4808,#4809,#4810,#4811,#4812,#4813,#4814,#4815,#4816,
#4817,#4818,#4819,#4820,#4821,#4822,#4823,#4824),
.UNSPECIFIED.,.F.,.F.,
(4,2,2,2,2,2,2,2,2,2,2,2,2,2,2,2,2,2,2,2,2,2,2,2,4),
(0.,0.0236400655532356,0.0473376154778238,0.0711516104418457,0.095144047208538,0.119381681232294,
0.143937984187559,0.16889555521404,0.194348996169944,0.220408625230795,0.247205238182879,
0.274896363998916,0.303674668328381,0.333779431888642,0.36551246908876,0.399260708419711,
0.435528818595902,0.474987468162298,0.518546509643582,0.567469116661715,0.623555657604721,
0.689451016166482,0.76918090310709,0.86913688217768,1.),
.UNSPECIFIED.);
#3016=VERTEX_POINT('',#4825);
#3017=CIRCLE('',#4826,7.5);
#3018=VERTEX_POINT('',#4830);
#3019=B_SPLINE_CURVE_WITH_KNOTS('',3,
(#4831,#4832,#4833,#4834,#4835,#4836,#4837,#4838,#4839,#4840,#4841,#4842,#4843,#4844,
#4845,#4846,#4847,#4848,#4849,#4850,#4851,#4852,#4853,#4854,#4855,#4856,#4857,#4858,
#4859,#4860,#4861,#4862,#4863,#4864,#4865,#4866,#4867,#4868,#4869,#4870,#4871,#4872,
#4873,#4874,#4875,#4876,#4877,#4878,#4879,#4880),
.UNSPECIFIED.,.F.,.F.,
(4,2,2,2,2,2,2,2,2,2,2,2,2,2,2,2,2,2,2,2,2,2,2,2,4),
(0.,0.130863118543429,0.230819095884656,0.310548984753539,0.376444341121349,0.432530884750336,
0.481453491223972,0.525012532185253,0.564471180875359,0.600739292939449,0.63448753065453,
0.666220567673557,0.696325330105422,0.7251036351931,0.752794760977953,0.779591373049014,
0.805651006824409,0.831104447016546,0.856062015441617,0.880618319141536,0.904855951801957,
0.928848391153516,0.952662385515761,0.976359936641511,1.),
.UNSPECIFIED.);
#3020=VERTEX_POINT('',#4881);
#3021=B_SPLINE_CURVE_WITH_KNOTS('',3,
(#4882,#4883,#4884,#4885,#4886,#4887,#4888,#4889,#4890,#4891,#4892,#4893,#4894,#4895,
#4896,#4897,#4898,#4899,#4900,#4901,#4902,#4903,#4904,#4905,#4906,#4907,#4908,#4909,
#4910,#4911,#4912,#4913,#4914,#4915,#4916,#4917,#4918,#4919,#4920,#4921),
.UNSPECIFIED.,.F.,.F.,
(4,2,2,2,2,2,2,2,2,2,2,2,2,2,2,2,2,2,2,4),
(0.,0.01310016651686,0.0740195700668406,0.134222526229287,0.193709036765189,0.252479090779724,
0.310532677696385,0.367869787715019,0.424490407868725,0.480394519155409,0.53558210144771,
0.590053116155076,0.643807526914575,0.696845267217114,0.749166246162093,0.800770312162004,
0.851657193312705,0.901826334483356,0.951276279066767,1.),
.UNSPECIFIED.);
#3022=VERTEX_POINT('',#4922);
#3023=CIRCLE('',#4923,12.);
#3024=VERTEX_POINT('',#4927);
#3025=B_SPLINE_CURVE_WITH_KNOTS('',3,
(#4928,#4929,#4930,#4931,#4932,#4933,#4934,#4935,#4936,#4937,#4938,#4939,#4940,#4941,
#4942,#4943,#4944,#4945,#4946,#4947,#4948,#4949,#4950,#4951,#4952,#4953,#4954,#4955,
#4956,#4957,#4958,#4959,#4960,#4961,#4962,#4963,#4964,#4965,#4966,#4967),
.UNSPECIFIED.,.F.,.F.,
(4,2,2,2,2,2,2,2,2,2,2,2,2,2,2,2,2,2,2,4),
(0.,0.0487237212651853,0.09817366562337,0.148342807359633,0.199229687158828,0.2508337555621,
0.303154732837371,0.356192474150802,0.40994688471188,0.464417902747133,0.519605480395069,
0.575509593934119,0.632130213419863,0.689467326044534,0.747520911416846,0.806290965524561,
0.865777476015014,0.925980434063581,0.986899832576266,1.),
.UNSPECIFIED.);
#3026=VERTEX_POINT('',#4968);
#3027=B_SPLINE_CURVE_WITH_KNOTS('',3,
(#4969,#4970,#4971,#4972,#4973,#4974,#4975,#4976,#4977,#4978,#4979,#4980,#4981,#4982,
#4983,#4984,#4985,#4986,#4987,#4988,#4989,#4990,#4991,#4992,#4993,#4994,#4995,#4996,
#4997,#4998,#4999,#5000,#5001,#5002,#5003,#5004,#5005,#5006,#5007,#5008,#5009,#5010,
#5011,#5012,#5013,#5014,#5015,#5016,#5017,#5018),
.UNSPECIFIED.,.F.,.F.,
(4,2,2,2,2,2,2,2,2,2,2,2,2,2,2,2,2,2,2,2,2,2,2,2,4),
(0.,0.0236400655532356,0.0473376154778238,0.0711516104418457,0.095144047208538,0.119381681232294,
0.143937984187559,0.16889555521404,0.194348996169944,0.220408625230795,0.247205238182879,
0.274896363998916,0.303674668328381,0.333779431888642,0.36551246908876,0.399260708419711,
0.435528818595902,0.474987468162298,0.518546509643582,0.567469116661715,0.623555657604721,
0.689451016166482,0.76918090310709,0.86913688217768,1.),
.UNSPECIFIED.);
#3028=VERTEX_POINT('',#5019);
#3029=CIRCLE('',#5020,7.5);
#3030=VERTEX_POINT('',#5024);
#3031=B_SPLINE_CURVE_WITH_KNOTS('',3,
(#5025,#5026,#5027,#5028,#5029,#5030,#5031,#5032,#5033,#5034,#5035,#5036,#5037,#5038,
#5039,#5040,#5041,#5042,#5043,#5044,#5045,#5046,#5047,#5048,#5049,#5050,#5051,#5052,
#5053,#5054,#5055,#5056,#5057,#5058,#5059,#5060,#5061,#5062,#5063,#5064,#5065,#5066,
#5067,#5068,#5069,#5070,#5071,#5072,#5073,#5074),
.UNSPECIFIED.,.F.,.F.,
(4,2,2,2,2,2,2,2,2,2,2,2,2,2,2,2,2,2,2,2,2,2,2,2,4),
(0.,0.130863118543429,0.230819095884656,0.310548984753539,0.376444341121349,0.432530884750336,
0.481453491223972,0.525012532185253,0.564471180875359,0.600739292939449,0.63448753065453,
0.666220567673557,0.696325330105422,0.7251036351931,0.752794760977953,0.779591373049014,
0.805651006824409,0.831104447016546,0.856062015441617,0.880618319141536,0.904855951801957,
0.928848391153516,0.952662385515761,0.976359936641511,1.),
.UNSPECIFIED.);
#3032=VERTEX_POINT('',#5075);
#3033=B_SPLINE_CURVE_WITH_KNOTS('',3,
(#5076,#5077,#5078,#5079,#5080,#5081,#5082,#5083,#5084,#5085,#5086,#5087,#5088,#5089,
#5090,#5091,#5092,#5093,#5094,#5095,#5096,#5097,#5098,#5099,#5100,#5101,#5102,#5103,
#5104,#5105,#5106,#5107,#5108,#5109,#5110,#5111,#5112,#5113,#5114,#5115),
.UNSPECIFIED.,.F.,.F.,
(4,2,2,2,2,2,2,2,2,2,2,2,2,2,2,2,2,2,2,4),
(0.,0.0131001665168598,0.0740195700668404,0.134222526229287,0.193709036765189,0.252479090779724,
0.310532677696385,0.367869787715018,0.424490407868725,0.480394519155409,0.53558210144771,
0.590053116155076,0.643807526914575,0.696845267217114,0.749166246162093,0.800770312162004,
0.851657193312705,0.901826334483356,0.951276279066767,1.),
.UNSPECIFIED.);
#3034=VERTEX_POINT('',#5116);
#3035=CIRCLE('',#5117,12.);
#3036=B_SPLINE_CURVE_WITH_KNOTS('',3,
(#5121,#5122,#5123,#5124,#5125,#5126,#5127,#5128,#5129,#5130,#5131,#5132,#5133,#5134,
#5135,#5136,#5137,#5138,#5139,#5140,#5141,#5142,#5143,#5144,#5145,#5146,#5147,#5148,
#5149,#5150,#5151,#5152,#5153,#5154,#5155,#5156,#5157,#5158,#5159,#5160),
.UNSPECIFIED.,.F.,.F.,
(4,2,2,2,2,2,2,2,2,2,2,2,2,2,2,2,2,2,2,4),
(0.,0.0487237212651853,0.0981736656233699,0.148342807359633,0.199229687158828,0.2508337555621,
0.303154732837371,0.356192474150802,0.40994688471188,0.464417902747132,0.519605480395069,
0.575509593934119,0.632130213419862,0.689467326044534,0.747520911416846,0.80629096552456,
0.865777476015014,0.92598043406358,0.986899832576266,1.),
.UNSPECIFIED.);
#3037=VERTEX_POINT('',#5161);
#3038=CIRCLE('',#5162,4.);
#3039=VERTEX_POINT('',#5166);
#3040=VERTEX_POINT('',#5167);
#3041=B_SPLINE_CURVE_WITH_KNOTS('',3,
(#5168,#5169,#5170,#5171,#5172,#5173,#5174,#5175,#5176,#5177,#5178,#5179,#5180,#5181,
#5182,#5183,#5184,#5185,#5186,#5187,#5188,#5189,#5190,#5191,#5192,#5193,#5194,#5195,
#5196,#5197,#5198,#5199,#5200,#5201,#5202,#5203,#5204,#5205,#5206,#5207,#5208,#5209,
#5210,#5211,#5212,#5213,#5214,#5215,#5216,#5217),
.UNSPECIFIED.,.F.,.F.,
(4,2,2,2,2,2,2,2,2,2,2,2,2,2,2,2,2,2,2,2,2,2,2,2,4),
(0.,0.0236400655532356,0.0473376154778238,0.0711516104418457,0.095144047208538,0.119381681232294,
0.143937984187559,0.16889555521404,0.194348996169944,0.220408625230795,0.247205238182879,
0.274896363998916,0.303674668328381,0.333779431888642,0.36551246908876,0.399260708419711,
0.435528818595902,0.474987468162298,0.518546509643582,0.567469116661715,0.623555657604721,
0.689451016166482,0.76918090310709,0.86913688217768,1.),
.UNSPECIFIED.);
#3042=VERTEX_POINT('',#5218);
#3043=B_SPLINE_CURVE_WITH_KNOTS('',3,
(#5219,#5220,#5221,#5222,#5223,#5224,#5225,#5226,#5227,#5228,#5229,#5230,#5231,#5232,
#5233,#5234,#5235,#5236,#5237,#5238,#5239,#5240,#5241,#5242,#5243,#5244,#5245,#5246,
#5247,#5248,#5249,#5250,#5251,#5252,#5253,#5254,#5255,#5256,#5257,#5258),
.UNSPECIFIED.,.F.,.F.,
(4,2,2,2,2,2,2,2,2,2,2,2,2,2,2,2,2,2,2,4),
(0.,0.0487237212668632,0.0981736656267508,0.148342807364742,0.199229687165689,0.250833755570738,
0.303154732847811,0.356192474163068,0.409946884725997,0.464417902763126,0.519605480412963,
0.575509593953938,0.632130213441632,0.689467326068278,0.747520911442589,0.806290965552327,
0.86577747604483,0.925980434095469,0.986899832610253,1.),
.UNSPECIFIED.);
#3044=VERTEX_POINT('',#5259);
#3045=CIRCLE('',#5260,12.);
#3046=VERTEX_POINT('',#5264);
#3047=B_SPLINE_CURVE_WITH_KNOTS('',3,
(#5265,#5266,#5267,#5268,#5269,#5270,#5271,#5272,#5273,#5274,#5275,#5276,#5277,#5278,
#5279,#5280,#5281,#5282,#5283,#5284,#5285,#5286,#5287,#5288,#5289,#5290,#5291,#5292,
#5293,#5294,#5295,#5296,#5297,#5298,#5299,#5300,#5301,#5302,#5303,#5304),
.UNSPECIFIED.,.F.,.F.,
(4,2,2,2,2,2,2,2,2,2,2,2,2,2,2,2,2,2,2,4),
(0.,0.0131001665168051,0.0740195700667891,0.134222526229239,0.193709036765144,0.252479090779682,
0.310532677696347,0.367869787714983,0.424490407868693,0.48039451915538,0.535582101447685,
0.590053116155053,0.643807526914556,0.696845267217098,0.749166246162079,0.800770312161993,
0.851657193312697,0.901826334483351,0.951276279066765,1.),
.UNSPECIFIED.);
#3048=VERTEX_POINT('',#5305);
#3049=B_SPLINE_CURVE_WITH_KNOTS('',3,
(#5306,#5307,#5308,#5309,#5310,#5311,#5312,#5313,#5314,#5315,#5316,#5317,#5318,#5319,
#5320,#5321,#5322,#5323,#5324,#5325,#5326,#5327,#5328,#5329,#5330,#5331,#5332,#5333,
#5334,#5335,#5336,#5337,#5338,#5339,#5340,#5341,#5342,#5343,#5344,#5345,#5346,#5347,
#5348,#5349,#5350,#5351,#5352,#5353,#5354,#5355),
.UNSPECIFIED.,.F.,.F.,
(4,2,2,2,2,2,2,2,2,2,2,2,2,2,2,2,2,2,2,2,2,2,2,2,4),
(0.,0.130863118543429,0.230819095884656,0.310548984753539,0.376444341121349,0.432530884750336,
0.481453491223972,0.525012532185253,0.564471180875359,0.600739292939449,0.63448753065453,
0.666220567673557,0.696325330105422,0.7251036351931,0.752794760977953,0.779591373049014,
0.805651006824409,0.831104447016546,0.856062015441617,0.880618319141536,0.904855951801957,
0.928848391153516,0.952662385515761,0.976359936641511,1.),
.UNSPECIFIED.);
#3050=VERTEX_POINT('',#5356);
#3051=CIRCLE('',#5357,7.5);
#3052=VERTEX_POINT('',#5361);
#3053=B_SPLINE_CURVE_WITH_KNOTS('',3,
(#5362,#5363,#5364,#5365,#5366,#5367,#5368,#5369,#5370,#5371,#5372,#5373,#5374,#5375,
#5376,#5377,#5378,#5379,#5380,#5381,#5382,#5383,#5384,#5385,#5386,#5387,#5388,#5389,
#5390,#5391,#5392,#5393,#5394,#5395,#5396,#5397,#5398,#5399,#5400,#5401,#5402,#5403,
#5404,#5405,#5406,#5407,#5408,#5409,#5410,#5411),
.UNSPECIFIED.,.F.,.F.,
(4,2,2,2,2,2,2,2,2,2,2,2,2,2,2,2,2,2,2,2,2,2,2,2,4),
(0.,0.0236400655532356,0.0473376154778238,0.0711516104418457,0.095144047208538,0.119381681232294,
0.143937984187559,0.16889555521404,0.194348996169944,0.220408625230795,0.247205238182879,
0.274896363998916,0.303674668328381,0.333779431888642,0.36551246908876,0.399260708419711,
0.435528818595902,0.474987468162298,0.518546509643582,0.567469116661715,0.623555657604721,
0.689451016166482,0.76918090310709,0.86913688217768,1.),
.UNSPECIFIED.);
#3054=VERTEX_POINT('',#5412);
#3055=B_SPLINE_CURVE_WITH_KNOTS('',3,
(#5413,#5414,#5415,#5416,#5417,#5418,#5419,#5420,#5421,#5422,#5423,#5424,#5425,#5426,
#5427,#5428,#5429,#5430,#5431,#5432,#5433,#5434,#5435,#5436,#5437,#5438,#5439,#5440,
#5441,#5442,#5443,#5444,#5445,#5446,#5447,#5448,#5449,#5450,#5451,#5452),
.UNSPECIFIED.,.F.,.F.,
(4,2,2,2,2,2,2,2,2,2,2,2,2,2,2,2,2,2,2,4),
(0.,0.0487237212668632,0.0981736656267507,0.148342807364742,0.199229687165688,0.250833755570738,
0.30315473284781,0.356192474163068,0.409946884725997,0.464417902763125,0.519605480412962,
0.575509593953937,0.632130213441631,0.689467326068277,0.747520911442588,0.806290965552326,
0.865777476044828,0.925980434095468,0.986899832610251,1.),
.UNSPECIFIED.);
#3056=VERTEX_POINT('',#5453);
#3057=CIRCLE('',#5454,12.);
#3058=VERTEX_POINT('',#5458);
#3059=B_SPLINE_CURVE_WITH_KNOTS('',3,
(#5459,#5460,#5461,#5462,#5463,#5464,#5465,#5466,#5467,#5468,#5469,#5470,#5471,#5472,
#5473,#5474,#5475,#5476,#5477,#5478,#5479,#5480,#5481,#5482,#5483,#5484,#5485,#5486,
#5487,#5488,#5489,#5490,#5491,#5492,#5493,#5494,#5495,#5496,#5497,#5498),
.UNSPECIFIED.,.F.,.F.,
(4,2,2,2,2,2,2,2,2,2,2,2,2,2,2,2,2,2,2,4),
(0.,0.013100166516805,0.074019570066789,0.134222526229238,0.193709036765144,0.252479090779682,
0.310532677696347,0.367869787714983,0.424490407868693,0.48039451915538,0.535582101447685,
0.590053116155053,0.643807526914555,0.696845267217098,0.749166246162079,0.800770312161993,
0.851657193312697,0.901826334483351,0.951276279066765,1.),
.UNSPECIFIED.);
#3060=VERTEX_POINT('',#5499);
#3061=B_SPLINE_CURVE_WITH_KNOTS('',3,
(#5500,#5501,#5502,#5503,#5504,#5505,#5506,#5507,#5508,#5509,#5510,#5511,#5512,#5513,
#5514,#5515,#5516,#5517,#5518,#5519,#5520,#5521,#5522,#5523,#5524,#5525,#5526,#5527,
#5528,#5529,#5530,#5531,#5532,#5533,#5534,#5535,#5536,#5537,#5538,#5539,#5540,#5541,
#5542,#5543,#5544,#5545,#5546,#5547,#5548,#5549),
.UNSPECIFIED.,.F.,.F.,
(4,2,2,2,2,2,2,2,2,2,2,2,2,2,2,2,2,2,2,2,2,2,2,2,4),
(0.,0.130863118543429,0.230819095884656,0.310548984753539,0.376444341121349,0.432530884750336,
0.481453491223972,0.525012532185253,0.564471180875359,0.600739292939449,0.63448753065453,
0.666220567673557,0.696325330105422,0.7251036351931,0.752794760977953,0.779591373049014,
0.805651006824409,0.831104447016546,0.856062015441617,0.880618319141536,0.904855951801957,
0.928848391153516,0.952662385515761,0.976359936641511,1.),
.UNSPECIFIED.);
#3062=VERTEX_POINT('',#5550);
#3063=CIRCLE('',#5551,7.5);
#3064=VERTEX_POINT('',#5555);
#3065=B_SPLINE_CURVE_WITH_KNOTS('',3,
(#5556,#5557,#5558,#5559,#5560,#5561,#5562,#5563,#5564,#5565,#5566,#5567,#5568,#5569,
#5570,#5571,#5572,#5573,#5574,#5575,#5576,#5577,#5578,#5579,#5580,#5581,#5582,#5583,
#5584,#5585,#5586,#5587,#5588,#5589,#5590,#5591,#5592,#5593,#5594,#5595,#5596,#5597,
#5598,#5599,#5600,#5601,#5602,#5603,#5604,#5605),
.UNSPECIFIED.,.F.,.F.,
(4,2,2,2,2,2,2,2,2,2,2,2,2,2,2,2,2,2,2,2,2,2,2,2,4),
(0.,0.0236400655532356,0.0473376154778238,0.0711516104418457,0.095144047208538,0.119381681232294,
0.143937984187559,0.16889555521404,0.194348996169944,0.220408625230795,0.247205238182879,
0.274896363998916,0.303674668328381,0.333779431888642,0.36551246908876,0.399260708419711,
0.435528818595902,0.474987468162298,0.518546509643582,0.567469116661715,0.623555657604721,
0.689451016166482,0.76918090310709,0.86913688217768,1.),
.UNSPECIFIED.);
#3066=VERTEX_POINT('',#5606);
#3067=B_SPLINE_CURVE_WITH_KNOTS('',3,
(#5607,#5608,#5609,#5610,#5611,#5612,#5613,#5614,#5615,#5616,#5617,#5618,#5619,#5620,
#5621,#5622,#5623,#5624,#5625,#5626,#5627,#5628,#5629,#5630,#5631,#5632,#5633,#5634,
#5635,#5636,#5637,#5638,#5639,#5640,#5641,#5642,#5643,#5644,#5645,#5646),
.UNSPECIFIED.,.F.,.F.,
(4,2,2,2,2,2,2,2,2,2,2,2,2,2,2,2,2,2,2,4),
(0.,0.0487237212668632,0.0981736656267509,0.148342807364742,0.199229687165689,0.250833755570738,
0.303154732847811,0.356192474163069,0.409946884725998,0.464417902763126,0.519605480412963,
0.575509593953938,0.632130213441632,0.689467326068278,0.747520911442589,0.806290965552327,
0.86577747604483,0.92598043409547,0.986899832610253,1.),
.UNSPECIFIED.);
#3068=VERTEX_POINT('',#5647);
#3069=CIRCLE('',#5648,12.);
#3070=VERTEX_POINT('',#5652);
#3071=B_SPLINE_CURVE_WITH_KNOTS('',3,
(#5653,#5654,#5655,#5656,#5657,#5658,#5659,#5660,#5661,#5662,#5663,#5664,#5665,#5666,
#5667,#5668,#5669,#5670,#5671,#5672,#5673,#5674,#5675,#5676,#5677,#5678,#5679,#5680,
#5681,#5682,#5683,#5684,#5685,#5686,#5687,#5688,#5689,#5690,#5691,#5692),
.UNSPECIFIED.,.F.,.F.,
(4,2,2,2,2,2,2,2,2,2,2,2,2,2,2,2,2,2,2,4),
(0.,0.0131001665168038,0.0740195700667879,0.134222526229237,0.193709036765143,0.252479090779681,
0.310532677696346,0.367869787714983,0.424490407868693,0.480394519155379,0.535582101447684,
0.590053116155052,0.643807526914555,0.696845267217097,0.749166246162079,0.800770312161993,
0.851657193312697,0.90182633448335,0.951276279066765,1.),
.UNSPECIFIED.);
#3072=VERTEX_POINT('',#5693);
#3073=B_SPLINE_CURVE_WITH_KNOTS('',3,
(#5694,#5695,#5696,#5697,#5698,#5699,#5700,#5701,#5702,#5703,#5704,#5705,#5706,#5707,
#5708,#5709,#5710,#5711,#5712,#5713,#5714,#5715,#5716,#5717,#5718,#5719,#5720,#5721,
#5722,#5723,#5724,#5725,#5726,#5727,#5728,#5729,#5730,#5731,#5732,#5733,#5734,#5735,
#5736,#5737,#5738,#5739,#5740,#5741,#5742,#5743),
.UNSPECIFIED.,.F.,.F.,
(4,2,2,2,2,2,2,2,2,2,2,2,2,2,2,2,2,2,2,2,2,2,2,2,4),
(0.,0.130863118543429,0.230819095884656,0.310548984753539,0.376444341121349,0.432530884750336,
0.481453491223972,0.525012532185253,0.564471180875359,0.600739292939449,0.63448753065453,
0.666220567673557,0.696325330105422,0.7251036351931,0.752794760977953,0.779591373049014,
0.805651006824409,0.831104447016546,0.856062015441617,0.880618319141536,0.904855951801957,
0.928848391153516,0.952662385515761,0.976359936641511,1.),
.UNSPECIFIED.);
#3074=VERTEX_POINT('',#5744);
#3075=CIRCLE('',#5745,7.5);
#3076=VERTEX_POINT('',#5749);
#3077=B_SPLINE_CURVE_WITH_KNOTS('',3,
(#5750,#5751,#5752,#5753,#5754,#5755,#5756,#5757,#5758,#5759,#5760,#5761,#5762,#5763,
#5764,#5765,#5766,#5767,#5768,#5769,#5770,#5771,#5772,#5773,#5774,#5775,#5776,#5777,
#5778,#5779,#5780,#5781,#5782,#5783,#5784,#5785,#5786,#5787,#5788,#5789,#5790,#5791,
#5792,#5793,#5794,#5795,#5796,#5797,#5798,#5799),
.UNSPECIFIED.,.F.,.F.,
(4,2,2,2,2,2,2,2,2,2,2,2,2,2,2,2,2,2,2,2,2,2,2,2,4),
(0.,0.0236400655532356,0.0473376154778238,0.0711516104418457,0.095144047208538,0.119381681232294,
0.143937984187559,0.16889555521404,0.194348996169944,0.220408625230795,0.247205238182879,
0.274896363998916,0.303674668328381,0.333779431888642,0.36551246908876,0.399260708419711,
0.435528818595902,0.474987468162298,0.518546509643582,0.567469116661715,0.623555657604721,
0.689451016166482,0.76918090310709,0.86913688217768,1.),
.UNSPECIFIED.);
#3078=VERTEX_POINT('',#5800);
#3079=B_SPLINE_CURVE_WITH_KNOTS('',3,
(#5801,#5802,#5803,#5804,#5805,#5806,#5807,#5808,#5809,#5810,#5811,#5812,#5813,#5814,
#5815,#5816,#5817,#5818,#5819,#5820,#5821,#5822,#5823,#5824,#5825,#5826,#5827,#5828,
#5829,#5830,#5831,#5832,#5833,#5834,#5835,#5836,#5837,#5838,#5839,#5840),
.UNSPECIFIED.,.F.,.F.,
(4,2,2,2,2,2,2,2,2,2,2,2,2,2,2,2,2,2,2,4),
(0.,0.0487237212668632,0.0981736656267507,0.148342807364742,0.199229687165689,0.250833755570738,
0.303154732847811,0.356192474163068,0.409946884725997,0.464417902763126,0.519605480412963,
0.575509593953938,0.632130213441632,0.689467326068278,0.747520911442589,0.806290965552327,
0.865777476044829,0.925980434095469,0.986899832610252,1.),
.UNSPECIFIED.);
#3080=VERTEX_POINT('',#5841);
#3081=CIRCLE('',#5842,12.);
#3082=VERTEX_POINT('',#5846);
#3083=B_SPLINE_CURVE_WITH_KNOTS('',3,
(#5847,#5848,#5849,#5850,#5851,#5852,#5853,#5854,#5855,#5856,#5857,#5858,#5859,#5860,
#5861,#5862,#5863,#5864,#5865,#5866,#5867,#5868,#5869,#5870,#5871,#5872,#5873,#5874,
#5875,#5876,#5877,#5878,#5879,#5880,#5881,#5882,#5883,#5884,#5885,#5886),
.UNSPECIFIED.,.F.,.F.,
(4,2,2,2,2,2,2,2,2,2,2,2,2,2,2,2,2,2,2,4),
(0.,0.0131001665168045,0.0740195700667885,0.134222526229238,0.193709036765144,0.252479090779682,
0.310532677696346,0.367869787714983,0.424490407868693,0.48039451915538,0.535582101447684,
0.590053116155053,0.643807526914555,0.696845267217097,0.749166246162079,0.800770312161993,
0.851657193312697,0.90182633448335,0.951276279066764,1.),
.UNSPECIFIED.);
#3084=VERTEX_POINT('',#5887);
#3085=B_SPLINE_CURVE_WITH_KNOTS('',3,
(#5888,#5889,#5890,#5891,#5892,#5893,#5894,#5895,#5896,#5897,#5898,#5899,#5900,#5901,
#5902,#5903,#5904,#5905,#5906,#5907,#5908,#5909,#5910,#5911,#5912,#5913,#5914,#5915,
#5916,#5917,#5918,#5919,#5920,#5921,#5922,#5923,#5924,#5925,#5926,#5927,#5928,#5929,
#5930,#5931,#5932,#5933,#5934,#5935,#5936,#5937),
.UNSPECIFIED.,.F.,.F.,
(4,2,2,2,2,2,2,2,2,2,2,2,2,2,2,2,2,2,2,2,2,2,2,2,4),
(0.,0.130863118543429,0.230819095884656,0.310548984753539,0.376444341121349,0.432530884750336,
0.481453491223972,0.525012532185253,0.564471180875359,0.600739292939449,0.63448753065453,
0.666220567673557,0.696325330105422,0.7251036351931,0.752794760977953,0.779591373049014,
0.805651006824409,0.831104447016546,0.856062015441617,0.880618319141536,0.904855951801957,
0.928848391153516,0.952662385515761,0.976359936641511,1.),
.UNSPECIFIED.);
#3086=VERTEX_POINT('',#5938);
#3087=CIRCLE('',#5939,7.5);
#3088=VERTEX_POINT('',#5943);
#3089=B_SPLINE_CURVE_WITH_KNOTS('',3,
(#5944,#5945,#5946,#5947,#5948,#5949,#5950,#5951,#5952,#5953,#5954,#5955,#5956,#5957,
#5958,#5959,#5960,#5961,#5962,#5963,#5964,#5965,#5966,#5967,#5968,#5969,#5970,#5971,
#5972,#5973,#5974,#5975,#5976,#5977,#5978,#5979,#5980,#5981,#5982,#5983,#5984,#5985,
#5986,#5987,#5988,#5989,#5990,#5991,#5992,#5993),
.UNSPECIFIED.,.F.,.F.,
(4,2,2,2,2,2,2,2,2,2,2,2,2,2,2,2,2,2,2,2,2,2,2,2,4),
(0.,0.0236400655532356,0.0473376154778238,0.0711516104418457,0.095144047208538,0.119381681232294,
0.143937984187559,0.16889555521404,0.194348996169944,0.220408625230795,0.247205238182879,
0.274896363998916,0.303674668328381,0.333779431888642,0.36551246908876,0.399260708419711,
0.435528818595902,0.474987468162298,0.518546509643582,0.567469116661715,0.623555657604721,
0.689451016166482,0.76918090310709,0.86913688217768,1.),
.UNSPECIFIED.);
#3090=VERTEX_POINT('',#5994);
#3091=B_SPLINE_CURVE_WITH_KNOTS('',3,
(#5995,#5996,#5997,#5998,#5999,#6000,#6001,#6002,#6003,#6004,#6005,#6006,#6007,#6008,
#6009,#6010,#6011,#6012,#6013,#6014,#6015,#6016,#6017,#6018,#6019,#6020,#6021,#6022,
#6023,#6024,#6025,#6026,#6027,#6028,#6029,#6030,#6031,#6032,#6033,#6034),
.UNSPECIFIED.,.F.,.F.,
(4,2,2,2,2,2,2,2,2,2,2,2,2,2,2,2,2,2,2,4),
(0.,0.0487237212668631,0.0981736656267506,0.148342807364741,0.199229687165688,0.250833755570737,
0.30315473284781,0.356192474163067,0.409946884725996,0.464417902763125,0.519605480412962,
0.575509593953937,0.63213021344163,0.689467326068276,0.747520911442587,0.806290965552325,
0.865777476044827,0.925980434095467,0.98689983261025,1.),
.UNSPECIFIED.);
#3092=VERTEX_POINT('',#6035);
#3093=CIRCLE('',#6036,12.);
#3094=VERTEX_POINT('',#6040);
#3095=B_SPLINE_CURVE_WITH_KNOTS('',3,
(#6041,#6042,#6043,#6044,#6045,#6046,#6047,#6048,#6049,#6050,#6051,#6052,#6053,#6054,
#6055,#6056,#6057,#6058,#6059,#6060,#6061,#6062,#6063,#6064,#6065,#6066,#6067,#6068,
#6069,#6070,#6071,#6072,#6073,#6074,#6075,#6076,#6077,#6078,#6079,#6080),
.UNSPECIFIED.,.F.,.F.,
(4,2,2,2,2,2,2,2,2,2,2,2,2,2,2,2,2,2,2,4),
(0.,0.0131001665168049,0.0740195700667889,0.134222526229238,0.193709036765144,0.252479090779682,
0.310532677696347,0.367869787714983,0.424490407868693,0.48039451915538,0.535582101447684,
0.590053116155053,0.643807526914555,0.696845267217097,0.749166246162079,0.800770312161993,
0.851657193312697,0.90182633448335,0.951276279066765,1.),
.UNSPECIFIED.);
#3096=VERTEX_POINT('',#6081);
#3097=B_SPLINE_CURVE_WITH_KNOTS('',3,
(#6082,#6083,#6084,#6085,#6086,#6087,#6088,#6089,#6090,#6091,#6092,#6093,#6094,#6095,
#6096,#6097,#6098,#6099,#6100,#6101,#6102,#6103,#6104,#6105,#6106,#6107,#6108,#6109,
#6110,#6111,#6112,#6113,#6114,#6115,#6116,#6117,#6118,#6119,#6120,#6121,#6122,#6123,
#6124,#6125,#6126,#6127,#6128,#6129,#6130,#6131),
.UNSPECIFIED.,.F.,.F.,
(4,2,2,2,2,2,2,2,2,2,2,2,2,2,2,2,2,2,2,2,2,2,2,2,4),
(0.,0.130863118543429,0.230819095884656,0.310548984753539,0.376444341121349,0.432530884750336,
0.481453491223972,0.525012532185253,0.564471180875359,0.600739292939449,0.63448753065453,
0.666220567673557,0.696325330105422,0.7251036351931,0.752794760977953,0.779591373049014,
0.805651006824409,0.831104447016546,0.856062015441617,0.880618319141536,0.904855951801957,
0.928848391153516,0.952662385515761,0.976359936641511,1.),
.UNSPECIFIED.);
#3098=VERTEX_POINT('',#6132);
#3099=CIRCLE('',#6133,7.5);
#3100=VERTEX_POINT('',#6137);
#3101=B_SPLINE_CURVE_WITH_KNOTS('',3,
(#6138,#6139,#6140,#6141,#6142,#6143,#6144,#6145,#6146,#6147,#6148,#6149,#6150,#6151,
#6152,#6153,#6154,#6155,#6156,#6157,#6158,#6159,#6160,#6161,#6162,#6163,#6164,#6165,
#6166,#6167,#6168,#6169,#6170,#6171,#6172,#6173,#6174,#6175,#6176,#6177,#6178,#6179,
#6180,#6181,#6182,#6183,#6184,#6185,#6186,#6187),
.UNSPECIFIED.,.F.,.F.,
(4,2,2,2,2,2,2,2,2,2,2,2,2,2,2,2,2,2,2,2,2,2,2,2,4),
(0.,0.0236400655532356,0.0473376154778238,0.0711516104418457,0.095144047208538,0.119381681232294,
0.143937984187559,0.16889555521404,0.194348996169944,0.220408625230795,0.247205238182879,
0.274896363998916,0.303674668328381,0.333779431888642,0.36551246908876,0.399260708419711,
0.435528818595902,0.474987468162298,0.518546509643582,0.567469116661715,0.623555657604721,
0.689451016166482,0.76918090310709,0.86913688217768,1.),
.UNSPECIFIED.);
#3102=VERTEX_POINT('',#6188);
#3103=B_SPLINE_CURVE_WITH_KNOTS('',3,
(#6189,#6190,#6191,#6192,#6193,#6194,#6195,#6196,#6197,#6198,#6199,#6200,#6201,#6202,
#6203,#6204,#6205,#6206,#6207,#6208,#6209,#6210,#6211,#6212,#6213,#6214,#6215,#6216,
#6217,#6218,#6219,#6220,#6221,#6222,#6223,#6224,#6225,#6226,#6227,#6228),
.UNSPECIFIED.,.F.,.F.,
(4,2,2,2,2,2,2,2,2,2,2,2,2,2,2,2,2,2,2,4),
(0.,0.0487237212668631,0.0981736656267505,0.148342807364741,0.199229687165688,0.250833755570737,
0.30315473284781,0.356192474163067,0.409946884725996,0.464417902763125,0.519605480412961,
0.575509593953936,0.63213021344163,0.689467326068276,0.747520911442587,0.806290965552325,
0.865777476044827,0.925980434095467,0.98689983261025,1.),
.UNSPECIFIED.);
#3104=VERTEX_POINT('',#6229);
#3105=CIRCLE('',#6230,12.);
#3106=VERTEX_POINT('',#6234);
#3107=B_SPLINE_CURVE_WITH_KNOTS('',3,
(#6235,#6236,#6237,#6238,#6239,#6240,#6241,#6242,#6243,#6244,#6245,#6246,#6247,#6248,
#6249,#6250,#6251,#6252,#6253,#6254,#6255,#6256,#6257,#6258,#6259,#6260,#6261,#6262,
#6263,#6264,#6265,#6266,#6267,#6268,#6269,#6270,#6271,#6272,#6273,#6274),
.UNSPECIFIED.,.F.,.F.,
(4,2,2,2,2,2,2,2,2,2,2,2,2,2,2,2,2,2,2,4),
(0.,0.0131001665168058,0.0740195700667898,0.134222526229239,0.193709036765145,0.252479090779683,
0.310532677696347,0.367869787714984,0.424490407868694,0.480394519155381,0.535582101447685,
0.590053116155053,0.643807526914556,0.696845267217098,0.74916624616208,0.800770312161993,
0.851657193312697,0.901826334483351,0.951276279066765,1.),
.UNSPECIFIED.);
#3108=VERTEX_POINT('',#6275);
#3109=B_SPLINE_CURVE_WITH_KNOTS('',3,
(#6276,#6277,#6278,#6279,#6280,#6281,#6282,#6283,#6284,#6285,#6286,#6287,#6288,#6289,
#6290,#6291,#6292,#6293,#6294,#6295,#6296,#6297,#6298,#6299,#6300,#6301,#6302,#6303,
#6304,#6305,#6306,#6307,#6308,#6309,#6310,#6311,#6312,#6313,#6314,#6315,#6316,#6317,
#6318,#6319,#6320,#6321,#6322,#6323,#6324,#6325),
.UNSPECIFIED.,.F.,.F.,
(4,2,2,2,2,2,2,2,2,2,2,2,2,2,2,2,2,2,2,2,2,2,2,2,4),
(0.,0.130863118543429,0.230819095884656,0.310548984753539,0.376444341121349,0.432530884750336,
0.481453491223972,0.525012532185253,0.564471180875359,0.600739292939449,0.63448753065453,
0.666220567673557,0.696325330105422,0.7251036351931,0.752794760977953,0.779591373049014,
0.805651006824409,0.831104447016546,0.856062015441617,0.880618319141536,0.904855951801957,
0.928848391153516,0.952662385515761,0.976359936641511,1.),
.UNSPECIFIED.);
#3110=VERTEX_POINT('',#6326);
#3111=CIRCLE('',#6327,7.5);
#3112=VERTEX_POINT('',#6331);
#3113=B_SPLINE_CURVE_WITH_KNOTS('',3,
(#6332,#6333,#6334,#6335,#6336,#6337,#6338,#6339,#6340,#6341,#6342,#6343,#6344,#6345,
#6346,#6347,#6348,#6349,#6350,#6351,#6352,#6353,#6354,#6355,#6356,#6357,#6358,#6359,
#6360,#6361,#6362,#6363,#6364,#6365,#6366,#6367,#6368,#6369,#6370,#6371,#6372,#6373,
#6374,#6375,#6376,#6377,#6378,#6379,#6380,#6381),
.UNSPECIFIED.,.F.,.F.,
(4,2,2,2,2,2,2,2,2,2,2,2,2,2,2,2,2,2,2,2,2,2,2,2,4),
(0.,0.0236400655532356,0.0473376154778238,0.0711516104418457,0.095144047208538,0.119381681232294,
0.143937984187559,0.16889555521404,0.194348996169944,0.220408625230795,0.247205238182879,
0.274896363998916,0.303674668328381,0.333779431888642,0.36551246908876,0.399260708419711,
0.435528818595902,0.474987468162298,0.518546509643582,0.567469116661715,0.623555657604721,
0.689451016166482,0.76918090310709,0.86913688217768,1.),
.UNSPECIFIED.);
#3114=VERTEX_POINT('',#6382);
#3115=B_SPLINE_CURVE_WITH_KNOTS('',3,
(#6383,#6384,#6385,#6386,#6387,#6388,#6389,#6390,#6391,#6392,#6393,#6394,#6395,#6396,
#6397,#6398,#6399,#6400,#6401,#6402,#6403,#6404,#6405,#6406,#6407,#6408,#6409,#6410,
#6411,#6412,#6413,#6414,#6415,#6416,#6417,#6418,#6419,#6420,#6421,#6422),
.UNSPECIFIED.,.F.,.F.,
(4,2,2,2,2,2,2,2,2,2,2,2,2,2,2,2,2,2,2,4),
(0.,0.0487237212668632,0.0981736656267507,0.148342807364742,0.199229687165688,0.250833755570738,
0.30315473284781,0.356192474163068,0.409946884725997,0.464417902763125,0.519605480412962,
0.575509593953937,0.632130213441631,0.689467326068277,0.747520911442588,0.806290965552326,
0.865777476044828,0.925980434095468,0.986899832610252,1.),
.UNSPECIFIED.);
#3116=VERTEX_POINT('',#6423);
#3117=CIRCLE('',#6424,12.);
#3118=VERTEX_POINT('',#6428);
#3119=B_SPLINE_CURVE_WITH_KNOTS('',3,
(#6429,#6430,#6431,#6432,#6433,#6434,#6435,#6436,#6437,#6438,#6439,#6440,#6441,#6442,
#6443,#6444,#6445,#6446,#6447,#6448,#6449,#6450,#6451,#6452,#6453,#6454,#6455,#6456,
#6457,#6458,#6459,#6460,#6461,#6462,#6463,#6464,#6465,#6466,#6467,#6468),
.UNSPECIFIED.,.F.,.F.,
(4,2,2,2,2,2,2,2,2,2,2,2,2,2,2,2,2,2,2,4),
(0.,0.0131001665168051,0.0740195700667891,0.134222526229239,0.193709036765144,0.252479090779682,
0.310532677696347,0.367869787714983,0.424490407868693,0.48039451915538,0.535582101447685,
0.590053116155053,0.643807526914555,0.696845267217098,0.749166246162079,0.800770312161993,
0.851657193312697,0.901826334483351,0.951276279066765,1.),
.UNSPECIFIED.);
#3120=VERTEX_POINT('',#6469);
#3121=B_SPLINE_CURVE_WITH_KNOTS('',3,
(#6470,#6471,#6472,#6473,#6474,#6475,#6476,#6477,#6478,#6479,#6480,#6481,#6482,#6483,
#6484,#6485,#6486,#6487,#6488,#6489,#6490,#6491,#6492,#6493,#6494,#6495,#6496,#6497,
#6498,#6499,#6500,#6501,#6502,#6503,#6504,#6505,#6506,#6507,#6508,#6509,#6510,#6511,
#6512,#6513,#6514,#6515,#6516,#6517,#6518,#6519),
.UNSPECIFIED.,.F.,.F.,
(4,2,2,2,2,2,2,2,2,2,2,2,2,2,2,2,2,2,2,2,2,2,2,2,4),
(0.,0.130863118543429,0.230819095884656,0.310548984753539,0.376444341121349,0.432530884750336,
0.481453491223972,0.525012532185253,0.564471180875359,0.600739292939449,0.63448753065453,
0.666220567673557,0.696325330105422,0.7251036351931,0.752794760977953,0.779591373049014,
0.805651006824409,0.831104447016546,0.856062015441617,0.880618319141536,0.904855951801957,
0.928848391153516,0.952662385515761,0.976359936641511,1.),
.UNSPECIFIED.);
#3122=VERTEX_POINT('',#6520);
#3123=CIRCLE('',#6521,7.5);
#3124=VERTEX_POINT('',#6525);
#3125=B_SPLINE_CURVE_WITH_KNOTS('',3,
(#6526,#6527,#6528,#6529,#6530,#6531,#6532,#6533,#6534,#6535,#6536,#6537,#6538,#6539,
#6540,#6541,#6542,#6543,#6544,#6545,#6546,#6547,#6548,#6549,#6550,#6551,#6552,#6553,
#6554,#6555,#6556,#6557,#6558,#6559,#6560,#6561,#6562,#6563,#6564,#6565,#6566,#6567,
#6568,#6569,#6570,#6571,#6572,#6573,#6574,#6575),
.UNSPECIFIED.,.F.,.F.,
(4,2,2,2,2,2,2,2,2,2,2,2,2,2,2,2,2,2,2,2,2,2,2,2,4),
(0.,0.0236400655532356,0.0473376154778238,0.0711516104418457,0.095144047208538,0.119381681232294,
0.143937984187559,0.16889555521404,0.194348996169944,0.220408625230795,0.247205238182879,
0.274896363998916,0.303674668328381,0.333779431888642,0.36551246908876,0.399260708419711,
0.435528818595902,0.474987468162298,0.518546509643582,0.567469116661715,0.623555657604721,
0.689451016166482,0.76918090310709,0.86913688217768,1.),
.UNSPECIFIED.);
#3126=VERTEX_POINT('',#6576);
#3127=B_SPLINE_CURVE_WITH_KNOTS('',3,
(#6577,#6578,#6579,#6580,#6581,#6582,#6583,#6584,#6585,#6586,#6587,#6588,#6589,#6590,
#6591,#6592,#6593,#6594,#6595,#6596,#6597,#6598,#6599,#6600,#6601,#6602,#6603,#6604,
#6605,#6606,#6607,#6608,#6609,#6610,#6611,#6612,#6613,#6614,#6615,#6616),
.UNSPECIFIED.,.F.,.F.,
(4,2,2,2,2,2,2,2,2,2,2,2,2,2,2,2,2,2,2,4),
(0.,0.0487237212668632,0.0981736656267507,0.148342807364742,0.199229687165688,0.250833755570738,
0.30315473284781,0.356192474163068,0.409946884725997,0.464417902763126,0.519605480412963,
0.575509593953937,0.632130213441631,0.689467326068277,0.747520911442588,0.806290965552326,
0.865777476044829,0.925980434095468,0.986899832610252,1.),
.UNSPECIFIED.);
#3128=VERTEX_POINT('',#6617);
#3129=CIRCLE('',#6618,12.);
#3130=VERTEX_POINT('',#6622);
#3131=B_SPLINE_CURVE_WITH_KNOTS('',3,
(#6623,#6624,#6625,#6626,#6627,#6628,#6629,#6630,#6631,#6632,#6633,#6634,#6635,#6636,
#6637,#6638,#6639,#6640,#6641,#6642,#6643,#6644,#6645,#6646,#6647,#6648,#6649,#6650,
#6651,#6652,#6653,#6654,#6655,#6656,#6657,#6658,#6659,#6660,#6661,#6662),
.UNSPECIFIED.,.F.,.F.,
(4,2,2,2,2,2,2,2,2,2,2,2,2,2,2,2,2,2,2,4),
(0.,0.0131001665168042,0.0740195700667883,0.134222526229238,0.193709036765144,0.252479090779681,
0.310532677696346,0.367869787714983,0.424490407868693,0.48039451915538,0.535582101447684,
0.590053116155053,0.643807526914555,0.696845267217097,0.749166246162079,0.800770312161993,
0.851657193312697,0.90182633448335,0.951276279066765,1.),
.UNSPECIFIED.);
#3132=VERTEX_POINT('',#6663);
#3133=B_SPLINE_CURVE_WITH_KNOTS('',3,
(#6664,#6665,#6666,#6667,#6668,#6669,#6670,#6671,#6672,#6673,#6674,#6675,#6676,#6677,
#6678,#6679,#6680,#6681,#6682,#6683,#6684,#6685,#6686,#6687,#6688,#6689,#6690,#6691,
#6692,#6693,#6694,#6695,#6696,#6697,#6698,#6699,#6700,#6701,#6702,#6703,#6704,#6705,
#6706,#6707,#6708,#6709,#6710,#6711,#6712,#6713),
.UNSPECIFIED.,.F.,.F.,
(4,2,2,2,2,2,2,2,2,2,2,2,2,2,2,2,2,2,2,2,2,2,2,2,4),
(0.,0.130863118543429,0.230819095884656,0.310548984753539,0.376444341121349,0.432530884750336,
0.481453491223972,0.525012532185253,0.564471180875359,0.600739292939449,0.63448753065453,
0.666220567673557,0.696325330105422,0.7251036351931,0.752794760977953,0.779591373049014,
0.805651006824409,0.831104447016546,0.856062015441617,0.880618319141536,0.904855951801957,
0.928848391153516,0.952662385515761,0.976359936641511,1.),
.UNSPECIFIED.);
#3134=VERTEX_POINT('',#6714);
#3135=CIRCLE('',#6715,7.5);
#3136=VERTEX_POINT('',#6719);
#3137=B_SPLINE_CURVE_WITH_KNOTS('',3,
(#6720,#6721,#6722,#6723,#6724,#6725,#6726,#6727,#6728,#6729,#6730,#6731,#6732,#6733,
#6734,#6735,#6736,#6737,#6738,#6739,#6740,#6741,#6742,#6743,#6744,#6745,#6746,#6747,
#6748,#6749,#6750,#6751,#6752,#6753,#6754,#6755,#6756,#6757,#6758,#6759,#6760,#6761,
#6762,#6763,#6764,#6765,#6766,#6767,#6768,#6769),
.UNSPECIFIED.,.F.,.F.,
(4,2,2,2,2,2,2,2,2,2,2,2,2,2,2,2,2,2,2,2,2,2,2,2,4),
(0.,0.0236400655532356,0.0473376154778238,0.0711516104418457,0.095144047208538,0.119381681232294,
0.143937984187559,0.16889555521404,0.194348996169944,0.220408625230795,0.247205238182879,
0.274896363998916,0.303674668328381,0.333779431888642,0.36551246908876,0.399260708419711,
0.435528818595902,0.474987468162298,0.518546509643582,0.567469116661715,0.623555657604721,
0.689451016166482,0.76918090310709,0.86913688217768,1.),
.UNSPECIFIED.);
#3138=VERTEX_POINT('',#6770);
#3139=B_SPLINE_CURVE_WITH_KNOTS('',3,
(#6771,#6772,#6773,#6774,#6775,#6776,#6777,#6778,#6779,#6780,#6781,#6782,#6783,#6784,
#6785,#6786,#6787,#6788,#6789,#6790,#6791,#6792,#6793,#6794,#6795,#6796,#6797,#6798,
#6799,#6800,#6801,#6802,#6803,#6804,#6805,#6806,#6807,#6808,#6809,#6810),
.UNSPECIFIED.,.F.,.F.,
(4,2,2,2,2,2,2,2,2,2,2,2,2,2,2,2,2,2,2,4),
(0.,0.0487237212668631,0.0981736656267506,0.148342807364742,0.199229687165688,0.250833755570737,
0.30315473284781,0.356192474163068,0.409946884725997,0.464417902763125,0.519605480412962,
0.575509593953937,0.63213021344163,0.689467326068276,0.747520911442587,0.806290965552325,
0.865777476044828,0.925980434095467,0.98689983261025,1.),
.UNSPECIFIED.);
#3140=VERTEX_POINT('',#6811);
#3141=CIRCLE('',#6812,12.);
#3142=VERTEX_POINT('',#6816);
#3143=B_SPLINE_CURVE_WITH_KNOTS('',3,
(#6817,#6818,#6819,#6820,#6821,#6822,#6823,#6824,#6825,#6826,#6827,#6828,#6829,#6830,
#6831,#6832,#6833,#6834,#6835,#6836,#6837,#6838,#6839,#6840,#6841,#6842,#6843,#6844,
#6845,#6846,#6847,#6848,#6849,#6850,#6851,#6852,#6853,#6854,#6855,#6856),
.UNSPECIFIED.,.F.,.F.,
(4,2,2,2,2,2,2,2,2,2,2,2,2,2,2,2,2,2,2,4),
(0.,0.0131001665168041,0.0740195700667882,0.134222526229238,0.193709036765144,0.252479090779681,
0.310532677696346,0.367869787714983,0.424490407868693,0.48039451915538,0.535582101447684,
0.590053116155052,0.643807526914555,0.696845267217097,0.749166246162079,0.800770312161993,
0.851657193312697,0.90182633448335,0.951276279066765,1.),
.UNSPECIFIED.);
#3144=VERTEX_POINT('',#6857);
#3145=B_SPLINE_CURVE_WITH_KNOTS('',3,
(#6858,#6859,#6860,#6861,#6862,#6863,#6864,#6865,#6866,#6867,#6868,#6869,#6870,#6871,
#6872,#6873,#6874,#6875,#6876,#6877,#6878,#6879,#6880,#6881,#6882,#6883,#6884,#6885,
#6886,#6887,#6888,#6889,#6890,#6891,#6892,#6893,#6894,#6895,#6896,#6897,#6898,#6899,
#6900,#6901,#6902,#6903,#6904,#6905,#6906,#6907),
.UNSPECIFIED.,.F.,.F.,
(4,2,2,2,2,2,2,2,2,2,2,2,2,2,2,2,2,2,2,2,2,2,2,2,4),
(0.,0.130863118543429,0.230819095884656,0.310548984753539,0.376444341121349,0.432530884750336,
0.481453491223972,0.525012532185253,0.564471180875359,0.600739292939449,0.63448753065453,
0.666220567673557,0.696325330105422,0.7251036351931,0.752794760977953,0.779591373049014,
0.805651006824409,0.831104447016546,0.856062015441617,0.880618319141536,0.904855951801957,
0.928848391153516,0.952662385515761,0.976359936641511,1.),
.UNSPECIFIED.);
#3146=VERTEX_POINT('',#6908);
#3147=CIRCLE('',#6909,7.5);
#3148=VERTEX_POINT('',#6913);
#3149=B_SPLINE_CURVE_WITH_KNOTS('',3,
(#6914,#6915,#6916,#6917,#6918,#6919,#6920,#6921,#6922,#6923,#6924,#6925,#6926,#6927,
#6928,#6929,#6930,#6931,#6932,#6933,#6934,#6935,#6936,#6937,#6938,#6939,#6940,#6941,
#6942,#6943,#6944,#6945,#6946,#6947,#6948,#6949,#6950,#6951,#6952,#6953,#6954,#6955,
#6956,#6957,#6958,#6959,#6960,#6961,#6962,#6963),
.UNSPECIFIED.,.F.,.F.,
(4,2,2,2,2,2,2,2,2,2,2,2,2,2,2,2,2,2,2,2,2,2,2,2,4),
(0.,0.0236400655532356,0.0473376154778238,0.0711516104418457,0.095144047208538,0.119381681232294,
0.143937984187559,0.16889555521404,0.194348996169944,0.220408625230795,0.247205238182879,
0.274896363998916,0.303674668328381,0.333779431888642,0.36551246908876,0.399260708419711,
0.435528818595902,0.474987468162298,0.518546509643582,0.567469116661715,0.623555657604721,
0.689451016166482,0.76918090310709,0.86913688217768,1.),
.UNSPECIFIED.);
#3150=VERTEX_POINT('',#6964);
#3151=B_SPLINE_CURVE_WITH_KNOTS('',3,
(#6965,#6966,#6967,#6968,#6969,#6970,#6971,#6972,#6973,#6974,#6975,#6976,#6977,#6978,
#6979,#6980,#6981,#6982,#6983,#6984,#6985,#6986,#6987,#6988,#6989,#6990,#6991,#6992,
#6993,#6994,#6995,#6996,#6997,#6998,#6999,#7000,#7001,#7002,#7003,#7004),
.UNSPECIFIED.,.F.,.F.,
(4,2,2,2,2,2,2,2,2,2,2,2,2,2,2,2,2,2,2,4),
(0.,0.0487237212668631,0.0981736656267506,0.148342807364742,0.199229687165688,0.250833755570737,
0.30315473284781,0.356192474163068,0.409946884725996,0.464417902763125,0.519605480412962,
0.575509593953937,0.63213021344163,0.689467326068276,0.747520911442587,0.806290965552325,
0.865777476044827,0.925980434095467,0.98689983261025,1.),
.UNSPECIFIED.);
#3152=VERTEX_POINT('',#7005);
#3153=CIRCLE('',#7006,12.);
#3154=VERTEX_POINT('',#7010);
#3155=B_SPLINE_CURVE_WITH_KNOTS('',3,
(#7011,#7012,#7013,#7014,#7015,#7016,#7017,#7018,#7019,#7020,#7021,#7022,#7023,#7024,
#7025,#7026,#7027,#7028,#7029,#7030,#7031,#7032,#7033,#7034,#7035,#7036,#7037,#7038,
#7039,#7040,#7041,#7042,#7043,#7044,#7045,#7046,#7047,#7048,#7049,#7050),
.UNSPECIFIED.,.F.,.F.,
(4,2,2,2,2,2,2,2,2,2,2,2,2,2,2,2,2,2,2,4),
(0.,0.013100166516805,0.074019570066789,0.134222526229238,0.193709036765144,0.252479090779682,
0.310532677696347,0.367869787714983,0.424490407868693,0.48039451915538,0.535582101447685,
0.590053116155053,0.643807526914555,0.696845267217098,0.749166246162079,0.800770312161993,
0.851657193312697,0.901826334483351,0.951276279066765,1.),
.UNSPECIFIED.);
#3156=VERTEX_POINT('',#7051);
#3157=B_SPLINE_CURVE_WITH_KNOTS('',3,
(#7052,#7053,#7054,#7055,#7056,#7057,#7058,#7059,#7060,#7061,#7062,#7063,#7064,#7065,
#7066,#7067,#7068,#7069,#7070,#7071,#7072,#7073,#7074,#7075,#7076,#7077,#7078,#7079,
#7080,#7081,#7082,#7083,#7084,#7085,#7086,#7087,#7088,#7089,#7090,#7091,#7092,#7093,
#7094,#7095,#7096,#7097,#7098,#7099,#7100,#7101),
.UNSPECIFIED.,.F.,.F.,
(4,2,2,2,2,2,2,2,2,2,2,2,2,2,2,2,2,2,2,2,2,2,2,2,4),
(0.,0.130863118543429,0.230819095884656,0.310548984753539,0.376444341121349,0.432530884750336,
0.481453491223972,0.525012532185253,0.564471180875359,0.600739292939449,0.63448753065453,
0.666220567673557,0.696325330105422,0.7251036351931,0.752794760977953,0.779591373049014,
0.805651006824409,0.831104447016546,0.856062015441617,0.880618319141536,0.904855951801957,
0.928848391153516,0.952662385515761,0.976359936641511,1.),
.UNSPECIFIED.);
#3158=CIRCLE('',#7102,7.5);
#3159=VERTEX_POINT('',#7106);
#3160=CIRCLE('',#7107,4.);
#3161=LINE('',#7111,#7112);
#3162=LINE('',#7114,#7115);
#3163=LINE('',#7117,#7118);
#3164=LINE('',#7120,#7121);
#3165=LINE('',#7123,#7124);
#3166=LINE('',#7126,#7127);
#3167=LINE('',#7129,#7130);
#3168=LINE('',#7132,#7133);
#3169=LINE('',#7135,#7136);
#3170=LINE('',#7138,#7139);
#3171=LINE('',#7141,#7142);
#3172=LINE('',#7144,#7145);
#3173=LINE('',#7147,#7148);
#3174=LINE('',#7150,#7151);
#3175=LINE('',#7153,#7154);
#3176=LINE('',#7156,#7157);
#3177=LINE('',#7159,#7160);
#3178=LINE('',#7162,#7163);
#3179=LINE('',#7165,#7166);
#3180=LINE('',#7168,#7169);
#3181=LINE('',#7171,#7172);
#3182=LINE('',#7174,#7175);
#3183=LINE('',#7177,#7178);
#3184=LINE('',#7180,#7181);
#3185=LINE('',#7183,#7184);
#3186=LINE('',#7186,#7187);
#3187=LINE('',#7189,#7190);
#3188=LINE('',#7192,#7193);
#3189=LINE('',#7195,#7196);
#3190=LINE('',#7198,#7199);
#3191=LINE('',#7201,#7202);
#3192=LINE('',#7204,#7205);
#3193=LINE('',#7207,#7208);
#3194=LINE('',#7210,#7211);
#3195=LINE('',#7213,#7214);
#3196=LINE('',#7216,#7217);
#3197=LINE('',#7219,#7220);
#3198=LINE('',#7222,#7223);
#3199=LINE('',#7225,#7226);
#3200=LINE('',#7228,#7229);
#3201=LINE('',#7231,#7232);
#3202=LINE('',#7234,#7235);
#3203=LINE('',#7237,#7238);
#3204=LINE('',#7240,#7241);
#3205=LINE('',#7243,#7244);
#3206=LINE('',#7246,#7247);
#3207=LINE('',#7249,#7250);
#3208=LINE('',#7252,#7253);
#3209=LINE('',#7255,#7256);
#3210=LINE('',#7258,#7259);
#3211=LINE('',#7261,#7262);
#3212=LINE('',#7264,#7265);
#3213=LINE('',#7267,#7268);
#3214=LINE('',#7270,#7271);
#3215=LINE('',#7273,#7274);
#3216=LINE('',#7276,#7277);
#3217=LINE('',#7279,#7280);
#3218=LINE('',#7282,#7283);
#3219=LINE('',#7285,#7286);
#3220=LINE('',#7288,#7289);
#3221=CARTESIAN_POINT('',(0.,8.48237818,4.16827603));
#3222=CARTESIAN_POINT('',(0.,7.10250296750092,2.40924295915229));
#3223=CARTESIAN_POINT('',(1.47523583966615E-16,7.10250297,2.40924296));
#3224=CARTESIAN_POINT('',(1.48671756586076E-16,7.09614395112487,2.4279940418672));
#3225=CARTESIAN_POINT('',(1.49829288862582E-16,7.09033996112487,2.44689797853387));
#3226=CARTESIAN_POINT('',(1.52165910202747E-16,7.07982927523749,2.4850579009179));
#3227=CARTESIAN_POINT('',(1.53347070855048E-16,7.07511872047022,2.5043477182452));
#3228=CARTESIAN_POINT('',(1.5572592885689E-16,7.06681897786636,2.54319741766055));
#3229=CARTESIAN_POINT('',(1.56927798330185E-16,7.06322513621044,2.56282543570023));
#3230=CARTESIAN_POINT('',(1.59347178014285E-16,7.05716915931155,2.60233690440751));
#3231=CARTESIAN_POINT('',(1.60568958573834E-16,7.05471137473039,2.62229009516259));
#3232=CARTESIAN_POINT('',(1.63027473248211E-16,7.05094340927879,2.66244068676318));
#3233=CARTESIAN_POINT('',(1.64268545992832E-16,7.04964714937015,2.68270894281032));
#3234=CARTESIAN_POINT('',(1.66765205427968E-16,7.0482244994276,2.72348248562895));
#3235=CARTESIAN_POINT('',(1.68025165938848E-16,7.04812235492482,2.7440592023077));
#3236=CARTESIAN_POINT('',(1.705594617616E-16,7.04911779225282,2.78544739398087));
#3237=CARTESIAN_POINT('',(1.71838167540029E-16,7.0502509040196,2.80633024411071));
#3238=CARTESIAN_POINT('',(1.7441017605349E-16,7.05375611512924,2.84833433076249));
#3239=CARTESIAN_POINT('',(1.75707799043187E-16,7.05617625550938,2.86952612239743));
#3240=CARTESIAN_POINT('',(1.7831830535334E-16,7.06230658409061,2.91215892578158));
#3241=CARTESIAN_POINT('',(1.79635399652069E-16,7.06607889094426,2.93366870802485));
#3242=CARTESIAN_POINT('',(1.82286051026802E-16,7.07497981622452,2.97695713006749));
#3243=CARTESIAN_POINT('',(1.83623632965678E-16,7.08018662196707,2.99880150086578));
#3244=CARTESIAN_POINT('',(1.86317123582294E-16,7.09204261518783,3.04278954082132));
#3245=CARTESIAN_POINT('',(1.87676768305397E-16,7.0987886174862,3.06499422422962));
#3246=CARTESIAN_POINT('',(1.90417065458178E-16,7.11383526837576,3.10974667293057));
#3247=CARTESIAN_POINT('',(1.91801025177466E-16,7.12225464296472,3.13234845036145));
#3248=CARTESIAN_POINT('',(1.94593646529203E-16,7.14079548673642,3.17795541807951));
#3249=CARTESIAN_POINT('',(1.96004991620879E-16,7.15106187291967,3.20100443258162));
#3250=CARTESIAN_POINT('',(1.98857341789147E-16,7.17349196191796,3.24758684589873));
#3251=CARTESIAN_POINT('',(2.00300129366922E-16,7.18583240745979,3.27114935516721));
#3252=CARTESIAN_POINT('',(2.0322190566945E-16,7.21267182201801,3.31886558330027));
#3253=CARTESIAN_POINT('',(2.04701374623976E-16,7.22738686306542,3.34302714491227));
#3254=CARTESIAN_POINT('',(2.07705044951244E-16,7.25932923487888,3.39208080396498));
#3255=CARTESIAN_POINT('',(2.09227830313505E-16,7.27682213133891,3.41694977619959));
#3256=CARTESIAN_POINT('',(2.12329169478495E-16,7.3148062451497,3.46759848841849));
#3257=CARTESIAN_POINT('',(2.13903511804148E-16,7.33562651971659,3.49330944976259));
#3258=CARTESIAN_POINT('',(2.17122140775821E-16,7.38094441185059,3.54587364988811));
#3259=CARTESIAN_POINT('',(2.18758022687249E-16,7.40585425182784,3.57258962893721));
#3260=CARTESIAN_POINT('',(2.22117791945234E-16,7.4603185813384,3.62745882486087));
#3261=CARTESIAN_POINT('',(2.23826842764714E-16,7.49039673333943,3.65536974286057));
#3262=CARTESIAN_POINT('',(2.27355659102337E-16,7.55660754022222,3.71299968710375));
#3263=CARTESIAN_POINT('',(2.29150444106243E-16,7.59341697338397,3.74231075059007));
#3264=CARTESIAN_POINT('',(2.32878551685346E-16,7.67520114123287,3.80319536779887));
#3265=CARTESIAN_POINT('',(2.34770334990224E-16,7.72106895786308,3.83409053375521));
#3266=CARTESIAN_POINT('',(2.38724603817058E-16,7.82423220251244,3.89866864443311));
#3267=CARTESIAN_POINT('',(2.40717344481403E-16,7.88273583735098,3.93121256919138));
#3268=CARTESIAN_POINT('',(2.4490534766613E-16,8.01640757811977,3.9996078516131));
#3269=CARTESIAN_POINT('',(2.46980207471255E-16,8.09325861484915,4.03349288371492));
#3270=CARTESIAN_POINT('',(2.51347486244413E-16,8.27242477194964,4.10481595868148));
#3271=CARTESIAN_POINT('',(2.53468100154009E-16,8.37626871861631,4.13944821201482));
#3272=CARTESIAN_POINT('',(2.55233294905107E-16,8.48237818,4.16827603));
#3273=CARTESIAN_POINT('',(0.,7.16216308067168,2.22562800020872));
#3274=AXIS2_PLACEMENT_3D('',#3275,#3276,#3277);
#3275=CARTESIAN_POINT('',(0.,0.,0.));
#3276=DIRECTION('',(1.,0.,-6.12323399573677E-17));
#3277=DIRECTION('',(1.8170721378693E-17,0.954955077512448,0.29675040005566));
#3278=CARTESIAN_POINT('',(0.,9.31243928,1.61361065));
#3279=CARTESIAN_POINT('',(9.8805155879629E-17,9.31243928,1.61361065));
#3280=CARTESIAN_POINT('',(9.64141936434885E-17,9.20965035413678,1.57456327343714));
#3281=CARTESIAN_POINT('',(9.43923105547316E-17,9.10528250747011,1.54154341677047));
#3282=CARTESIAN_POINT('',(9.14770605158464E-17,8.91841139090538,1.49393377061102));
#3283=CARTESIAN_POINT('',(9.03896754034444E-17,8.8363204769709,1.47617542407129));
#3284=CARTESIAN_POINT('',(8.89667992824508E-17,8.68797602859343,1.45293809356939));
#3285=CARTESIAN_POINT('',(8.84733292849441E-17,8.62151675223933,1.44487911692649));
#3286=CARTESIAN_POINT('',(8.7959403397154E-17,8.5000978731682,1.43648607024319));
#3287=CARTESIAN_POINT('',(8.78390376998295E-17,8.44483030929097,1.43452034923027));
#3288=CARTESIAN_POINT('',(8.79116078432474E-17,8.3428784473395,1.43570550961232));
#3289=CARTESIAN_POINT('',(8.80387941171826E-17,8.29587037722277,1.4377826190944));
#3290=CARTESIAN_POINT('',(8.85106426680859E-17,8.20843067647091,1.44548849071766));
#3291=CARTESIAN_POINT('',(8.88107371512509E-17,8.16769131507841,1.4503894055508));
#3292=CARTESIAN_POINT('',(8.95685966516167E-17,8.09137744409074,1.46276619044737));
#3293=CARTESIAN_POINT('',(8.99955113701361E-17,8.05552170266657,1.46973823689891));
#3294=CARTESIAN_POINT('',(9.09683795076548E-17,7.98796229727867,1.48562637931182));
#3295=CARTESIAN_POINT('',(9.14926968635056E-17,7.95600581768543,1.49418913154726));
#3296=CARTESIAN_POINT('',(9.26346289430224E-17,7.89550545689117,1.51283829766294));
#3297=CARTESIAN_POINT('',(9.32369932412755E-17,7.86673578993156,1.52267565319553));
#3298=CARTESIAN_POINT('',(9.45173606963174E-17,7.8120608501564,1.54358564056386));
#3299=CARTESIAN_POINT('',(9.51846601550363E-17,7.7859543226552,1.55448346774446));
#3300=CARTESIAN_POINT('',(9.65824368305323E-17,7.73619388578262,1.5773108931943));
#3301=CARTESIAN_POINT('',(9.7305525762603E-17,7.71236056023387,1.58911983161759));
#3302=CARTESIAN_POINT('',(9.88058337128073E-17,7.66683378264082,1.61362171985588));
#3303=CARTESIAN_POINT('',(9.95781336431373E-17,7.64498023265343,1.62623433487055));
#3304=CARTESIAN_POINT('',(1.01170099563713E-16,7.60317327167879,1.6522331113616));
#3305=CARTESIAN_POINT('',(1.01986720651768E-16,7.58307685998684,1.66556954581149));
#3306=CARTESIAN_POINT('',(1.03662116725451E-16,7.54459903541079,1.69293084010222));
#3307=CARTESIAN_POINT('',(1.04519294324936E-16,7.52608982485047,1.70692961264761));
#3308=CARTESIAN_POINT('',(1.06271659444254E-16,7.49064260469538,1.73554790684538));
#3309=CARTESIAN_POINT('',(1.07166385053854E-16,7.47359040776786,1.75015988493119));
#3310=CARTESIAN_POINT('',(1.08990449725418E-16,7.44094510790848,1.77994912167821));
#3311=CARTESIAN_POINT('',(1.09920230727086E-16,7.42525011204503,1.79513359776251));
#3312=CARTESIAN_POINT('',(1.11811535412288E-16,7.39523163820427,1.82602094726636));
#3313=CARTESIAN_POINT('',(1.1277423023854E-16,7.38081748515138,1.84174294689796));
#3314=CARTESIAN_POINT('',(1.14728870985413E-16,7.3532923281742,1.87366465278465));
#3315=CARTESIAN_POINT('',(1.15722582951503E-16,7.34010098589809,1.889893200751));
#3316=CARTESIAN_POINT('',(1.17737043967388E-16,7.31496829164157,1.92279184576909));
#3317=CARTESIAN_POINT('',(1.18760049955397E-16,7.30295624081461,1.93949880141903));
#3318=CARTESIAN_POINT('',(1.20831093178531E-16,7.28014110383555,1.97332150400684));
#3319=CARTESIAN_POINT('',(1.21881796382271E-16,7.26927641959239,1.99048078951629));
#3320=CARTESIAN_POINT('',(1.24006391175287E-16,7.24872484106318,2.02517805560958));
#3321=CARTESIAN_POINT('',(1.25083291707144E-16,7.2389850355059,2.04276517595493));
#3322=CARTESIAN_POINT('',(1.27258574578262E-16,7.22066016493894,2.07829024118406));
#3323=CARTESIAN_POINT('',(1.28360255125607E-16,7.21203058858898,2.09628204989351));
#3324=CARTESIAN_POINT('',(1.30583511609085E-16,7.19590994055375,2.13259058366874));
#3325=CARTESIAN_POINT('',(1.31708630399944E-16,7.18838258596928,2.15096516794304));
#3326=CARTESIAN_POINT('',(1.33977291643246E-16,7.17445606668059,2.1880152177187));
#3327=CARTESIAN_POINT('',(1.3512264888949E-16,7.16804013668059,2.20672032105204));
#3328=CARTESIAN_POINT('',(1.36280410314636E-16,7.16216308,2.225628));
#3329=CARTESIAN_POINT('',(1.79864059598762E-17,11.9856108122474,0.587480601668957));
#3330=CARTESIAN_POINT('',(3.59728115945944E-17,11.9856108125077,0.587480596358723));
#3331=CARTESIAN_POINT('',(3.64261656868675E-17,11.9752885187846,0.594884430551385));
#3332=CARTESIAN_POINT('',(3.68778622604263E-17,11.9649473558817,0.602261195409193));
#3333=CARTESIAN_POINT('',(3.94204374116516E-17,11.9064105090353,0.643784598777339));
#3334=CARTESIAN_POINT('',(4.14795004625783E-17,11.8578235910975,0.677411650305344));
#3335=CARTESIAN_POINT('',(4.54964120104462E-17,11.7604152462027,0.743012794254189));
#3336=CARTESIAN_POINT('',(4.74586825465588E-17,11.7115998375524,0.775059104055168));
#3337=CARTESIAN_POINT('',(5.12808048332225E-17,11.6137675140494,0.837479097955855));
#3338=CARTESIAN_POINT('',(5.31452970937591E-17,11.5647557266999,0.867928567334858));
#3339=CARTESIAN_POINT('',(5.67705329653751E-17,11.4665640269863,0.927133162066009));
#3340=CARTESIAN_POINT('',(5.85361676622289E-17,11.4173882610743,0.955968164910634));
#3341=CARTESIAN_POINT('',(6.19622007467994E-17,11.318902422213,1.01191953124672));
#3342=CARTESIAN_POINT('',(6.36277808232536E-17,11.2695954058249,1.03912051813721));
#3343=CARTESIAN_POINT('',(6.68520184586857E-17,11.1708814230338,1.09177631469303));
#3344=CARTESIAN_POINT('',(6.84161983157936E-17,11.1214762836001,1.11732131033091));
#3345=CARTESIAN_POINT('',(7.14356983265002E-17,11.0226010973329,1.16663348773273));
#3346=CARTESIAN_POINT('',(7.28969449873512E-17,10.9731314668982,1.19049745670515));
#3347=CARTESIAN_POINT('',(7.57083207718097E-17,10.8741632201323,1.23641070755292));
#3348=CARTESIAN_POINT('',(7.70648638201899E-17,10.8246633762427,1.25856473676893));
#3349=CARTESIAN_POINT('',(7.9664157712613E-17,10.7256717486796,1.30101442747539));
#3350=CARTESIAN_POINT('',(8.09139214413609E-17,10.6761767846152,1.32142461806451));
#3351=CARTESIAN_POINT('',(8.32964307402138E-17,10.5772334636581,1.36033394768529));
#3352=CARTESIAN_POINT('',(8.44369407500858E-17,10.5277795440074,1.37895988964123));
#3353=CARTESIAN_POINT('',(8.6596975461473E-17,10.4289588871952,1.4142359335241));
#3354=CARTESIAN_POINT('',(8.76252332644209E-17,10.3795835936171,1.43102865782084));
#3355=CARTESIAN_POINT('',(8.9555763035663E-17,10.2809636142883,1.46255660159346));
#3356=CARTESIAN_POINT('',(9.0468060857426E-17,10.2317064767457,1.47745555568207));
#3357=CARTESIAN_POINT('',(9.21601755901253E-17,10.1333703495191,1.50508988639485));
#3358=CARTESIAN_POINT('',(9.29518203667378E-17,10.0842735889174,1.51801842672442));
#3359=CARTESIAN_POINT('',(9.43938632598728E-17,9.98631208533959,1.54156877436978));
#3360=CARTESIAN_POINT('',(9.50587586151704E-17,9.9374218417416,1.55242733956197));
#3361=CARTESIAN_POINT('',(9.62348128436216E-17,9.83993760841044,1.57163376265915));
#3362=CARTESIAN_POINT('',(9.6764788540164E-17,9.79130583272244,1.58028892261076));
#3363=CARTESIAN_POINT('',(9.76517253991401E-17,9.69442173658202,1.59477370074587));
#3364=CARTESIAN_POINT('',(9.80355833910409E-17,9.64610909686706,1.60104257748923));
#3365=CARTESIAN_POINT('',(9.85961527460741E-17,9.54998778764199,1.61019736980035));
#3366=CARTESIAN_POINT('',(9.8820366945988E-17,9.50206347043175,1.61385906556553));
#3367=CARTESIAN_POINT('',(9.8979462580987E-17,9.40697457414208,1.61645729446074));
#3368=CARTESIAN_POINT('',(9.89476801390399E-17,9.35973189414208,1.61593824779408));
#3369=CARTESIAN_POINT('',(9.8805155879629E-17,9.31243928,1.61361065));
#3370=CARTESIAN_POINT('',(-1.79864061848503E-17,11.9856108118873,-0.587480609017169));
#3371=AXIS2_PLACEMENT_3D('',#3372,#3373,#3374);
#3372=CARTESIAN_POINT('',(0.,0.,0.));
#3373=DIRECTION('',(-1.,0.,6.12323399573677E-17));
#3374=DIRECTION('',(2.99773432664604E-18,0.99880090102062,0.0489567168057465));
#3375=CARTESIAN_POINT('',(0.,9.31243927825345,-1.61361065305573));
#3376=CARTESIAN_POINT('',(-9.88051560667385E-17,9.31243927825346,-1.61361065305573));
#3377=CARTESIAN_POINT('',(-9.89476798467897E-17,9.35973189262468,-1.61593824302127));
#3378=CARTESIAN_POINT('',(-9.89794620251348E-17,9.40697457292297,-1.61645728538299));
#3379=CARTESIAN_POINT('',(-9.88203662946452E-17,9.50206346940849,-1.61385905492829));
#3380=CARTESIAN_POINT('',(-9.85961525287953E-17,9.54998778657434,-1.61019736625191));
#3381=CARTESIAN_POINT('',(-9.8035583461675E-17,9.64610909640126,-1.60104257864278));
#3382=CARTESIAN_POINT('',(-9.76517256575091E-17,9.69442173711388,-1.59477370496535));
#3383=CARTESIAN_POINT('',(-9.67647887965746E-17,9.79130583223585,-1.58028892679826));
#3384=CARTESIAN_POINT('',(-9.62348127582776E-17,9.83993760554466,-1.57163376126537));
#3385=CARTESIAN_POINT('',(-9.5058758514633E-17,9.93742183980117,-1.55242733792007));
#3386=CARTESIAN_POINT('',(-9.43938635059734E-17,9.98631208696819,-1.5415687783889));
#3387=CARTESIAN_POINT('',(-9.29518205466627E-17,10.0842735907642,-1.51801842966281));
#3388=CARTESIAN_POINT('',(-9.21601753498111E-17,10.1333703478282,-1.50508988247022));
#3389=CARTESIAN_POINT('',(-9.04680605461924E-17,10.231706473991,-1.47745555059924));
#3390=CARTESIAN_POINT('',(-8.95557629522548E-17,10.2809636135275,-1.4625566002313));
#3391=CARTESIAN_POINT('',(-8.76252333027968E-17,10.3795835941421,-1.43102865844756));
#3392=CARTESIAN_POINT('',(-8.65969755825766E-17,10.4289588879402,-1.41423593550187));
#3393=CARTESIAN_POINT('',(-8.44369407917042E-17,10.5277795473091,-1.37895989032091));
#3394=CARTESIAN_POINT('',(-8.32964305318909E-17,10.5772334687936,-1.36033394428312));
#3395=CARTESIAN_POINT('',(-8.09139212303866E-17,10.6761767882238,-1.32142461461904));
#3396=CARTESIAN_POINT('',(-7.96641577521476E-17,10.7256717490017,-1.30101442812104));
#3397=CARTESIAN_POINT('',(-7.70648639276313E-17,10.8246633743165,-1.25856473852358));
#3398=CARTESIAN_POINT('',(-7.57083207903489E-17,10.874163219916,-1.23641070785569));
#3399=CARTESIAN_POINT('',(-7.28969447818653E-17,10.9731314664679,-1.19049745334931));
#3400=CARTESIAN_POINT('',(-7.14356977877696E-17,11.0226010934112,-1.1666334789346));
#3401=CARTESIAN_POINT('',(-6.84161977513336E-17,11.1214762814724,-1.11732130111258));
#3402=CARTESIAN_POINT('',(-6.68520182654861E-17,11.1708814267627,-1.09177631153784));
#3403=CARTESIAN_POINT('',(-6.36277807147057E-17,11.2695954112033,-1.03912051636449));
#3404=CARTESIAN_POINT('',(-6.19622005077464E-17,11.3189024246724,-1.01191952734269));
#3405=CARTESIAN_POINT('',(-5.85361673621629E-17,11.417388261156,-0.955968160010186));
#3406=CARTESIAN_POINT('',(-5.67705325981165E-17,11.4665640264172,-0.927133156068221));
#3407=CARTESIAN_POINT('',(-5.31452966677282E-17,11.5647557254165,-0.867928560377245));
#3408=CARTESIAN_POINT('',(-5.12808043898797E-17,11.6137675124076,-0.837479090715517));
#3409=CARTESIAN_POINT('',(-4.74586820894049E-17,11.7115998376947,-0.775059096589277));
#3410=CARTESIAN_POINT('',(-4.54964115289724E-17,11.7604152481227,-0.743012786391125));
#3411=CARTESIAN_POINT('',(-4.147950028464E-17,11.8578235924885,-0.677411647399391));
#3412=CARTESIAN_POINT('',(-3.94204376873397E-17,11.90641050952,-0.643784603279667));
#3413=CARTESIAN_POINT('',(-3.6877862764112E-17,11.964947353936,-0.602261203635004));
#3414=CARTESIAN_POINT('',(-3.64261661677174E-17,11.9752885176269,-0.594884438404259));
#3415=CARTESIAN_POINT('',(-3.59728120474955E-17,11.9856108120803,-0.587480603755159));
#3416=CARTESIAN_POINT('',(0.,7.16216308388593,-2.22562800112818));
#3417=CARTESIAN_POINT('',(-1.36280410431669E-16,7.162163086406,-2.22562800191129));
#3418=CARTESIAN_POINT('',(-1.35122648855929E-16,7.16804014145454,-2.20672032050395));
#3419=CARTESIAN_POINT('',(-1.33977291461684E-16,7.1744560700923,-2.18801521475358));
#3420=CARTESIAN_POINT('',(-1.31708630090216E-16,7.18838258619282,-2.15096516288479));
#3421=CARTESIAN_POINT('',(-1.30583511275832E-16,7.19590993747758,-2.13259057822629));
#3422=CARTESIAN_POINT('',(-1.28360254818162E-16,7.21203058503445,-2.09628204487255));
#3423=CARTESIAN_POINT('',(-1.27258574358075E-16,7.22066016559518,-2.07829023758813));
#3424=CARTESIAN_POINT('',(-1.25083291588776E-16,7.23898503596899,-2.04276517402183));
#3425=CARTESIAN_POINT('',(-1.24006391081556E-16,7.24872483773633,-2.02517805407885));
#3426=CARTESIAN_POINT('',(-1.21881796327154E-16,7.26927641526541,-1.99048078861616));
#3427=CARTESIAN_POINT('',(-1.20831093090565E-16,7.28014110096439,-1.97332150257025));
#3428=CARTESIAN_POINT('',(-1.18760049920781E-16,7.30295624013633,-1.9394988008537));
#3429=CARTESIAN_POINT('',(-1.17737044124798E-16,7.31496829410207,-1.92279184833981));
#3430=CARTESIAN_POINT('',(-1.15722582984553E-16,7.34010098850179,-1.88989320129075));
#3431=CARTESIAN_POINT('',(-1.14728870633069E-16,7.3532923265098,-1.87366464703044));
#3432=CARTESIAN_POINT('',(-1.12774229723846E-16,7.38081748453631,-1.84174293849237));
#3433=CARTESIAN_POINT('',(-1.11811535074042E-16,7.39523164182529,-1.82602094174237));
#3434=CARTESIAN_POINT('',(-1.09920230620297E-16,7.42525011492169,-1.7951335960185));
#3435=CARTESIAN_POINT('',(-1.08990449804768E-16,7.44094510805691,-1.77994912297409));
#3436=CARTESIAN_POINT('',(-1.07166385149513E-16,7.47359040394597,-1.75015988649342));
#3437=CARTESIAN_POINT('',(-1.06271659203477E-16,7.49064259727895,-1.7355479029132));
#3438=CARTESIAN_POINT('',(-1.04519294101974E-16,7.52608981844286,-1.70692960900636));
#3439=CARTESIAN_POINT('',(-1.03662116929662E-16,7.54459903438555,-1.69293084343724));
#3440=CARTESIAN_POINT('',(-1.01986720993203E-16,7.58307686001403,-1.66556955138756));
#3441=CARTESIAN_POINT('',(-1.01170099698314E-16,7.60317326858797,-1.65223311355981));
#3442=CARTESIAN_POINT('',(-9.95781337213618E-17,7.64498022931579,-1.62623433614805));
#3443=CARTESIAN_POINT('',(-9.8805833850533E-17,7.66683378101307,-1.61362172210511));
#3444=CARTESIAN_POINT('',(-9.73055258848091E-17,7.71236055976201,-1.58911983361337));
#3445=CARTESIAN_POINT('',(-9.65824369460758E-17,7.73619388537853,-1.57731089508126));
#3446=CARTESIAN_POINT('',(-9.51846601505767E-17,7.78595432306685,-1.55448346767163));
#3447=CARTESIAN_POINT('',(-9.4517360529004E-17,7.81206085093501,-1.54358563783142));
#3448=CARTESIAN_POINT('',(-9.32369929902951E-17,7.86673578993491,-1.52267564909671));
#3449=CARTESIAN_POINT('',(-9.26346287484513E-17,7.89550545557109,-1.51283829448535));
#3450=CARTESIAN_POINT('',(-9.14926966142396E-17,7.95600581525016,-1.49418912747643));
#3451=CARTESIAN_POINT('',(-9.09683791301342E-17,7.98796229510265,-1.48562637314644));
#3452=CARTESIAN_POINT('',(-8.9995510985083E-17,8.05552170162064,-1.46973823061051));
#3453=CARTESIAN_POINT('',(-8.9568596386276E-17,8.09137744397501,-1.46276618611402));
#3454=CARTESIAN_POINT('',(-8.8810737044437E-17,8.16769131630537,-1.4503894038064));
#3455=CARTESIAN_POINT('',(-8.85106426840547E-17,8.20843067841176,-1.44548849097845));
#3456=CARTESIAN_POINT('',(-8.80387943274868E-17,8.2958703777078,-1.43778262252893));
#3457=CARTESIAN_POINT('',(-8.79116082345645E-17,8.34287844553523,-1.43570551600301));
#3458=CARTESIAN_POINT('',(-8.78390379746043E-17,8.44483030728261,-1.43452035371768));
#3459=CARTESIAN_POINT('',(-8.79594031119253E-17,8.50009787334758,-1.43648606558505));
#3460=CARTESIAN_POINT('',(-8.84733288832021E-17,8.62151675254116,-1.44487911036555));
#3461=CARTESIAN_POINT('',(-8.89667994273662E-17,8.68797602638287,-1.45293809593604));
#3462=CARTESIAN_POINT('',(-9.03896756436382E-17,8.83632047466637,-1.47617542799395));
#3463=CARTESIAN_POINT('',(-9.1477060305852E-17,8.91841139155868,-1.49393376718156));
#3464=CARTESIAN_POINT('',(-9.43923102807561E-17,9.10528250908333,-1.54154341229611));
#3465=CARTESIAN_POINT('',(-9.64141935056742E-17,9.20965035446261,-1.57456327118646));
#3466=CARTESIAN_POINT('',(-9.88051560667385E-17,9.31243927825346,-1.61361065305573));
#3467=CARTESIAN_POINT('',(0.,7.10250296436009,-2.40924295800685));
#3468=AXIS2_PLACEMENT_3D('',#3469,#3470,#3471);
#3469=CARTESIAN_POINT('',(0.,0.,0.));
#3470=DIRECTION('',(1.,-3.08148791101958E-33,-6.12323399573677E-17));
#3471=DIRECTION('',(-1.96698111811206E-17,0.947000395336824,-0.32123239443104));
#3472=CARTESIAN_POINT('',(0.,8.48237817961687,-4.16827603349873));
#3473=CARTESIAN_POINT('',(-2.55233295119342E-16,8.48237817961687,-4.16827603349873));
#3474=CARTESIAN_POINT('',(-2.53468100030788E-16,8.37626871967562,-4.13944821000246));
#3475=CARTESIAN_POINT('',(-2.513474859647E-16,8.27242477327449,-4.10481595411343));
#3476=CARTESIAN_POINT('',(-2.46980207277853E-16,8.09325861633641,-4.03349288055642));
#3477=CARTESIAN_POINT('',(-2.44905347943395E-16,8.01640757767849,-3.99960785614117));
#3478=CARTESIAN_POINT('',(-2.40717344678203E-16,7.88273583774828,-3.93121257240537));
#3479=CARTESIAN_POINT('',(-2.38724603481178E-16,7.82423220612468,-3.89866863894778));
#3480=CARTESIAN_POINT('',(-2.34770334753013E-16,7.72106896045594,-3.83409052988126));
#3481=CARTESIAN_POINT('',(-2.32878551979928E-16,7.67520114022004,-3.80319537260974));
#3482=CARTESIAN_POINT('',(-2.29150444487763E-16,7.5934169710873,-3.74231075682077));
#3483=CARTESIAN_POINT('',(-2.27355659255019E-16,7.55660753781106,-3.71299968959725));
#3484=CARTESIAN_POINT('',(-2.23826842707779E-16,7.49039673161596,-3.65536974193075));
#3485=CARTESIAN_POINT('',(-2.2211779181466E-16,7.46031858137111,-3.62745882272843));
#3486=CARTESIAN_POINT('',(-2.18758022476749E-16,7.40585425446854,-3.57258962549948));
#3487=CARTESIAN_POINT('',(-2.17122140501951E-16,7.38094441639299,-3.54587364541547));
#3488=CARTESIAN_POINT('',(-2.13903511577045E-16,7.33562652510094,-3.49330944605372));
#3489=CARTESIAN_POINT('',(-2.12329169364484E-16,7.31480624951264,-3.46759848655654));
#3490=CARTESIAN_POINT('',(-2.09227830203605E-16,7.27682213427462,-3.41694977440479));
#3491=CARTESIAN_POINT('',(-2.07705044748077E-16,7.2593292372854,-3.39208080064699));
#3492=CARTESIAN_POINT('',(-2.04701374460594E-16,7.22738686404159,-3.34302714224403));
#3493=CARTESIAN_POINT('',(-2.03221905651026E-16,7.21267182172779,-3.31886558299939));
#3494=CARTESIAN_POINT('',(-2.00300129474943E-16,7.18583240667758,-3.27114935693131));
#3495=CARTESIAN_POINT('',(-1.98857341904996E-16,7.17349196112661,-3.2475868477907));
#3496=CARTESIAN_POINT('',(-1.96004991790886E-16,7.15106187291449,-3.20100443535806));
#3497=CARTESIAN_POINT('',(-1.94593646712615E-16,7.14079548868573,-3.17795542107485));
#3498=CARTESIAN_POINT('',(-1.91801025397604E-16,7.12225464417317,-3.13234845395657));
#3499=CARTESIAN_POINT('',(-1.90417065733426E-16,7.11383526507623,-3.10974667742572));
#3500=CARTESIAN_POINT('',(-1.87676768507507E-16,7.09878861635535,-3.06499422753033));
#3501=CARTESIAN_POINT('',(-1.86317123632533E-16,7.09204262251197,-3.04278954164179));
#3502=CARTESIAN_POINT('',(-1.83623633037813E-16,7.08018663027837,-2.99880150204384));
#3503=CARTESIAN_POINT('',(-1.82286051241747E-16,7.07497981839824,-2.97695713357781));
#3504=CARTESIAN_POINT('',(-1.79635399710922E-16,7.06607889006248,-2.93366870898599));
#3505=CARTESIAN_POINT('',(-1.78318305163411E-16,7.06230658278844,-2.91215892267979));
#3506=CARTESIAN_POINT('',(-1.75707798639213E-16,7.05617625582684,-2.86952611580005));
#3507=CARTESIAN_POINT('',(-1.74410175659231E-16,7.05375612056753,-2.84833432432376));
#3508=CARTESIAN_POINT('',(-1.71838167314881E-16,7.05025090874837,-2.80633024043376));
#3509=CARTESIAN_POINT('',(-1.70559461694628E-16,7.04911778982911,-2.78544739288712));
#3510=CARTESIAN_POINT('',(-1.68025165977639E-16,7.0481223514232,-2.74405920294121));
#3511=CARTESIAN_POINT('',(-1.66765205424375E-16,7.04822450030863,-2.72348248557027));
#3512=CARTESIAN_POINT('',(-1.64268546025003E-16,7.04964715253737,-2.68270894333572));
#3513=CARTESIAN_POINT('',(-1.63027473359354E-16,7.05094341330847,-2.6624406885783));
#3514=CARTESIAN_POINT('',(-1.60568958617742E-16,7.05471137832161,-2.62229009587967));
#3515=CARTESIAN_POINT('',(-1.59347177901856E-16,7.05716916007315,-2.60233690257141));
#3516=CARTESIAN_POINT('',(-1.56927798128431E-16,7.06322513779318,-2.56282543240533));
#3517=CARTESIAN_POINT('',(-1.55725928736095E-16,7.06681898369327,-2.5431974156878));
#3518=CARTESIAN_POINT('',(-1.53347070696156E-16,7.07511872615788,-2.5043477156503));
#3519=CARTESIAN_POINT('',(-1.52165909944126E-16,7.0798292780298,-2.4850578966943));
#3520=CARTESIAN_POINT('',(-1.49829288592903E-16,7.0903399601076,-2.44689797412968));
#3521=CARTESIAN_POINT('',(-1.48671756387103E-16,7.09614394758482,-2.42799403861774));
#3522=CARTESIAN_POINT('',(-1.47523583830735E-16,7.10250296369401,-2.40924295778091));
#3523=CARTESIAN_POINT('',(-2.01138546268842E-16,10.0418752687412,-6.56968348454045));
#3524=CARTESIAN_POINT('',(-4.02277092810111E-16,10.0418752658305,-6.56968348898951));
#3525=CARTESIAN_POINT('',(-4.01538807157387E-16,10.0378762193365,-6.55762636928385));
#3526=CARTESIAN_POINT('',(-4.00801183336021E-16,10.0338459963995,-6.54558005810449));
#3527=CARTESIAN_POINT('',(-3.96637369873337E-16,10.0108955366284,-6.47757982382335));
#3528=CARTESIAN_POINT('',(-3.93222838448682E-16,9.99135337927867,-6.42181629384831));
#3529=CARTESIAN_POINT('',(-3.8646721957014E-16,9.95110775781149,-6.31148866496387));
#3530=CARTESIAN_POINT('',(-3.83122771219095E-16,9.93045161091739,-6.25686967843856));
#3531=CARTESIAN_POINT('',(-3.76509480551363E-16,9.8879931504673,-6.14886644563157));
#3532=CARTESIAN_POINT('',(-3.73237068529591E-16,9.86623953061799,-6.09542390164173));
#3533=CARTESIAN_POINT('',(-3.66770127840787E-16,9.82160036449404,-5.98981074536996));
#3534=CARTESIAN_POINT('',(-3.63571791439135E-16,9.7987651235817,-5.93757794806254));
#3535=CARTESIAN_POINT('',(-3.57255422691128E-16,9.75197579421558,-5.8344238181958));
#3536=CARTESIAN_POINT('',(-3.54133308280648E-16,9.72807391895775,-5.78343582047019));
#3537=CARTESIAN_POINT('',(-3.47971984245803E-16,9.67916292996056,-5.68281376292453));
#3538=CARTESIAN_POINT('',(-3.44928372743705E-16,9.65420830425499,-5.63310781498563));
#3539=CARTESIAN_POINT('',(-3.38926882977157E-16,9.60320156887806,-5.53509604913239));
#3540=CARTESIAN_POINT('',(-3.35964225054424E-16,9.5772066861741,-5.4867121734746));
#3541=CARTESIAN_POINT('',(-3.30127761940042E-16,9.52412682437014,-5.39139549737753));
#3542=CARTESIAN_POINT('',(-3.27248723592625E-16,9.4971024210966,-5.34437723301883));
#3543=CARTESIAN_POINT('',(-3.21582996823921E-16,9.44196781425885,-5.25184889304933));
#3544=CARTESIAN_POINT('',(-3.18790520392798E-16,9.41392235621953,-5.20624429206449));
#3545=CARTESIAN_POINT('',(-3.13301914669996E-16,9.356745858213,-5.1166085582901));
#3546=CARTESIAN_POINT('',(-3.10599303602779E-16,9.3276848507689,-5.07247157007278));
#3547=CARTESIAN_POINT('',(-3.05295098464504E-16,9.26847199836613,-4.98584732638116));
#3548=CARTESIAN_POINT('',(-3.02686131207991E-16,9.23839706244658,-4.9432396576504));
#3549=CARTESIAN_POINT('',(-2.97574822143487E-16,9.17714348356937,-4.85976564590983));
#3550=CARTESIAN_POINT('',(-2.950639210914E-16,9.14605100769096,-4.81875951983601));
#3551=CARTESIAN_POINT('',(-2.90155710098186E-16,9.08273846165358,-4.73860235130985));
#3552=CARTESIAN_POINT('',(-2.87748191611332E-16,9.05061755329747,-4.69928459065378));
#3553=CARTESIAN_POINT('',(-2.83055776240603E-16,8.98520757914079,-4.6226516320898));
#3554=CARTESIAN_POINT('',(-2.80758233039416E-16,8.95203704569191,-4.5851299041469));
#3555=CARTESIAN_POINT('',(-2.76298184674769E-16,8.8844598964892,-4.51229178677703));
#3556=CARTESIAN_POINT('',(-2.74119096409486E-16,8.85020333886676,-4.47670457474495));
#3557=CARTESIAN_POINT('',(-2.69914548727644E-16,8.78033639757505,-4.40803910018087));
#3558=CARTESIAN_POINT('',(-2.67865158340242E-16,8.74493540430073,-4.37457001523607));
#3559=CARTESIAN_POINT('',(-2.63952101335128E-16,8.67255268352435,-4.31066494468286));
#3560=CARTESIAN_POINT('',(-2.62045841784868E-16,8.63593338722661,-4.27953336369824));
#3561=CARTESIAN_POINT('',(-2.58494741897522E-16,8.5605320547786,-4.2215395014709));
#3562=CARTESIAN_POINT('',(-2.56820121103773E-16,8.52200683582286,-4.19419086846233));
#3563=CARTESIAN_POINT('',(-2.55233295119342E-16,8.48237817961687,-4.16827603349873));
#3564=CARTESIAN_POINT('',(-2.30241162622902E-16,9.35125039679281,-7.52024707150518));
#3565=AXIS2_PLACEMENT_3D('',#3566,#3567,#3568);
#3566=CARTESIAN_POINT('',(0.,0.,0.));
#3567=DIRECTION('',(-1.,0.,6.12323399573677E-17));
#3568=DIRECTION('',(-3.3523091044807E-17,0.836822939061768,-0.547473623711704));
#3569=CARTESIAN_POINT('',(0.,6.58546509038363,-6.77915291125309));
#3570=CARTESIAN_POINT('',(-4.15103395684828E-16,6.58546509038363,-6.77915291125309));
#3571=CARTESIAN_POINT('',(-4.16920830385643E-16,6.62235749606325,-6.80883387236091));
#3572=CARTESIAN_POINT('',(-4.18646876048186E-16,6.66027254183885,-6.83702233721044));
#3573=CARTESIAN_POINT('',(-4.21940553720437E-16,6.73872827661532,-6.89081217562824));
#3574=CARTESIAN_POINT('',(-4.23484027424044E-16,6.77965215024878,-6.91601901411722));
#3575=CARTESIAN_POINT('',(-4.2649006441425E-16,6.86279697256485,-6.96511132370883));
#3576=CARTESIAN_POINT('',(-4.27918359711691E-16,6.90556747144057,-6.98843715607839));
#3577=CARTESIAN_POINT('',(-4.30687813371595E-16,6.99246228986823,-7.03366576667585));
#3578=CARTESIAN_POINT('',(-4.32009382584546E-16,7.03689359959802,-7.05524862981437));
#3579=CARTESIAN_POINT('',(-4.34566535255958E-16,7.12704925418683,-7.09701010215386));
#3580=CARTESIAN_POINT('',(-4.35788255582202E-16,7.17298479615769,-7.11696230922442));
#3581=CARTESIAN_POINT('',(-4.38147396492919E-16,7.26607986519074,-7.15549000410525));
#3582=CARTESIAN_POINT('',(-4.39274006356891E-16,7.31339918539756,-7.17388893945146));
#3583=CARTESIAN_POINT('',(-4.41444318104073E-16,7.40919783535503,-7.20933282006573));
#3584=CARTESIAN_POINT('',(-4.4247909052876E-16,7.45780508163525,-7.22623193620938));
#3585=CARTESIAN_POINT('',(-4.44466736951906E-16,7.55612198115302,-7.2586926656953));
#3586=CARTESIAN_POINT('',(-4.45411948208895E-16,7.60593794783122,-7.27412913697253));
#3587=CARTESIAN_POINT('',(-4.4722114379498E-16,7.70662027977255,-7.30367554312563));
#3588=CARTESIAN_POINT('',(-4.4807837076551E-16,7.757577399083,-7.31767512196137));
#3589=CARTESIAN_POINT('',(-4.49711995407154E-16,7.86049455613505,-7.34435423699733));
#3590=CARTESIAN_POINT('',(-4.50482311731637E-16,7.91253362716036,-7.35693445727013));
#3591=CARTESIAN_POINT('',(-4.51942292609667E-16,8.0175708358506,-7.38077775444034));
#3592=CARTESIAN_POINT('',(-4.52626398187224E-16,8.07063886466498,-7.39195004637027));
#3593=CARTESIAN_POINT('',(-4.53913959538263E-16,8.17769299191257,-7.41297751897601));
#3594=CARTESIAN_POINT('',(-4.5451227030253E-16,8.23174165303713,-7.42274867527486));
#3595=CARTESIAN_POINT('',(-4.55628106466476E-16,8.34071833138285,-7.44097166274721));
#3596=CARTESIAN_POINT('',(-4.56140822306397E-16,8.39570290167427,-7.44934494784913));
#3597=CARTESIAN_POINT('',(-4.57085220387161E-16,8.50651449251983,-7.46476813895078));
#3598=CARTESIAN_POINT('',(-4.57512369412313E-16,8.56239304455293,-7.47174401192003));
#3599=CARTESIAN_POINT('',(-4.58285300047967E-16,8.67495714853709,-7.4843669271343));
#3600=CARTESIAN_POINT('',(-4.58626779420609E-16,8.73168996841167,-7.48994370850311));
#3601=CARTESIAN_POINT('',(-4.59227965178646E-16,8.84592830982374,-7.49976181701333));
#3602=CARTESIAN_POINT('',(-4.59483565324204E-16,8.90347742763151,-7.50393608416916));
#3603=CARTESIAN_POINT('',(-4.59912532275995E-16,9.01931499338356,-7.51094164613347));
#3604=CARTESIAN_POINT('',(-4.60081960248792E-16,9.07764383853206,-7.51370861491033));
#3605=CARTESIAN_POINT('',(-4.6033807993961E-16,9.19500822655091,-7.51789136688415));
#3606=CARTESIAN_POINT('',(-4.60420977697258E-16,9.2540813487454,-7.51924519000615));
#3607=CARTESIAN_POINT('',(-4.60470818243287E-16,9.3258454926112,-7.52005914789285));
#3608=CARTESIAN_POINT('',(-4.6047758166592E-16,9.33854762359098,-7.5201696029667));
#3609=CARTESIAN_POINT('',(-4.60482324992082E-16,9.35125040004191,-7.52024706736159));
#3610=CARTESIAN_POINT('',(0.,4.48612033519628,-6.01038471129117));
#3611=CARTESIAN_POINT('',(-3.68029920045841E-16,4.48612033677476,-6.01038471340598));
#3612=CARTESIAN_POINT('',(-3.67304795084887E-16,4.50198863047218,-5.99854252410766));
#3613=CARTESIAN_POINT('',(-3.66609100168238E-16,4.51817381107747,-5.98718096390706));
#3614=CARTESIAN_POINT('',(-3.65274950300404E-16,4.55121807336037,-5.96539264308244));
#3615=CARTESIAN_POINT('',(-3.64635630469649E-16,4.56810813835163,-5.95495175790314));
#3616=CARTESIAN_POINT('',(-3.63417183957274E-16,4.60249163662318,-5.93505301627047));
#3617=CARTESIAN_POINT('',(-3.62836497001406E-16,4.620048432935,-5.92556967860492));
#3618=CARTESIAN_POINT('',(-3.61736195229638E-16,4.65575467293815,-5.90760038700943));
#3619=CARTESIAN_POINT('',(-3.61215514166004E-16,4.67397178782256,-5.89909701993254));
#3620=CARTESIAN_POINT('',(-3.60236362315438E-16,4.71099290423865,-5.88310625669783));
#3621=CARTESIAN_POINT('',(-3.59777361511169E-16,4.72986859488532,-5.8756102047));
#3622=CARTESIAN_POINT('',(-3.58923002705426E-16,4.76820691546612,-5.8616574665499));
#3623=CARTESIAN_POINT('',(-3.58527705067718E-16,4.78774497156017,-5.85520176621275));
#3624=CARTESIAN_POINT('',(-3.57802534296538E-16,4.82741508799979,-5.84335882877665));
#3625=CARTESIAN_POINT('',(-3.57473379715225E-16,4.84762600948705,-5.83798332652504));
#3626=CARTESIAN_POINT('',(-3.56882712801762E-16,4.88865743961001,-5.82833700378325));
#3627=CARTESIAN_POINT('',(-3.56622663127287E-16,4.90955989564262,-5.82409007030568));
#3628=CARTESIAN_POINT('',(-3.56172974548208E-16,4.95200047682175,-5.81674609848634));
#3629=CARTESIAN_POINT('',(-3.55985651885323E-16,4.97362320231408,-5.8136868872425));
#3630=CARTESIAN_POINT('',(-3.55684904650176E-16,5.01754347535512,-5.80877531216049));
#3631=CARTESIAN_POINT('',(-3.5557478959775E-16,5.03992769800806,-5.80697699688293));
#3632=CARTESIAN_POINT('',(-3.55432893919434E-16,5.08542651343724,-5.80465966459718));
#3633=CARTESIAN_POINT('',(-3.55405596843356E-16,5.10862905163927,-5.8042138695141));
#3634=CARTESIAN_POINT('',(-3.55435046426333E-16,5.15584083042977,-5.80469481770256));
#3635=CARTESIAN_POINT('',(-3.55497685134554E-16,5.17993812796525,-5.80571778543929));
#3636=CARTESIAN_POINT('',(-3.55714451426649E-16,5.22904236761749,-5.80925784763919));
#3637=CARTESIAN_POINT('',(-3.55876189077816E-16,5.25413577085534,-5.81189922393282));
#3638=CARTESIAN_POINT('',(-3.5630098996395E-16,5.30536955727115,-5.81883674888174));
#3639=CARTESIAN_POINT('',(-3.56573795061967E-16,5.33159224264178,-5.82329199423421));
#3640=CARTESIAN_POINT('',(-3.57233921000691E-16,5.38526690755833,-5.83407266894276));
#3641=CARTESIAN_POINT('',(-3.57633676486833E-16,5.41279311592985,-5.8406011714697));
#3642=CARTESIAN_POINT('',(-3.58565668618378E-16,5.46931665375105,-5.85582175804526));
#3643=CARTESIAN_POINT('',(-3.59113808163727E-16,5.49837405413534,-5.86477355615931));
#3644=CARTESIAN_POINT('',(-3.60367462322717E-16,5.55828157861689,-5.88524728229591));
#3645=CARTESIAN_POINT('',(-3.61093441138191E-16,5.58916797461212,-5.89710341609677));
#3646=CARTESIAN_POINT('',(-3.627379363846E-16,5.653163498484,-5.92396006158105));
#3647=CARTESIAN_POINT('',(-3.63683055964865E-16,5.68626946832798,-5.93939503566375));
#3648=CARTESIAN_POINT('',(-3.65816583049063E-16,5.75528357806106,-5.97423817714232));
#3649=CARTESIAN_POINT('',(-3.67040070993612E-16,5.79112309862816,-5.9942192516105));
#3650=CARTESIAN_POINT('',(-3.69805420652772E-16,5.86639269717243,-6.03938083878952));
#3651=CARTESIAN_POINT('',(-3.71394414235433E-16,5.90564391550092,-6.06533107331865));
#3652=CARTESIAN_POINT('',(-3.75005100667349E-16,5.98882132517561,-6.12429805766759));
#3653=CARTESIAN_POINT('',(-3.77091638855473E-16,6.03237830891401,-6.15837381223744));
#3654=CARTESIAN_POINT('',(-3.81877457047927E-16,6.12567493767577,-6.23653215463927));
#3655=CARTESIAN_POINT('',(-3.84668649825176E-16,6.17470466678076,-6.28211579196545));
#3656=CARTESIAN_POINT('',(-3.91158915089615E-16,6.28105928537702,-6.38810986746473));
#3657=CARTESIAN_POINT('',(-3.94993200237047E-16,6.33703414234704,-6.45072849595585));
#3658=CARTESIAN_POINT('',(-4.04077452555302E-16,6.4602318049171,-6.59908559491009));
#3659=CARTESIAN_POINT('',(-4.09469542244099E-16,6.52525857940672,-6.68714510223173));
#3660=CARTESIAN_POINT('',(-4.15103395684828E-16,6.58546509038363,-6.77915291125309));
#3661=CARTESIAN_POINT('',(0.,4.32992812085983,-6.12386499342015));
#3662=AXIS2_PLACEMENT_3D('',#3663,#3664,#3665);
#3663=CARTESIAN_POINT('',(0.,0.,0.));
#3664=DIRECTION('',(1.,6.16297582203915E-33,-6.12323399573677E-17));
#3665=DIRECTION('',(-4.99971444220389E-17,0.57732374950212,-0.816515332532594));
#3666=CARTESIAN_POINT('',(0.,4.41233692005056,-8.35802294669254));
#3667=CARTESIAN_POINT('',(-5.11781302443358E-16,4.41233692005056,-8.35802294669254));
#3668=CARTESIAN_POINT('',(-5.06534194557161E-16,4.34343713320094,-8.27233117189103));
#3669=CARTESIAN_POINT('',(-5.01081085832454E-16,4.27978194506465,-8.18327514808883));
#3670=CARTESIAN_POINT('',(-4.91099430439907E-16,4.17675613006988,-8.02026234473204));
#3671=CARTESIAN_POINT('',(-4.86654852402476E-16,4.13449945138511,-7.9476768769788));
#3672=CARTESIAN_POINT('',(-4.78455644653408E-16,4.06655848122016,-7.81377365272219));
#3673=CARTESIAN_POINT('',(-4.74737851668332E-16,4.03835689314198,-7.75305748561729));
#3674=CARTESIAN_POINT('',(-4.6782578457772E-16,3.99285413433132,-7.64017486353516));
#3675=CARTESIAN_POINT('',(-4.64644450054211E-16,3.973906006077,-7.58821972796916));
#3676=CARTESIAN_POINT('',(-4.58684815561595E-16,3.94352830263003,-7.49089151061268));
#3677=CARTESIAN_POINT('',(-4.55907978326444E-16,3.93097745859918,-7.44554231708056));
#3678=CARTESIAN_POINT('',(-4.50670081763849E-16,3.91128582450483,-7.36000097460955));
#3679=CARTESIAN_POINT('',(-4.48204873813444E-16,3.90335771648243,-7.31974107351608));
#3680=CARTESIAN_POINT('',(-4.4352651233071E-16,3.89154645536737,-7.24333763236079));
#3681=CARTESIAN_POINT('',(-4.41306514412423E-16,3.88709723213104,-7.20708231499364));
#3682=CARTESIAN_POINT('',(-4.3707153155227E-16,3.88133074910994,-7.13791979624781));
#3683=CARTESIAN_POINT('',(-4.35048509698273E-16,3.87959931514616,-7.10488134213343));
#3684=CARTESIAN_POINT('',(-4.31172369604847E-16,3.87864008645271,-7.04157917050118));
#3685=CARTESIAN_POINT('',(-4.29310815278482E-16,3.87910565152207,-7.01117768122832));
#3686=CARTESIAN_POINT('',(-4.25731142117378E-16,3.88209674570741,-6.95271718202813));
#3687=CARTESIAN_POINT('',(-4.24004610756921E-16,3.88439383459899,-6.92452078512971));
#3688=CARTESIAN_POINT('',(-4.20674854271994E-16,3.89072718568215,-6.87014173498652));
#3689=CARTESIAN_POINT('',(-4.19063463877346E-16,3.89459325089312,-6.84382573276007));
#3690=CARTESIAN_POINT('',(-4.15948572395105E-16,3.9038273833883,-6.79295569440438));
#3691=CARTESIAN_POINT('',(-4.14437268018937E-16,3.909069574752,-6.76827422090164));
#3692=CARTESIAN_POINT('',(-4.11510677734118E-16,3.92087681912518,-6.72047937447152));
#3693=CARTESIAN_POINT('',(-4.10088005046474E-16,3.92735038927412,-6.69724536628836));
#3694=CARTESIAN_POINT('',(-4.07329507069342E-16,3.94148222480301,-6.65219567556852));
#3695=CARTESIAN_POINT('',(-4.0598673304849E-16,3.94907618803684,-6.63026651163673));
#3696=CARTESIAN_POINT('',(-4.03380938837174E-16,3.96534000978761,-6.58771066266655));
#3697=CARTESIAN_POINT('',(-4.02111411638006E-16,3.97396740812004,-6.56697771011154));
#3698=CARTESIAN_POINT('',(-3.99646632040363E-16,3.99221070340074,-6.52672480454957));
#3699=CARTESIAN_POINT('',(-3.98445309297761E-16,4.00180197787879,-6.50710571529969));
#3700=CARTESIAN_POINT('',(-3.96112725698958E-16,4.02190137433353,-6.46901173423631));
#3701=CARTESIAN_POINT('',(-3.94975822439016E-16,4.03239966627948,-6.45044469497676));
#3702=CARTESIAN_POINT('',(-3.92768866265382E-16,4.05425327139549,-6.41440236546314));
#3703=CARTESIAN_POINT('',(-3.91693589076296E-16,4.06561118874696,-6.39684175631714));
#3704=CARTESIAN_POINT('',(-3.89607473484551E-16,4.089133229829,-6.36277290326992));
#3705=CARTESIAN_POINT('',(-3.88591820472895E-16,4.1013105610245,-6.34618603083677));
#3706=CARTESIAN_POINT('',(-3.86623183929513E-16,4.12642759766384,-6.31403575624735));
#3707=CARTESIAN_POINT('',(-3.85665789377725E-16,4.13938967589291,-6.29840031666665));
#3708=CARTESIAN_POINT('',(-3.83812423756969E-16,4.1660379498818,-6.26813255910511));
#3709=CARTESIAN_POINT('',(-3.82912441563723E-16,4.17975452985001,-6.25343473449359));
#3710=CARTESIAN_POINT('',(-3.81173085729746E-16,4.20787817820307,-6.22502889804854));
#3711=CARTESIAN_POINT('',(-3.80330100750252E-16,4.22232271936973,-6.21126190857727));
#3712=CARTESIAN_POINT('',(-3.78704284070699E-16,4.25187263281056,-6.18471030723908));
#3713=CARTESIAN_POINT('',(-3.77918244618596E-16,4.26702182042956,-6.17187330880573));
#3714=CARTESIAN_POINT('',(-3.76406173096779E-16,4.29795498056508,-6.14717930686379));
#3715=CARTESIAN_POINT('',(-3.75678603890967E-16,4.3137619595735,-6.13529720001766));
#3716=CARTESIAN_POINT('',(-3.7497858309496E-16,4.32992812045377,-6.12386499284584));
#3717=CARTESIAN_POINT('',(-3.43435410270606E-16,4.26248468336283,-11.2174517749842));
#3718=CARTESIAN_POINT('',(-6.8687082065685E-16,4.26248467839294,-11.2174517768727));
#3719=CARTESIAN_POINT('',(-6.8612960346961E-16,4.26633637896607,-11.2053467815752));
#3720=CARTESIAN_POINT('',(-6.85387799629286E-16,4.27015650417467,-11.1932322055058));
#3721=CARTESIAN_POINT('',(-6.81193183075075E-16,4.29155872705403,-11.1247289185641));
#3722=CARTESIAN_POINT('',(-6.77727418225256E-16,4.30852577018646,-11.0681286832598));
#3723=CARTESIAN_POINT('',(-6.70813508812602E-16,4.340815331649,-10.9552159737754));
#3724=CARTESIAN_POINT('',(-6.67364348243105E-16,4.35620839254811,-10.8988869069474));
#3725=CARTESIAN_POINT('',(-6.60485941451895E-16,4.38534148393285,-10.7865539992715));
#3726=CARTESIAN_POINT('',(-6.57055559836011E-16,4.3991551749878,-10.7305316160297));
#3727=CARTESIAN_POINT('',(-6.50217065869912E-16,4.42511918668341,-10.6188505342539));
#3728=CARTESIAN_POINT('',(-6.46807683561437E-16,4.43734675665796,-10.5631710957277));
#3729=CARTESIAN_POINT('',(-6.40013617326256E-16,4.46012587029409,-10.4522155738595));
#3730=CARTESIAN_POINT('',(-6.36627510169787E-16,4.47075884012012,-10.3969162474116));
#3731=CARTESIAN_POINT('',(-6.29882516101138E-16,4.49033318029037,-10.2867621348406));
#3732=CARTESIAN_POINT('',(-6.26522029099301E-16,4.499360887156,-10.2318812172703));
#3733=CARTESIAN_POINT('',(-6.19830914684599E-16,4.51570544192816,-10.1226070262242));
#3734=CARTESIAN_POINT('',(-6.16498480129429E-16,4.52311446861427,-10.0681842398749));
#3735=CARTESIAN_POINT('',(-6.09866260220732E-16,4.53619769486319,-9.95987186910291));
#3736=CARTESIAN_POINT('',(-6.06564421368077E-16,4.54197113573048,-9.90594874849452));
#3737=CARTESIAN_POINT('',(-5.99996376777768E-16,4.55175309547374,-9.79868444020771));
#3738=CARTESIAN_POINT('',(-5.96727818728174E-16,4.55586955520047,-9.74530483635999));
#3739=CARTESIAN_POINT('',(-5.90229577416687E-16,4.56229935902534,-9.63918050212727));
#3740=CARTESIAN_POINT('',(-5.8699717086143E-16,4.56473158088416,-9.58639129698653));
#3741=CARTESIAN_POINT('',(-5.80574821375787E-16,4.56774382993783,-9.48150637032662));
#3742=CARTESIAN_POINT('',(-5.77381681482161E-16,4.56845685498868,-9.42935843843557));
#3743=CARTESIAN_POINT('',(-5.7104193946003E-16,4.56796646176153,-9.32582259403464));
#3744=CARTESIAN_POINT('',(-5.67891514037128E-16,4.56691491653854,-9.27437224238885));
#3745=CARTESIAN_POINT('',(-5.61641976558852E-16,4.56280919236235,-9.17230954998435));
#3746=CARTESIAN_POINT('',(-5.5853817459519E-16,4.5599332314943,-9.12162061721087));
#3747=CARTESIAN_POINT('',(-5.52387729929153E-16,4.55205917368336,-9.02117623324124));
#3748=CARTESIAN_POINT('',(-5.49335122294309E-16,4.54727836673611,-8.9713233673052));
#3749=CARTESIAN_POINT('',(-5.43294666677294E-16,4.53542047579445,-8.87267524082138));
#3750=CARTESIAN_POINT('',(-5.40298803496121E-16,4.52862397691179,-8.82374908214022));
#3751=CARTESIAN_POINT('',(-5.34382639298558E-16,4.51246098735223,-8.72713078857701));
#3752=CARTESIAN_POINT('',(-5.31450513987425E-16,4.50349361671382,-8.67924554830734));
#3753=CARTESIAN_POINT('',(-5.25679624108269E-16,4.48249722352452,-8.5849997644099));
#3754=CARTESIAN_POINT('',(-5.22819445564481E-16,4.4711702746809,-8.53828950401844));
#3755=CARTESIAN_POINT('',(-5.1723274088431E-16,4.44425725227266,-8.44705169269094));
#3756=CARTESIAN_POINT('',(-5.14491365079808E-16,4.42916481857825,-8.40228162827057));
#3757=CARTESIAN_POINT('',(-5.11781302443358E-16,4.41233692005056,-8.35802294669254));
#3758=CARTESIAN_POINT('',(-3.54551620548297E-16,3.14503016743445,-11.5805347564751));
#3759=AXIS2_PLACEMENT_3D('',#3760,#3761,#3762);
#3760=CARTESIAN_POINT('',(0.,0.,0.));
#3761=DIRECTION('',(-1.,0.,6.12323399573677E-17));
#3762=DIRECTION('',(-5.72392350451011E-17,0.355207056946902,-0.934787647915354));
#3763=CARTESIAN_POINT('',(0.,1.34306706971316,-9.35528917228456));
#3764=CARTESIAN_POINT('',(-5.72846246996809E-16,1.34306706971316,-9.35528917228456));
#3765=CARTESIAN_POINT('',(-5.75644394335011E-16,1.3554676216583,-9.40098638621024));
#3766=CARTESIAN_POINT('',(-5.78405412704794E-16,1.36957277410994,-9.44607723806574));
#3767=CARTESIAN_POINT('',(-5.83893790856972E-16,1.40142792310511,-9.53570925532981));
#3768=CARTESIAN_POINT('',(-5.86615397536001E-16,1.41971982442948,-9.58015646543028));
#3769=CARTESIAN_POINT('',(-5.92039836624713E-16,1.45812966309855,-9.66874427854488));
#3770=CARTESIAN_POINT('',(-5.94734724766111E-16,1.47902114328263,-9.71275514181213));
#3771=CARTESIAN_POINT('',(-6.00102731779037E-16,1.52273581782286,-9.80042134918986));
#3772=CARTESIAN_POINT('',(-6.02771051722374E-16,1.54599541382154,-9.8439983208554));
#3773=CARTESIAN_POINT('',(-6.08084665902786E-16,1.5943860929677,-9.93077622586624));
#3774=CARTESIAN_POINT('',(-6.10726345924056E-16,1.61982111400119,-9.97391813458815));
#3775=CARTESIAN_POINT('',(-6.15985559061156E-16,1.67249059608566,-10.0598076031396));
#3776=CARTESIAN_POINT('',(-6.18600097309976E-16,1.69995810744087,-10.1025062530792));
#3777=CARTESIAN_POINT('',(-6.23803850286718E-16,1.75662745298555,-10.1874899884772));
#3778=CARTESIAN_POINT('',(-6.2639044483442E-16,1.78601849003001,-10.2297322831454));
#3779=CARTESIAN_POINT('',(-6.31537053954146E-16,1.84647859450365,-10.313782788537));
#3780=CARTESIAN_POINT('',(-6.34094695614724E-16,1.87770722797335,-10.3555522466756));
#3781=CARTESIAN_POINT('',(-6.39182070356178E-16,1.94179400375215,-10.4386353812577));
#3782=CARTESIAN_POINT('',(-6.41709602990382E-16,1.97479043328074,-10.4799131216799));
#3783=CARTESIAN_POINT('',(-6.46735372486926E-16,2.04237057198625,-10.5619901662619));
#3784=CARTESIAN_POINT('',(-6.49231533960266E-16,2.07707659687026,-10.6027555767473));
#3785=CARTESIAN_POINT('',(-6.54193126468361E-16,2.1480387452997,-10.68378453157));
#3786=CARTESIAN_POINT('',(-6.56656575682024E-16,2.18440477403779,-10.7240157103128));
#3787=CARTESIAN_POINT('',(-6.61551269719089E-16,2.25865374400843,-10.8039521301928));
#3788=CARTESIAN_POINT('',(-6.63980603865604E-16,2.29663668781111,-10.8436261676084));
#3789=CARTESIAN_POINT('',(-6.68805564741181E-16,2.37408946929437,-10.9224237585372));
#3790=CARTESIAN_POINT('',(-6.71199335882591E-16,2.41365122759238,-10.9615170080044));
#3791=CARTESIAN_POINT('',(-6.75951641626957E-16,2.49423416348732,-11.0391280505952));
#3792=CARTESIAN_POINT('',(-6.78308363474874E-16,2.53534054644998,-11.0776162391824));
#3793=CARTESIAN_POINT('',(-6.82985024659891E-16,2.61898725612586,-11.1539919123687));
#3794=CARTESIAN_POINT('',(-6.8530318465533E-16,2.66160712169937,-11.1918503381132));
#3795=CARTESIAN_POINT('',(-6.89901159575774E-16,2.74825694192322,-11.266940967079));
#3796=CARTESIAN_POINT('',(-6.92179221576665E-16,2.79236158356767,-11.304144542877));
#3797=CARTESIAN_POINT('',(-6.96695426985189E-16,2.88195837684146,-11.3778997743718));
#3798=CARTESIAN_POINT('',(-6.9893183776425E-16,2.92752102038827,-11.4144231340967));
#3799=CARTESIAN_POINT('',(-7.03363159373515E-16,3.02001224490572,-11.4867921079486));
#3800=CARTESIAN_POINT('',(-7.05556353360281E-16,3.06700764740654,-11.5226096838944));
#3801=CARTESIAN_POINT('',(-7.08179571981002E-16,3.12458762693894,-11.5654500950652));
#3802=CARTESIAN_POINT('',(-7.08642212025096E-16,3.13479894290292,-11.5730055803597));
#3803=CARTESIAN_POINT('',(-7.09103241008269E-16,3.14503017249857,-11.5805347550326));
#3804=CARTESIAN_POINT('',(0.,0.0965320960837222,-7.49937874720366));
#3805=CARTESIAN_POINT('',(-4.59204509079408E-16,0.0965320961176865,-7.49937874984238));
#3806=CARTESIAN_POINT('',(-4.59188993822233E-16,0.116330479615041,-7.49912536646383));
#3807=CARTESIAN_POINT('',(-4.59208693195539E-16,0.136102723310687,-7.49944708164441));
#3808=CARTESIAN_POINT('',(-4.59318654734766E-16,0.17564294671707,-7.50124288986117));
#3809=CARTESIAN_POINT('',(-4.59409332333308E-16,0.19544429466037,-7.50272376742692));
#3810=CARTESIAN_POINT('',(-4.5966110092048E-16,0.234957315958975,-7.50683546048565));
#3811=CARTESIAN_POINT('',(-4.59823210149149E-16,0.254735228564339,-7.50948290510041));
#3812=CARTESIAN_POINT('',(-4.60218167253846E-16,0.294184268126093,-7.51593304411145));
#3813=CARTESIAN_POINT('',(-4.60452588102807E-16,0.313920377418681,-7.51976142710522));
#3814=CARTESIAN_POINT('',(-4.60992881882846E-16,0.353270224552296,-7.52858509414809));
#3815=CARTESIAN_POINT('',(-4.61300906217264E-16,0.372947047880758,-7.53361551328007));
#3816=CARTESIAN_POINT('',(-4.61989567800769E-16,0.412164614480147,-7.54486221043363));
#3817=CARTESIAN_POINT('',(-4.62372968583268E-16,0.431765799348681,-7.55112362038083));
#3818=CARTESIAN_POINT('',(-4.63214078768095E-16,0.470820701685929,-7.56485999213164));
#3819=CARTESIAN_POINT('',(-4.63675207819462E-16,0.490331321588263,-7.57239080104224));
#3820=CARTESIAN_POINT('',(-4.64674129586672E-16,0.529196412107718,-7.58870443151766));
#3821=CARTESIAN_POINT('',(-4.65216055024413E-16,0.548603139127863,-7.59755474555299));
#3822=CARTESIAN_POINT('',(-4.66379748072854E-16,0.587254968881583,-7.61655929526074));
#3823=CARTESIAN_POINT('',(-4.67006434452973E-16,0.60654628052236,-7.62679386053385));
#3824=CARTESIAN_POINT('',(-4.68343879859737E-16,0.644965479208885,-7.64863600159354));
#3825=CARTESIAN_POINT('',(-4.69060435908274E-16,0.664131718940109,-7.66033824993218));
#3826=CARTESIAN_POINT('',(-4.70583208979406E-16,0.702303127588472,-7.68520702143744));
#3827=CARTESIAN_POINT('',(-4.7139621855483E-16,0.721336407081919,-7.69848447541013));
#3828=CARTESIAN_POINT('',(-4.73119264917501E-16,0.759248844205815,-7.72662395797555));
#3829=CARTESIAN_POINT('',(-4.74037237771303E-16,0.77814268208131,-7.74161559237073));
#3830=CARTESIAN_POINT('',(-4.75979938976479E-16,0.815788050102532,-7.77334231074421));
#3831=CARTESIAN_POINT('',(-4.77013935864157E-16,0.834536477737503,-7.79022876140734));
#3832=CARTESIAN_POINT('',(-4.79201586102098E-16,0.871907706781683,-7.82595580106422));
#3833=CARTESIAN_POINT('',(-4.80366082961726E-16,0.890503577371144,-7.84497347800484));
#3834=CARTESIAN_POINT('',(-4.82831965962936E-16,0.92759057185256,-7.88524440351458));
#3835=CARTESIAN_POINT('',(-4.84146083548275E-16,0.946022384710943,-7.90670557233901));
#3836=CARTESIAN_POINT('',(-4.86934446033071E-16,0.982804451070136,-7.95224298748168));
#3837=CARTESIAN_POINT('',(-4.88423718689869E-16,1.00105064688044,-7.97656465570201));
#3838=CARTESIAN_POINT('',(-4.91594105863464E-16,1.03748269799438,-8.0283410074763));
#3839=CARTESIAN_POINT('',(-4.93293081746119E-16,1.05550145665217,-8.05608738927124));
#3840=CARTESIAN_POINT('',(-4.96926799094196E-16,1.09148898288674,-8.11543049702455));
#3841=CARTESIAN_POINT('',(-4.98882949297305E-16,1.10919982497045,-8.14737685420232));
#3842=CARTESIAN_POINT('',(-5.03092927977295E-16,1.14455312789153,-8.21613102369709));
#3843=CARTESIAN_POINT('',(-5.05372667416784E-16,1.16180332820321,-8.25336199414629));
#3844=CARTESIAN_POINT('',(-5.1031894551265E-16,1.19615239767136,-8.33414084563736));
#3845=CARTESIAN_POINT('',(-5.13017177230224E-16,1.21265413519927,-8.37820631364744));
#3846=CARTESIAN_POINT('',(-5.18931960859742E-16,1.24528614940171,-8.47480206082345));
#3847=CARTESIAN_POINT('',(-5.2218768542963E-16,1.2604952634729,-8.52797207804238));
#3848=CARTESIAN_POINT('',(-5.29417376157721E-16,1.29003350065163,-8.64604188777241));
#3849=CARTESIAN_POINT('',(-5.33440150396301E-16,1.30290599496099,-8.71173877672652));
#3850=CARTESIAN_POINT('',(-5.42518743973894E-16,1.32664693442678,-8.86000346143257));
#3851=CARTESIAN_POINT('',(-5.47635363002784E-16,1.33512523862737,-8.9435641914725));
#3852=CARTESIAN_POINT('',(-5.59418742041196E-16,1.34759212647562,-9.13600137493823));
#3853=CARTESIAN_POINT('',(-5.66121443203139E-16,1.34843981239931,-9.24546479192687));
#3854=CARTESIAN_POINT('',(-5.72846246996809E-16,1.34306706971316,-9.35528917228456));
#3855=CARTESIAN_POINT('',(0.,-0.096532095964919,-7.4993787438626));
#3856=AXIS2_PLACEMENT_3D('',#3857,#3858,#3859);
#3857=CARTESIAN_POINT('',(0.,0.,0.));
#3858=DIRECTION('',(1.,0.,-6.12323399573677E-17));
#3859=DIRECTION('',(-6.12272678341755E-17,-0.0128709461298629,-0.99991716594212));
#3860=CARTESIAN_POINT('',(0.,-1.34306707315904,-9.35528917300135));
#3861=CARTESIAN_POINT('',(-5.728462470407E-16,-1.34306707315904,-9.35528917300135));
#3862=CARTESIAN_POINT('',(-5.66121443226751E-16,-1.3484398101581,-9.24546479231248));
#3863=CARTESIAN_POINT('',(-5.59418742031913E-16,-1.34759212172175,-9.13600137478663));
#3864=CARTESIAN_POINT('',(-5.47635363029631E-16,-1.33512523516387,-8.94356419191094));
#3865=CARTESIAN_POINT('',(-5.42518744033875E-16,-1.32664693886959,-8.86000346241215));
#3866=CARTESIAN_POINT('',(-5.33440150480252E-16,-1.3029059978949,-8.71173877809755));
#3867=CARTESIAN_POINT('',(-5.29417376264289E-16,-1.29003349431853,-8.64604188951279));
#3868=CARTESIAN_POINT('',(-5.22187685507324E-16,-1.26049525898732,-8.52797207931122));
#3869=CARTESIAN_POINT('',(-5.1893196089179E-16,-1.24528615429011,-8.47480206134683));
#3870=CARTESIAN_POINT('',(-5.13017177214373E-16,-1.21265414183473,-8.37820631338858));
#3871=CARTESIAN_POINT('',(-5.10318945419417E-16,-1.1961524007879,-8.33414084411474));
#3872=CARTESIAN_POINT('',(-5.05372667298823E-16,-1.16180332785148,-8.25336199221985));
#3873=CARTESIAN_POINT('',(-5.0309292793885E-16,-1.14455312585335,-8.21613102306923));
#3874=CARTESIAN_POINT('',(-4.98882949386039E-16,-1.10919982088496,-8.14737685565146));
#3875=CARTESIAN_POINT('',(-4.96926799274095E-16,-1.09148897722933,-8.11543049996251));
#3876=CARTESIAN_POINT('',(-4.932930819895E-16,-1.05550145146097,-8.05608739324596));
#3877=CARTESIAN_POINT('',(-4.9159410608231E-16,-1.03748269487533,-8.02834101105033));
#3878=CARTESIAN_POINT('',(-4.8842371882687E-16,-1.0010506442663,-7.97656465793941));
#3879=CARTESIAN_POINT('',(-4.86934446110434E-16,-0.982804447170892,-7.95224298874511));
#3880=CARTESIAN_POINT('',(-4.84146083554635E-16,-0.946022381871638,-7.90670557244287));
#3881=CARTESIAN_POINT('',(-4.82831965940341E-16,-0.927590571656087,-7.88524440314559));
#3882=CARTESIAN_POINT('',(-4.80366082949553E-16,-0.890503579290627,-7.84497347780605));
#3883=CARTESIAN_POINT('',(-4.79201586091813E-16,-0.871907708825591,-7.82595580089625));
#3884=CARTESIAN_POINT('',(-4.7701393591639E-16,-0.83453648037965,-7.79022876226037));
#3885=CARTESIAN_POINT('',(-4.75979939146676E-16,-0.815788052348896,-7.77334231352372));
#3886=CARTESIAN_POINT('',(-4.74037237909703E-16,-0.778142685127046,-7.74161559463098));
#3887=CARTESIAN_POINT('',(-4.73119264810407E-16,-0.759248849500571,-7.72662395622659));
#3888=CARTESIAN_POINT('',(-4.7139621855143E-16,-0.721336410570525,-7.6984844753546));
#3889=CARTESIAN_POINT('',(-4.70583209421455E-16,-0.702303126105496,-7.68520702865664));
#3890=CARTESIAN_POINT('',(-4.69060436414577E-16,-0.664131717492177,-7.66033825820073));
#3891=CARTESIAN_POINT('',(-4.68343880052746E-16,-0.644965481875682,-7.64863600474562));
#3892=CARTESIAN_POINT('',(-4.67006434419808E-16,-0.60654628170895,-7.62679385999223));
#3893=CARTESIAN_POINT('',(-4.66379747938331E-16,-0.587254966334,-7.6165592930638));
#3894=CARTESIAN_POINT('',(-4.65216054918065E-16,-0.548603132755279,-7.5975547438162));
#3895=CARTESIAN_POINT('',(-4.6467412978154E-16,-0.529196404303596,-7.58870443470009));
#3896=CARTESIAN_POINT('',(-4.63675208025269E-16,-0.490331316630012,-7.57239080440333));
#3897=CARTESIAN_POINT('',(-4.63214078606254E-16,-0.470820701394677,-7.56485998948858));
#3898=CARTESIAN_POINT('',(-4.62372968391337E-16,-0.431765801033237,-7.55112361724636));
#3899=CARTESIAN_POINT('',(-4.61989567850966E-16,-0.412164614152086,-7.54486221125341));
#3900=CARTESIAN_POINT('',(-4.6130090641165E-16,-0.372947047401712,-7.53361551645464));
#3901=CARTESIAN_POINT('',(-4.60992882151862E-16,-0.353270225033332,-7.52858509854144));
#3902=CARTESIAN_POINT('',(-4.60452588325512E-16,-0.31392037699092,-7.51976143074226));
#3903=CARTESIAN_POINT('',(-4.60218167263456E-16,-0.294184266144506,-7.51593304426839));
#3904=CARTESIAN_POINT('',(-4.59823210178975E-16,-0.254735224941616,-7.5094829055875));
#3905=CARTESIAN_POINT('',(-4.59661101222485E-16,-0.234957312282164,-7.50683546541776));
#3906=CARTESIAN_POINT('',(-4.59409332615431E-16,-0.195444290434887,-7.50272377203434));
#3907=CARTESIAN_POINT('',(-4.5931865481746E-16,-0.175642941837316,-7.50124289121166));
#3908=CARTESIAN_POINT('',(-4.59208693052963E-16,-0.13610271943641,-7.49944707931595));
#3909=CARTESIAN_POINT('',(-4.5918899355459E-16,-0.116330477618549,-7.4991253620929));
#3910=CARTESIAN_POINT('',(-4.59204508670186E-16,-0.0965320959558658,-7.49937874315929));
#3911=CARTESIAN_POINT('',(-3.54551620489264E-16,-3.14503017453432,-11.5805347545469));
#3912=CARTESIAN_POINT('',(-7.09103240893206E-16,-3.14503017966508,-11.5805347531535));
#3913=CARTESIAN_POINT('',(-7.08642211943929E-16,-3.13479895072922,-11.5730055790341));
#3914=CARTESIAN_POINT('',(-7.08179571938666E-16,-3.12458763536342,-11.5654500943738));
#3915=CARTESIAN_POINT('',(-7.05556353246863E-16,-3.06700765153873,-11.5226096820422));
#3916=CARTESIAN_POINT('',(-7.03363159347496E-16,-3.02001224171216,-11.4867921075237));
#3917=CARTESIAN_POINT('',(-6.98931837801227E-16,-2.92752101231676,-11.4144231347006));
#3918=CARTESIAN_POINT('',(-6.9669542711817E-16,-2.881958369697,-11.3778997765435));
#3919=CARTESIAN_POINT('',(-6.92179221809277E-16,-2.79236157718905,-11.3041445466758));
#3920=CARTESIAN_POINT('',(-6.89901159782165E-16,-2.74825693570273,-11.2669409704496));
#3921=CARTESIAN_POINT('',(-6.85303184801961E-16,-2.66160711617099,-11.1918503405079));
#3922=CARTESIAN_POINT('',(-6.82985024747857E-16,-2.61898725144,-11.1539919138053));
#3923=CARTESIAN_POINT('',(-6.78308363405522E-16,-2.53534054197703,-11.0776162380498));
#3924=CARTESIAN_POINT('',(-6.75951641347286E-16,-2.49423416013934,-11.0391280460278));
#3925=CARTESIAN_POINT('',(-6.71199335725141E-16,-2.41365122343934,-10.961517005433));
#3926=CARTESIAN_POINT('',(-6.68805565039515E-16,-2.3740894611847,-10.9224237634094));
#3927=CARTESIAN_POINT('',(-6.6398060426046E-16,-2.29663668065544,-10.8436261740569));
#3928=CARTESIAN_POINT('',(-6.61551269807643E-16,-2.25865374094979,-10.803952131639));
#3929=CARTESIAN_POINT('',(-6.5665657568889E-16,-2.18440477439258,-10.7240157104249));
#3930=CARTESIAN_POINT('',(-6.54193126547336E-16,-2.14803874756372,-10.6837845328598));
#3931=CARTESIAN_POINT('',(-6.49231533929295E-16,-2.07707659738479,-10.6027555762415));
#3932=CARTESIAN_POINT('',(-6.46735372341974E-16,-2.0423705675943,-10.5619901638947));
#3933=CARTESIAN_POINT('',(-6.4170960275569E-16,-1.97479042845813,-10.4799131178471));
#3934=CARTESIAN_POINT('',(-6.39182070151044E-16,-1.94179400337829,-10.4386353779076));
#3935=CARTESIAN_POINT('',(-6.34094695533917E-16,-1.87770722962411,-10.3555522453559));
#3936=CARTESIAN_POINT('',(-6.31537053911711E-16,-1.84647859493745,-10.313782787844));
#3937=CARTESIAN_POINT('',(-6.26390444904501E-16,-1.78601848896962,-10.2297322842899));
#3938=CARTESIAN_POINT('',(-6.23803850543312E-16,-1.75662744900272,-10.1874899926677));
#3939=CARTESIAN_POINT('',(-6.18600097482708E-16,-1.69995810423084,-10.1025062559001));
#3940=CARTESIAN_POINT('',(-6.15985558898009E-16,-1.67249059830955,-10.0598076004752));
#3941=CARTESIAN_POINT('',(-6.10726345753164E-16,-1.61982111732034,-9.97391813179728));
#3942=CARTESIAN_POINT('',(-6.08084666046856E-16,-1.59438609200578,-9.93077622821908));
#3943=CARTESIAN_POINT('',(-6.02771051915637E-16,-1.54599541338155,-9.84399832401161));
#3944=CARTESIAN_POINT('',(-6.00102731728139E-16,-1.52273582195577,-9.80042134835862));
#3945=CARTESIAN_POINT('',(-5.94734724655298E-16,-1.47902114713124,-9.71275514000241));
#3946=CARTESIAN_POINT('',(-5.92039836630012E-16,-1.45812966433957,-9.66874427863142));
#3947=CARTESIAN_POINT('',(-5.86615397665319E-16,-1.41971982138464,-9.5801564675422));
#3948=CARTESIAN_POINT('',(-5.83893791117838E-16,-1.4014279133047,-9.53570925959008));
#3949=CARTESIAN_POINT('',(-5.78405412947558E-16,-1.36957276585321,-9.44607724203038));
#3950=CARTESIAN_POINT('',(-5.75644394513688E-16,-1.35546761758799,-9.40098638912825));
#3951=CARTESIAN_POINT('',(-5.728462470407E-16,-1.34306707315904,-9.35528917300135));
#3952=CARTESIAN_POINT('',(-3.43435410190598E-16,-4.2624846902401,-11.217451772371));
#3953=AXIS2_PLACEMENT_3D('',#3954,#3955,#3956);
#3954=CARTESIAN_POINT('',(0.,0.,0.));
#3955=DIRECTION('',(-1.,0.,6.12323399573677E-17));
#3956=DIRECTION('',(-5.90919367482106E-17,-0.26208584787786,-0.965044562878908));
#3957=CARTESIAN_POINT('',(0.,-4.41233692241702,-8.3580229440872));
#3958=CARTESIAN_POINT('',(-5.11781302283827E-16,-4.41233692241702,-8.35802294408721));
#3959=CARTESIAN_POINT('',(-5.14491365081752E-16,-4.42916481357014,-8.40228162830231));
#3960=CARTESIAN_POINT('',(-5.17232740985081E-16,-4.44425724326248,-8.44705169433667));
#3961=CARTESIAN_POINT('',(-5.22819445706167E-16,-4.47117026424809,-8.53828950633234));
#3962=CARTESIAN_POINT('',(-5.25679624113237E-16,-4.48249721981984,-8.58499976449104));
#3963=CARTESIAN_POINT('',(-5.31450513938471E-16,-4.50349361766696,-8.67924554750786));
#3964=CARTESIAN_POINT('',(-5.34382639249691E-16,-4.51246099152955,-8.72713078777895));
#3965=CARTESIAN_POINT('',(-5.40298803388549E-16,-4.52862398074397,-8.82374908038344));
#3966=CARTESIAN_POINT('',(-5.43294666536777E-16,-4.53542047358332,-8.87267523852656));
#3967=CARTESIAN_POINT('',(-5.49335122212375E-16,-4.54727836457494,-8.97132336596712));
#3968=CARTESIAN_POINT('',(-5.52387729947946E-16,-4.55205917800905,-9.02117623354815));
#3969=CARTESIAN_POINT('',(-5.58538174647138E-16,-4.55993323485957,-9.12162061805924));
#3970=CARTESIAN_POINT('',(-5.61641976534643E-16,-4.56280918810729,-9.17230954958899));
#3971=CARTESIAN_POINT('',(-5.67891513972888E-16,-4.56691491085325,-9.27437224133972));
#3972=CARTESIAN_POINT('',(-5.71041939441498E-16,-4.56796646023093,-9.32582259373199));
#3973=CARTESIAN_POINT('',(-5.77381681500878E-16,-4.56845685574698,-9.42935843874126));
#3974=CARTESIAN_POINT('',(-5.80574821381747E-16,-4.567743832049,-9.48150637042395));
#3975=CARTESIAN_POINT('',(-5.86997171040843E-16,-4.56473158255084,-9.58639129991656));
#3976=CARTESIAN_POINT('',(-5.90229577780129E-16,-4.56229935737664,-9.63918050806273));
#3977=CARTESIAN_POINT('',(-5.96727819003515E-16,-4.55586955303874,-9.74530484085665));
#3978=CARTESIAN_POINT('',(-5.99996376784305E-16,-4.55175309618731,-9.79868444031448));
#3979=CARTESIAN_POINT('',(-6.06564421222699E-16,-4.54197113680401,-9.90594874612031));
#3980=CARTESIAN_POINT('',(-6.09866260202408E-16,-4.5361976950843,-9.95987186880365));
#3981=CARTESIAN_POINT('',(-6.16498480167872E-16,-4.52311446528972,-10.0681842405027));
#3982=CARTESIAN_POINT('',(-6.19830914622696E-16,-4.51570543234877,-10.1226070252133));
#3983=CARTESIAN_POINT('',(-6.26522029149822E-16,-4.49936087773136,-10.2318812180954));
#3984=CARTESIAN_POINT('',(-6.29882516377992E-16,-4.49033317844189,-10.286762139362));
#3985=CARTESIAN_POINT('',(-6.36627510516544E-16,-4.47075884009618,-10.3969162530746));
#3986=CARTESIAN_POINT('',(-6.40013617543351E-16,-4.46012586734114,-10.4522155774049));
#3987=CARTESIAN_POINT('',(-6.46807683658922E-16,-4.43734675202261,-10.5631710973197));
#3988=CARTESIAN_POINT('',(-6.50217065950261E-16,-4.42511918080332,-10.6188505355661));
#3989=CARTESIAN_POINT('',(-6.57055559892922E-16,-4.39915516797412,-10.7305316169591));
#3990=CARTESIAN_POINT('',(-6.60485941493284E-16,-4.38534147653954,-10.7865539999474));
#3991=CARTESIAN_POINT('',(-6.6736434839266E-16,-4.3562083854916,-10.8988869093898));
#3992=CARTESIAN_POINT('',(-6.70813509073193E-16,-4.34081532476407,-10.9552159780312));
#3993=CARTESIAN_POINT('',(-6.77727418361247E-16,-4.30852576785258,-11.0681286854807));
#3994=CARTESIAN_POINT('',(-6.81193183018108E-16,-4.29155873148577,-11.1247289176337));
#3995=CARTESIAN_POINT('',(-6.85387799360327E-16,-4.27015651139661,-11.1932322011133));
#3996=CARTESIAN_POINT('',(-6.86129603253595E-16,-4.26633638607683,-11.2053467780474));
#3997=CARTESIAN_POINT('',(-6.86870820492005E-16,-4.26248468529528,-11.2174517741806));
#3998=CARTESIAN_POINT('',(0.,-4.32992812272755,-6.12386499619295));
#3999=CARTESIAN_POINT('',(-3.74978583431851E-16,-4.32992812425107,-6.12386499834769));
#4000=CARTESIAN_POINT('',(-3.75678604179351E-16,-4.31376196052747,-6.13529720472732));
#4001=CARTESIAN_POINT('',(-3.76406173351567E-16,-4.29795497879935,-6.14717931102479));
#4002=CARTESIAN_POINT('',(-3.77918244727325E-16,-4.26702181568797,-6.17187331058142));
#4003=CARTESIAN_POINT('',(-3.78704283994538E-16,-4.2518726266839,-6.18471030599528));
#4004=CARTESIAN_POINT('',(-3.80330100638258E-16,-4.22232271349611,-6.21126190674828));
#4005=CARTESIAN_POINT('',(-3.81173085836003E-16,-4.20787817498592,-6.22502889978386));
#4006=CARTESIAN_POINT('',(-3.82912441627268E-16,-4.17975452815462,-6.25343473553137));
#4007=CARTESIAN_POINT('',(-3.83812423592193E-16,-4.16603794739794,-6.26813255641412));
#4008=CARTESIAN_POINT('',(-3.85665789142773E-16,-4.13938967369972,-6.2984003128296));
#4009=CARTESIAN_POINT('',(-3.86623183789493E-16,-4.12642759541032,-6.31403575396065));
#4010=CARTESIAN_POINT('',(-3.88591820444092E-16,-4.10131056027724,-6.34618603036638));
#4011=CARTESIAN_POINT('',(-3.89607473579196E-16,-4.08913323303423,-6.3627729048156));
#4012=CARTESIAN_POINT('',(-3.9169358921771E-16,-4.06561119006488,-6.39684175862661));
#4013=CARTESIAN_POINT('',(-3.92768866277336E-16,-4.05425326540859,-6.41440236565835));
#4014=CARTESIAN_POINT('',(-3.94975822562246E-16,-4.03239965809522,-6.45044469698926));
#4015=CARTESIAN_POINT('',(-3.96112726014354E-16,-4.02190137019885,-6.46901173938711));
#4016=CARTESIAN_POINT('',(-3.98445309498284E-16,-4.00180197710908,-6.50710571857448));
#4017=CARTESIAN_POINT('',(-3.99646632024487E-16,-3.99221070467907,-6.52672480429029));
#4018=CARTESIAN_POINT('',(-4.02111411385876E-16,-3.97396740842478,-6.56697770599395));
#4019=CARTESIAN_POINT('',(-4.0338093847968E-16,-3.96534000375607,-6.58771065682822));
#4020=CARTESIAN_POINT('',(-4.0598673274424E-16,-3.94907618259374,-6.63026650666794));
#4021=CARTESIAN_POINT('',(-4.07329506946533E-16,-3.94148222765799,-6.65219567356288));
#4022=CARTESIAN_POINT('',(-4.10088004942548E-16,-3.92735039458569,-6.69724536459112));
#4023=CARTESIAN_POINT('',(-4.11510677512529E-16,-3.92087682026069,-6.7204793708527));
#4024=CARTESIAN_POINT('',(-4.14437267800396E-16,-3.90906957493559,-6.76827421733259));
#4025=CARTESIAN_POINT('',(-4.15948572257753E-16,-3.90382738502444,-6.79295569216124));
#4026=CARTESIAN_POINT('',(-4.19063463812103E-16,-3.89459325264541,-6.84382573169458));
#4027=CARTESIAN_POINT('',(-4.20674854212757E-16,-3.8907271873519,-6.8701417340191));
#4028=CARTESIAN_POINT('',(-4.24004610782271E-16,-3.88439383465693,-6.92452078554372));
#4029=CARTESIAN_POINT('',(-4.25731142214423E-16,-3.88209674334932,-6.952717183613));
#4030=CARTESIAN_POINT('',(-4.29310815356233E-16,-3.87910564762489,-7.01117768249811));
#4031=CARTESIAN_POINT('',(-4.31172369588098E-16,-3.87864008302272,-7.04157917022764));
#4032=CARTESIAN_POINT('',(-4.35048509633482E-16,-3.87959931052204,-7.10488134107531));
#4033=CARTESIAN_POINT('',(-4.37071531542209E-16,-3.88133074257389,-7.1379197960835));
#4034=CARTESIAN_POINT('',(-4.41306514470501E-16,-3.88709722582721,-7.20708231594212));
#4035=CARTESIAN_POINT('',(-4.43526512405965E-16,-3.89154645121035,-7.2433376335898));
#4036=CARTESIAN_POINT('',(-4.48204873917904E-16,-3.90335771520256,-7.31974107522204));
#4037=CARTESIAN_POINT('',(-4.50670081871941E-16,-3.91128582535262,-7.36000097637482));
#4038=CARTESIAN_POINT('',(-4.55907978289702E-16,-3.93097746201549,-7.44554231648052));
#4039=CARTESIAN_POINT('',(-4.58684815335598E-16,-3.94352830815039,-7.49089150692187));
#4040=CARTESIAN_POINT('',(-4.64644449852343E-16,-3.97390600972416,-7.5882197246724));
#4041=CARTESIAN_POINT('',(-4.67825784676307E-16,-3.9928541299566,-7.64017486514521));
#4042=CARTESIAN_POINT('',(-4.74737851810055E-16,-4.03835688699542,-7.75305748793179));
#4043=CARTESIAN_POINT('',(-4.78455644479894E-16,-4.06655848278788,-7.81377364988849));
#4044=CARTESIAN_POINT('',(-4.86654852194047E-16,-4.13449945440364,-7.94767687357489));
#4045=CARTESIAN_POINT('',(-4.91099430542843E-16,-4.17675612701014,-8.02026234641312));
#4046=CARTESIAN_POINT('',(-5.01081086011062E-16,-4.27978194130779,-8.18327515100574));
#4047=CARTESIAN_POINT('',(-5.06534194618723E-16,-4.3434371311611,-8.27233117289641));
#4048=CARTESIAN_POINT('',(-5.11781302283827E-16,-4.41233692241702,-8.35802294408721));
#4049=CARTESIAN_POINT('',(0.,-4.48612033313634,-6.01038470865803));
#4050=AXIS2_PLACEMENT_3D('',#4051,#4052,#4053);
#4051=CARTESIAN_POINT('',(0.,0.,0.));
#4052=DIRECTION('',(1.,-6.16297582203915E-33,-6.12323399573677E-17));
#4053=DIRECTION('',(-4.90706559719503E-17,-0.598149377807608,-0.801384627896226));
#4054=CARTESIAN_POINT('',(0.,-6.58546509359273,-6.77915290980754));
#4055=CARTESIAN_POINT('',(-4.15103395596314E-16,-6.58546509359273,-6.77915290980754));
#4056=CARTESIAN_POINT('',(-4.09469542343866E-16,-6.5252585778202,-6.68714510386105));
#4057=CARTESIAN_POINT('',(-4.04077452718891E-16,-6.46023180098202,-6.5990855975817));
#4058=CARTESIAN_POINT('',(-3.94993200383423E-16,-6.33703413980272,-6.45072849834635));
#4059=CARTESIAN_POINT('',(-3.91158914978238E-16,-6.28105928954711,-6.3881098656458));
#4060=CARTESIAN_POINT('',(-3.84668649787499E-16,-6.17470466996022,-6.28211579135013));
#4061=CARTESIAN_POINT('',(-3.81877457362079E-16,-6.12567493357516,-6.23653215976977));
#4062=CARTESIAN_POINT('',(-3.77091639079772E-16,-6.03237830603091,-6.15837381590051));
#4063=CARTESIAN_POINT('',(-3.75005100517335E-16,-5.98882132943804,-6.12429805521769));
#4064=CARTESIAN_POINT('',(-3.7139441398379E-16,-5.90564392071696,-6.065331069209));
#4065=CARTESIAN_POINT('',(-3.69805420465175E-16,-5.86639269879879,-6.03938083572583));
#4066=CARTESIAN_POINT('',(-3.67040070910839E-16,-5.79112309721127,-5.99421925025871));
#4067=CARTESIAN_POINT('',(-3.65816583091317E-16,-5.75528357604309,-5.97423817783238));
#4068=CARTESIAN_POINT('',(-3.63683056183695E-16,-5.68626946587453,-5.93939503923752));
#4069=CARTESIAN_POINT('',(-3.62737936733759E-16,-5.65316349563395,-5.92396006728325));
#4070=CARTESIAN_POINT('',(-3.6109344152193E-16,-5.58916797274863,-5.89710342236369));
#4071=CARTESIAN_POINT('',(-3.60367462612027E-16,-5.55828157819429,-5.88524728702069));
#4072=CARTESIAN_POINT('',(-3.5911380836865E-16,-5.49837405333557,-5.86477355950596));
#4073=CARTESIAN_POINT('',(-3.58565668821305E-16,-5.46931665133912,-5.85582176135931));
#4074=CARTESIAN_POINT('',(-3.57633676594169E-16,-5.41279311369386,-5.84060117322263));
#4075=CARTESIAN_POINT('',(-3.57233920989483E-16,-5.38526690718249,-5.83407266875972));
#4076=CARTESIAN_POINT('',(-3.56573794983034E-16,-5.33159224407783,-5.82329199294514));
#4077=CARTESIAN_POINT('',(-3.56300989882066E-16,-5.30536955882597,-5.81883674754447));
#4078=CARTESIAN_POINT('',(-3.55876189024979E-16,-5.25413577349428,-5.81189922306993));
#4079=CARTESIAN_POINT('',(-3.5571445148349E-16,-5.22904237106859,-5.80925784856748));
#4080=CARTESIAN_POINT('',(-3.55497685136902E-16,-5.17993813175785,-5.80571778547764));
#4081=CARTESIAN_POINT('',(-3.55435046149127E-16,-5.1558408336853,-5.80469481317544));
#4082=CARTESIAN_POINT('',(-3.55405596715045E-16,-5.10862905442897,-5.80421386741863));
#4083=CARTESIAN_POINT('',(-3.55432894330434E-16,-5.08542651648083,-5.80465967130931));
#4084=CARTESIAN_POINT('',(-3.5557479005947E-16,-5.0399277016968,-5.8069770044234));
#4085=CARTESIAN_POINT('',(-3.55684904710341E-16,-5.01754347936535,-5.80877531314307));
#4086=CARTESIAN_POINT('',(-3.55985651815785E-16,-4.97362320295569,-5.81368688610686));
#4087=CARTESIAN_POINT('',(-3.56172974531067E-16,-4.95200047346938,-5.81674609820641));
#4088=CARTESIAN_POINT('',(-3.56622663270609E-16,-4.90955988946624,-5.8240900726463));
#4089=CARTESIAN_POINT('',(-3.56882713240295E-16,-4.88865743516693,-5.82833701094505));
#4090=CARTESIAN_POINT('',(-3.57473380060181E-16,-4.84762600745134,-5.8379833321586));
#4091=CARTESIAN_POINT('',(-3.57802534176088E-16,-4.82741508621061,-5.84335882680956));
#4092=CARTESIAN_POINT('',(-3.58527704851813E-16,-4.78774497108061,-5.85520176268675));
#4093=CARTESIAN_POINT('',(-3.58923002757843E-16,-4.76820691568257,-5.86165746740594));
#4094=CARTESIAN_POINT('',(-3.59777361685672E-16,-4.72986859636372,-5.87561020754985));
#4095=CARTESIAN_POINT('',(-3.60236362515763E-16,-4.71099290721016,-5.88310625996938));
#4096=CARTESIAN_POINT('',(-3.61215514361571E-16,-4.67397178961429,-5.8990970231264));
#4097=CARTESIAN_POINT('',(-3.61736195308733E-16,-4.65575467142726,-5.90760038830114));
#4098=CARTESIAN_POINT('',(-3.62836497155923E-16,-4.62004843029046,-5.92556968112836));
#4099=CARTESIAN_POINT('',(-3.63417184333934E-16,-4.6024916365476,-5.9350530224218));
#4100=CARTESIAN_POINT('',(-3.64635630849973E-16,-4.56810813764132,-5.9549517641143));
#4101=CARTESIAN_POINT('',(-3.65274950542934E-16,-4.55121807020636,-5.96539264704325));
#4102=CARTESIAN_POINT('',(-3.66609100192332E-16,-4.51817380657448,-5.98718096430055));
#4103=CARTESIAN_POINT('',(-3.67304794940216E-16,-4.50198862628782,-5.99854252174501));
#4104=CARTESIAN_POINT('',(-3.68029919720598E-16,-4.48612033271562,-6.01038470809436));
#4105=CARTESIAN_POINT('',(-2.30241162447376E-16,-9.35125040140338,-7.52024706577205));
#4106=CARTESIAN_POINT('',(-4.60482324641061E-16,-9.35125040473523,-7.52024706162898));
#4107=CARTESIAN_POINT('',(-4.60477581318574E-16,-9.33854762914346,-7.52016959729412));
#4108=CARTESIAN_POINT('',(-4.60470817905828E-16,-9.32584549902035,-7.52005914238171));
#4109=CARTESIAN_POINT('',(-4.60420977456778E-16,-9.25408135099969,-7.5192451860788));
#4110=CARTESIAN_POINT('',(-4.60338080033501E-16,-9.1950082237175,-7.51789136841751));
#4111=CARTESIAN_POINT('',(-4.60081960569211E-16,-9.07764383235702,-7.51370862014318));
#4112=CARTESIAN_POINT('',(-4.59912532640719E-16,-9.0193149888801,-7.51094165208986));
#4113=CARTESIAN_POINT('',(-4.59483565741967E-16,-8.903477424704,-7.50393609099174));
#4114=CARTESIAN_POINT('',(-4.59227965569504E-16,-8.84592830677246,-7.49976182339653));
#4115=CARTESIAN_POINT('',(-4.5862677973821E-16,-8.73168996534666,-7.48994371368992));
#4116=CARTESIAN_POINT('',(-4.58285300287783E-16,-8.67495714559056,-7.48436693105081));
#4117=CARTESIAN_POINT('',(-4.57512369517194E-16,-8.56239304026851,-7.47174401363286));
#4118=CARTESIAN_POINT('',(-4.57085220281401E-16,-8.50651448712662,-7.46476813722359));
#4119=CARTESIAN_POINT('',(-4.56140822328492E-16,-8.39570289680298,-7.44934494820996));
#4120=CARTESIAN_POINT('',(-4.55628106999712E-16,-8.34071832768577,-7.44097167145561));
#4121=CARTESIAN_POINT('',(-4.54512270879518E-16,-8.2317416510384,-7.42274868469779));
#4122=CARTESIAN_POINT('',(-4.5391395971999E-16,-8.17769299028814,-7.41297752194384));
#4123=CARTESIAN_POINT('',(-4.5262639818001E-16,-8.07063886501793,-7.39195004625246));
#4124=CARTESIAN_POINT('',(-4.51942292592075E-16,-8.01757083844033,-7.38077775415302));
#4125=CARTESIAN_POINT('',(-4.50482311688062E-16,-7.91253362727932,-7.35693445655849));
#4126=CARTESIAN_POINT('',(-4.49711995447958E-16,-7.86049455119046,-7.34435423766372));
#4127=CARTESIAN_POINT('',(-4.48078370749213E-16,-7.75757739292857,-7.31767512169522));
#4128=CARTESIAN_POINT('',(-4.47221143642479E-16,-7.70662027750096,-7.30367554063509));
#4129=CARTESIAN_POINT('',(-4.45411948084108E-16,-7.60593794839104,-7.2741291349346));
#4130=CARTESIAN_POINT('',(-4.44466736901962E-16,-7.55612198109662,-7.25869266487965));
#4131=CARTESIAN_POINT('',(-4.42479090623621E-16,-7.45780508145011,-7.22623193775858));
#4132=CARTESIAN_POINT('',(-4.41444318455009E-16,-7.40919783459596,-7.20933282579696));
#4133=CARTESIAN_POINT('',(-4.39274006612168E-16,-7.31339918445869,-7.17388894362043));
#4134=CARTESIAN_POINT('',(-4.38147396280888E-16,-7.26607986542381,-7.15549000064253));
#4135=CARTESIAN_POINT('',(-4.35788255324487E-16,-7.17298479720251,-7.11696230501561));
#4136=CARTESIAN_POINT('',(-4.34566535407133E-16,-7.12704925479158,-7.09701010462274));
#4137=CARTESIAN_POINT('',(-4.32009382756734E-16,-7.03689360109725,-7.05524863262642));
#4138=CARTESIAN_POINT('',(-4.30687813181667E-16,-6.99246229272324,-7.0336657635741));
#4139=CARTESIAN_POINT('',(-4.27918359483524E-16,-6.90556747349043,-6.98843715235213));
#4140=CARTESIAN_POINT('',(-4.26490064373871E-16,-6.86279697361973,-6.96511132304938));
#4141=CARTESIAN_POINT('',(-4.23484027638253E-16,-6.7796521490268,-6.91601901761551));
#4142=CARTESIAN_POINT('',(-4.21940554284213E-16,-6.73872827119075,-6.89081218483541));
#4143=CARTESIAN_POINT('',(-4.18646876541758E-16,-6.66027253748936,-6.83702234527107));
#4144=CARTESIAN_POINT('',(-4.16920830676692E-16,-6.62235749448547,-6.8088338771141));
#4145=CARTESIAN_POINT('',(-4.15103395596314E-16,-6.58546509359273,-6.77915290980754));
#4146=CARTESIAN_POINT('',(-2.01138546080353E-16,-10.041875272769,-6.56968347838391));
#4147=AXIS2_PLACEMENT_3D('',#4148,#4149,#4150);
#4148=CARTESIAN_POINT('',(0.,0.,0.));
#4149=DIRECTION('',(-1.,0.,6.12323399573677E-17));
#4150=DIRECTION('',(-3.83735270745626E-17,-0.779270866783615,-0.626687255481005));
#4151=CARTESIAN_POINT('',(0.,-8.48237818,-4.16827603));
#4152=CARTESIAN_POINT('',(-2.55233294905107E-16,-8.48237818,-4.16827603));
#4153=CARTESIAN_POINT('',(-2.56820121285594E-16,-8.52200683178987,-4.19419087143171));
#4154=CARTESIAN_POINT('',(-2.58494742303338E-16,-8.56053204845654,-4.22153950809837));
#4155=CARTESIAN_POINT('',(-2.62045842274986E-16,-8.63593338014636,-4.27953337170248));
#4156=CARTESIAN_POINT('',(-2.63952101472485E-16,-8.67255268057489,-4.31066494692606));
#4157=CARTESIAN_POINT('',(-2.67865158266333E-16,-8.74493540460192,-4.37457001402904));
#4158=CARTESIAN_POINT('',(-2.69914548537762E-16,-8.78033640048549,-4.40803909707985));
#4159=CARTESIAN_POINT('',(-2.74119096184532E-16,-8.85020334093446,-4.47670457107118));
#4160=CARTESIAN_POINT('',(-2.7629818464067E-16,-8.88445989335149,-4.51229178622016));
#4161=CARTESIAN_POINT('',(-2.80758233050913E-16,-8.95203704315699,-4.58512990433467));
#4162=CARTESIAN_POINT('',(-2.83055776100119E-16,-8.98520758282074,-4.62265162979552));
#4163=CARTESIAN_POINT('',(-2.87748191532238E-16,-9.0506175565187,-4.69928458936208));
#4164=CARTESIAN_POINT('',(-2.90155710231747E-16,-9.08273845797878,-4.73860235349105));
#4165=CARTESIAN_POINT('',(-2.9506392124405E-16,-9.1460510024748,-4.81875952232897));
#4166=CARTESIAN_POINT('',(-2.97574822183583E-16,-9.1771434821532,-4.85976564656464));
#4167=CARTESIAN_POINT('',(-3.02686131195842E-16,-9.23839706323973,-4.94323965745198));
#4168=CARTESIAN_POINT('',(-3.05295098393342E-16,-9.26847200013133,-4.98584732521899));
#4169=CARTESIAN_POINT('',(-3.10599303687941E-16,-9.32768485383951,-5.07247157146357));
#4170=CARTESIAN_POINT('',(-3.13301915023366E-16,-9.35674586036794,-5.11660856406107));
#4171=CARTESIAN_POINT('',(-3.18790520693357E-16,-9.41392235711373,-5.206244296973));
#4172=CARTESIAN_POINT('',(-3.21582996803528E-16,-9.4419678148989,-5.25184889271628));
#4173=CARTESIAN_POINT('',(-3.27248723436374E-16,-9.49710242056958,-5.34437723046706));
#4174=CARTESIAN_POINT('',(-3.30127761917259E-16,-9.52412682437312,-5.39139549700546));
#4175=CARTESIAN_POINT('',(-3.35964225205181E-16,-9.57720668385351,-5.48671217593664));
#4176=CARTESIAN_POINT('',(-3.38926883271853E-16,-9.60320156053396,-5.53509605394514));
#4177=CARTESIAN_POINT('',(-3.44928373123784E-16,-9.65420829711527,-5.6331078211928));
#4178=CARTESIAN_POINT('',(-3.47971984536312E-16,-9.67916293112271,-5.68281376766891));
#4179=CARTESIAN_POINT('',(-3.54133308562042E-16,-9.728073922267,-5.7834358250657));
#4180=CARTESIAN_POINT('',(-3.57255422973044E-16,-9.75197579391054,-5.83442382279983));
#4181=CARTESIAN_POINT('',(-3.63571791684835E-16,-9.7987651207674,-5.93757795207512));
#4182=CARTESIAN_POINT('',(-3.66770128117423E-16,-9.82160036050822,-5.98981074988777));
#4183=CARTESIAN_POINT('',(-3.73237068828065E-16,-9.8662395254901,-6.09542390651619));
#4184=CARTESIAN_POINT('',(-3.76509480850944E-16,-9.88799314488329,-6.14886645052409));
#4185=CARTESIAN_POINT('',(-3.83122771594062E-16,-9.93045160664417,-6.25686968456223));
#4186=CARTESIAN_POINT('',(-3.86467220028762E-16,-9.95110775474294,-6.31148867245373));
#4187=CARTESIAN_POINT('',(-3.93222838642702E-16,-9.99135337869593,-6.42181629701688));
#4188=CARTESIAN_POINT('',(-3.96637369667745E-16,-10.0108955396669,-6.47757982046578));
#4189=CARTESIAN_POINT('',(-4.008011828585E-16,-10.0338459996603,-6.54558005030599));
#4190=CARTESIAN_POINT('',(-4.01538806726702E-16,-10.0378762230156,-6.55762636225022));
#4191=CARTESIAN_POINT('',(-4.02277092428323E-16,-10.0418752698322,-6.56968348275444));
#4192=CARTESIAN_POINT('',(0.,-7.10250296750092,-2.40924295915229));
#4193=CARTESIAN_POINT('',(-1.47523583966615E-16,-7.10250297,-2.40924296));
#4194=CARTESIAN_POINT('',(-1.48671756586076E-16,-7.09614395112487,-2.4279940418672));
#4195=CARTESIAN_POINT('',(-1.49829288862582E-16,-7.09033996112487,-2.44689797853387));
#4196=CARTESIAN_POINT('',(-1.52165910202747E-16,-7.07982927523749,-2.4850579009179));
#4197=CARTESIAN_POINT('',(-1.53347070855048E-16,-7.07511872047022,-2.5043477182452));
#4198=CARTESIAN_POINT('',(-1.5572592885689E-16,-7.06681897786636,-2.54319741766055));
#4199=CARTESIAN_POINT('',(-1.56927798330185E-16,-7.06322513621044,-2.56282543570023));
#4200=CARTESIAN_POINT('',(-1.59347178014285E-16,-7.05716915931155,-2.60233690440751));
#4201=CARTESIAN_POINT('',(-1.60568958573834E-16,-7.05471137473039,-2.62229009516259));
#4202=CARTESIAN_POINT('',(-1.63027473248211E-16,-7.05094340927879,-2.66244068676318));
#4203=CARTESIAN_POINT('',(-1.64268545992832E-16,-7.04964714937015,-2.68270894281032));
#4204=CARTESIAN_POINT('',(-1.66765205427968E-16,-7.0482244994276,-2.72348248562895));
#4205=CARTESIAN_POINT('',(-1.68025165938848E-16,-7.04812235492482,-2.7440592023077));
#4206=CARTESIAN_POINT('',(-1.705594617616E-16,-7.04911779225282,-2.78544739398087));
#4207=CARTESIAN_POINT('',(-1.71838167540029E-16,-7.0502509040196,-2.80633024411071));
#4208=CARTESIAN_POINT('',(-1.7441017605349E-16,-7.05375611512924,-2.84833433076249));
#4209=CARTESIAN_POINT('',(-1.75707799043187E-16,-7.05617625550938,-2.86952612239743));
#4210=CARTESIAN_POINT('',(-1.7831830535334E-16,-7.06230658409061,-2.91215892578158));
#4211=CARTESIAN_POINT('',(-1.79635399652069E-16,-7.06607889094426,-2.93366870802485));
#4212=CARTESIAN_POINT('',(-1.82286051026802E-16,-7.07497981622452,-2.97695713006749));
#4213=CARTESIAN_POINT('',(-1.83623632965678E-16,-7.08018662196707,-2.99880150086578));
#4214=CARTESIAN_POINT('',(-1.86317123582294E-16,-7.09204261518783,-3.04278954082132));
#4215=CARTESIAN_POINT('',(-1.87676768305397E-16,-7.0987886174862,-3.06499422422962));
#4216=CARTESIAN_POINT('',(-1.90417065458178E-16,-7.11383526837576,-3.10974667293057));
#4217=CARTESIAN_POINT('',(-1.91801025177466E-16,-7.12225464296472,-3.13234845036145));
#4218=CARTESIAN_POINT('',(-1.94593646529203E-16,-7.14079548673642,-3.17795541807951));
#4219=CARTESIAN_POINT('',(-1.96004991620879E-16,-7.15106187291967,-3.20100443258162));
#4220=CARTESIAN_POINT('',(-1.98857341789147E-16,-7.17349196191796,-3.24758684589873));
#4221=CARTESIAN_POINT('',(-2.00300129366922E-16,-7.18583240745979,-3.27114935516721));
#4222=CARTESIAN_POINT('',(-2.0322190566945E-16,-7.21267182201801,-3.31886558330027));
#4223=CARTESIAN_POINT('',(-2.04701374623976E-16,-7.22738686306542,-3.34302714491227));
#4224=CARTESIAN_POINT('',(-2.07705044951244E-16,-7.25932923487888,-3.39208080396498));
#4225=CARTESIAN_POINT('',(-2.09227830313505E-16,-7.27682213133891,-3.41694977619959));
#4226=CARTESIAN_POINT('',(-2.12329169478495E-16,-7.3148062451497,-3.46759848841849));
#4227=CARTESIAN_POINT('',(-2.13903511804148E-16,-7.33562651971659,-3.49330944976259));
#4228=CARTESIAN_POINT('',(-2.17122140775821E-16,-7.38094441185059,-3.54587364988811));
#4229=CARTESIAN_POINT('',(-2.18758022687249E-16,-7.40585425182784,-3.57258962893721));
#4230=CARTESIAN_POINT('',(-2.22117791945234E-16,-7.4603185813384,-3.62745882486087));
#4231=CARTESIAN_POINT('',(-2.23826842764714E-16,-7.49039673333943,-3.65536974286057));
#4232=CARTESIAN_POINT('',(-2.27355659102337E-16,-7.55660754022222,-3.71299968710375));
#4233=CARTESIAN_POINT('',(-2.29150444106243E-16,-7.59341697338397,-3.74231075059007));
#4234=CARTESIAN_POINT('',(-2.32878551685346E-16,-7.67520114123287,-3.80319536779887));
#4235=CARTESIAN_POINT('',(-2.34770334990224E-16,-7.72106895786308,-3.83409053375521));
#4236=CARTESIAN_POINT('',(-2.38724603817058E-16,-7.82423220251244,-3.89866864443311));
#4237=CARTESIAN_POINT('',(-2.40717344481403E-16,-7.88273583735098,-3.93121256919138));
#4238=CARTESIAN_POINT('',(-2.4490534766613E-16,-8.01640757811977,-3.9996078516131));
#4239=CARTESIAN_POINT('',(-2.46980207471255E-16,-8.09325861484915,-4.03349288371492));
#4240=CARTESIAN_POINT('',(-2.51347486244413E-16,-8.27242477194964,-4.10481595868148));
#4241=CARTESIAN_POINT('',(-2.53468100154009E-16,-8.37626871861631,-4.13944821201482));
#4242=CARTESIAN_POINT('',(-2.55233294905107E-16,-8.48237818,-4.16827603));
#4243=CARTESIAN_POINT('',(0.,-7.16216308067168,-2.22562800020872));
#4244=AXIS2_PLACEMENT_3D('',#4245,#4246,#4247);
#4245=CARTESIAN_POINT('',(0.,0.,0.));
#4246=DIRECTION('',(1.,0.,-6.12323399573677E-17));
#4247=DIRECTION('',(-1.8170721378693E-17,-0.954955077512448,-0.29675040005566));
#4248=CARTESIAN_POINT('',(0.,-9.31243928,-1.61361065));
#4249=CARTESIAN_POINT('',(-9.8805155879629E-17,-9.31243928,-1.61361065));
#4250=CARTESIAN_POINT('',(-9.64141936434885E-17,-9.20965035413678,-1.57456327343714));
#4251=CARTESIAN_POINT('',(-9.43923105547316E-17,-9.10528250747011,-1.54154341677047));
#4252=CARTESIAN_POINT('',(-9.14770605158464E-17,-8.91841139090538,-1.49393377061102));
#4253=CARTESIAN_POINT('',(-9.03896754034444E-17,-8.8363204769709,-1.47617542407129));
#4254=CARTESIAN_POINT('',(-8.89667992824508E-17,-8.68797602859343,-1.45293809356939));
#4255=CARTESIAN_POINT('',(-8.84733292849441E-17,-8.62151675223933,-1.44487911692649));
#4256=CARTESIAN_POINT('',(-8.7959403397154E-17,-8.5000978731682,-1.43648607024319));
#4257=CARTESIAN_POINT('',(-8.78390376998295E-17,-8.44483030929097,-1.43452034923027));
#4258=CARTESIAN_POINT('',(-8.79116078432474E-17,-8.3428784473395,-1.43570550961232));
#4259=CARTESIAN_POINT('',(-8.80387941171826E-17,-8.29587037722277,-1.4377826190944));
#4260=CARTESIAN_POINT('',(-8.85106426680859E-17,-8.20843067647091,-1.44548849071766));
#4261=CARTESIAN_POINT('',(-8.88107371512509E-17,-8.16769131507841,-1.4503894055508));
#4262=CARTESIAN_POINT('',(-8.95685966516167E-17,-8.09137744409074,-1.46276619044737));
#4263=CARTESIAN_POINT('',(-8.99955113701361E-17,-8.05552170266657,-1.46973823689891));
#4264=CARTESIAN_POINT('',(-9.09683795076548E-17,-7.98796229727867,-1.48562637931182));
#4265=CARTESIAN_POINT('',(-9.14926968635056E-17,-7.95600581768543,-1.49418913154726));
#4266=CARTESIAN_POINT('',(-9.26346289430224E-17,-7.89550545689117,-1.51283829766294));
#4267=CARTESIAN_POINT('',(-9.32369932412755E-17,-7.86673578993156,-1.52267565319553));
#4268=CARTESIAN_POINT('',(-9.45173606963174E-17,-7.8120608501564,-1.54358564056386));
#4269=CARTESIAN_POINT('',(-9.51846601550363E-17,-7.7859543226552,-1.55448346774446));
#4270=CARTESIAN_POINT('',(-9.65824368305323E-17,-7.73619388578262,-1.5773108931943));
#4271=CARTESIAN_POINT('',(-9.7305525762603E-17,-7.71236056023387,-1.58911983161759));
#4272=CARTESIAN_POINT('',(-9.88058337128073E-17,-7.66683378264082,-1.61362171985588));
#4273=CARTESIAN_POINT('',(-9.95781336431373E-17,-7.64498023265343,-1.62623433487055));
#4274=CARTESIAN_POINT('',(-1.01170099563713E-16,-7.60317327167879,-1.6522331113616));
#4275=CARTESIAN_POINT('',(-1.01986720651768E-16,-7.58307685998684,-1.66556954581149));
#4276=CARTESIAN_POINT('',(-1.03662116725451E-16,-7.54459903541079,-1.69293084010222));
#4277=CARTESIAN_POINT('',(-1.04519294324936E-16,-7.52608982485047,-1.70692961264761));
#4278=CARTESIAN_POINT('',(-1.06271659444254E-16,-7.49064260469538,-1.73554790684538));
#4279=CARTESIAN_POINT('',(-1.07166385053854E-16,-7.47359040776786,-1.75015988493119));
#4280=CARTESIAN_POINT('',(-1.08990449725418E-16,-7.44094510790848,-1.77994912167821));
#4281=CARTESIAN_POINT('',(-1.09920230727086E-16,-7.42525011204503,-1.79513359776251));
#4282=CARTESIAN_POINT('',(-1.11811535412288E-16,-7.39523163820427,-1.82602094726636));
#4283=CARTESIAN_POINT('',(-1.1277423023854E-16,-7.38081748515138,-1.84174294689796));
#4284=CARTESIAN_POINT('',(-1.14728870985413E-16,-7.3532923281742,-1.87366465278465));
#4285=CARTESIAN_POINT('',(-1.15722582951503E-16,-7.34010098589809,-1.889893200751));
#4286=CARTESIAN_POINT('',(-1.17737043967388E-16,-7.31496829164157,-1.92279184576909));
#4287=CARTESIAN_POINT('',(-1.18760049955397E-16,-7.30295624081461,-1.93949880141903));
#4288=CARTESIAN_POINT('',(-1.20831093178531E-16,-7.28014110383555,-1.97332150400684));
#4289=CARTESIAN_POINT('',(-1.21881796382271E-16,-7.26927641959239,-1.99048078951629));
#4290=CARTESIAN_POINT('',(-1.24006391175287E-16,-7.24872484106318,-2.02517805560958));
#4291=CARTESIAN_POINT('',(-1.25083291707144E-16,-7.2389850355059,-2.04276517595493));
#4292=CARTESIAN_POINT('',(-1.27258574578262E-16,-7.22066016493894,-2.07829024118406));
#4293=CARTESIAN_POINT('',(-1.28360255125607E-16,-7.21203058858898,-2.09628204989351));
#4294=CARTESIAN_POINT('',(-1.30583511609085E-16,-7.19590994055375,-2.13259058366874));
#4295=CARTESIAN_POINT('',(-1.31708630399944E-16,-7.18838258596928,-2.15096516794304));
#4296=CARTESIAN_POINT('',(-1.33977291643246E-16,-7.17445606668059,-2.1880152177187));
#4297=CARTESIAN_POINT('',(-1.3512264888949E-16,-7.16804013668059,-2.20672032105204));
#4298=CARTESIAN_POINT('',(-1.36280410314636E-16,-7.16216308,-2.225628));
#4299=CARTESIAN_POINT('',(-1.79864059598762E-17,-11.9856108122474,-0.587480601668955));
#4300=CARTESIAN_POINT('',(-3.59728115945945E-17,-11.9856108125077,-0.587480596358725));
#4301=CARTESIAN_POINT('',(-3.64261656868675E-17,-11.9752885187846,-0.594884430551386));
#4302=CARTESIAN_POINT('',(-3.68778622604264E-17,-11.9649473558817,-0.602261195409193));
#4303=CARTESIAN_POINT('',(-3.94204374116516E-17,-11.9064105090353,-0.643784598777339));
#4304=CARTESIAN_POINT('',(-4.14795004625783E-17,-11.8578235910975,-0.677411650305344));
#4305=CARTESIAN_POINT('',(-4.54964120104462E-17,-11.7604152462027,-0.743012794254189));
#4306=CARTESIAN_POINT('',(-4.74586825465588E-17,-11.7115998375524,-0.775059104055168));
#4307=CARTESIAN_POINT('',(-5.12808048332225E-17,-11.6137675140494,-0.837479097955855));
#4308=CARTESIAN_POINT('',(-5.31452970937591E-17,-11.5647557266999,-0.867928567334858));
#4309=CARTESIAN_POINT('',(-5.67705329653751E-17,-11.4665640269863,-0.927133162066009));
#4310=CARTESIAN_POINT('',(-5.85361676622289E-17,-11.4173882610743,-0.955968164910634));
#4311=CARTESIAN_POINT('',(-6.19622007467994E-17,-11.318902422213,-1.01191953124672));
#4312=CARTESIAN_POINT('',(-6.36277808232536E-17,-11.2695954058249,-1.03912051813721));
#4313=CARTESIAN_POINT('',(-6.68520184586857E-17,-11.1708814230338,-1.09177631469303));
#4314=CARTESIAN_POINT('',(-6.84161983157936E-17,-11.1214762836001,-1.11732131033091));
#4315=CARTESIAN_POINT('',(-7.14356983265002E-17,-11.0226010973329,-1.16663348773273));
#4316=CARTESIAN_POINT('',(-7.28969449873512E-17,-10.9731314668982,-1.19049745670515));
#4317=CARTESIAN_POINT('',(-7.57083207718097E-17,-10.8741632201323,-1.23641070755292));
#4318=CARTESIAN_POINT('',(-7.70648638201899E-17,-10.8246633762427,-1.25856473676893));
#4319=CARTESIAN_POINT('',(-7.9664157712613E-17,-10.7256717486796,-1.30101442747539));
#4320=CARTESIAN_POINT('',(-8.09139214413609E-17,-10.6761767846152,-1.32142461806451));
#4321=CARTESIAN_POINT('',(-8.32964307402138E-17,-10.5772334636581,-1.36033394768529));
#4322=CARTESIAN_POINT('',(-8.44369407500858E-17,-10.5277795440074,-1.37895988964123));
#4323=CARTESIAN_POINT('',(-8.6596975461473E-17,-10.4289588871952,-1.4142359335241));
#4324=CARTESIAN_POINT('',(-8.76252332644209E-17,-10.3795835936171,-1.43102865782084));
#4325=CARTESIAN_POINT('',(-8.9555763035663E-17,-10.2809636142883,-1.46255660159346));
#4326=CARTESIAN_POINT('',(-9.0468060857426E-17,-10.2317064767457,-1.47745555568207));
#4327=CARTESIAN_POINT('',(-9.21601755901253E-17,-10.1333703495191,-1.50508988639485));
#4328=CARTESIAN_POINT('',(-9.29518203667378E-17,-10.0842735889174,-1.51801842672442));
#4329=CARTESIAN_POINT('',(-9.43938632598728E-17,-9.98631208533959,-1.54156877436978));
#4330=CARTESIAN_POINT('',(-9.50587586151704E-17,-9.9374218417416,-1.55242733956197));
#4331=CARTESIAN_POINT('',(-9.62348128436216E-17,-9.83993760841044,-1.57163376265915));
#4332=CARTESIAN_POINT('',(-9.6764788540164E-17,-9.79130583272244,-1.58028892261076));
#4333=CARTESIAN_POINT('',(-9.76517253991401E-17,-9.69442173658202,-1.59477370074587));
#4334=CARTESIAN_POINT('',(-9.80355833910409E-17,-9.64610909686706,-1.60104257748923));
#4335=CARTESIAN_POINT('',(-9.85961527460741E-17,-9.54998778764199,-1.61019736980035));
#4336=CARTESIAN_POINT('',(-9.8820366945988E-17,-9.50206347043175,-1.61385906556553));
#4337=CARTESIAN_POINT('',(-9.8979462580987E-17,-9.40697457414208,-1.61645729446074));
#4338=CARTESIAN_POINT('',(-9.89476801390399E-17,-9.35973189414208,-1.61593824779408));
#4339=CARTESIAN_POINT('',(-9.8805155879629E-17,-9.31243928,-1.61361065));
#4340=CARTESIAN_POINT('',(1.79864061848504E-17,-11.9856108118873,0.587480609017172));
#4341=AXIS2_PLACEMENT_3D('',#4342,#4343,#4344);
#4342=CARTESIAN_POINT('',(0.,0.,0.));
#4343=DIRECTION('',(-1.,0.,6.12323399573677E-17));
#4344=DIRECTION('',(-2.99773432664603E-18,-0.99880090102062,-0.0489567168057463));
#4345=CARTESIAN_POINT('',(0.,-9.31243927825345,1.61361065305573));
#4346=CARTESIAN_POINT('',(9.88051560667385E-17,-9.31243927825346,1.61361065305573));
#4347=CARTESIAN_POINT('',(9.89476798467897E-17,-9.35973189262468,1.61593824302127));
#4348=CARTESIAN_POINT('',(9.89794620251348E-17,-9.40697457292297,1.61645728538299));
#4349=CARTESIAN_POINT('',(9.88203662946452E-17,-9.50206346940849,1.61385905492829));
#4350=CARTESIAN_POINT('',(9.85961525287953E-17,-9.54998778657434,1.61019736625191));
#4351=CARTESIAN_POINT('',(9.8035583461675E-17,-9.64610909640126,1.60104257864278));
#4352=CARTESIAN_POINT('',(9.76517256575091E-17,-9.69442173711388,1.59477370496535));
#4353=CARTESIAN_POINT('',(9.67647887965746E-17,-9.79130583223585,1.58028892679826));
#4354=CARTESIAN_POINT('',(9.62348127582776E-17,-9.83993760554466,1.57163376126537));
#4355=CARTESIAN_POINT('',(9.5058758514633E-17,-9.93742183980117,1.55242733792007));
#4356=CARTESIAN_POINT('',(9.43938635059734E-17,-9.98631208696819,1.5415687783889));
#4357=CARTESIAN_POINT('',(9.29518205466627E-17,-10.0842735907642,1.51801842966281));
#4358=CARTESIAN_POINT('',(9.21601753498111E-17,-10.1333703478282,1.50508988247022));
#4359=CARTESIAN_POINT('',(9.04680605461924E-17,-10.231706473991,1.47745555059924));
#4360=CARTESIAN_POINT('',(8.95557629522548E-17,-10.2809636135275,1.4625566002313));
#4361=CARTESIAN_POINT('',(8.76252333027968E-17,-10.3795835941421,1.43102865844756));
#4362=CARTESIAN_POINT('',(8.65969755825766E-17,-10.4289588879402,1.41423593550187));
#4363=CARTESIAN_POINT('',(8.44369407917042E-17,-10.5277795473091,1.37895989032091));
#4364=CARTESIAN_POINT('',(8.32964305318909E-17,-10.5772334687936,1.36033394428312));
#4365=CARTESIAN_POINT('',(8.09139212303866E-17,-10.6761767882238,1.32142461461904));
#4366=CARTESIAN_POINT('',(7.96641577521476E-17,-10.7256717490017,1.30101442812104));
#4367=CARTESIAN_POINT('',(7.70648639276313E-17,-10.8246633743165,1.25856473852358));
#4368=CARTESIAN_POINT('',(7.57083207903489E-17,-10.874163219916,1.23641070785569));
#4369=CARTESIAN_POINT('',(7.28969447818653E-17,-10.9731314664679,1.19049745334931));
#4370=CARTESIAN_POINT('',(7.14356977877696E-17,-11.0226010934112,1.1666334789346));
#4371=CARTESIAN_POINT('',(6.84161977513336E-17,-11.1214762814724,1.11732130111258));
#4372=CARTESIAN_POINT('',(6.68520182654861E-17,-11.1708814267627,1.09177631153784));
#4373=CARTESIAN_POINT('',(6.36277807147057E-17,-11.2695954112033,1.03912051636449));
#4374=CARTESIAN_POINT('',(6.19622005077464E-17,-11.3189024246724,1.01191952734269));
#4375=CARTESIAN_POINT('',(5.85361673621629E-17,-11.417388261156,0.955968160010186));
#4376=CARTESIAN_POINT('',(5.67705325981165E-17,-11.4665640264172,0.927133156068221));
#4377=CARTESIAN_POINT('',(5.31452966677282E-17,-11.5647557254165,0.867928560377245));
#4378=CARTESIAN_POINT('',(5.12808043898797E-17,-11.6137675124076,0.837479090715517));
#4379=CARTESIAN_POINT('',(4.74586820894049E-17,-11.7115998376947,0.775059096589277));
#4380=CARTESIAN_POINT('',(4.54964115289724E-17,-11.7604152481227,0.743012786391125));
#4381=CARTESIAN_POINT('',(4.147950028464E-17,-11.8578235924885,0.677411647399391));
#4382=CARTESIAN_POINT('',(3.94204376873397E-17,-11.90641050952,0.643784603279667));
#4383=CARTESIAN_POINT('',(3.6877862764112E-17,-11.964947353936,0.602261203635004));
#4384=CARTESIAN_POINT('',(3.64261661677174E-17,-11.9752885176269,0.594884438404259));
#4385=CARTESIAN_POINT('',(3.59728120474955E-17,-11.9856108120803,0.587480603755159));
#4386=CARTESIAN_POINT('',(0.,-7.16216308388593,2.22562800112818));
#4387=CARTESIAN_POINT('',(1.36280410431669E-16,-7.162163086406,2.22562800191129));
#4388=CARTESIAN_POINT('',(1.35122648855929E-16,-7.16804014145454,2.20672032050395));
#4389=CARTESIAN_POINT('',(1.33977291461684E-16,-7.1744560700923,2.18801521475358));
#4390=CARTESIAN_POINT('',(1.31708630090216E-16,-7.18838258619282,2.15096516288479));
#4391=CARTESIAN_POINT('',(1.30583511275832E-16,-7.19590993747758,2.13259057822629));
#4392=CARTESIAN_POINT('',(1.28360254818162E-16,-7.21203058503445,2.09628204487255));
#4393=CARTESIAN_POINT('',(1.27258574358075E-16,-7.22066016559518,2.07829023758813));
#4394=CARTESIAN_POINT('',(1.25083291588776E-16,-7.23898503596899,2.04276517402183));
#4395=CARTESIAN_POINT('',(1.24006391081556E-16,-7.24872483773633,2.02517805407885));
#4396=CARTESIAN_POINT('',(1.21881796327154E-16,-7.26927641526541,1.99048078861616));
#4397=CARTESIAN_POINT('',(1.20831093090565E-16,-7.28014110096439,1.97332150257025));
#4398=CARTESIAN_POINT('',(1.18760049920781E-16,-7.30295624013633,1.9394988008537));
#4399=CARTESIAN_POINT('',(1.17737044124798E-16,-7.31496829410207,1.92279184833981));
#4400=CARTESIAN_POINT('',(1.15722582984553E-16,-7.34010098850179,1.88989320129075));
#4401=CARTESIAN_POINT('',(1.14728870633069E-16,-7.3532923265098,1.87366464703044));
#4402=CARTESIAN_POINT('',(1.12774229723846E-16,-7.38081748453631,1.84174293849237));
#4403=CARTESIAN_POINT('',(1.11811535074042E-16,-7.39523164182529,1.82602094174237));
#4404=CARTESIAN_POINT('',(1.09920230620297E-16,-7.42525011492169,1.7951335960185));
#4405=CARTESIAN_POINT('',(1.08990449804768E-16,-7.44094510805691,1.77994912297409));
#4406=CARTESIAN_POINT('',(1.07166385149513E-16,-7.47359040394597,1.75015988649342));
#4407=CARTESIAN_POINT('',(1.06271659203477E-16,-7.49064259727895,1.7355479029132));
#4408=CARTESIAN_POINT('',(1.04519294101974E-16,-7.52608981844286,1.70692960900636));
#4409=CARTESIAN_POINT('',(1.03662116929662E-16,-7.54459903438555,1.69293084343724));
#4410=CARTESIAN_POINT('',(1.01986720993203E-16,-7.58307686001403,1.66556955138756));
#4411=CARTESIAN_POINT('',(1.01170099698314E-16,-7.60317326858797,1.65223311355981));
#4412=CARTESIAN_POINT('',(9.95781337213618E-17,-7.64498022931579,1.62623433614805));
#4413=CARTESIAN_POINT('',(9.8805833850533E-17,-7.66683378101307,1.61362172210511));
#4414=CARTESIAN_POINT('',(9.73055258848091E-17,-7.71236055976201,1.58911983361337));
#4415=CARTESIAN_POINT('',(9.65824369460758E-17,-7.73619388537853,1.57731089508126));
#4416=CARTESIAN_POINT('',(9.51846601505767E-17,-7.78595432306685,1.55448346767163));
#4417=CARTESIAN_POINT('',(9.4517360529004E-17,-7.81206085093501,1.54358563783142));
#4418=CARTESIAN_POINT('',(9.32369929902951E-17,-7.86673578993491,1.52267564909671));
#4419=CARTESIAN_POINT('',(9.26346287484513E-17,-7.89550545557109,1.51283829448535));
#4420=CARTESIAN_POINT('',(9.14926966142396E-17,-7.95600581525016,1.49418912747643));
#4421=CARTESIAN_POINT('',(9.09683791301342E-17,-7.98796229510265,1.48562637314644));
#4422=CARTESIAN_POINT('',(8.9995510985083E-17,-8.05552170162064,1.46973823061051));
#4423=CARTESIAN_POINT('',(8.9568596386276E-17,-8.09137744397501,1.46276618611402));
#4424=CARTESIAN_POINT('',(8.8810737044437E-17,-8.16769131630537,1.4503894038064));
#4425=CARTESIAN_POINT('',(8.85106426840547E-17,-8.20843067841176,1.44548849097845));
#4426=CARTESIAN_POINT('',(8.80387943274868E-17,-8.2958703777078,1.43778262252893));
#4427=CARTESIAN_POINT('',(8.79116082345645E-17,-8.34287844553523,1.43570551600301));
#4428=CARTESIAN_POINT('',(8.78390379746043E-17,-8.44483030728261,1.43452035371768));
#4429=CARTESIAN_POINT('',(8.79594031119253E-17,-8.50009787334758,1.43648606558505));
#4430=CARTESIAN_POINT('',(8.84733288832021E-17,-8.62151675254116,1.44487911036555));
#4431=CARTESIAN_POINT('',(8.89667994273662E-17,-8.68797602638287,1.45293809593604));
#4432=CARTESIAN_POINT('',(9.03896756436382E-17,-8.83632047466637,1.47617542799395));
#4433=CARTESIAN_POINT('',(9.1477060305852E-17,-8.91841139155868,1.49393376718156));
#4434=CARTESIAN_POINT('',(9.43923102807561E-17,-9.10528250908333,1.54154341229611));
#4435=CARTESIAN_POINT('',(9.64141935056742E-17,-9.20965035446261,1.57456327118646));
#4436=CARTESIAN_POINT('',(9.88051560667385E-17,-9.31243927825346,1.61361065305573));
#4437=CARTESIAN_POINT('',(0.,-7.10250296436009,2.40924295800685));
#4438=AXIS2_PLACEMENT_3D('',#4439,#4440,#4441);
#4439=CARTESIAN_POINT('',(0.,0.,0.));
#4440=DIRECTION('',(1.,-3.08148791101958E-33,-6.12323399573677E-17));
#4441=DIRECTION('',(1.96698111811206E-17,-0.947000395336824,0.32123239443104));
#4442=CARTESIAN_POINT('',(0.,-8.48237817961687,4.16827603349873));
#4443=CARTESIAN_POINT('',(2.55233295119342E-16,-8.48237817961687,4.16827603349873));
#4444=CARTESIAN_POINT('',(2.53468100030788E-16,-8.37626871967562,4.13944821000246));
#4445=CARTESIAN_POINT('',(2.513474859647E-16,-8.27242477327449,4.10481595411343));
#4446=CARTESIAN_POINT('',(2.46980207277853E-16,-8.09325861633641,4.03349288055642));
#4447=CARTESIAN_POINT('',(2.44905347943395E-16,-8.01640757767849,3.99960785614117));
#4448=CARTESIAN_POINT('',(2.40717344678203E-16,-7.88273583774828,3.93121257240537));
#4449=CARTESIAN_POINT('',(2.38724603481178E-16,-7.82423220612468,3.89866863894778));
#4450=CARTESIAN_POINT('',(2.34770334753013E-16,-7.72106896045594,3.83409052988126));
#4451=CARTESIAN_POINT('',(2.32878551979928E-16,-7.67520114022004,3.80319537260974));
#4452=CARTESIAN_POINT('',(2.29150444487763E-16,-7.5934169710873,3.74231075682077));
#4453=CARTESIAN_POINT('',(2.27355659255019E-16,-7.55660753781106,3.71299968959725));
#4454=CARTESIAN_POINT('',(2.23826842707779E-16,-7.49039673161596,3.65536974193075));
#4455=CARTESIAN_POINT('',(2.2211779181466E-16,-7.46031858137111,3.62745882272843));
#4456=CARTESIAN_POINT('',(2.18758022476749E-16,-7.40585425446854,3.57258962549948));
#4457=CARTESIAN_POINT('',(2.17122140501951E-16,-7.38094441639299,3.54587364541547));
#4458=CARTESIAN_POINT('',(2.13903511577045E-16,-7.33562652510094,3.49330944605372));
#4459=CARTESIAN_POINT('',(2.12329169364484E-16,-7.31480624951264,3.46759848655654));
#4460=CARTESIAN_POINT('',(2.09227830203605E-16,-7.27682213427462,3.41694977440479));
#4461=CARTESIAN_POINT('',(2.07705044748077E-16,-7.2593292372854,3.39208080064699));
#4462=CARTESIAN_POINT('',(2.04701374460594E-16,-7.22738686404159,3.34302714224403));
#4463=CARTESIAN_POINT('',(2.03221905651026E-16,-7.21267182172779,3.31886558299939));
#4464=CARTESIAN_POINT('',(2.00300129474943E-16,-7.18583240667758,3.27114935693131));
#4465=CARTESIAN_POINT('',(1.98857341904996E-16,-7.17349196112661,3.2475868477907));
#4466=CARTESIAN_POINT('',(1.96004991790886E-16,-7.15106187291449,3.20100443535806));
#4467=CARTESIAN_POINT('',(1.94593646712615E-16,-7.14079548868573,3.17795542107485));
#4468=CARTESIAN_POINT('',(1.91801025397604E-16,-7.12225464417317,3.13234845395657));
#4469=CARTESIAN_POINT('',(1.90417065733426E-16,-7.11383526507623,3.10974667742572));
#4470=CARTESIAN_POINT('',(1.87676768507507E-16,-7.09878861635535,3.06499422753033));
#4471=CARTESIAN_POINT('',(1.86317123632533E-16,-7.09204262251197,3.04278954164179));
#4472=CARTESIAN_POINT('',(1.83623633037813E-16,-7.08018663027837,2.99880150204384));
#4473=CARTESIAN_POINT('',(1.82286051241747E-16,-7.07497981839824,2.97695713357781));
#4474=CARTESIAN_POINT('',(1.79635399710922E-16,-7.06607889006248,2.93366870898599));
#4475=CARTESIAN_POINT('',(1.78318305163411E-16,-7.06230658278844,2.91215892267979));
#4476=CARTESIAN_POINT('',(1.75707798639213E-16,-7.05617625582684,2.86952611580005));
#4477=CARTESIAN_POINT('',(1.74410175659231E-16,-7.05375612056753,2.84833432432376));
#4478=CARTESIAN_POINT('',(1.71838167314881E-16,-7.05025090874837,2.80633024043376));
#4479=CARTESIAN_POINT('',(1.70559461694628E-16,-7.04911778982911,2.78544739288712));
#4480=CARTESIAN_POINT('',(1.68025165977639E-16,-7.0481223514232,2.74405920294121));
#4481=CARTESIAN_POINT('',(1.66765205424375E-16,-7.04822450030863,2.72348248557027));
#4482=CARTESIAN_POINT('',(1.64268546025003E-16,-7.04964715253737,2.68270894333572));
#4483=CARTESIAN_POINT('',(1.63027473359354E-16,-7.05094341330847,2.6624406885783));
#4484=CARTESIAN_POINT('',(1.60568958617742E-16,-7.05471137832161,2.62229009587967));
#4485=CARTESIAN_POINT('',(1.59347177901856E-16,-7.05716916007315,2.60233690257141));
#4486=CARTESIAN_POINT('',(1.56927798128431E-16,-7.06322513779318,2.56282543240533));
#4487=CARTESIAN_POINT('',(1.55725928736095E-16,-7.06681898369327,2.5431974156878));
#4488=CARTESIAN_POINT('',(1.53347070696156E-16,-7.07511872615788,2.5043477156503));
#4489=CARTESIAN_POINT('',(1.52165909944126E-16,-7.0798292780298,2.4850578966943));
#4490=CARTESIAN_POINT('',(1.49829288592903E-16,-7.0903399601076,2.44689797412968));
#4491=CARTESIAN_POINT('',(1.48671756387103E-16,-7.09614394758482,2.42799403861774));
#4492=CARTESIAN_POINT('',(1.47523583830735E-16,-7.10250296369401,2.40924295778091));
#4493=CARTESIAN_POINT('',(2.01138546268842E-16,-10.0418752687412,6.56968348454045));
#4494=CARTESIAN_POINT('',(4.02277092810111E-16,-10.0418752658305,6.56968348898951));
#4495=CARTESIAN_POINT('',(4.01538807157388E-16,-10.0378762193365,6.55762636928386));
#4496=CARTESIAN_POINT('',(4.00801183336021E-16,-10.0338459963995,6.54558005810449));
#4497=CARTESIAN_POINT('',(3.96637369873337E-16,-10.0108955366284,6.47757982382335));
#4498=CARTESIAN_POINT('',(3.93222838448682E-16,-9.99135337927867,6.42181629384831));
#4499=CARTESIAN_POINT('',(3.8646721957014E-16,-9.95110775781149,6.31148866496387));
#4500=CARTESIAN_POINT('',(3.83122771219095E-16,-9.93045161091739,6.25686967843856));
#4501=CARTESIAN_POINT('',(3.76509480551363E-16,-9.8879931504673,6.14886644563157));
#4502=CARTESIAN_POINT('',(3.73237068529591E-16,-9.86623953061799,6.09542390164173));
#4503=CARTESIAN_POINT('',(3.66770127840787E-16,-9.82160036449404,5.98981074536996));
#4504=CARTESIAN_POINT('',(3.63571791439135E-16,-9.7987651235817,5.93757794806254));
#4505=CARTESIAN_POINT('',(3.57255422691128E-16,-9.75197579421558,5.8344238181958));
#4506=CARTESIAN_POINT('',(3.54133308280648E-16,-9.72807391895775,5.78343582047019));
#4507=CARTESIAN_POINT('',(3.47971984245803E-16,-9.67916292996056,5.68281376292453));
#4508=CARTESIAN_POINT('',(3.44928372743705E-16,-9.65420830425499,5.63310781498563));
#4509=CARTESIAN_POINT('',(3.38926882977157E-16,-9.60320156887806,5.53509604913239));
#4510=CARTESIAN_POINT('',(3.35964225054424E-16,-9.5772066861741,5.4867121734746));
#4511=CARTESIAN_POINT('',(3.30127761940042E-16,-9.52412682437014,5.39139549737753));
#4512=CARTESIAN_POINT('',(3.27248723592625E-16,-9.4971024210966,5.34437723301883));
#4513=CARTESIAN_POINT('',(3.21582996823921E-16,-9.44196781425885,5.25184889304933));
#4514=CARTESIAN_POINT('',(3.18790520392798E-16,-9.41392235621953,5.20624429206449));
#4515=CARTESIAN_POINT('',(3.13301914669996E-16,-9.356745858213,5.1166085582901));
#4516=CARTESIAN_POINT('',(3.10599303602779E-16,-9.3276848507689,5.07247157007278));
#4517=CARTESIAN_POINT('',(3.05295098464504E-16,-9.26847199836613,4.98584732638116));
#4518=CARTESIAN_POINT('',(3.02686131207991E-16,-9.23839706244658,4.9432396576504));
#4519=CARTESIAN_POINT('',(2.97574822143487E-16,-9.17714348356937,4.85976564590983));
#4520=CARTESIAN_POINT('',(2.950639210914E-16,-9.14605100769096,4.81875951983601));
#4521=CARTESIAN_POINT('',(2.90155710098186E-16,-9.08273846165358,4.73860235130985));
#4522=CARTESIAN_POINT('',(2.87748191611332E-16,-9.05061755329747,4.69928459065378));
#4523=CARTESIAN_POINT('',(2.83055776240603E-16,-8.98520757914079,4.6226516320898));
#4524=CARTESIAN_POINT('',(2.80758233039416E-16,-8.95203704569191,4.5851299041469));
#4525=CARTESIAN_POINT('',(2.76298184674769E-16,-8.8844598964892,4.51229178677703));
#4526=CARTESIAN_POINT('',(2.74119096409486E-16,-8.85020333886676,4.47670457474495));
#4527=CARTESIAN_POINT('',(2.69914548727644E-16,-8.78033639757505,4.40803910018087));
#4528=CARTESIAN_POINT('',(2.67865158340242E-16,-8.74493540430073,4.37457001523607));
#4529=CARTESIAN_POINT('',(2.63952101335128E-16,-8.67255268352435,4.31066494468286));
#4530=CARTESIAN_POINT('',(2.62045841784868E-16,-8.63593338722661,4.27953336369824));
#4531=CARTESIAN_POINT('',(2.58494741897522E-16,-8.5605320547786,4.2215395014709));
#4532=CARTESIAN_POINT('',(2.56820121103773E-16,-8.52200683582286,4.19419086846233));
#4533=CARTESIAN_POINT('',(2.55233295119342E-16,-8.48237817961687,4.16827603349873));
#4534=CARTESIAN_POINT('',(6.74330372472965E-16,-9.35125039679281,7.52024707150518));
#4535=AXIS2_PLACEMENT_3D('',#4536,#4537,#4538);
#4536=CARTESIAN_POINT('',(0.,0.,0.));
#4537=DIRECTION('',(-1.,0.,6.12323399573677E-17));
#4538=DIRECTION('',(3.3523091044807E-17,-0.836822939061768,0.547473623711704));
#4539=CARTESIAN_POINT('',(0.,-6.58546509038363,6.77915291125309));
#4540=CARTESIAN_POINT('',(4.15103395684828E-16,-6.58546509038363,6.77915291125309));
#4541=CARTESIAN_POINT('',(4.16920830385643E-16,-6.62235749606325,6.80883387236091));
#4542=CARTESIAN_POINT('',(4.18646876048186E-16,-6.66027254183885,6.83702233721044));
#4543=CARTESIAN_POINT('',(4.21940553720437E-16,-6.73872827661532,6.89081217562824));
#4544=CARTESIAN_POINT('',(4.23484027424044E-16,-6.77965215024878,6.91601901411722));
#4545=CARTESIAN_POINT('',(4.2649006441425E-16,-6.86279697256485,6.96511132370883));
#4546=CARTESIAN_POINT('',(4.27918359711691E-16,-6.90556747144057,6.98843715607839));
#4547=CARTESIAN_POINT('',(4.30687813371595E-16,-6.99246228986823,7.03366576667585));
#4548=CARTESIAN_POINT('',(4.32009382584546E-16,-7.03689359959802,7.05524862981437));
#4549=CARTESIAN_POINT('',(4.34566535255958E-16,-7.12704925418683,7.09701010215386));
#4550=CARTESIAN_POINT('',(4.35788255582202E-16,-7.17298479615769,7.11696230922442));
#4551=CARTESIAN_POINT('',(4.38147396492919E-16,-7.26607986519074,7.15549000410525));
#4552=CARTESIAN_POINT('',(4.39274006356891E-16,-7.31339918539756,7.17388893945146));
#4553=CARTESIAN_POINT('',(4.41444318104073E-16,-7.40919783535503,7.20933282006573));
#4554=CARTESIAN_POINT('',(4.4247909052876E-16,-7.45780508163525,7.22623193620938));
#4555=CARTESIAN_POINT('',(4.44466736951906E-16,-7.55612198115302,7.2586926656953));
#4556=CARTESIAN_POINT('',(4.45411948208895E-16,-7.60593794783122,7.27412913697253));
#4557=CARTESIAN_POINT('',(4.4722114379498E-16,-7.70662027977255,7.30367554312563));
#4558=CARTESIAN_POINT('',(4.4807837076551E-16,-7.757577399083,7.31767512196137));
#4559=CARTESIAN_POINT('',(4.49711995407154E-16,-7.86049455613505,7.34435423699733));
#4560=CARTESIAN_POINT('',(4.50482311731637E-16,-7.91253362716036,7.35693445727013));
#4561=CARTESIAN_POINT('',(4.51942292609667E-16,-8.0175708358506,7.38077775444034));
#4562=CARTESIAN_POINT('',(4.52626398187224E-16,-8.07063886466498,7.39195004637027));
#4563=CARTESIAN_POINT('',(4.53913959538263E-16,-8.17769299191257,7.41297751897601));
#4564=CARTESIAN_POINT('',(4.5451227030253E-16,-8.23174165303713,7.42274867527486));
#4565=CARTESIAN_POINT('',(4.55628106466476E-16,-8.34071833138285,7.44097166274721));
#4566=CARTESIAN_POINT('',(4.56140822306397E-16,-8.39570290167427,7.44934494784913));
#4567=CARTESIAN_POINT('',(4.57085220387161E-16,-8.50651449251983,7.46476813895078));
#4568=CARTESIAN_POINT('',(4.57512369412313E-16,-8.56239304455293,7.47174401192003));
#4569=CARTESIAN_POINT('',(4.58285300047967E-16,-8.67495714853709,7.4843669271343));
#4570=CARTESIAN_POINT('',(4.58626779420609E-16,-8.73168996841167,7.48994370850311));
#4571=CARTESIAN_POINT('',(4.59227965178646E-16,-8.84592830982374,7.49976181701333));
#4572=CARTESIAN_POINT('',(4.59483565324204E-16,-8.90347742763151,7.50393608416916));
#4573=CARTESIAN_POINT('',(4.59912532275995E-16,-9.01931499338356,7.51094164613347));
#4574=CARTESIAN_POINT('',(4.60081960248792E-16,-9.07764383853206,7.51370861491033));
#4575=CARTESIAN_POINT('',(4.6033807993961E-16,-9.19500822655091,7.51789136688415));
#4576=CARTESIAN_POINT('',(4.60420977697258E-16,-9.2540813487454,7.51924519000615));
#4577=CARTESIAN_POINT('',(4.60470818243287E-16,-9.3258454926112,7.52005914789285));
#4578=CARTESIAN_POINT('',(4.6047758166592E-16,-9.33854762359099,7.5201696029667));
#4579=CARTESIAN_POINT('',(4.60482324992082E-16,-9.35125040004192,7.52024706736159));
#4580=CARTESIAN_POINT('',(0.,-4.48612033519628,6.01038471129117));
#4581=CARTESIAN_POINT('',(3.68029920045841E-16,-4.48612033677476,6.01038471340598));
#4582=CARTESIAN_POINT('',(3.67304795084887E-16,-4.50198863047218,5.99854252410766));
#4583=CARTESIAN_POINT('',(3.66609100168238E-16,-4.51817381107747,5.98718096390706));
#4584=CARTESIAN_POINT('',(3.65274950300404E-16,-4.55121807336037,5.96539264308244));
#4585=CARTESIAN_POINT('',(3.64635630469649E-16,-4.56810813835163,5.95495175790314));
#4586=CARTESIAN_POINT('',(3.63417183957274E-16,-4.60249163662318,5.93505301627047));
#4587=CARTESIAN_POINT('',(3.62836497001406E-16,-4.620048432935,5.92556967860492));
#4588=CARTESIAN_POINT('',(3.61736195229638E-16,-4.65575467293815,5.90760038700943));
#4589=CARTESIAN_POINT('',(3.61215514166004E-16,-4.67397178782256,5.89909701993254));
#4590=CARTESIAN_POINT('',(3.60236362315438E-16,-4.71099290423865,5.88310625669783));
#4591=CARTESIAN_POINT('',(3.59777361511169E-16,-4.72986859488532,5.8756102047));
#4592=CARTESIAN_POINT('',(3.58923002705426E-16,-4.76820691546612,5.8616574665499));
#4593=CARTESIAN_POINT('',(3.58527705067718E-16,-4.78774497156017,5.85520176621275));
#4594=CARTESIAN_POINT('',(3.57802534296538E-16,-4.82741508799979,5.84335882877665));
#4595=CARTESIAN_POINT('',(3.57473379715225E-16,-4.84762600948705,5.83798332652504));
#4596=CARTESIAN_POINT('',(3.56882712801762E-16,-4.88865743961001,5.82833700378325));
#4597=CARTESIAN_POINT('',(3.56622663127287E-16,-4.90955989564262,5.82409007030568));
#4598=CARTESIAN_POINT('',(3.56172974548208E-16,-4.95200047682175,5.81674609848634));
#4599=CARTESIAN_POINT('',(3.55985651885323E-16,-4.97362320231408,5.8136868872425));
#4600=CARTESIAN_POINT('',(3.55684904650176E-16,-5.01754347535512,5.80877531216049));
#4601=CARTESIAN_POINT('',(3.5557478959775E-16,-5.03992769800806,5.80697699688293));
#4602=CARTESIAN_POINT('',(3.55432893919434E-16,-5.08542651343724,5.80465966459718));
#4603=CARTESIAN_POINT('',(3.55405596843356E-16,-5.10862905163927,5.8042138695141));
#4604=CARTESIAN_POINT('',(3.55435046426333E-16,-5.15584083042977,5.80469481770256));
#4605=CARTESIAN_POINT('',(3.55497685134554E-16,-5.17993812796525,5.80571778543929));
#4606=CARTESIAN_POINT('',(3.55714451426649E-16,-5.22904236761749,5.80925784763919));
#4607=CARTESIAN_POINT('',(3.55876189077816E-16,-5.25413577085534,5.81189922393282));
#4608=CARTESIAN_POINT('',(3.5630098996395E-16,-5.30536955727115,5.81883674888174));
#4609=CARTESIAN_POINT('',(3.56573795061967E-16,-5.33159224264178,5.82329199423421));
#4610=CARTESIAN_POINT('',(3.57233921000691E-16,-5.38526690755833,5.83407266894276));
#4611=CARTESIAN_POINT('',(3.57633676486833E-16,-5.41279311592985,5.8406011714697));
#4612=CARTESIAN_POINT('',(3.58565668618378E-16,-5.46931665375105,5.85582175804526));
#4613=CARTESIAN_POINT('',(3.59113808163727E-16,-5.49837405413534,5.86477355615931));
#4614=CARTESIAN_POINT('',(3.60367462322717E-16,-5.55828157861689,5.88524728229591));
#4615=CARTESIAN_POINT('',(3.61093441138191E-16,-5.58916797461212,5.89710341609677));
#4616=CARTESIAN_POINT('',(3.627379363846E-16,-5.653163498484,5.92396006158105));
#4617=CARTESIAN_POINT('',(3.63683055964865E-16,-5.68626946832798,5.93939503566375));
#4618=CARTESIAN_POINT('',(3.65816583049063E-16,-5.75528357806106,5.97423817714232));
#4619=CARTESIAN_POINT('',(3.67040070993612E-16,-5.79112309862816,5.9942192516105));
#4620=CARTESIAN_POINT('',(3.69805420652772E-16,-5.86639269717243,6.03938083878952));
#4621=CARTESIAN_POINT('',(3.71394414235433E-16,-5.90564391550092,6.06533107331865));
#4622=CARTESIAN_POINT('',(3.75005100667349E-16,-5.98882132517561,6.12429805766759));
#4623=CARTESIAN_POINT('',(3.77091638855473E-16,-6.03237830891401,6.15837381223744));
#4624=CARTESIAN_POINT('',(3.81877457047927E-16,-6.12567493767577,6.23653215463927));
#4625=CARTESIAN_POINT('',(3.84668649825176E-16,-6.17470466678076,6.28211579196545));
#4626=CARTESIAN_POINT('',(3.91158915089615E-16,-6.28105928537702,6.38810986746473));
#4627=CARTESIAN_POINT('',(3.94993200237047E-16,-6.33703414234704,6.45072849595585));
#4628=CARTESIAN_POINT('',(4.04077452555302E-16,-6.4602318049171,6.59908559491009));
#4629=CARTESIAN_POINT('',(4.09469542244099E-16,-6.52525857940672,6.68714510223173));
#4630=CARTESIAN_POINT('',(4.15103395684828E-16,-6.58546509038363,6.77915291125309));
#4631=CARTESIAN_POINT('',(0.,-4.32992812085983,6.12386499342015));
#4632=AXIS2_PLACEMENT_3D('',#4633,#4634,#4635);
#4633=CARTESIAN_POINT('',(0.,0.,0.));
#4634=DIRECTION('',(1.,6.16297582203915E-33,-6.12323399573677E-17));
#4635=DIRECTION('',(4.99971444220389E-17,-0.57732374950212,0.816515332532594));
#4636=CARTESIAN_POINT('',(0.,-4.41233692005056,8.35802294669254));
#4637=CARTESIAN_POINT('',(5.11781302443358E-16,-4.41233692005056,8.35802294669254));
#4638=CARTESIAN_POINT('',(5.06534194557161E-16,-4.34343713320094,8.27233117189103));
#4639=CARTESIAN_POINT('',(5.01081085832454E-16,-4.27978194506465,8.18327514808883));
#4640=CARTESIAN_POINT('',(4.91099430439907E-16,-4.17675613006988,8.02026234473204));
#4641=CARTESIAN_POINT('',(4.86654852402476E-16,-4.13449945138511,7.9476768769788));
#4642=CARTESIAN_POINT('',(4.78455644653408E-16,-4.06655848122016,7.81377365272219));
#4643=CARTESIAN_POINT('',(4.74737851668332E-16,-4.03835689314198,7.75305748561729));
#4644=CARTESIAN_POINT('',(4.6782578457772E-16,-3.99285413433132,7.64017486353516));
#4645=CARTESIAN_POINT('',(4.64644450054211E-16,-3.973906006077,7.58821972796916));
#4646=CARTESIAN_POINT('',(4.58684815561595E-16,-3.94352830263003,7.49089151061268));
#4647=CARTESIAN_POINT('',(4.55907978326444E-16,-3.93097745859918,7.44554231708056));
#4648=CARTESIAN_POINT('',(4.50670081763849E-16,-3.91128582450483,7.36000097460955));
#4649=CARTESIAN_POINT('',(4.48204873813444E-16,-3.90335771648243,7.31974107351608));
#4650=CARTESIAN_POINT('',(4.4352651233071E-16,-3.89154645536737,7.24333763236079));
#4651=CARTESIAN_POINT('',(4.41306514412423E-16,-3.88709723213104,7.20708231499364));
#4652=CARTESIAN_POINT('',(4.3707153155227E-16,-3.88133074910994,7.13791979624781));
#4653=CARTESIAN_POINT('',(4.35048509698273E-16,-3.87959931514616,7.10488134213343));
#4654=CARTESIAN_POINT('',(4.31172369604847E-16,-3.87864008645271,7.04157917050118));
#4655=CARTESIAN_POINT('',(4.29310815278482E-16,-3.87910565152207,7.01117768122832));
#4656=CARTESIAN_POINT('',(4.25731142117378E-16,-3.88209674570741,6.95271718202813));
#4657=CARTESIAN_POINT('',(4.24004610756921E-16,-3.88439383459899,6.92452078512971));
#4658=CARTESIAN_POINT('',(4.20674854271994E-16,-3.89072718568215,6.87014173498652));
#4659=CARTESIAN_POINT('',(4.19063463877346E-16,-3.89459325089312,6.84382573276007));
#4660=CARTESIAN_POINT('',(4.15948572395105E-16,-3.9038273833883,6.79295569440438));
#4661=CARTESIAN_POINT('',(4.14437268018937E-16,-3.909069574752,6.76827422090164));
#4662=CARTESIAN_POINT('',(4.11510677734118E-16,-3.92087681912518,6.72047937447152));
#4663=CARTESIAN_POINT('',(4.10088005046474E-16,-3.92735038927412,6.69724536628836));
#4664=CARTESIAN_POINT('',(4.07329507069342E-16,-3.94148222480301,6.65219567556852));
#4665=CARTESIAN_POINT('',(4.0598673304849E-16,-3.94907618803684,6.63026651163673));
#4666=CARTESIAN_POINT('',(4.03380938837174E-16,-3.96534000978761,6.58771066266655));
#4667=CARTESIAN_POINT('',(4.02111411638006E-16,-3.97396740812004,6.56697771011154));
#4668=CARTESIAN_POINT('',(3.99646632040363E-16,-3.99221070340074,6.52672480454957));
#4669=CARTESIAN_POINT('',(3.98445309297761E-16,-4.00180197787879,6.50710571529969));
#4670=CARTESIAN_POINT('',(3.96112725698958E-16,-4.02190137433353,6.46901173423631));
#4671=CARTESIAN_POINT('',(3.94975822439016E-16,-4.03239966627948,6.45044469497676));
#4672=CARTESIAN_POINT('',(3.92768866265382E-16,-4.05425327139549,6.41440236546314));
#4673=CARTESIAN_POINT('',(3.91693589076296E-16,-4.06561118874696,6.39684175631714));
#4674=CARTESIAN_POINT('',(3.89607473484551E-16,-4.089133229829,6.36277290326992));
#4675=CARTESIAN_POINT('',(3.88591820472895E-16,-4.1013105610245,6.34618603083677));
#4676=CARTESIAN_POINT('',(3.86623183929513E-16,-4.12642759766384,6.31403575624735));
#4677=CARTESIAN_POINT('',(3.85665789377725E-16,-4.13938967589291,6.29840031666665));
#4678=CARTESIAN_POINT('',(3.83812423756969E-16,-4.1660379498818,6.26813255910511));
#4679=CARTESIAN_POINT('',(3.82912441563723E-16,-4.17975452985001,6.25343473449359));
#4680=CARTESIAN_POINT('',(3.81173085729746E-16,-4.20787817820307,6.22502889804854));
#4681=CARTESIAN_POINT('',(3.80330100750252E-16,-4.22232271936973,6.21126190857727));
#4682=CARTESIAN_POINT('',(3.78704284070699E-16,-4.25187263281056,6.18471030723908));
#4683=CARTESIAN_POINT('',(3.77918244618596E-16,-4.26702182042956,6.17187330880573));
#4684=CARTESIAN_POINT('',(3.76406173096779E-16,-4.29795498056508,6.14717930686379));
#4685=CARTESIAN_POINT('',(3.75678603890967E-16,-4.3137619595735,6.13529720001766));
#4686=CARTESIAN_POINT('',(3.7497858309496E-16,-4.32992812045377,6.12386499284584));
#4687=CARTESIAN_POINT('',(7.87524620120669E-16,-4.26248468336283,11.2174517749842));
#4688=CARTESIAN_POINT('',(6.8687082065685E-16,-4.26248467839293,11.2174517768727));
#4689=CARTESIAN_POINT('',(6.8612960346961E-16,-4.26633637896607,11.2053467815752));
#4690=CARTESIAN_POINT('',(6.85387799629286E-16,-4.27015650417467,11.1932322055058));
#4691=CARTESIAN_POINT('',(6.81193183075075E-16,-4.29155872705403,11.1247289185641));
#4692=CARTESIAN_POINT('',(6.77727418225256E-16,-4.30852577018646,11.0681286832598));
#4693=CARTESIAN_POINT('',(6.70813508812602E-16,-4.340815331649,10.9552159737754));
#4694=CARTESIAN_POINT('',(6.67364348243105E-16,-4.35620839254811,10.8988869069474));
#4695=CARTESIAN_POINT('',(6.60485941451895E-16,-4.38534148393285,10.7865539992715));
#4696=CARTESIAN_POINT('',(6.57055559836011E-16,-4.3991551749878,10.7305316160297));
#4697=CARTESIAN_POINT('',(6.50217065869912E-16,-4.42511918668341,10.6188505342539));
#4698=CARTESIAN_POINT('',(6.46807683561437E-16,-4.43734675665796,10.5631710957277));
#4699=CARTESIAN_POINT('',(6.40013617326256E-16,-4.46012587029409,10.4522155738595));
#4700=CARTESIAN_POINT('',(6.36627510169787E-16,-4.47075884012012,10.3969162474116));
#4701=CARTESIAN_POINT('',(6.29882516101138E-16,-4.49033318029037,10.2867621348406));
#4702=CARTESIAN_POINT('',(6.26522029099301E-16,-4.499360887156,10.2318812172703));
#4703=CARTESIAN_POINT('',(6.19830914684599E-16,-4.51570544192816,10.1226070262242));
#4704=CARTESIAN_POINT('',(6.16498480129429E-16,-4.52311446861427,10.0681842398749));
#4705=CARTESIAN_POINT('',(6.09866260220732E-16,-4.53619769486319,9.95987186910291));
#4706=CARTESIAN_POINT('',(6.06564421368077E-16,-4.54197113573048,9.90594874849452));
#4707=CARTESIAN_POINT('',(5.99996376777768E-16,-4.55175309547374,9.79868444020771));
#4708=CARTESIAN_POINT('',(5.96727818728174E-16,-4.55586955520047,9.74530483635999));
#4709=CARTESIAN_POINT('',(5.90229577416687E-16,-4.56229935902534,9.63918050212727));
#4710=CARTESIAN_POINT('',(5.8699717086143E-16,-4.56473158088416,9.58639129698653));
#4711=CARTESIAN_POINT('',(5.80574821375787E-16,-4.56774382993783,9.48150637032662));
#4712=CARTESIAN_POINT('',(5.77381681482161E-16,-4.56845685498868,9.42935843843557));
#4713=CARTESIAN_POINT('',(5.7104193946003E-16,-4.56796646176153,9.32582259403464));
#4714=CARTESIAN_POINT('',(5.67891514037128E-16,-4.56691491653854,9.27437224238885));
#4715=CARTESIAN_POINT('',(5.61641976558852E-16,-4.56280919236235,9.17230954998435));
#4716=CARTESIAN_POINT('',(5.5853817459519E-16,-4.5599332314943,9.12162061721087));
#4717=CARTESIAN_POINT('',(5.52387729929153E-16,-4.55205917368336,9.02117623324124));
#4718=CARTESIAN_POINT('',(5.49335122294309E-16,-4.54727836673611,8.9713233673052));
#4719=CARTESIAN_POINT('',(5.43294666677294E-16,-4.53542047579445,8.87267524082138));
#4720=CARTESIAN_POINT('',(5.40298803496121E-16,-4.52862397691179,8.82374908214022));
#4721=CARTESIAN_POINT('',(5.34382639298558E-16,-4.51246098735223,8.72713078857701));
#4722=CARTESIAN_POINT('',(5.31450513987425E-16,-4.50349361671382,8.67924554830734));
#4723=CARTESIAN_POINT('',(5.25679624108269E-16,-4.48249722352452,8.5849997644099));
#4724=CARTESIAN_POINT('',(5.22819445564481E-16,-4.4711702746809,8.53828950401844));
#4725=CARTESIAN_POINT('',(5.1723274088431E-16,-4.44425725227266,8.44705169269094));
#4726=CARTESIAN_POINT('',(5.14491365079808E-16,-4.42916481857825,8.40228162827057));
#4727=CARTESIAN_POINT('',(5.11781302443358E-16,-4.41233692005056,8.35802294669254));
#4728=CARTESIAN_POINT('',(7.9864083039836E-16,-3.14503016743445,11.5805347564751));
#4729=AXIS2_PLACEMENT_3D('',#4730,#4731,#4732);
#4730=CARTESIAN_POINT('',(0.,0.,0.));
#4731=DIRECTION('',(-1.,0.,6.12323399573677E-17));
#4732=DIRECTION('',(5.72392350451011E-17,-0.355207056946903,0.934787647915354));
#4733=CARTESIAN_POINT('',(0.,-1.34306706971316,9.35528917228456));
#4734=CARTESIAN_POINT('',(5.72846246996809E-16,-1.34306706971316,9.35528917228456));
#4735=CARTESIAN_POINT('',(5.75644394335011E-16,-1.3554676216583,9.40098638621024));
#4736=CARTESIAN_POINT('',(5.78405412704794E-16,-1.36957277410994,9.44607723806574));
#4737=CARTESIAN_POINT('',(5.83893790856972E-16,-1.40142792310511,9.53570925532981));
#4738=CARTESIAN_POINT('',(5.86615397536001E-16,-1.41971982442948,9.58015646543028));
#4739=CARTESIAN_POINT('',(5.92039836624713E-16,-1.45812966309855,9.66874427854488));
#4740=CARTESIAN_POINT('',(5.94734724766111E-16,-1.47902114328263,9.71275514181213));
#4741=CARTESIAN_POINT('',(6.00102731779037E-16,-1.52273581782286,9.80042134918986));
#4742=CARTESIAN_POINT('',(6.02771051722374E-16,-1.54599541382154,9.8439983208554));
#4743=CARTESIAN_POINT('',(6.08084665902786E-16,-1.5943860929677,9.93077622586624));
#4744=CARTESIAN_POINT('',(6.10726345924056E-16,-1.61982111400119,9.97391813458815));
#4745=CARTESIAN_POINT('',(6.15985559061156E-16,-1.67249059608566,10.0598076031396));
#4746=CARTESIAN_POINT('',(6.18600097309976E-16,-1.69995810744087,10.1025062530792));
#4747=CARTESIAN_POINT('',(6.23803850286718E-16,-1.75662745298555,10.1874899884772));
#4748=CARTESIAN_POINT('',(6.2639044483442E-16,-1.78601849003001,10.2297322831454));
#4749=CARTESIAN_POINT('',(6.31537053954146E-16,-1.84647859450365,10.313782788537));
#4750=CARTESIAN_POINT('',(6.34094695614724E-16,-1.87770722797335,10.3555522466756));
#4751=CARTESIAN_POINT('',(6.39182070356178E-16,-1.94179400375215,10.4386353812577));
#4752=CARTESIAN_POINT('',(6.41709602990382E-16,-1.97479043328074,10.4799131216799));
#4753=CARTESIAN_POINT('',(6.46735372486926E-16,-2.04237057198625,10.5619901662619));
#4754=CARTESIAN_POINT('',(6.49231533960266E-16,-2.07707659687026,10.6027555767473));
#4755=CARTESIAN_POINT('',(6.54193126468361E-16,-2.1480387452997,10.68378453157));
#4756=CARTESIAN_POINT('',(6.56656575682024E-16,-2.18440477403779,10.7240157103128));
#4757=CARTESIAN_POINT('',(6.61551269719089E-16,-2.25865374400843,10.8039521301928));
#4758=CARTESIAN_POINT('',(6.63980603865604E-16,-2.29663668781111,10.8436261676084));
#4759=CARTESIAN_POINT('',(6.68805564741181E-16,-2.37408946929437,10.9224237585372));
#4760=CARTESIAN_POINT('',(6.71199335882591E-16,-2.41365122759238,10.9615170080044));
#4761=CARTESIAN_POINT('',(6.75951641626957E-16,-2.49423416348732,11.0391280505952));
#4762=CARTESIAN_POINT('',(6.78308363474874E-16,-2.53534054644998,11.0776162391824));
#4763=CARTESIAN_POINT('',(6.82985024659891E-16,-2.61898725612586,11.1539919123687));
#4764=CARTESIAN_POINT('',(6.8530318465533E-16,-2.66160712169937,11.1918503381132));
#4765=CARTESIAN_POINT('',(6.89901159575774E-16,-2.74825694192322,11.266940967079));
#4766=CARTESIAN_POINT('',(6.92179221576665E-16,-2.79236158356767,11.304144542877));
#4767=CARTESIAN_POINT('',(6.96695426985189E-16,-2.88195837684146,11.3778997743718));
#4768=CARTESIAN_POINT('',(6.9893183776425E-16,-2.92752102038827,11.4144231340967));
#4769=CARTESIAN_POINT('',(7.03363159373515E-16,-3.02001224490572,11.4867921079486));
#4770=CARTESIAN_POINT('',(7.05556353360281E-16,-3.06700764740654,11.5226096838944));
#4771=CARTESIAN_POINT('',(7.08179571981002E-16,-3.12458762693895,11.5654500950652));
#4772=CARTESIAN_POINT('',(7.08642212025096E-16,-3.13479894290292,11.5730055803597));
#4773=CARTESIAN_POINT('',(7.09103241008269E-16,-3.14503017249857,11.5805347550326));
#4774=CARTESIAN_POINT('',(0.,-0.0965320960837222,7.49937874720366));
#4775=CARTESIAN_POINT('',(4.59204509079408E-16,-0.0965320961176865,7.49937874984238));
#4776=CARTESIAN_POINT('',(4.59188993822233E-16,-0.116330479615041,7.49912536646383));
#4777=CARTESIAN_POINT('',(4.59208693195539E-16,-0.136102723310687,7.49944708164441));
#4778=CARTESIAN_POINT('',(4.59318654734766E-16,-0.17564294671707,7.50124288986117));
#4779=CARTESIAN_POINT('',(4.59409332333308E-16,-0.19544429466037,7.50272376742692));
#4780=CARTESIAN_POINT('',(4.5966110092048E-16,-0.234957315958975,7.50683546048565));
#4781=CARTESIAN_POINT('',(4.59823210149149E-16,-0.254735228564339,7.50948290510041));
#4782=CARTESIAN_POINT('',(4.60218167253846E-16,-0.294184268126093,7.51593304411145));
#4783=CARTESIAN_POINT('',(4.60452588102807E-16,-0.313920377418681,7.51976142710522));
#4784=CARTESIAN_POINT('',(4.60992881882846E-16,-0.353270224552296,7.52858509414809));
#4785=CARTESIAN_POINT('',(4.61300906217264E-16,-0.372947047880758,7.53361551328007));
#4786=CARTESIAN_POINT('',(4.61989567800769E-16,-0.412164614480147,7.54486221043363));
#4787=CARTESIAN_POINT('',(4.62372968583268E-16,-0.431765799348681,7.55112362038083));
#4788=CARTESIAN_POINT('',(4.63214078768095E-16,-0.470820701685929,7.56485999213164));
#4789=CARTESIAN_POINT('',(4.63675207819462E-16,-0.490331321588263,7.57239080104224));
#4790=CARTESIAN_POINT('',(4.64674129586672E-16,-0.529196412107718,7.58870443151766));
#4791=CARTESIAN_POINT('',(4.65216055024413E-16,-0.548603139127863,7.59755474555299));
#4792=CARTESIAN_POINT('',(4.66379748072854E-16,-0.587254968881583,7.61655929526074));
#4793=CARTESIAN_POINT('',(4.67006434452973E-16,-0.60654628052236,7.62679386053385));
#4794=CARTESIAN_POINT('',(4.68343879859737E-16,-0.644965479208885,7.64863600159354));
#4795=CARTESIAN_POINT('',(4.69060435908274E-16,-0.664131718940109,7.66033824993218));
#4796=CARTESIAN_POINT('',(4.70583208979406E-16,-0.702303127588472,7.68520702143744));
#4797=CARTESIAN_POINT('',(4.7139621855483E-16,-0.721336407081919,7.69848447541013));
#4798=CARTESIAN_POINT('',(4.73119264917501E-16,-0.759248844205815,7.72662395797555));
#4799=CARTESIAN_POINT('',(4.74037237771303E-16,-0.77814268208131,7.74161559237073));
#4800=CARTESIAN_POINT('',(4.75979938976479E-16,-0.815788050102532,7.77334231074421));
#4801=CARTESIAN_POINT('',(4.77013935864157E-16,-0.834536477737503,7.79022876140734));
#4802=CARTESIAN_POINT('',(4.79201586102098E-16,-0.871907706781683,7.82595580106422));
#4803=CARTESIAN_POINT('',(4.80366082961726E-16,-0.890503577371144,7.84497347800484));
#4804=CARTESIAN_POINT('',(4.82831965962936E-16,-0.92759057185256,7.88524440351458));
#4805=CARTESIAN_POINT('',(4.84146083548275E-16,-0.946022384710943,7.90670557233901));
#4806=CARTESIAN_POINT('',(4.86934446033071E-16,-0.982804451070136,7.95224298748168));
#4807=CARTESIAN_POINT('',(4.88423718689869E-16,-1.00105064688044,7.97656465570201));
#4808=CARTESIAN_POINT('',(4.91594105863464E-16,-1.03748269799438,8.0283410074763));
#4809=CARTESIAN_POINT('',(4.93293081746119E-16,-1.05550145665217,8.05608738927124));
#4810=CARTESIAN_POINT('',(4.96926799094196E-16,-1.09148898288674,8.11543049702455));
#4811=CARTESIAN_POINT('',(4.98882949297305E-16,-1.10919982497045,8.14737685420232));
#4812=CARTESIAN_POINT('',(5.03092927977295E-16,-1.14455312789153,8.21613102369709));
#4813=CARTESIAN_POINT('',(5.05372667416784E-16,-1.16180332820321,8.25336199414629));
#4814=CARTESIAN_POINT('',(5.1031894551265E-16,-1.19615239767136,8.33414084563736));
#4815=CARTESIAN_POINT('',(5.13017177230224E-16,-1.21265413519927,8.37820631364744));
#4816=CARTESIAN_POINT('',(5.18931960859742E-16,-1.24528614940171,8.47480206082345));
#4817=CARTESIAN_POINT('',(5.2218768542963E-16,-1.2604952634729,8.52797207804238));
#4818=CARTESIAN_POINT('',(5.29417376157721E-16,-1.29003350065163,8.64604188777241));
#4819=CARTESIAN_POINT('',(5.33440150396301E-16,-1.30290599496099,8.71173877672652));
#4820=CARTESIAN_POINT('',(5.42518743973894E-16,-1.32664693442678,8.86000346143257));
#4821=CARTESIAN_POINT('',(5.47635363002784E-16,-1.33512523862737,8.9435641914725));
#4822=CARTESIAN_POINT('',(5.59418742041196E-16,-1.34759212647562,9.13600137493823));
#4823=CARTESIAN_POINT('',(5.66121443203139E-16,-1.34843981239931,9.24546479192687));
#4824=CARTESIAN_POINT('',(5.72846246996809E-16,-1.34306706971316,9.35528917228456));
#4825=CARTESIAN_POINT('',(0.,0.096532095964919,7.4993787438626));
#4826=AXIS2_PLACEMENT_3D('',#4827,#4828,#4829);
#4827=CARTESIAN_POINT('',(0.,0.,0.));
#4828=DIRECTION('',(1.,0.,-6.12323399573677E-17));
#4829=DIRECTION('',(6.12272678341755E-17,0.0128709461298629,0.99991716594212));
#4830=CARTESIAN_POINT('',(0.,1.34306707315904,9.35528917300135));
#4831=CARTESIAN_POINT('',(5.728462470407E-16,1.34306707315904,9.35528917300135));
#4832=CARTESIAN_POINT('',(5.66121443226751E-16,1.3484398101581,9.24546479231248));
#4833=CARTESIAN_POINT('',(5.59418742031913E-16,1.34759212172175,9.13600137478663));
#4834=CARTESIAN_POINT('',(5.47635363029631E-16,1.33512523516387,8.94356419191094));
#4835=CARTESIAN_POINT('',(5.42518744033875E-16,1.32664693886959,8.86000346241215));
#4836=CARTESIAN_POINT('',(5.33440150480252E-16,1.3029059978949,8.71173877809755));
#4837=CARTESIAN_POINT('',(5.29417376264289E-16,1.29003349431853,8.64604188951279));
#4838=CARTESIAN_POINT('',(5.22187685507324E-16,1.26049525898732,8.52797207931122));
#4839=CARTESIAN_POINT('',(5.1893196089179E-16,1.24528615429011,8.47480206134683));
#4840=CARTESIAN_POINT('',(5.13017177214373E-16,1.21265414183473,8.37820631338858));
#4841=CARTESIAN_POINT('',(5.10318945419417E-16,1.1961524007879,8.33414084411474));
#4842=CARTESIAN_POINT('',(5.05372667298823E-16,1.16180332785148,8.25336199221985));
#4843=CARTESIAN_POINT('',(5.0309292793885E-16,1.14455312585335,8.21613102306923));
#4844=CARTESIAN_POINT('',(4.98882949386039E-16,1.10919982088496,8.14737685565146));
#4845=CARTESIAN_POINT('',(4.96926799274095E-16,1.09148897722933,8.11543049996251));
#4846=CARTESIAN_POINT('',(4.932930819895E-16,1.05550145146097,8.05608739324596));
#4847=CARTESIAN_POINT('',(4.9159410608231E-16,1.03748269487533,8.02834101105033));
#4848=CARTESIAN_POINT('',(4.8842371882687E-16,1.0010506442663,7.97656465793941));
#4849=CARTESIAN_POINT('',(4.86934446110434E-16,0.982804447170892,7.95224298874511));
#4850=CARTESIAN_POINT('',(4.84146083554635E-16,0.946022381871638,7.90670557244287));
#4851=CARTESIAN_POINT('',(4.82831965940341E-16,0.927590571656087,7.88524440314559));
#4852=CARTESIAN_POINT('',(4.80366082949553E-16,0.890503579290627,7.84497347780605));
#4853=CARTESIAN_POINT('',(4.79201586091813E-16,0.871907708825591,7.82595580089625));
#4854=CARTESIAN_POINT('',(4.7701393591639E-16,0.83453648037965,7.79022876226037));
#4855=CARTESIAN_POINT('',(4.75979939146676E-16,0.815788052348896,7.77334231352372));
#4856=CARTESIAN_POINT('',(4.74037237909703E-16,0.778142685127046,7.74161559463098));
#4857=CARTESIAN_POINT('',(4.73119264810407E-16,0.759248849500571,7.72662395622659));
#4858=CARTESIAN_POINT('',(4.7139621855143E-16,0.721336410570525,7.6984844753546));
#4859=CARTESIAN_POINT('',(4.70583209421455E-16,0.702303126105496,7.68520702865664));
#4860=CARTESIAN_POINT('',(4.69060436414577E-16,0.664131717492177,7.66033825820073));
#4861=CARTESIAN_POINT('',(4.68343880052746E-16,0.644965481875682,7.64863600474562));
#4862=CARTESIAN_POINT('',(4.67006434419808E-16,0.60654628170895,7.62679385999223));
#4863=CARTESIAN_POINT('',(4.66379747938331E-16,0.587254966334,7.6165592930638));
#4864=CARTESIAN_POINT('',(4.65216054918065E-16,0.548603132755279,7.5975547438162));
#4865=CARTESIAN_POINT('',(4.6467412978154E-16,0.529196404303596,7.58870443470009));
#4866=CARTESIAN_POINT('',(4.63675208025269E-16,0.490331316630012,7.57239080440333));
#4867=CARTESIAN_POINT('',(4.63214078606254E-16,0.470820701394677,7.56485998948858));
#4868=CARTESIAN_POINT('',(4.62372968391337E-16,0.431765801033237,7.55112361724636));
#4869=CARTESIAN_POINT('',(4.61989567850966E-16,0.412164614152086,7.54486221125341));
#4870=CARTESIAN_POINT('',(4.6130090641165E-16,0.372947047401712,7.53361551645464));
#4871=CARTESIAN_POINT('',(4.60992882151862E-16,0.353270225033332,7.52858509854144));
#4872=CARTESIAN_POINT('',(4.60452588325512E-16,0.31392037699092,7.51976143074226));
#4873=CARTESIAN_POINT('',(4.60218167263456E-16,0.294184266144506,7.51593304426839));
#4874=CARTESIAN_POINT('',(4.59823210178975E-16,0.254735224941616,7.5094829055875));
#4875=CARTESIAN_POINT('',(4.59661101222485E-16,0.234957312282164,7.50683546541776));
#4876=CARTESIAN_POINT('',(4.59409332615431E-16,0.195444290434887,7.50272377203434));
#4877=CARTESIAN_POINT('',(4.5931865481746E-16,0.175642941837316,7.50124289121166));
#4878=CARTESIAN_POINT('',(4.59208693052963E-16,0.13610271943641,7.49944707931595));
#4879=CARTESIAN_POINT('',(4.5918899355459E-16,0.116330477618549,7.4991253620929));
#4880=CARTESIAN_POINT('',(4.59204508670186E-16,0.0965320959558658,7.49937874315929));
#4881=CARTESIAN_POINT('',(7.98640830339326E-16,3.14503017453432,11.5805347545469));
#4882=CARTESIAN_POINT('',(7.09103240893206E-16,3.14503017966508,11.5805347531535));
#4883=CARTESIAN_POINT('',(7.08642211943929E-16,3.13479895072922,11.5730055790341));
#4884=CARTESIAN_POINT('',(7.08179571938666E-16,3.12458763536342,11.5654500943738));
#4885=CARTESIAN_POINT('',(7.05556353246863E-16,3.06700765153873,11.5226096820422));
#4886=CARTESIAN_POINT('',(7.03363159347496E-16,3.02001224171216,11.4867921075237));
#4887=CARTESIAN_POINT('',(6.98931837801227E-16,2.92752101231676,11.4144231347006));
#4888=CARTESIAN_POINT('',(6.9669542711817E-16,2.881958369697,11.3778997765435));
#4889=CARTESIAN_POINT('',(6.92179221809277E-16,2.79236157718905,11.3041445466758));
#4890=CARTESIAN_POINT('',(6.89901159782165E-16,2.74825693570273,11.2669409704496));
#4891=CARTESIAN_POINT('',(6.85303184801961E-16,2.66160711617099,11.1918503405079));
#4892=CARTESIAN_POINT('',(6.82985024747857E-16,2.61898725144,11.1539919138053));
#4893=CARTESIAN_POINT('',(6.78308363405522E-16,2.53534054197703,11.0776162380498));
#4894=CARTESIAN_POINT('',(6.75951641347286E-16,2.49423416013934,11.0391280460278));
#4895=CARTESIAN_POINT('',(6.71199335725141E-16,2.41365122343934,10.961517005433));
#4896=CARTESIAN_POINT('',(6.68805565039515E-16,2.3740894611847,10.9224237634094));
#4897=CARTESIAN_POINT('',(6.6398060426046E-16,2.29663668065544,10.8436261740569));
#4898=CARTESIAN_POINT('',(6.61551269807643E-16,2.25865374094979,10.803952131639));
#4899=CARTESIAN_POINT('',(6.5665657568889E-16,2.18440477439258,10.7240157104249));
#4900=CARTESIAN_POINT('',(6.54193126547336E-16,2.14803874756372,10.6837845328598));
#4901=CARTESIAN_POINT('',(6.49231533929295E-16,2.07707659738479,10.6027555762415));
#4902=CARTESIAN_POINT('',(6.46735372341974E-16,2.0423705675943,10.5619901638947));
#4903=CARTESIAN_POINT('',(6.4170960275569E-16,1.97479042845813,10.4799131178471));
#4904=CARTESIAN_POINT('',(6.39182070151044E-16,1.94179400337829,10.4386353779076));
#4905=CARTESIAN_POINT('',(6.34094695533917E-16,1.87770722962411,10.3555522453559));
#4906=CARTESIAN_POINT('',(6.31537053911711E-16,1.84647859493745,10.313782787844));
#4907=CARTESIAN_POINT('',(6.26390444904501E-16,1.78601848896962,10.2297322842899));
#4908=CARTESIAN_POINT('',(6.23803850543312E-16,1.75662744900272,10.1874899926677));
#4909=CARTESIAN_POINT('',(6.18600097482708E-16,1.69995810423084,10.1025062559001));
#4910=CARTESIAN_POINT('',(6.15985558898009E-16,1.67249059830955,10.0598076004752));
#4911=CARTESIAN_POINT('',(6.10726345753164E-16,1.61982111732034,9.97391813179728));
#4912=CARTESIAN_POINT('',(6.08084666046856E-16,1.59438609200578,9.93077622821908));
#4913=CARTESIAN_POINT('',(6.02771051915637E-16,1.54599541338155,9.84399832401161));
#4914=CARTESIAN_POINT('',(6.00102731728139E-16,1.52273582195577,9.80042134835862));
#4915=CARTESIAN_POINT('',(5.94734724655298E-16,1.47902114713124,9.71275514000241));
#4916=CARTESIAN_POINT('',(5.92039836630012E-16,1.45812966433957,9.66874427863142));
#4917=CARTESIAN_POINT('',(5.86615397665319E-16,1.41971982138464,9.5801564675422));
#4918=CARTESIAN_POINT('',(5.83893791117838E-16,1.4014279133047,9.53570925959008));
#4919=CARTESIAN_POINT('',(5.78405412947558E-16,1.36957276585321,9.44607724203038));
#4920=CARTESIAN_POINT('',(5.75644394513688E-16,1.35546761758799,9.40098638912825));
#4921=CARTESIAN_POINT('',(5.728462470407E-16,1.34306707315904,9.35528917300135));
#4922=CARTESIAN_POINT('',(7.87524620040661E-16,4.2624846902401,11.217451772371));
#4923=AXIS2_PLACEMENT_3D('',#4924,#4925,#4926);
#4924=CARTESIAN_POINT('',(0.,0.,0.));
#4925=DIRECTION('',(-1.,0.,6.12323399573677E-17));
#4926=DIRECTION('',(5.90919367482106E-17,0.26208584787786,0.965044562878908));
#4927=CARTESIAN_POINT('',(0.,4.41233692241702,8.3580229440872));
#4928=CARTESIAN_POINT('',(5.11781302283827E-16,4.41233692241702,8.35802294408721));
#4929=CARTESIAN_POINT('',(5.14491365081752E-16,4.42916481357014,8.40228162830231));
#4930=CARTESIAN_POINT('',(5.17232740985081E-16,4.44425724326248,8.44705169433667));
#4931=CARTESIAN_POINT('',(5.22819445706167E-16,4.47117026424809,8.53828950633234));
#4932=CARTESIAN_POINT('',(5.25679624113237E-16,4.48249721981984,8.58499976449104));
#4933=CARTESIAN_POINT('',(5.31450513938471E-16,4.50349361766696,8.67924554750786));
#4934=CARTESIAN_POINT('',(5.34382639249691E-16,4.51246099152955,8.72713078777895));
#4935=CARTESIAN_POINT('',(5.40298803388549E-16,4.52862398074397,8.82374908038344));
#4936=CARTESIAN_POINT('',(5.43294666536777E-16,4.53542047358332,8.87267523852656));
#4937=CARTESIAN_POINT('',(5.49335122212375E-16,4.54727836457494,8.97132336596712));
#4938=CARTESIAN_POINT('',(5.52387729947946E-16,4.55205917800905,9.02117623354815));
#4939=CARTESIAN_POINT('',(5.58538174647138E-16,4.55993323485957,9.12162061805924));
#4940=CARTESIAN_POINT('',(5.61641976534643E-16,4.56280918810729,9.17230954958899));
#4941=CARTESIAN_POINT('',(5.67891513972888E-16,4.56691491085325,9.27437224133972));
#4942=CARTESIAN_POINT('',(5.71041939441498E-16,4.56796646023093,9.32582259373199));
#4943=CARTESIAN_POINT('',(5.77381681500878E-16,4.56845685574698,9.42935843874126));
#4944=CARTESIAN_POINT('',(5.80574821381747E-16,4.567743832049,9.48150637042395));
#4945=CARTESIAN_POINT('',(5.86997171040843E-16,4.56473158255084,9.58639129991656));
#4946=CARTESIAN_POINT('',(5.90229577780129E-16,4.56229935737664,9.63918050806273));
#4947=CARTESIAN_POINT('',(5.96727819003515E-16,4.55586955303874,9.74530484085665));
#4948=CARTESIAN_POINT('',(5.99996376784305E-16,4.55175309618731,9.79868444031448));
#4949=CARTESIAN_POINT('',(6.06564421222699E-16,4.54197113680401,9.90594874612031));
#4950=CARTESIAN_POINT('',(6.09866260202408E-16,4.5361976950843,9.95987186880365));
#4951=CARTESIAN_POINT('',(6.16498480167872E-16,4.52311446528972,10.0681842405027));
#4952=CARTESIAN_POINT('',(6.19830914622696E-16,4.51570543234877,10.1226070252133));
#4953=CARTESIAN_POINT('',(6.26522029149822E-16,4.49936087773136,10.2318812180954));
#4954=CARTESIAN_POINT('',(6.29882516377992E-16,4.49033317844189,10.286762139362));
#4955=CARTESIAN_POINT('',(6.36627510516544E-16,4.47075884009618,10.3969162530746));
#4956=CARTESIAN_POINT('',(6.40013617543351E-16,4.46012586734114,10.4522155774049));
#4957=CARTESIAN_POINT('',(6.46807683658922E-16,4.43734675202261,10.5631710973197));
#4958=CARTESIAN_POINT('',(6.50217065950261E-16,4.42511918080332,10.6188505355661));
#4959=CARTESIAN_POINT('',(6.57055559892922E-16,4.39915516797412,10.7305316169591));
#4960=CARTESIAN_POINT('',(6.60485941493284E-16,4.38534147653954,10.7865539999474));
#4961=CARTESIAN_POINT('',(6.6736434839266E-16,4.3562083854916,10.8988869093898));
#4962=CARTESIAN_POINT('',(6.70813509073193E-16,4.34081532476407,10.9552159780312));
#4963=CARTESIAN_POINT('',(6.77727418361247E-16,4.30852576785258,11.0681286854807));
#4964=CARTESIAN_POINT('',(6.81193183018108E-16,4.29155873148577,11.1247289176337));
#4965=CARTESIAN_POINT('',(6.85387799360327E-16,4.27015651139661,11.1932322011133));
#4966=CARTESIAN_POINT('',(6.86129603253595E-16,4.26633638607683,11.2053467780474));
#4967=CARTESIAN_POINT('',(6.86870820492005E-16,4.26248468529528,11.2174517741806));
#4968=CARTESIAN_POINT('',(0.,4.32992812272755,6.12386499619295));
#4969=CARTESIAN_POINT('',(3.74978583431851E-16,4.32992812425107,6.12386499834769));
#4970=CARTESIAN_POINT('',(3.75678604179351E-16,4.31376196052747,6.13529720472732));
#4971=CARTESIAN_POINT('',(3.76406173351567E-16,4.29795497879935,6.14717931102479));
#4972=CARTESIAN_POINT('',(3.77918244727325E-16,4.26702181568797,6.17187331058142));
#4973=CARTESIAN_POINT('',(3.78704283994538E-16,4.2518726266839,6.18471030599528));
#4974=CARTESIAN_POINT('',(3.80330100638258E-16,4.22232271349611,6.21126190674828));
#4975=CARTESIAN_POINT('',(3.81173085836003E-16,4.20787817498592,6.22502889978386));
#4976=CARTESIAN_POINT('',(3.82912441627268E-16,4.17975452815462,6.25343473553137));
#4977=CARTESIAN_POINT('',(3.83812423592193E-16,4.16603794739794,6.26813255641412));
#4978=CARTESIAN_POINT('',(3.85665789142773E-16,4.13938967369972,6.2984003128296));
#4979=CARTESIAN_POINT('',(3.86623183789493E-16,4.12642759541032,6.31403575396065));
#4980=CARTESIAN_POINT('',(3.88591820444092E-16,4.10131056027724,6.34618603036638));
#4981=CARTESIAN_POINT('',(3.89607473579196E-16,4.08913323303423,6.3627729048156));
#4982=CARTESIAN_POINT('',(3.9169358921771E-16,4.06561119006488,6.39684175862661));
#4983=CARTESIAN_POINT('',(3.92768866277336E-16,4.05425326540859,6.41440236565835));
#4984=CARTESIAN_POINT('',(3.94975822562246E-16,4.03239965809522,6.45044469698926));
#4985=CARTESIAN_POINT('',(3.96112726014354E-16,4.02190137019885,6.46901173938711));
#4986=CARTESIAN_POINT('',(3.98445309498284E-16,4.00180197710908,6.50710571857448));
#4987=CARTESIAN_POINT('',(3.99646632024487E-16,3.99221070467907,6.52672480429029));
#4988=CARTESIAN_POINT('',(4.02111411385876E-16,3.97396740842478,6.56697770599395));
#4989=CARTESIAN_POINT('',(4.0338093847968E-16,3.96534000375607,6.58771065682822));
#4990=CARTESIAN_POINT('',(4.0598673274424E-16,3.94907618259374,6.63026650666794));
#4991=CARTESIAN_POINT('',(4.07329506946533E-16,3.94148222765799,6.65219567356288));
#4992=CARTESIAN_POINT('',(4.10088004942548E-16,3.92735039458569,6.69724536459112));
#4993=CARTESIAN_POINT('',(4.11510677512529E-16,3.92087682026069,6.7204793708527));
#4994=CARTESIAN_POINT('',(4.14437267800396E-16,3.90906957493559,6.76827421733259));
#4995=CARTESIAN_POINT('',(4.15948572257753E-16,3.90382738502444,6.79295569216124));
#4996=CARTESIAN_POINT('',(4.19063463812103E-16,3.89459325264541,6.84382573169458));
#4997=CARTESIAN_POINT('',(4.20674854212757E-16,3.8907271873519,6.8701417340191));
#4998=CARTESIAN_POINT('',(4.24004610782271E-16,3.88439383465693,6.92452078554372));
#4999=CARTESIAN_POINT('',(4.25731142214423E-16,3.88209674334932,6.952717183613));
#5000=CARTESIAN_POINT('',(4.29310815356233E-16,3.87910564762489,7.01117768249811));
#5001=CARTESIAN_POINT('',(4.31172369588098E-16,3.87864008302272,7.04157917022764));
#5002=CARTESIAN_POINT('',(4.35048509633482E-16,3.87959931052204,7.10488134107531));
#5003=CARTESIAN_POINT('',(4.37071531542209E-16,3.88133074257389,7.1379197960835));
#5004=CARTESIAN_POINT('',(4.41306514470501E-16,3.88709722582721,7.20708231594212));
#5005=CARTESIAN_POINT('',(4.43526512405965E-16,3.89154645121035,7.2433376335898));
#5006=CARTESIAN_POINT('',(4.48204873917904E-16,3.90335771520256,7.31974107522204));
#5007=CARTESIAN_POINT('',(4.50670081871941E-16,3.91128582535262,7.36000097637482));
#5008=CARTESIAN_POINT('',(4.55907978289702E-16,3.93097746201549,7.44554231648052));
#5009=CARTESIAN_POINT('',(4.58684815335598E-16,3.94352830815039,7.49089150692187));
#5010=CARTESIAN_POINT('',(4.64644449852343E-16,3.97390600972416,7.5882197246724));
#5011=CARTESIAN_POINT('',(4.67825784676307E-16,3.9928541299566,7.64017486514521));
#5012=CARTESIAN_POINT('',(4.74737851810055E-16,4.03835688699542,7.75305748793179));
#5013=CARTESIAN_POINT('',(4.78455644479894E-16,4.06655848278788,7.81377364988849));
#5014=CARTESIAN_POINT('',(4.86654852194047E-16,4.13449945440364,7.94767687357489));
#5015=CARTESIAN_POINT('',(4.91099430542843E-16,4.17675612701014,8.02026234641312));
#5016=CARTESIAN_POINT('',(5.01081086011062E-16,4.27978194130779,8.18327515100574));
#5017=CARTESIAN_POINT('',(5.06534194618723E-16,4.3434371311611,8.27233117289641));
#5018=CARTESIAN_POINT('',(5.11781302283827E-16,4.41233692241702,8.35802294408721));
#5019=CARTESIAN_POINT('',(0.,4.48612033313634,6.01038470865803));
#5020=AXIS2_PLACEMENT_3D('',#5021,#5022,#5023);
#5021=CARTESIAN_POINT('',(0.,0.,0.));
#5022=DIRECTION('',(1.,-6.16297582203915E-33,-6.12323399573677E-17));
#5023=DIRECTION('',(4.90706559719503E-17,0.598149377807608,0.801384627896226));
#5024=CARTESIAN_POINT('',(0.,6.58546509359273,6.77915290980754));
#5025=CARTESIAN_POINT('',(4.15103395596314E-16,6.58546509359273,6.77915290980754));
#5026=CARTESIAN_POINT('',(4.09469542343866E-16,6.5252585778202,6.68714510386105));
#5027=CARTESIAN_POINT('',(4.04077452718891E-16,6.46023180098202,6.5990855975817));
#5028=CARTESIAN_POINT('',(3.94993200383423E-16,6.33703413980272,6.45072849834635));
#5029=CARTESIAN_POINT('',(3.91158914978238E-16,6.28105928954711,6.3881098656458));
#5030=CARTESIAN_POINT('',(3.84668649787499E-16,6.17470466996022,6.28211579135013));
#5031=CARTESIAN_POINT('',(3.81877457362079E-16,6.12567493357516,6.23653215976977));
#5032=CARTESIAN_POINT('',(3.77091639079772E-16,6.03237830603091,6.15837381590051));
#5033=CARTESIAN_POINT('',(3.75005100517335E-16,5.98882132943804,6.12429805521769));
#5034=CARTESIAN_POINT('',(3.7139441398379E-16,5.90564392071696,6.065331069209));
#5035=CARTESIAN_POINT('',(3.69805420465175E-16,5.86639269879879,6.03938083572583));
#5036=CARTESIAN_POINT('',(3.67040070910839E-16,5.79112309721127,5.99421925025871));
#5037=CARTESIAN_POINT('',(3.65816583091317E-16,5.75528357604309,5.97423817783238));
#5038=CARTESIAN_POINT('',(3.63683056183695E-16,5.68626946587453,5.93939503923752));
#5039=CARTESIAN_POINT('',(3.62737936733759E-16,5.65316349563395,5.92396006728325));
#5040=CARTESIAN_POINT('',(3.6109344152193E-16,5.58916797274863,5.89710342236369));
#5041=CARTESIAN_POINT('',(3.60367462612027E-16,5.55828157819429,5.88524728702069));
#5042=CARTESIAN_POINT('',(3.5911380836865E-16,5.49837405333557,5.86477355950596));
#5043=CARTESIAN_POINT('',(3.58565668821305E-16,5.46931665133912,5.85582176135931));
#5044=CARTESIAN_POINT('',(3.57633676594169E-16,5.41279311369386,5.84060117322263));
#5045=CARTESIAN_POINT('',(3.57233920989483E-16,5.38526690718249,5.83407266875972));
#5046=CARTESIAN_POINT('',(3.56573794983034E-16,5.33159224407783,5.82329199294514));
#5047=CARTESIAN_POINT('',(3.56300989882066E-16,5.30536955882597,5.81883674754447));
#5048=CARTESIAN_POINT('',(3.55876189024979E-16,5.25413577349428,5.81189922306993));
#5049=CARTESIAN_POINT('',(3.5571445148349E-16,5.22904237106859,5.80925784856748));
#5050=CARTESIAN_POINT('',(3.55497685136902E-16,5.17993813175785,5.80571778547764));
#5051=CARTESIAN_POINT('',(3.55435046149127E-16,5.1558408336853,5.80469481317544));
#5052=CARTESIAN_POINT('',(3.55405596715045E-16,5.10862905442897,5.80421386741863));
#5053=CARTESIAN_POINT('',(3.55432894330434E-16,5.08542651648083,5.80465967130931));
#5054=CARTESIAN_POINT('',(3.5557479005947E-16,5.0399277016968,5.8069770044234));
#5055=CARTESIAN_POINT('',(3.55684904710341E-16,5.01754347936535,5.80877531314307));
#5056=CARTESIAN_POINT('',(3.55985651815785E-16,4.97362320295569,5.81368688610686));
#5057=CARTESIAN_POINT('',(3.56172974531067E-16,4.95200047346938,5.81674609820641));
#5058=CARTESIAN_POINT('',(3.56622663270609E-16,4.90955988946624,5.8240900726463));
#5059=CARTESIAN_POINT('',(3.56882713240295E-16,4.88865743516693,5.82833701094505));
#5060=CARTESIAN_POINT('',(3.57473380060181E-16,4.84762600745134,5.8379833321586));
#5061=CARTESIAN_POINT('',(3.57802534176088E-16,4.82741508621061,5.84335882680956));
#5062=CARTESIAN_POINT('',(3.58527704851813E-16,4.78774497108061,5.85520176268675));
#5063=CARTESIAN_POINT('',(3.58923002757843E-16,4.76820691568257,5.86165746740594));
#5064=CARTESIAN_POINT('',(3.59777361685672E-16,4.72986859636372,5.87561020754985));
#5065=CARTESIAN_POINT('',(3.60236362515763E-16,4.71099290721016,5.88310625996938));
#5066=CARTESIAN_POINT('',(3.61215514361571E-16,4.67397178961429,5.8990970231264));
#5067=CARTESIAN_POINT('',(3.61736195308733E-16,4.65575467142726,5.90760038830114));
#5068=CARTESIAN_POINT('',(3.62836497155923E-16,4.62004843029046,5.92556968112836));
#5069=CARTESIAN_POINT('',(3.63417184333934E-16,4.6024916365476,5.9350530224218));
#5070=CARTESIAN_POINT('',(3.64635630849973E-16,4.56810813764132,5.9549517641143));
#5071=CARTESIAN_POINT('',(3.65274950542934E-16,4.55121807020636,5.96539264704325));
#5072=CARTESIAN_POINT('',(3.66609100192332E-16,4.51817380657448,5.98718096430055));
#5073=CARTESIAN_POINT('',(3.67304794940216E-16,4.50198862628782,5.99854252174501));
#5074=CARTESIAN_POINT('',(3.68029919720598E-16,4.48612033271562,6.01038470809436));
#5075=CARTESIAN_POINT('',(6.74330372297438E-16,9.35125040140337,7.52024706577206));
#5076=CARTESIAN_POINT('',(4.60482324641061E-16,9.35125040473522,7.52024706162898));
#5077=CARTESIAN_POINT('',(4.60477581318574E-16,9.33854762914346,7.52016959729412));
#5078=CARTESIAN_POINT('',(4.60470817905828E-16,9.32584549902035,7.52005914238171));
#5079=CARTESIAN_POINT('',(4.60420977456778E-16,9.25408135099969,7.5192451860788));
#5080=CARTESIAN_POINT('',(4.60338080033501E-16,9.1950082237175,7.51789136841751));
#5081=CARTESIAN_POINT('',(4.60081960569211E-16,9.07764383235702,7.51370862014318));
#5082=CARTESIAN_POINT('',(4.59912532640719E-16,9.0193149888801,7.51094165208986));
#5083=CARTESIAN_POINT('',(4.59483565741967E-16,8.903477424704,7.50393609099174));
#5084=CARTESIAN_POINT('',(4.59227965569504E-16,8.84592830677246,7.49976182339653));
#5085=CARTESIAN_POINT('',(4.5862677973821E-16,8.73168996534666,7.48994371368992));
#5086=CARTESIAN_POINT('',(4.58285300287783E-16,8.67495714559056,7.48436693105081));
#5087=CARTESIAN_POINT('',(4.57512369517194E-16,8.56239304026851,7.47174401363286));
#5088=CARTESIAN_POINT('',(4.57085220281401E-16,8.50651448712662,7.46476813722359));
#5089=CARTESIAN_POINT('',(4.56140822328492E-16,8.39570289680298,7.44934494820996));
#5090=CARTESIAN_POINT('',(4.55628106999712E-16,8.34071832768577,7.44097167145561));
#5091=CARTESIAN_POINT('',(4.54512270879518E-16,8.2317416510384,7.42274868469779));
#5092=CARTESIAN_POINT('',(4.5391395971999E-16,8.17769299028814,7.41297752194384));
#5093=CARTESIAN_POINT('',(4.5262639818001E-16,8.07063886501793,7.39195004625246));
#5094=CARTESIAN_POINT('',(4.51942292592075E-16,8.01757083844033,7.38077775415302));
#5095=CARTESIAN_POINT('',(4.50482311688062E-16,7.91253362727932,7.35693445655849));
#5096=CARTESIAN_POINT('',(4.49711995447958E-16,7.86049455119046,7.34435423766372));
#5097=CARTESIAN_POINT('',(4.48078370749213E-16,7.75757739292857,7.31767512169522));
#5098=CARTESIAN_POINT('',(4.47221143642479E-16,7.70662027750096,7.30367554063509));
#5099=CARTESIAN_POINT('',(4.45411948084108E-16,7.60593794839104,7.2741291349346));
#5100=CARTESIAN_POINT('',(4.44466736901962E-16,7.55612198109662,7.25869266487965));
#5101=CARTESIAN_POINT('',(4.42479090623621E-16,7.45780508145011,7.22623193775858));
#5102=CARTESIAN_POINT('',(4.41444318455009E-16,7.40919783459596,7.20933282579696));
#5103=CARTESIAN_POINT('',(4.39274006612168E-16,7.31339918445869,7.17388894362043));
#5104=CARTESIAN_POINT('',(4.38147396280888E-16,7.26607986542381,7.15549000064253));
#5105=CARTESIAN_POINT('',(4.35788255324487E-16,7.17298479720251,7.11696230501561));
#5106=CARTESIAN_POINT('',(4.34566535407133E-16,7.12704925479158,7.09701010462274));
#5107=CARTESIAN_POINT('',(4.32009382756734E-16,7.03689360109725,7.05524863262642));
#5108=CARTESIAN_POINT('',(4.30687813181667E-16,6.99246229272324,7.0336657635741));
#5109=CARTESIAN_POINT('',(4.27918359483524E-16,6.90556747349043,6.98843715235213));
#5110=CARTESIAN_POINT('',(4.26490064373871E-16,6.86279697361973,6.96511132304938));
#5111=CARTESIAN_POINT('',(4.23484027638253E-16,6.7796521490268,6.91601901761551));
#5112=CARTESIAN_POINT('',(4.21940554284213E-16,6.73872827119075,6.89081218483541));
#5113=CARTESIAN_POINT('',(4.18646876541758E-16,6.66027253748936,6.83702234527107));
#5114=CARTESIAN_POINT('',(4.16920830676692E-16,6.62235749448547,6.8088338771141));
#5115=CARTESIAN_POINT('',(4.15103395596314E-16,6.58546509359273,6.77915290980754));
#5116=CARTESIAN_POINT('',(2.01138546080353E-16,10.041875272769,6.56968347838391));
#5117=AXIS2_PLACEMENT_3D('',#5118,#5119,#5120);
#5118=CARTESIAN_POINT('',(0.,0.,0.));
#5119=DIRECTION('',(-1.,0.,6.12323399573677E-17));
#5120=DIRECTION('',(3.83735270745626E-17,0.779270866783614,0.626687255481005));
#5121=CARTESIAN_POINT('',(2.55233294905107E-16,8.48237818,4.16827603));
#5122=CARTESIAN_POINT('',(2.56820121285594E-16,8.52200683178987,4.19419087143171));
#5123=CARTESIAN_POINT('',(2.58494742303338E-16,8.56053204845654,4.22153950809837));
#5124=CARTESIAN_POINT('',(2.62045842274986E-16,8.63593338014636,4.27953337170248));
#5125=CARTESIAN_POINT('',(2.63952101472485E-16,8.67255268057489,4.31066494692606));
#5126=CARTESIAN_POINT('',(2.67865158266333E-16,8.74493540460192,4.37457001402904));
#5127=CARTESIAN_POINT('',(2.69914548537762E-16,8.78033640048549,4.40803909707985));
#5128=CARTESIAN_POINT('',(2.74119096184532E-16,8.85020334093446,4.47670457107118));
#5129=CARTESIAN_POINT('',(2.7629818464067E-16,8.88445989335149,4.51229178622016));
#5130=CARTESIAN_POINT('',(2.80758233050913E-16,8.95203704315699,4.58512990433467));
#5131=CARTESIAN_POINT('',(2.83055776100119E-16,8.98520758282074,4.62265162979552));
#5132=CARTESIAN_POINT('',(2.87748191532238E-16,9.0506175565187,4.69928458936208));
#5133=CARTESIAN_POINT('',(2.90155710231747E-16,9.08273845797878,4.73860235349105));
#5134=CARTESIAN_POINT('',(2.9506392124405E-16,9.1460510024748,4.81875952232897));
#5135=CARTESIAN_POINT('',(2.97574822183583E-16,9.1771434821532,4.85976564656464));
#5136=CARTESIAN_POINT('',(3.02686131195842E-16,9.23839706323973,4.94323965745198));
#5137=CARTESIAN_POINT('',(3.05295098393342E-16,9.26847200013133,4.98584732521899));
#5138=CARTESIAN_POINT('',(3.10599303687941E-16,9.32768485383951,5.07247157146357));
#5139=CARTESIAN_POINT('',(3.13301915023366E-16,9.35674586036794,5.11660856406107));
#5140=CARTESIAN_POINT('',(3.18790520693357E-16,9.41392235711373,5.206244296973));
#5141=CARTESIAN_POINT('',(3.21582996803528E-16,9.4419678148989,5.25184889271628));
#5142=CARTESIAN_POINT('',(3.27248723436374E-16,9.49710242056958,5.34437723046706));
#5143=CARTESIAN_POINT('',(3.30127761917259E-16,9.52412682437312,5.39139549700546));
#5144=CARTESIAN_POINT('',(3.35964225205181E-16,9.57720668385351,5.48671217593664));
#5145=CARTESIAN_POINT('',(3.38926883271853E-16,9.60320156053396,5.53509605394514));
#5146=CARTESIAN_POINT('',(3.44928373123784E-16,9.65420829711527,5.6331078211928));
#5147=CARTESIAN_POINT('',(3.47971984536312E-16,9.67916293112271,5.68281376766891));
#5148=CARTESIAN_POINT('',(3.54133308562042E-16,9.728073922267,5.7834358250657));
#5149=CARTESIAN_POINT('',(3.57255422973044E-16,9.75197579391054,5.83442382279983));
#5150=CARTESIAN_POINT('',(3.63571791684835E-16,9.7987651207674,5.93757795207512));
#5151=CARTESIAN_POINT('',(3.66770128117423E-16,9.82160036050822,5.98981074988777));
#5152=CARTESIAN_POINT('',(3.73237068828065E-16,9.8662395254901,6.09542390651619));
#5153=CARTESIAN_POINT('',(3.76509480850944E-16,9.88799314488329,6.14886645052409));
#5154=CARTESIAN_POINT('',(3.83122771594062E-16,9.93045160664417,6.25686968456223));
#5155=CARTESIAN_POINT('',(3.86467220028762E-16,9.95110775474294,6.31148867245373));
#5156=CARTESIAN_POINT('',(3.93222838642702E-16,9.99135337869593,6.42181629701688));
#5157=CARTESIAN_POINT('',(3.96637369667745E-16,10.0108955396669,6.47757982046578));
#5158=CARTESIAN_POINT('',(4.008011828585E-16,10.0338459996603,6.54558005030599));
#5159=CARTESIAN_POINT('',(4.01538806726701E-16,10.0378762230156,6.55762636225022));
#5160=CARTESIAN_POINT('',(4.02277092428323E-16,10.0418752698322,6.56968348275444));
#5161=CARTESIAN_POINT('',(-2.29672856559844E-16,-9.79717439317882E-16,-4.));
#5162=AXIS2_PLACEMENT_3D('',#5163,#5164,#5165);
#5163=CARTESIAN_POINT('',(7.54746861368278E-49,0.,1.23259516440783E-32));
#5164=DIRECTION('',(1.,0.,-6.12323399573677E-17));
#5165=DIRECTION('',(-6.12323399573677E-17,-1.22464679914735E-16,-1.));
#5166=CARTESIAN_POINT('',(8.,7.10250296750092,2.40924295915229));
#5167=CARTESIAN_POINT('',(8.,8.48237818,4.16827603));
#5168=CARTESIAN_POINT('',(8.,7.10250297,2.40924296));
#5169=CARTESIAN_POINT('',(8.,7.09614395112487,2.4279940418672));
#5170=CARTESIAN_POINT('',(8.,7.09033996112487,2.44689797853387));
#5171=CARTESIAN_POINT('',(8.,7.07982927523749,2.4850579009179));
#5172=CARTESIAN_POINT('',(8.,7.07511872047022,2.5043477182452));
#5173=CARTESIAN_POINT('',(8.,7.06681897786636,2.54319741766055));
#5174=CARTESIAN_POINT('',(8.,7.06322513621044,2.56282543570023));
#5175=CARTESIAN_POINT('',(8.,7.05716915931155,2.60233690440751));
#5176=CARTESIAN_POINT('',(8.,7.05471137473039,2.62229009516259));
#5177=CARTESIAN_POINT('',(8.,7.05094340927879,2.66244068676318));
#5178=CARTESIAN_POINT('',(8.,7.04964714937015,2.68270894281032));
#5179=CARTESIAN_POINT('',(8.,7.0482244994276,2.72348248562895));
#5180=CARTESIAN_POINT('',(8.,7.04812235492482,2.7440592023077));
#5181=CARTESIAN_POINT('',(8.,7.04911779225282,2.78544739398087));
#5182=CARTESIAN_POINT('',(8.,7.0502509040196,2.80633024411071));
#5183=CARTESIAN_POINT('',(8.,7.05375611512924,2.84833433076249));
#5184=CARTESIAN_POINT('',(8.,7.05617625550938,2.86952612239743));
#5185=CARTESIAN_POINT('',(8.,7.06230658409061,2.91215892578158));
#5186=CARTESIAN_POINT('',(8.,7.06607889094426,2.93366870802485));
#5187=CARTESIAN_POINT('',(8.,7.07497981622452,2.97695713006749));
#5188=CARTESIAN_POINT('',(8.,7.08018662196707,2.99880150086578));
#5189=CARTESIAN_POINT('',(8.,7.09204261518783,3.04278954082132));
#5190=CARTESIAN_POINT('',(8.,7.0987886174862,3.06499422422962));
#5191=CARTESIAN_POINT('',(8.,7.11383526837576,3.10974667293057));
#5192=CARTESIAN_POINT('',(8.,7.12225464296472,3.13234845036145));
#5193=CARTESIAN_POINT('',(8.,7.14079548673642,3.17795541807951));
#5194=CARTESIAN_POINT('',(8.,7.15106187291967,3.20100443258162));
#5195=CARTESIAN_POINT('',(8.,7.17349196191796,3.24758684589873));
#5196=CARTESIAN_POINT('',(8.,7.18583240745979,3.27114935516721));
#5197=CARTESIAN_POINT('',(8.,7.21267182201801,3.31886558330027));
#5198=CARTESIAN_POINT('',(8.,7.22738686306542,3.34302714491227));
#5199=CARTESIAN_POINT('',(8.,7.25932923487888,3.39208080396498));
#5200=CARTESIAN_POINT('',(8.,7.27682213133891,3.41694977619959));
#5201=CARTESIAN_POINT('',(8.,7.3148062451497,3.46759848841849));
#5202=CARTESIAN_POINT('',(8.,7.33562651971659,3.49330944976259));
#5203=CARTESIAN_POINT('',(8.,7.38094441185059,3.54587364988811));
#5204=CARTESIAN_POINT('',(8.,7.40585425182784,3.57258962893721));
#5205=CARTESIAN_POINT('',(8.,7.4603185813384,3.62745882486087));
#5206=CARTESIAN_POINT('',(8.,7.49039673333943,3.65536974286057));
#5207=CARTESIAN_POINT('',(8.,7.55660754022222,3.71299968710375));
#5208=CARTESIAN_POINT('',(8.,7.59341697338397,3.74231075059007));
#5209=CARTESIAN_POINT('',(8.,7.67520114123287,3.80319536779887));
#5210=CARTESIAN_POINT('',(8.,7.72106895786308,3.83409053375521));
#5211=CARTESIAN_POINT('',(8.,7.82423220251244,3.89866864443311));
#5212=CARTESIAN_POINT('',(8.,7.88273583735098,3.93121256919138));
#5213=CARTESIAN_POINT('',(8.,8.01640757811977,3.9996078516131));
#5214=CARTESIAN_POINT('',(8.,8.09325861484915,4.03349288371492));
#5215=CARTESIAN_POINT('',(8.,8.27242477194964,4.10481595868148));
#5216=CARTESIAN_POINT('',(8.,8.37626871861631,4.13944821201482));
#5217=CARTESIAN_POINT('',(8.,8.48237818,4.16827603));
#5218=CARTESIAN_POINT('',(8.,10.041875272769,6.56968347838391));
#5219=CARTESIAN_POINT('',(8.,8.48237818,4.16827603));
#5220=CARTESIAN_POINT('',(8.,8.52200683178987,4.19419087143171));
#5221=CARTESIAN_POINT('',(8.,8.56053204845654,4.22153950809837));
#5222=CARTESIAN_POINT('',(8.,8.63593338014636,4.27953337170248));
#5223=CARTESIAN_POINT('',(8.,8.67255268057489,4.31066494692606));
#5224=CARTESIAN_POINT('',(8.,8.74493540460192,4.37457001402904));
#5225=CARTESIAN_POINT('',(8.,8.78033640048549,4.40803909707985));
#5226=CARTESIAN_POINT('',(8.,8.85020334093446,4.47670457107118));
#5227=CARTESIAN_POINT('',(8.,8.88445989335149,4.51229178622016));
#5228=CARTESIAN_POINT('',(8.,8.95203704315699,4.58512990433467));
#5229=CARTESIAN_POINT('',(8.,8.98520758282074,4.62265162979552));
#5230=CARTESIAN_POINT('',(8.,9.0506175565187,4.69928458936208));
#5231=CARTESIAN_POINT('',(8.,9.08273845797878,4.73860235349105));
#5232=CARTESIAN_POINT('',(8.,9.1460510024748,4.81875952232897));
#5233=CARTESIAN_POINT('',(8.,9.1771434821532,4.85976564656464));
#5234=CARTESIAN_POINT('',(8.,9.23839706323973,4.94323965745198));
#5235=CARTESIAN_POINT('',(8.,9.26847200013133,4.98584732521899));
#5236=CARTESIAN_POINT('',(8.,9.32768485383951,5.07247157146357));
#5237=CARTESIAN_POINT('',(8.,9.35674586036794,5.11660856406107));
#5238=CARTESIAN_POINT('',(8.,9.41392235711373,5.206244296973));
#5239=CARTESIAN_POINT('',(8.,9.4419678148989,5.25184889271628));
#5240=CARTESIAN_POINT('',(8.,9.49710242056958,5.34437723046706));
#5241=CARTESIAN_POINT('',(8.,9.52412682437312,5.39139549700546));
#5242=CARTESIAN_POINT('',(8.,9.57720668385351,5.48671217593664));
#5243=CARTESIAN_POINT('',(8.,9.60320156053396,5.53509605394514));
#5244=CARTESIAN_POINT('',(8.,9.65420829711527,5.6331078211928));
#5245=CARTESIAN_POINT('',(8.,9.67916293112271,5.68281376766891));
#5246=CARTESIAN_POINT('',(8.,9.728073922267,5.7834358250657));
#5247=CARTESIAN_POINT('',(8.,9.75197579391054,5.83442382279983));
#5248=CARTESIAN_POINT('',(8.,9.7987651207674,5.93757795207512));
#5249=CARTESIAN_POINT('',(8.,9.82160036050822,5.98981074988777));
#5250=CARTESIAN_POINT('',(8.,9.8662395254901,6.09542390651619));
#5251=CARTESIAN_POINT('',(8.,9.88799314488329,6.14886645052409));
#5252=CARTESIAN_POINT('',(8.,9.93045160664417,6.25686968456223));
#5253=CARTESIAN_POINT('',(8.,9.95110775474294,6.31148867245373));
#5254=CARTESIAN_POINT('',(8.,9.99135337869593,6.42181629701688));
#5255=CARTESIAN_POINT('',(8.,10.0108955396669,6.47757982046578));
#5256=CARTESIAN_POINT('',(8.,10.0338459996497,6.54558005027435));
#5257=CARTESIAN_POINT('',(8.,10.0378762229944,6.55762636218688));
#5258=CARTESIAN_POINT('',(8.,10.0418752698007,6.56968348265935));
#5259=CARTESIAN_POINT('',(8.,9.35125040140337,7.52024706577206));
#5260=AXIS2_PLACEMENT_3D('',#5261,#5262,#5263);
#5261=CARTESIAN_POINT('',(8.,0.,-4.89858719658941E-16));
#5262=DIRECTION('',(-1.,0.,6.12323399573677E-17));
#5263=DIRECTION('',(3.83735270745626E-17,0.779270866783614,0.626687255481005));
#5264=CARTESIAN_POINT('',(8.,6.58546509359273,6.77915290980754));
#5265=CARTESIAN_POINT('',(8.,9.35125040473506,7.52024706162898));
#5266=CARTESIAN_POINT('',(8.,9.33854762914335,7.52016959729412));
#5267=CARTESIAN_POINT('',(8.,9.3258454990203,7.52005914238171));
#5268=CARTESIAN_POINT('',(8.,9.25408135099969,7.5192451860788));
#5269=CARTESIAN_POINT('',(8.,9.1950082237175,7.51789136841751));
#5270=CARTESIAN_POINT('',(8.,9.07764383235702,7.51370862014318));
#5271=CARTESIAN_POINT('',(8.,9.0193149888801,7.51094165208986));
#5272=CARTESIAN_POINT('',(8.,8.903477424704,7.50393609099174));
#5273=CARTESIAN_POINT('',(8.,8.84592830677246,7.49976182339653));
#5274=CARTESIAN_POINT('',(8.,8.73168996534666,7.48994371368992));
#5275=CARTESIAN_POINT('',(8.,8.67495714559056,7.48436693105081));
#5276=CARTESIAN_POINT('',(8.,8.56239304026851,7.47174401363286));
#5277=CARTESIAN_POINT('',(8.,8.50651448712662,7.46476813722359));
#5278=CARTESIAN_POINT('',(8.,8.39570289680298,7.44934494820996));
#5279=CARTESIAN_POINT('',(8.,8.34071832768577,7.44097167145561));
#5280=CARTESIAN_POINT('',(8.,8.2317416510384,7.42274868469779));
#5281=CARTESIAN_POINT('',(8.,8.17769299028814,7.41297752194384));
#5282=CARTESIAN_POINT('',(8.,8.07063886501793,7.39195004625246));
#5283=CARTESIAN_POINT('',(8.,8.01757083844033,7.38077775415302));
#5284=CARTESIAN_POINT('',(8.,7.91253362727932,7.35693445655849));
#5285=CARTESIAN_POINT('',(8.,7.86049455119046,7.34435423766372));
#5286=CARTESIAN_POINT('',(8.,7.75757739292857,7.31767512169522));
#5287=CARTESIAN_POINT('',(8.,7.70662027750096,7.30367554063509));
#5288=CARTESIAN_POINT('',(8.,7.60593794839104,7.2741291349346));
#5289=CARTESIAN_POINT('',(8.,7.55612198109662,7.25869266487965));
#5290=CARTESIAN_POINT('',(8.,7.45780508145011,7.22623193775858));
#5291=CARTESIAN_POINT('',(8.,7.40919783459596,7.20933282579696));
#5292=CARTESIAN_POINT('',(8.,7.31339918445869,7.17388894362043));
#5293=CARTESIAN_POINT('',(8.,7.26607986542381,7.15549000064253));
#5294=CARTESIAN_POINT('',(8.,7.17298479720251,7.11696230501561));
#5295=CARTESIAN_POINT('',(8.,7.12704925479158,7.09701010462274));
#5296=CARTESIAN_POINT('',(8.,7.03689360109725,7.05524863262642));
#5297=CARTESIAN_POINT('',(8.,6.99246229272324,7.0336657635741));
#5298=CARTESIAN_POINT('',(8.,6.90556747349043,6.98843715235213));
#5299=CARTESIAN_POINT('',(8.,6.86279697361973,6.96511132304938));
#5300=CARTESIAN_POINT('',(8.,6.7796521490268,6.91601901761551));
#5301=CARTESIAN_POINT('',(8.,6.73872827119075,6.89081218483541));
#5302=CARTESIAN_POINT('',(8.,6.66027253748936,6.83702234527107));
#5303=CARTESIAN_POINT('',(8.,6.62235749448547,6.8088338771141));
#5304=CARTESIAN_POINT('',(8.,6.58546509359273,6.77915290980754));
#5305=CARTESIAN_POINT('',(8.,4.48612033313634,6.01038470865803));
#5306=CARTESIAN_POINT('',(8.,6.58546509359273,6.77915290980754));
#5307=CARTESIAN_POINT('',(8.,6.5252585778202,6.68714510386105));
#5308=CARTESIAN_POINT('',(8.,6.46023180098202,6.5990855975817));
#5309=CARTESIAN_POINT('',(8.,6.33703413980272,6.45072849834635));
#5310=CARTESIAN_POINT('',(8.,6.28105928954711,6.3881098656458));
#5311=CARTESIAN_POINT('',(8.,6.17470466996022,6.28211579135013));
#5312=CARTESIAN_POINT('',(8.,6.12567493357516,6.23653215976977));
#5313=CARTESIAN_POINT('',(8.,6.03237830603091,6.15837381590051));
#5314=CARTESIAN_POINT('',(8.,5.98882132943804,6.12429805521769));
#5315=CARTESIAN_POINT('',(8.,5.90564392071696,6.065331069209));
#5316=CARTESIAN_POINT('',(8.,5.86639269879879,6.03938083572583));
#5317=CARTESIAN_POINT('',(8.,5.79112309721127,5.99421925025871));
#5318=CARTESIAN_POINT('',(8.,5.75528357604309,5.97423817783238));
#5319=CARTESIAN_POINT('',(8.,5.68626946587453,5.93939503923752));
#5320=CARTESIAN_POINT('',(8.,5.65316349563395,5.92396006728325));
#5321=CARTESIAN_POINT('',(8.,5.58916797274863,5.89710342236369));
#5322=CARTESIAN_POINT('',(8.,5.55828157819429,5.88524728702069));
#5323=CARTESIAN_POINT('',(8.,5.49837405333557,5.86477355950596));
#5324=CARTESIAN_POINT('',(8.,5.46931665133912,5.85582176135931));
#5325=CARTESIAN_POINT('',(8.,5.41279311369386,5.84060117322263));
#5326=CARTESIAN_POINT('',(8.,5.38526690718249,5.83407266875972));
#5327=CARTESIAN_POINT('',(8.,5.33159224407783,5.82329199294514));
#5328=CARTESIAN_POINT('',(8.,5.30536955882597,5.81883674754447));
#5329=CARTESIAN_POINT('',(8.,5.25413577349428,5.81189922306993));
#5330=CARTESIAN_POINT('',(8.,5.22904237106859,5.80925784856748));
#5331=CARTESIAN_POINT('',(8.,5.17993813175785,5.80571778547764));
#5332=CARTESIAN_POINT('',(8.,5.1558408336853,5.80469481317544));
#5333=CARTESIAN_POINT('',(8.,5.10862905442897,5.80421386741863));
#5334=CARTESIAN_POINT('',(8.,5.08542651648083,5.80465967130931));
#5335=CARTESIAN_POINT('',(8.,5.0399277016968,5.8069770044234));
#5336=CARTESIAN_POINT('',(8.,5.01754347936535,5.80877531314307));
#5337=CARTESIAN_POINT('',(8.,4.97362320295569,5.81368688610686));
#5338=CARTESIAN_POINT('',(8.,4.95200047346938,5.81674609820641));
#5339=CARTESIAN_POINT('',(8.,4.90955988946624,5.8240900726463));
#5340=CARTESIAN_POINT('',(8.,4.88865743516693,5.82833701094505));
#5341=CARTESIAN_POINT('',(8.,4.84762600745134,5.8379833321586));
#5342=CARTESIAN_POINT('',(8.,4.82741508621061,5.84335882680956));
#5343=CARTESIAN_POINT('',(8.,4.78774497108061,5.85520176268675));
#5344=CARTESIAN_POINT('',(8.,4.76820691568257,5.86165746740594));
#5345=CARTESIAN_POINT('',(8.,4.72986859636372,5.87561020754985));
#5346=CARTESIAN_POINT('',(8.,4.71099290721016,5.88310625996938));
#5347=CARTESIAN_POINT('',(8.,4.67397178961429,5.8990970231264));
#5348=CARTESIAN_POINT('',(8.,4.65575467142726,5.90760038830114));
#5349=CARTESIAN_POINT('',(8.,4.62004843029046,5.92556968112836));
#5350=CARTESIAN_POINT('',(8.,4.6024916365476,5.9350530224218));
#5351=CARTESIAN_POINT('',(8.,4.56810813764132,5.9549517641143));
#5352=CARTESIAN_POINT('',(8.,4.55121807020636,5.96539264704325));
#5353=CARTESIAN_POINT('',(8.,4.51817380657448,5.98718096430055));
#5354=CARTESIAN_POINT('',(8.,4.50198862628782,5.99854252174501));
#5355=CARTESIAN_POINT('',(8.,4.48612033271562,6.01038470809436));
#5356=CARTESIAN_POINT('',(8.,4.32992812272755,6.12386499619295));
#5357=AXIS2_PLACEMENT_3D('',#5358,#5359,#5360);
#5358=CARTESIAN_POINT('',(8.,0.,0.));
#5359=DIRECTION('',(1.,-6.16297582203915E-33,-6.12323399573677E-17));
#5360=DIRECTION('',(4.90706559719503E-17,0.598149377807608,0.801384627896226));
#5361=CARTESIAN_POINT('',(8.,4.41233692241702,8.3580229440872));
#5362=CARTESIAN_POINT('',(8.,4.32992812425107,6.12386499834769));
#5363=CARTESIAN_POINT('',(8.,4.31376196052747,6.13529720472732));
#5364=CARTESIAN_POINT('',(8.,4.29795497879935,6.14717931102479));
#5365=CARTESIAN_POINT('',(8.,4.26702181568797,6.17187331058142));
#5366=CARTESIAN_POINT('',(8.,4.2518726266839,6.18471030599528));
#5367=CARTESIAN_POINT('',(8.,4.22232271349611,6.21126190674828));
#5368=CARTESIAN_POINT('',(8.,4.20787817498592,6.22502889978386));
#5369=CARTESIAN_POINT('',(8.,4.17975452815462,6.25343473553137));
#5370=CARTESIAN_POINT('',(8.,4.16603794739794,6.26813255641412));
#5371=CARTESIAN_POINT('',(8.,4.13938967369972,6.2984003128296));
#5372=CARTESIAN_POINT('',(8.,4.12642759541032,6.31403575396065));
#5373=CARTESIAN_POINT('',(8.,4.10131056027724,6.34618603036638));
#5374=CARTESIAN_POINT('',(8.,4.08913323303423,6.3627729048156));
#5375=CARTESIAN_POINT('',(8.,4.06561119006488,6.39684175862661));
#5376=CARTESIAN_POINT('',(8.,4.05425326540859,6.41440236565835));
#5377=CARTESIAN_POINT('',(8.,4.03239965809522,6.45044469698926));
#5378=CARTESIAN_POINT('',(8.,4.02190137019885,6.46901173938711));
#5379=CARTESIAN_POINT('',(8.,4.00180197710908,6.50710571857448));
#5380=CARTESIAN_POINT('',(8.,3.99221070467907,6.52672480429029));
#5381=CARTESIAN_POINT('',(8.,3.97396740842478,6.56697770599395));
#5382=CARTESIAN_POINT('',(8.,3.96534000375607,6.58771065682822));
#5383=CARTESIAN_POINT('',(8.,3.94907618259374,6.63026650666794));
#5384=CARTESIAN_POINT('',(8.,3.94148222765799,6.65219567356288));
#5385=CARTESIAN_POINT('',(8.,3.92735039458569,6.69724536459112));
#5386=CARTESIAN_POINT('',(8.,3.92087682026069,6.7204793708527));
#5387=CARTESIAN_POINT('',(8.,3.90906957493559,6.76827421733259));
#5388=CARTESIAN_POINT('',(8.,3.90382738502444,6.79295569216124));
#5389=CARTESIAN_POINT('',(8.,3.89459325264541,6.84382573169458));
#5390=CARTESIAN_POINT('',(8.,3.8907271873519,6.8701417340191));
#5391=CARTESIAN_POINT('',(8.,3.88439383465693,6.92452078554372));
#5392=CARTESIAN_POINT('',(8.,3.88209674334932,6.952717183613));
#5393=CARTESIAN_POINT('',(8.,3.87910564762489,7.01117768249811));
#5394=CARTESIAN_POINT('',(8.,3.87864008302272,7.04157917022764));
#5395=CARTESIAN_POINT('',(8.,3.87959931052204,7.10488134107531));
#5396=CARTESIAN_POINT('',(8.,3.88133074257389,7.1379197960835));
#5397=CARTESIAN_POINT('',(8.,3.88709722582721,7.20708231594212));
#5398=CARTESIAN_POINT('',(8.,3.89154645121035,7.2433376335898));
#5399=CARTESIAN_POINT('',(8.,3.90335771520256,7.31974107522204));
#5400=CARTESIAN_POINT('',(8.,3.91128582535262,7.36000097637482));
#5401=CARTESIAN_POINT('',(8.,3.93097746201549,7.44554231648052));
#5402=CARTESIAN_POINT('',(8.,3.94352830815039,7.49089150692187));
#5403=CARTESIAN_POINT('',(8.,3.97390600972416,7.5882197246724));
#5404=CARTESIAN_POINT('',(8.,3.9928541299566,7.64017486514521));
#5405=CARTESIAN_POINT('',(8.,4.03835688699542,7.75305748793179));
#5406=CARTESIAN_POINT('',(8.,4.06655848278788,7.81377364988849));
#5407=CARTESIAN_POINT('',(8.,4.13449945440364,7.94767687357489));
#5408=CARTESIAN_POINT('',(8.,4.17675612701014,8.02026234641312));
#5409=CARTESIAN_POINT('',(8.,4.27978194130779,8.18327515100574));
#5410=CARTESIAN_POINT('',(8.,4.3434371311611,8.27233117289641));
#5411=CARTESIAN_POINT('',(8.,4.41233692241702,8.35802294408721));
#5412=CARTESIAN_POINT('',(8.,4.2624846902401,11.217451772371));
#5413=CARTESIAN_POINT('',(8.,4.41233692241702,8.35802294408721));
#5414=CARTESIAN_POINT('',(8.,4.42916481357014,8.40228162830231));
#5415=CARTESIAN_POINT('',(8.,4.44425724326248,8.44705169433667));
#5416=CARTESIAN_POINT('',(8.,4.47117026424809,8.53828950633234));
#5417=CARTESIAN_POINT('',(8.,4.48249721981984,8.58499976449104));
#5418=CARTESIAN_POINT('',(8.,4.50349361766696,8.67924554750786));
#5419=CARTESIAN_POINT('',(8.,4.51246099152955,8.72713078777895));
#5420=CARTESIAN_POINT('',(8.,4.52862398074397,8.82374908038344));
#5421=CARTESIAN_POINT('',(8.,4.53542047358332,8.87267523852656));
#5422=CARTESIAN_POINT('',(8.,4.54727836457494,8.97132336596712));
#5423=CARTESIAN_POINT('',(8.,4.55205917800905,9.02117623354815));
#5424=CARTESIAN_POINT('',(8.,4.55993323485957,9.12162061805924));
#5425=CARTESIAN_POINT('',(8.,4.56280918810729,9.17230954958899));
#5426=CARTESIAN_POINT('',(8.,4.56691491085325,9.27437224133972));
#5427=CARTESIAN_POINT('',(8.,4.56796646023093,9.32582259373199));
#5428=CARTESIAN_POINT('',(8.,4.56845685574698,9.42935843874126));
#5429=CARTESIAN_POINT('',(8.,4.567743832049,9.48150637042395));
#5430=CARTESIAN_POINT('',(8.,4.56473158255084,9.58639129991656));
#5431=CARTESIAN_POINT('',(8.,4.56229935737664,9.63918050806273));
#5432=CARTESIAN_POINT('',(8.,4.55586955303874,9.74530484085665));
#5433=CARTESIAN_POINT('',(8.,4.55175309618731,9.79868444031448));
#5434=CARTESIAN_POINT('',(8.,4.54197113680401,9.90594874612031));
#5435=CARTESIAN_POINT('',(8.,4.5361976950843,9.95987186880365));
#5436=CARTESIAN_POINT('',(8.,4.52311446528972,10.0681842405027));
#5437=CARTESIAN_POINT('',(8.,4.51570543234877,10.1226070252133));
#5438=CARTESIAN_POINT('',(8.,4.49936087773136,10.2318812180954));
#5439=CARTESIAN_POINT('',(8.,4.49033317844189,10.286762139362));
#5440=CARTESIAN_POINT('',(8.,4.47075884009618,10.3969162530746));
#5441=CARTESIAN_POINT('',(8.,4.46012586734114,10.4522155774049));
#5442=CARTESIAN_POINT('',(8.,4.43734675202261,10.5631710973197));
#5443=CARTESIAN_POINT('',(8.,4.42511918080332,10.6188505355661));
#5444=CARTESIAN_POINT('',(8.,4.39915516797412,10.7305316169591));
#5445=CARTESIAN_POINT('',(8.,4.38534147653954,10.7865539999474));
#5446=CARTESIAN_POINT('',(8.,4.3562083854916,10.8988869093898));
#5447=CARTESIAN_POINT('',(8.,4.34081532476407,10.9552159780312));
#5448=CARTESIAN_POINT('',(8.,4.30852576785258,11.0681286854807));
#5449=CARTESIAN_POINT('',(8.,4.29155873148577,11.1247289176337));
#5450=CARTESIAN_POINT('',(8.,4.27015651140657,11.1932322010815));
#5451=CARTESIAN_POINT('',(8.,4.26633638609691,11.2053467779837));
#5452=CARTESIAN_POINT('',(8.,4.26248468532566,11.2174517740852));
#5453=CARTESIAN_POINT('',(8.,3.14503017453432,11.5805347545469));
#5454=AXIS2_PLACEMENT_3D('',#5455,#5456,#5457);
#5455=CARTESIAN_POINT('',(8.,0.,-4.89858719658941E-16));
#5456=DIRECTION('',(-1.,0.,6.12323399573677E-17));
#5457=DIRECTION('',(5.90919367482106E-17,0.26208584787786,0.965044562878908));
#5458=CARTESIAN_POINT('',(8.,1.34306707315904,9.35528917300135));
#5459=CARTESIAN_POINT('',(8.,3.14503017966495,11.5805347531534));
#5460=CARTESIAN_POINT('',(8.,3.13479895072913,11.573005579034));
#5461=CARTESIAN_POINT('',(8.,3.12458763536338,11.5654500943738));
#5462=CARTESIAN_POINT('',(8.,3.06700765153873,11.5226096820422));
#5463=CARTESIAN_POINT('',(8.,3.02001224171216,11.4867921075237));
#5464=CARTESIAN_POINT('',(8.,2.92752101231676,11.4144231347006));
#5465=CARTESIAN_POINT('',(8.,2.881958369697,11.3778997765435));
#5466=CARTESIAN_POINT('',(8.,2.79236157718905,11.3041445466758));
#5467=CARTESIAN_POINT('',(8.,2.74825693570273,11.2669409704496));
#5468=CARTESIAN_POINT('',(8.,2.66160711617099,11.1918503405079));
#5469=CARTESIAN_POINT('',(8.,2.61898725144,11.1539919138053));
#5470=CARTESIAN_POINT('',(8.,2.53534054197703,11.0776162380498));
#5471=CARTESIAN_POINT('',(8.,2.49423416013934,11.0391280460278));
#5472=CARTESIAN_POINT('',(8.,2.41365122343934,10.961517005433));
#5473=CARTESIAN_POINT('',(8.,2.3740894611847,10.9224237634094));
#5474=CARTESIAN_POINT('',(8.,2.29663668065544,10.8436261740569));
#5475=CARTESIAN_POINT('',(8.,2.25865374094979,10.803952131639));
#5476=CARTESIAN_POINT('',(8.,2.18440477439258,10.7240157104249));
#5477=CARTESIAN_POINT('',(8.,2.14803874756372,10.6837845328598));
#5478=CARTESIAN_POINT('',(8.,2.07707659738479,10.6027555762415));
#5479=CARTESIAN_POINT('',(8.,2.0423705675943,10.5619901638947));
#5480=CARTESIAN_POINT('',(8.,1.97479042845813,10.4799131178471));
#5481=CARTESIAN_POINT('',(8.,1.94179400337829,10.4386353779076));
#5482=CARTESIAN_POINT('',(8.,1.87770722962411,10.3555522453559));
#5483=CARTESIAN_POINT('',(8.,1.84647859493745,10.313782787844));
#5484=CARTESIAN_POINT('',(8.,1.78601848896962,10.2297322842899));
#5485=CARTESIAN_POINT('',(8.,1.75662744900272,10.1874899926677));
#5486=CARTESIAN_POINT('',(8.,1.69995810423084,10.1025062559001));
#5487=CARTESIAN_POINT('',(8.,1.67249059830955,10.0598076004752));
#5488=CARTESIAN_POINT('',(8.,1.61982111732034,9.97391813179728));
#5489=CARTESIAN_POINT('',(8.,1.59438609200578,9.93077622821908));
#5490=CARTESIAN_POINT('',(8.,1.54599541338155,9.84399832401161));
#5491=CARTESIAN_POINT('',(8.,1.52273582195577,9.80042134835862));
#5492=CARTESIAN_POINT('',(8.,1.47902114713124,9.71275514000241));
#5493=CARTESIAN_POINT('',(8.,1.45812966433957,9.66874427863142));
#5494=CARTESIAN_POINT('',(8.,1.41971982138464,9.5801564675422));
#5495=CARTESIAN_POINT('',(8.,1.4014279133047,9.53570925959008));
#5496=CARTESIAN_POINT('',(8.,1.36957276585321,9.44607724203038));
#5497=CARTESIAN_POINT('',(8.,1.35546761758799,9.40098638912825));
#5498=CARTESIAN_POINT('',(8.,1.34306707315904,9.35528917300135));
#5499=CARTESIAN_POINT('',(8.,0.096532095964919,7.4993787438626));
#5500=CARTESIAN_POINT('',(8.,1.34306707315904,9.35528917300135));
#5501=CARTESIAN_POINT('',(8.,1.3484398101581,9.24546479231248));
#5502=CARTESIAN_POINT('',(8.,1.34759212172175,9.13600137478663));
#5503=CARTESIAN_POINT('',(8.,1.33512523516387,8.94356419191094));
#5504=CARTESIAN_POINT('',(8.,1.32664693886959,8.86000346241215));
#5505=CARTESIAN_POINT('',(8.,1.3029059978949,8.71173877809755));
#5506=CARTESIAN_POINT('',(8.,1.29003349431853,8.64604188951279));
#5507=CARTESIAN_POINT('',(8.,1.26049525898732,8.52797207931122));
#5508=CARTESIAN_POINT('',(8.,1.24528615429011,8.47480206134683));
#5509=CARTESIAN_POINT('',(8.,1.21265414183473,8.37820631338858));
#5510=CARTESIAN_POINT('',(8.,1.1961524007879,8.33414084411474));
#5511=CARTESIAN_POINT('',(8.,1.16180332785148,8.25336199221985));
#5512=CARTESIAN_POINT('',(8.,1.14455312585335,8.21613102306923));
#5513=CARTESIAN_POINT('',(8.,1.10919982088496,8.14737685565146));
#5514=CARTESIAN_POINT('',(8.,1.09148897722933,8.11543049996251));
#5515=CARTESIAN_POINT('',(8.,1.05550145146097,8.05608739324596));
#5516=CARTESIAN_POINT('',(8.,1.03748269487533,8.02834101105033));
#5517=CARTESIAN_POINT('',(8.,1.0010506442663,7.97656465793941));
#5518=CARTESIAN_POINT('',(8.,0.982804447170892,7.95224298874511));
#5519=CARTESIAN_POINT('',(8.,0.946022381871638,7.90670557244287));
#5520=CARTESIAN_POINT('',(8.,0.927590571656087,7.88524440314559));
#5521=CARTESIAN_POINT('',(8.,0.890503579290627,7.84497347780605));
#5522=CARTESIAN_POINT('',(8.,0.871907708825591,7.82595580089625));
#5523=CARTESIAN_POINT('',(8.,0.83453648037965,7.79022876226037));
#5524=CARTESIAN_POINT('',(8.,0.815788052348896,7.77334231352372));
#5525=CARTESIAN_POINT('',(8.,0.778142685127046,7.74161559463098));
#5526=CARTESIAN_POINT('',(8.,0.759248849500571,7.72662395622659));
#5527=CARTESIAN_POINT('',(8.,0.721336410570525,7.6984844753546));
#5528=CARTESIAN_POINT('',(8.,0.702303126105496,7.68520702865664));
#5529=CARTESIAN_POINT('',(8.,0.664131717492177,7.66033825820073));
#5530=CARTESIAN_POINT('',(8.,0.644965481875682,7.64863600474562));
#5531=CARTESIAN_POINT('',(8.,0.60654628170895,7.62679385999223));
#5532=CARTESIAN_POINT('',(8.,0.587254966334,7.6165592930638));
#5533=CARTESIAN_POINT('',(8.,0.548603132755279,7.5975547438162));
#5534=CARTESIAN_POINT('',(8.,0.529196404303596,7.58870443470009));
#5535=CARTESIAN_POINT('',(8.,0.490331316630012,7.57239080440333));
#5536=CARTESIAN_POINT('',(8.,0.470820701394677,7.56485998948858));
#5537=CARTESIAN_POINT('',(8.,0.431765801033237,7.55112361724636));
#5538=CARTESIAN_POINT('',(8.,0.412164614152086,7.54486221125341));
#5539=CARTESIAN_POINT('',(8.,0.372947047401712,7.53361551645464));
#5540=CARTESIAN_POINT('',(8.,0.353270225033332,7.52858509854144));
#5541=CARTESIAN_POINT('',(8.,0.31392037699092,7.51976143074226));
#5542=CARTESIAN_POINT('',(8.,0.294184266144506,7.51593304426839));
#5543=CARTESIAN_POINT('',(8.,0.254735224941616,7.5094829055875));
#5544=CARTESIAN_POINT('',(8.,0.234957312282164,7.50683546541776));
#5545=CARTESIAN_POINT('',(8.,0.195444290434887,7.50272377203434));
#5546=CARTESIAN_POINT('',(8.,0.175642941837316,7.50124289121166));
#5547=CARTESIAN_POINT('',(8.,0.13610271943641,7.49944707931595));
#5548=CARTESIAN_POINT('',(8.,0.116330477618549,7.4991253620929));
#5549=CARTESIAN_POINT('',(8.,0.0965320959558658,7.49937874315929));
#5550=CARTESIAN_POINT('',(8.,-0.0965320960837222,7.49937874720366));
#5551=AXIS2_PLACEMENT_3D('',#5552,#5553,#5554);
#5552=CARTESIAN_POINT('',(8.,0.,0.));
#5553=DIRECTION('',(1.,0.,-6.12323399573677E-17));
#5554=DIRECTION('',(6.12272678341755E-17,0.0128709461298629,0.99991716594212));
#5555=CARTESIAN_POINT('',(8.,-1.34306706971316,9.35528917228456));
#5556=CARTESIAN_POINT('',(8.,-0.0965320961176865,7.49937874984238));
#5557=CARTESIAN_POINT('',(8.,-0.116330479615041,7.49912536646383));
#5558=CARTESIAN_POINT('',(8.,-0.136102723310687,7.49944708164441));
#5559=CARTESIAN_POINT('',(8.,-0.17564294671707,7.50124288986117));
#5560=CARTESIAN_POINT('',(8.,-0.19544429466037,7.50272376742692));
#5561=CARTESIAN_POINT('',(8.,-0.234957315958975,7.50683546048565));
#5562=CARTESIAN_POINT('',(8.,-0.254735228564339,7.50948290510041));
#5563=CARTESIAN_POINT('',(8.,-0.294184268126093,7.51593304411145));
#5564=CARTESIAN_POINT('',(8.,-0.313920377418681,7.51976142710522));
#5565=CARTESIAN_POINT('',(8.,-0.353270224552296,7.52858509414809));
#5566=CARTESIAN_POINT('',(8.,-0.372947047880758,7.53361551328007));
#5567=CARTESIAN_POINT('',(8.,-0.412164614480147,7.54486221043363));
#5568=CARTESIAN_POINT('',(8.,-0.431765799348681,7.55112362038083));
#5569=CARTESIAN_POINT('',(8.,-0.470820701685929,7.56485999213164));
#5570=CARTESIAN_POINT('',(8.,-0.490331321588263,7.57239080104224));
#5571=CARTESIAN_POINT('',(8.,-0.529196412107718,7.58870443151766));
#5572=CARTESIAN_POINT('',(8.,-0.548603139127863,7.59755474555299));
#5573=CARTESIAN_POINT('',(8.,-0.587254968881583,7.61655929526074));
#5574=CARTESIAN_POINT('',(8.,-0.60654628052236,7.62679386053385));
#5575=CARTESIAN_POINT('',(8.,-0.644965479208885,7.64863600159354));
#5576=CARTESIAN_POINT('',(8.,-0.664131718940109,7.66033824993218));
#5577=CARTESIAN_POINT('',(8.,-0.702303127588472,7.68520702143744));
#5578=CARTESIAN_POINT('',(8.,-0.721336407081919,7.69848447541013));
#5579=CARTESIAN_POINT('',(8.,-0.759248844205815,7.72662395797555));
#5580=CARTESIAN_POINT('',(8.,-0.77814268208131,7.74161559237073));
#5581=CARTESIAN_POINT('',(8.,-0.815788050102532,7.77334231074421));
#5582=CARTESIAN_POINT('',(8.,-0.834536477737503,7.79022876140734));
#5583=CARTESIAN_POINT('',(8.,-0.871907706781683,7.82595580106422));
#5584=CARTESIAN_POINT('',(8.,-0.890503577371144,7.84497347800484));
#5585=CARTESIAN_POINT('',(8.,-0.92759057185256,7.88524440351458));
#5586=CARTESIAN_POINT('',(8.,-0.946022384710943,7.90670557233901));
#5587=CARTESIAN_POINT('',(8.,-0.982804451070136,7.95224298748168));
#5588=CARTESIAN_POINT('',(8.,-1.00105064688044,7.97656465570201));
#5589=CARTESIAN_POINT('',(8.,-1.03748269799438,8.0283410074763));
#5590=CARTESIAN_POINT('',(8.,-1.05550145665217,8.05608738927124));
#5591=CARTESIAN_POINT('',(8.,-1.09148898288674,8.11543049702455));
#5592=CARTESIAN_POINT('',(8.,-1.10919982497045,8.14737685420232));
#5593=CARTESIAN_POINT('',(8.,-1.14455312789153,8.21613102369709));
#5594=CARTESIAN_POINT('',(8.,-1.16180332820321,8.25336199414629));
#5595=CARTESIAN_POINT('',(8.,-1.19615239767136,8.33414084563736));
#5596=CARTESIAN_POINT('',(8.,-1.21265413519927,8.37820631364744));
#5597=CARTESIAN_POINT('',(8.,-1.24528614940171,8.47480206082345));
#5598=CARTESIAN_POINT('',(8.,-1.2604952634729,8.52797207804238));
#5599=CARTESIAN_POINT('',(8.,-1.29003350065163,8.64604188777241));
#5600=CARTESIAN_POINT('',(8.,-1.30290599496099,8.71173877672652));
#5601=CARTESIAN_POINT('',(8.,-1.32664693442678,8.86000346143257));
#5602=CARTESIAN_POINT('',(8.,-1.33512523862737,8.9435641914725));
#5603=CARTESIAN_POINT('',(8.,-1.34759212647562,9.13600137493823));
#5604=CARTESIAN_POINT('',(8.,-1.34843981239931,9.24546479192687));
#5605=CARTESIAN_POINT('',(8.,-1.34306706971316,9.35528917228456));
#5606=CARTESIAN_POINT('',(8.,-3.14503016743445,11.5805347564751));
#5607=CARTESIAN_POINT('',(8.,-1.34306706971316,9.35528917228456));
#5608=CARTESIAN_POINT('',(8.,-1.3554676216583,9.40098638621024));
#5609=CARTESIAN_POINT('',(8.,-1.36957277410994,9.44607723806574));
#5610=CARTESIAN_POINT('',(8.,-1.40142792310511,9.53570925532981));
#5611=CARTESIAN_POINT('',(8.,-1.41971982442948,9.58015646543028));
#5612=CARTESIAN_POINT('',(8.,-1.45812966309855,9.66874427854488));
#5613=CARTESIAN_POINT('',(8.,-1.47902114328263,9.71275514181213));
#5614=CARTESIAN_POINT('',(8.,-1.52273581782286,9.80042134918986));
#5615=CARTESIAN_POINT('',(8.,-1.54599541382154,9.8439983208554));
#5616=CARTESIAN_POINT('',(8.,-1.5943860929677,9.93077622586624));
#5617=CARTESIAN_POINT('',(8.,-1.61982111400119,9.97391813458815));
#5618=CARTESIAN_POINT('',(8.,-1.67249059608566,10.0598076031396));
#5619=CARTESIAN_POINT('',(8.,-1.69995810744087,10.1025062530792));
#5620=CARTESIAN_POINT('',(8.,-1.75662745298555,10.1874899884772));
#5621=CARTESIAN_POINT('',(8.,-1.78601849003001,10.2297322831454));
#5622=CARTESIAN_POINT('',(8.,-1.84647859450365,10.313782788537));
#5623=CARTESIAN_POINT('',(8.,-1.87770722797335,10.3555522466756));
#5624=CARTESIAN_POINT('',(8.,-1.94179400375215,10.4386353812577));
#5625=CARTESIAN_POINT('',(8.,-1.97479043328074,10.4799131216799));
#5626=CARTESIAN_POINT('',(8.,-2.04237057198625,10.5619901662619));
#5627=CARTESIAN_POINT('',(8.,-2.07707659687026,10.6027555767473));
#5628=CARTESIAN_POINT('',(8.,-2.1480387452997,10.68378453157));
#5629=CARTESIAN_POINT('',(8.,-2.18440477403779,10.7240157103128));
#5630=CARTESIAN_POINT('',(8.,-2.25865374400843,10.8039521301928));
#5631=CARTESIAN_POINT('',(8.,-2.29663668781111,10.8436261676084));
#5632=CARTESIAN_POINT('',(8.,-2.37408946929437,10.9224237585372));
#5633=CARTESIAN_POINT('',(8.,-2.41365122759238,10.9615170080044));
#5634=CARTESIAN_POINT('',(8.,-2.49423416348732,11.0391280505952));
#5635=CARTESIAN_POINT('',(8.,-2.53534054644998,11.0776162391824));
#5636=CARTESIAN_POINT('',(8.,-2.61898725612586,11.1539919123687));
#5637=CARTESIAN_POINT('',(8.,-2.66160712169937,11.1918503381132));
#5638=CARTESIAN_POINT('',(8.,-2.74825694192322,11.266940967079));
#5639=CARTESIAN_POINT('',(8.,-2.79236158356767,11.304144542877));
#5640=CARTESIAN_POINT('',(8.,-2.88195837684146,11.3778997743718));
#5641=CARTESIAN_POINT('',(8.,-2.92752102038827,11.4144231340967));
#5642=CARTESIAN_POINT('',(8.,-3.02001224490572,11.4867921079486));
#5643=CARTESIAN_POINT('',(8.,-3.06700764740654,11.5226096838944));
#5644=CARTESIAN_POINT('',(8.,-3.12458762691216,11.5654500950453));
#5645=CARTESIAN_POINT('',(8.,-3.13479894284923,11.5730055803199));
#5646=CARTESIAN_POINT('',(8.,-3.14503017241789,11.5805347549732));
#5647=CARTESIAN_POINT('',(8.,-4.26248468336283,11.2174517749842));
#5648=AXIS2_PLACEMENT_3D('',#5649,#5650,#5651);
#5649=CARTESIAN_POINT('',(8.,0.,-4.89858719658941E-16));
#5650=DIRECTION('',(-1.,0.,6.12323399573677E-17));
#5651=DIRECTION('',(5.72392350451011E-17,-0.355207056946903,0.934787647915354));
#5652=CARTESIAN_POINT('',(8.,-4.41233692005056,8.35802294669254));
#5653=CARTESIAN_POINT('',(8.,-4.26248467839299,11.2174517768726));
#5654=CARTESIAN_POINT('',(8.,-4.26633637896611,11.2053467815751));
#5655=CARTESIAN_POINT('',(8.,-4.27015650417469,11.1932322055057));
#5656=CARTESIAN_POINT('',(8.,-4.29155872705403,11.1247289185641));
#5657=CARTESIAN_POINT('',(8.,-4.30852577018646,11.0681286832598));
#5658=CARTESIAN_POINT('',(8.,-4.340815331649,10.9552159737754));
#5659=CARTESIAN_POINT('',(8.,-4.35620839254811,10.8988869069474));
#5660=CARTESIAN_POINT('',(8.,-4.38534148393285,10.7865539992715));
#5661=CARTESIAN_POINT('',(8.,-4.3991551749878,10.7305316160297));
#5662=CARTESIAN_POINT('',(8.,-4.42511918668341,10.6188505342539));
#5663=CARTESIAN_POINT('',(8.,-4.43734675665796,10.5631710957277));
#5664=CARTESIAN_POINT('',(8.,-4.46012587029409,10.4522155738595));
#5665=CARTESIAN_POINT('',(8.,-4.47075884012012,10.3969162474116));
#5666=CARTESIAN_POINT('',(8.,-4.49033318029037,10.2867621348406));
#5667=CARTESIAN_POINT('',(8.,-4.499360887156,10.2318812172703));
#5668=CARTESIAN_POINT('',(8.,-4.51570544192816,10.1226070262242));
#5669=CARTESIAN_POINT('',(8.,-4.52311446861427,10.0681842398749));
#5670=CARTESIAN_POINT('',(8.,-4.53619769486319,9.95987186910291));
#5671=CARTESIAN_POINT('',(8.,-4.54197113573048,9.90594874849452));
#5672=CARTESIAN_POINT('',(8.,-4.55175309547374,9.79868444020771));
#5673=CARTESIAN_POINT('',(8.,-4.55586955520047,9.74530483635999));
#5674=CARTESIAN_POINT('',(8.,-4.56229935902534,9.63918050212727));
#5675=CARTESIAN_POINT('',(8.,-4.56473158088416,9.58639129698653));
#5676=CARTESIAN_POINT('',(8.,-4.56774382993783,9.48150637032662));
#5677=CARTESIAN_POINT('',(8.,-4.56845685498868,9.42935843843557));
#5678=CARTESIAN_POINT('',(8.,-4.56796646176153,9.32582259403464));
#5679=CARTESIAN_POINT('',(8.,-4.56691491653854,9.27437224238885));
#5680=CARTESIAN_POINT('',(8.,-4.56280919236235,9.17230954998435));
#5681=CARTESIAN_POINT('',(8.,-4.5599332314943,9.12162061721087));
#5682=CARTESIAN_POINT('',(8.,-4.55205917368336,9.02117623324124));
#5683=CARTESIAN_POINT('',(8.,-4.54727836673611,8.9713233673052));
#5684=CARTESIAN_POINT('',(8.,-4.53542047579445,8.87267524082138));
#5685=CARTESIAN_POINT('',(8.,-4.52862397691179,8.82374908214022));
#5686=CARTESIAN_POINT('',(8.,-4.51246098735223,8.72713078857701));
#5687=CARTESIAN_POINT('',(8.,-4.50349361671382,8.67924554830734));
#5688=CARTESIAN_POINT('',(8.,-4.48249722352452,8.5849997644099));
#5689=CARTESIAN_POINT('',(8.,-4.4711702746809,8.53828950401844));
#5690=CARTESIAN_POINT('',(8.,-4.44425725227266,8.44705169269094));
#5691=CARTESIAN_POINT('',(8.,-4.42916481857825,8.40228162827057));
#5692=CARTESIAN_POINT('',(8.,-4.41233692005056,8.35802294669254));
#5693=CARTESIAN_POINT('',(8.,-4.32992812085983,6.12386499342015));
#5694=CARTESIAN_POINT('',(8.,-4.41233692005056,8.35802294669254));
#5695=CARTESIAN_POINT('',(8.,-4.34343713320094,8.27233117189103));
#5696=CARTESIAN_POINT('',(8.,-4.27978194506465,8.18327514808883));
#5697=CARTESIAN_POINT('',(8.,-4.17675613006988,8.02026234473204));
#5698=CARTESIAN_POINT('',(8.,-4.13449945138511,7.9476768769788));
#5699=CARTESIAN_POINT('',(8.,-4.06655848122016,7.81377365272219));
#5700=CARTESIAN_POINT('',(8.,-4.03835689314198,7.75305748561729));
#5701=CARTESIAN_POINT('',(8.,-3.99285413433132,7.64017486353516));
#5702=CARTESIAN_POINT('',(8.,-3.973906006077,7.58821972796916));
#5703=CARTESIAN_POINT('',(8.,-3.94352830263003,7.49089151061268));
#5704=CARTESIAN_POINT('',(8.,-3.93097745859918,7.44554231708056));
#5705=CARTESIAN_POINT('',(8.,-3.91128582450483,7.36000097460955));
#5706=CARTESIAN_POINT('',(8.,-3.90335771648243,7.31974107351608));
#5707=CARTESIAN_POINT('',(8.,-3.89154645536737,7.24333763236079));
#5708=CARTESIAN_POINT('',(8.,-3.88709723213104,7.20708231499364));
#5709=CARTESIAN_POINT('',(8.,-3.88133074910994,7.13791979624781));
#5710=CARTESIAN_POINT('',(8.,-3.87959931514616,7.10488134213343));
#5711=CARTESIAN_POINT('',(8.,-3.87864008645271,7.04157917050118));
#5712=CARTESIAN_POINT('',(8.,-3.87910565152207,7.01117768122832));
#5713=CARTESIAN_POINT('',(8.,-3.88209674570741,6.95271718202813));
#5714=CARTESIAN_POINT('',(8.,-3.88439383459899,6.92452078512971));
#5715=CARTESIAN_POINT('',(8.,-3.89072718568215,6.87014173498652));
#5716=CARTESIAN_POINT('',(8.,-3.89459325089312,6.84382573276007));
#5717=CARTESIAN_POINT('',(8.,-3.9038273833883,6.79295569440438));
#5718=CARTESIAN_POINT('',(8.,-3.909069574752,6.76827422090164));
#5719=CARTESIAN_POINT('',(8.,-3.92087681912518,6.72047937447152));
#5720=CARTESIAN_POINT('',(8.,-3.92735038927412,6.69724536628836));
#5721=CARTESIAN_POINT('',(8.,-3.94148222480301,6.65219567556852));
#5722=CARTESIAN_POINT('',(8.,-3.94907618803684,6.63026651163673));
#5723=CARTESIAN_POINT('',(8.,-3.96534000978761,6.58771066266655));
#5724=CARTESIAN_POINT('',(8.,-3.97396740812004,6.56697771011154));
#5725=CARTESIAN_POINT('',(8.,-3.99221070340074,6.52672480454957));
#5726=CARTESIAN_POINT('',(8.,-4.00180197787879,6.50710571529969));
#5727=CARTESIAN_POINT('',(8.,-4.02190137433353,6.46901173423631));
#5728=CARTESIAN_POINT('',(8.,-4.03239966627948,6.45044469497676));
#5729=CARTESIAN_POINT('',(8.,-4.05425327139549,6.41440236546314));
#5730=CARTESIAN_POINT('',(8.,-4.06561118874696,6.39684175631714));
#5731=CARTESIAN_POINT('',(8.,-4.089133229829,6.36277290326992));
#5732=CARTESIAN_POINT('',(8.,-4.1013105610245,6.34618603083677));
#5733=CARTESIAN_POINT('',(8.,-4.12642759766384,6.31403575624735));
#5734=CARTESIAN_POINT('',(8.,-4.13938967589291,6.29840031666665));
#5735=CARTESIAN_POINT('',(8.,-4.1660379498818,6.26813255910511));
#5736=CARTESIAN_POINT('',(8.,-4.17975452985001,6.25343473449359));
#5737=CARTESIAN_POINT('',(8.,-4.20787817820307,6.22502889804854));
#5738=CARTESIAN_POINT('',(8.,-4.22232271936973,6.21126190857727));
#5739=CARTESIAN_POINT('',(8.,-4.25187263281056,6.18471030723908));
#5740=CARTESIAN_POINT('',(8.,-4.26702182042956,6.17187330880573));
#5741=CARTESIAN_POINT('',(8.,-4.29795498056508,6.14717930686379));
#5742=CARTESIAN_POINT('',(8.,-4.3137619595735,6.13529720001766));
#5743=CARTESIAN_POINT('',(8.,-4.32992812045377,6.12386499284584));
#5744=CARTESIAN_POINT('',(8.,-4.48612033519628,6.01038471129117));
#5745=AXIS2_PLACEMENT_3D('',#5746,#5747,#5748);
#5746=CARTESIAN_POINT('',(8.,0.,0.));
#5747=DIRECTION('',(1.,6.16297582203915E-33,-6.12323399573677E-17));
#5748=DIRECTION('',(4.99971444220389E-17,-0.57732374950212,0.816515332532594));
#5749=CARTESIAN_POINT('',(8.,-6.58546509038363,6.77915291125309));
#5750=CARTESIAN_POINT('',(8.,-4.48612033677476,6.01038471340598));
#5751=CARTESIAN_POINT('',(8.,-4.50198863047218,5.99854252410766));
#5752=CARTESIAN_POINT('',(8.,-4.51817381107747,5.98718096390706));
#5753=CARTESIAN_POINT('',(8.,-4.55121807336037,5.96539264308244));
#5754=CARTESIAN_POINT('',(8.,-4.56810813835163,5.95495175790314));
#5755=CARTESIAN_POINT('',(8.,-4.60249163662318,5.93505301627047));
#5756=CARTESIAN_POINT('',(8.,-4.620048432935,5.92556967860492));
#5757=CARTESIAN_POINT('',(8.,-4.65575467293815,5.90760038700943));
#5758=CARTESIAN_POINT('',(8.,-4.67397178782256,5.89909701993254));
#5759=CARTESIAN_POINT('',(8.,-4.71099290423865,5.88310625669783));
#5760=CARTESIAN_POINT('',(8.,-4.72986859488532,5.8756102047));
#5761=CARTESIAN_POINT('',(8.,-4.76820691546612,5.8616574665499));
#5762=CARTESIAN_POINT('',(8.,-4.78774497156017,5.85520176621275));
#5763=CARTESIAN_POINT('',(8.,-4.82741508799979,5.84335882877665));
#5764=CARTESIAN_POINT('',(8.,-4.84762600948705,5.83798332652504));
#5765=CARTESIAN_POINT('',(8.,-4.88865743961001,5.82833700378325));
#5766=CARTESIAN_POINT('',(8.,-4.90955989564262,5.82409007030568));
#5767=CARTESIAN_POINT('',(8.,-4.95200047682175,5.81674609848634));
#5768=CARTESIAN_POINT('',(8.,-4.97362320231408,5.8136868872425));
#5769=CARTESIAN_POINT('',(8.,-5.01754347535512,5.80877531216049));
#5770=CARTESIAN_POINT('',(8.,-5.03992769800806,5.80697699688293));
#5771=CARTESIAN_POINT('',(8.,-5.08542651343724,5.80465966459718));
#5772=CARTESIAN_POINT('',(8.,-5.10862905163927,5.8042138695141));
#5773=CARTESIAN_POINT('',(8.,-5.15584083042977,5.80469481770256));
#5774=CARTESIAN_POINT('',(8.,-5.17993812796525,5.80571778543929));
#5775=CARTESIAN_POINT('',(8.,-5.22904236761749,5.80925784763919));
#5776=CARTESIAN_POINT('',(8.,-5.25413577085534,5.81189922393282));
#5777=CARTESIAN_POINT('',(8.,-5.30536955727115,5.81883674888174));
#5778=CARTESIAN_POINT('',(8.,-5.33159224264178,5.82329199423421));
#5779=CARTESIAN_POINT('',(8.,-5.38526690755833,5.83407266894276));
#5780=CARTESIAN_POINT('',(8.,-5.41279311592985,5.8406011714697));
#5781=CARTESIAN_POINT('',(8.,-5.46931665375105,5.85582175804526));
#5782=CARTESIAN_POINT('',(8.,-5.49837405413534,5.86477355615931));
#5783=CARTESIAN_POINT('',(8.,-5.55828157861689,5.88524728229591));
#5784=CARTESIAN_POINT('',(8.,-5.58916797461212,5.89710341609677));
#5785=CARTESIAN_POINT('',(8.,-5.653163498484,5.92396006158105));
#5786=CARTESIAN_POINT('',(8.,-5.68626946832798,5.93939503566375));
#5787=CARTESIAN_POINT('',(8.,-5.75528357806106,5.97423817714232));
#5788=CARTESIAN_POINT('',(8.,-5.79112309862816,5.9942192516105));
#5789=CARTESIAN_POINT('',(8.,-5.86639269717243,6.03938083878952));
#5790=CARTESIAN_POINT('',(8.,-5.90564391550092,6.06533107331865));
#5791=CARTESIAN_POINT('',(8.,-5.98882132517561,6.12429805766759));
#5792=CARTESIAN_POINT('',(8.,-6.03237830891401,6.15837381223744));
#5793=CARTESIAN_POINT('',(8.,-6.12567493767577,6.23653215463927));
#5794=CARTESIAN_POINT('',(8.,-6.17470466678076,6.28211579196545));
#5795=CARTESIAN_POINT('',(8.,-6.28105928537702,6.38810986746473));
#5796=CARTESIAN_POINT('',(8.,-6.33703414234704,6.45072849595585));
#5797=CARTESIAN_POINT('',(8.,-6.4602318049171,6.59908559491009));
#5798=CARTESIAN_POINT('',(8.,-6.52525857940672,6.68714510223173));
#5799=CARTESIAN_POINT('',(8.,-6.58546509038363,6.77915291125309));
#5800=CARTESIAN_POINT('',(8.,-9.35125039679281,7.52024707150518));
#5801=CARTESIAN_POINT('',(8.,-6.58546509038363,6.77915291125309));
#5802=CARTESIAN_POINT('',(8.,-6.62235749606325,6.80883387236091));
#5803=CARTESIAN_POINT('',(8.,-6.66027254183885,6.83702233721044));
#5804=CARTESIAN_POINT('',(8.,-6.73872827661532,6.89081217562824));
#5805=CARTESIAN_POINT('',(8.,-6.77965215024878,6.91601901411722));
#5806=CARTESIAN_POINT('',(8.,-6.86279697256485,6.96511132370883));
#5807=CARTESIAN_POINT('',(8.,-6.90556747144057,6.98843715607839));
#5808=CARTESIAN_POINT('',(8.,-6.99246228986823,7.03366576667585));
#5809=CARTESIAN_POINT('',(8.,-7.03689359959802,7.05524862981437));
#5810=CARTESIAN_POINT('',(8.,-7.12704925418683,7.09701010215386));
#5811=CARTESIAN_POINT('',(8.,-7.17298479615769,7.11696230922442));
#5812=CARTESIAN_POINT('',(8.,-7.26607986519074,7.15549000410525));
#5813=CARTESIAN_POINT('',(8.,-7.31339918539756,7.17388893945146));
#5814=CARTESIAN_POINT('',(8.,-7.40919783535503,7.20933282006573));
#5815=CARTESIAN_POINT('',(8.,-7.45780508163525,7.22623193620938));
#5816=CARTESIAN_POINT('',(8.,-7.55612198115302,7.2586926656953));
#5817=CARTESIAN_POINT('',(8.,-7.60593794783122,7.27412913697253));
#5818=CARTESIAN_POINT('',(8.,-7.70662027977255,7.30367554312563));
#5819=CARTESIAN_POINT('',(8.,-7.757577399083,7.31767512196137));
#5820=CARTESIAN_POINT('',(8.,-7.86049455613505,7.34435423699733));
#5821=CARTESIAN_POINT('',(8.,-7.91253362716036,7.35693445727013));
#5822=CARTESIAN_POINT('',(8.,-8.0175708358506,7.38077775444034));
#5823=CARTESIAN_POINT('',(8.,-8.07063886466498,7.39195004637027));
#5824=CARTESIAN_POINT('',(8.,-8.17769299191257,7.41297751897601));
#5825=CARTESIAN_POINT('',(8.,-8.23174165303713,7.42274867527486));
#5826=CARTESIAN_POINT('',(8.,-8.34071833138285,7.44097166274721));
#5827=CARTESIAN_POINT('',(8.,-8.39570290167427,7.44934494784913));
#5828=CARTESIAN_POINT('',(8.,-8.50651449251983,7.46476813895078));
#5829=CARTESIAN_POINT('',(8.,-8.56239304455293,7.47174401192003));
#5830=CARTESIAN_POINT('',(8.,-8.67495714853709,7.4843669271343));
#5831=CARTESIAN_POINT('',(8.,-8.73168996841167,7.48994370850311));
#5832=CARTESIAN_POINT('',(8.,-8.84592830982374,7.49976181701333));
#5833=CARTESIAN_POINT('',(8.,-8.90347742763151,7.50393608416916));
#5834=CARTESIAN_POINT('',(8.,-9.01931499338356,7.51094164613347));
#5835=CARTESIAN_POINT('',(8.,-9.07764383853206,7.51370861491033));
#5836=CARTESIAN_POINT('',(8.,-9.19500822655091,7.51789136688415));
#5837=CARTESIAN_POINT('',(8.,-9.2540813487454,7.51924519000615));
#5838=CARTESIAN_POINT('',(8.,-9.32584549257781,7.52005914789247));
#5839=CARTESIAN_POINT('',(8.,-9.3385476235242,7.52016960296612));
#5840=CARTESIAN_POINT('',(8.,-9.35125039994174,7.52024706736098));
#5841=CARTESIAN_POINT('',(8.,-10.0418752687412,6.56968348454045));
#5842=AXIS2_PLACEMENT_3D('',#5843,#5844,#5845);
#5843=CARTESIAN_POINT('',(8.,0.,-4.89858719658941E-16));
#5844=DIRECTION('',(-1.,0.,6.12323399573677E-17));
#5845=DIRECTION('',(3.3523091044807E-17,-0.836822939061768,0.547473623711704));
#5846=CARTESIAN_POINT('',(8.,-8.48237817961687,4.16827603349873));
#5847=CARTESIAN_POINT('',(8.,-10.0418752658305,6.56968348898935));
#5848=CARTESIAN_POINT('',(8.,-10.0378762193364,6.55762636928375));
#5849=CARTESIAN_POINT('',(8.,-10.0338459963995,6.54558005810444));
#5850=CARTESIAN_POINT('',(8.,-10.0108955366284,6.47757982382335));
#5851=CARTESIAN_POINT('',(8.,-9.99135337927867,6.42181629384831));
#5852=CARTESIAN_POINT('',(8.,-9.95110775781149,6.31148866496387));
#5853=CARTESIAN_POINT('',(8.,-9.93045161091739,6.25686967843856));
#5854=CARTESIAN_POINT('',(8.,-9.8879931504673,6.14886644563157));
#5855=CARTESIAN_POINT('',(8.,-9.86623953061799,6.09542390164173));
#5856=CARTESIAN_POINT('',(8.,-9.82160036449404,5.98981074536996));
#5857=CARTESIAN_POINT('',(8.,-9.7987651235817,5.93757794806254));
#5858=CARTESIAN_POINT('',(8.,-9.75197579421558,5.8344238181958));
#5859=CARTESIAN_POINT('',(8.,-9.72807391895775,5.78343582047019));
#5860=CARTESIAN_POINT('',(8.,-9.67916292996056,5.68281376292453));
#5861=CARTESIAN_POINT('',(8.,-9.65420830425499,5.63310781498563));
#5862=CARTESIAN_POINT('',(8.,-9.60320156887806,5.53509604913239));
#5863=CARTESIAN_POINT('',(8.,-9.5772066861741,5.4867121734746));
#5864=CARTESIAN_POINT('',(8.,-9.52412682437014,5.39139549737753));
#5865=CARTESIAN_POINT('',(8.,-9.4971024210966,5.34437723301883));
#5866=CARTESIAN_POINT('',(8.,-9.44196781425885,5.25184889304933));
#5867=CARTESIAN_POINT('',(8.,-9.41392235621953,5.20624429206449));
#5868=CARTESIAN_POINT('',(8.,-9.356745858213,5.1166085582901));
#5869=CARTESIAN_POINT('',(8.,-9.3276848507689,5.07247157007278));
#5870=CARTESIAN_POINT('',(8.,-9.26847199836613,4.98584732638116));
#5871=CARTESIAN_POINT('',(8.,-9.23839706244658,4.9432396576504));
#5872=CARTESIAN_POINT('',(8.,-9.17714348356937,4.85976564590983));
#5873=CARTESIAN_POINT('',(8.,-9.14605100769096,4.81875951983601));
#5874=CARTESIAN_POINT('',(8.,-9.08273846165358,4.73860235130985));
#5875=CARTESIAN_POINT('',(8.,-9.05061755329747,4.69928459065378));
#5876=CARTESIAN_POINT('',(8.,-8.98520757914079,4.6226516320898));
#5877=CARTESIAN_POINT('',(8.,-8.95203704569191,4.5851299041469));
#5878=CARTESIAN_POINT('',(8.,-8.8844598964892,4.51229178677703));
#5879=CARTESIAN_POINT('',(8.,-8.85020333886676,4.47670457474495));
#5880=CARTESIAN_POINT('',(8.,-8.78033639757505,4.40803910018087));
#5881=CARTESIAN_POINT('',(8.,-8.74493540430073,4.37457001523607));
#5882=CARTESIAN_POINT('',(8.,-8.67255268352435,4.31066494468286));
#5883=CARTESIAN_POINT('',(8.,-8.63593338722661,4.27953336369824));
#5884=CARTESIAN_POINT('',(8.,-8.5605320547786,4.2215395014709));
#5885=CARTESIAN_POINT('',(8.,-8.52200683582286,4.19419086846233));
#5886=CARTESIAN_POINT('',(8.,-8.48237817961687,4.16827603349873));
#5887=CARTESIAN_POINT('',(8.,-7.10250296436009,2.40924295800685));
#5888=CARTESIAN_POINT('',(8.,-8.48237817961687,4.16827603349873));
#5889=CARTESIAN_POINT('',(8.,-8.37626871967562,4.13944821000246));
#5890=CARTESIAN_POINT('',(8.,-8.27242477327449,4.10481595411343));
#5891=CARTESIAN_POINT('',(8.,-8.09325861633641,4.03349288055642));
#5892=CARTESIAN_POINT('',(8.,-8.01640757767849,3.99960785614117));
#5893=CARTESIAN_POINT('',(8.,-7.88273583774828,3.93121257240537));
#5894=CARTESIAN_POINT('',(8.,-7.82423220612468,3.89866863894778));
#5895=CARTESIAN_POINT('',(8.,-7.72106896045594,3.83409052988126));
#5896=CARTESIAN_POINT('',(8.,-7.67520114022004,3.80319537260974));
#5897=CARTESIAN_POINT('',(8.,-7.5934169710873,3.74231075682077));
#5898=CARTESIAN_POINT('',(8.,-7.55660753781106,3.71299968959725));
#5899=CARTESIAN_POINT('',(8.,-7.49039673161596,3.65536974193075));
#5900=CARTESIAN_POINT('',(8.,-7.46031858137111,3.62745882272843));
#5901=CARTESIAN_POINT('',(8.,-7.40585425446854,3.57258962549948));
#5902=CARTESIAN_POINT('',(8.,-7.38094441639299,3.54587364541547));
#5903=CARTESIAN_POINT('',(8.,-7.33562652510094,3.49330944605372));
#5904=CARTESIAN_POINT('',(8.,-7.31480624951264,3.46759848655654));
#5905=CARTESIAN_POINT('',(8.,-7.27682213427462,3.41694977440479));
#5906=CARTESIAN_POINT('',(8.,-7.2593292372854,3.39208080064699));
#5907=CARTESIAN_POINT('',(8.,-7.22738686404159,3.34302714224403));
#5908=CARTESIAN_POINT('',(8.,-7.21267182172779,3.31886558299939));
#5909=CARTESIAN_POINT('',(8.,-7.18583240667758,3.27114935693131));
#5910=CARTESIAN_POINT('',(8.,-7.17349196112661,3.2475868477907));
#5911=CARTESIAN_POINT('',(8.,-7.15106187291449,3.20100443535806));
#5912=CARTESIAN_POINT('',(8.,-7.14079548868573,3.17795542107485));
#5913=CARTESIAN_POINT('',(8.,-7.12225464417317,3.13234845395657));
#5914=CARTESIAN_POINT('',(8.,-7.11383526507623,3.10974667742572));
#5915=CARTESIAN_POINT('',(8.,-7.09878861635535,3.06499422753033));
#5916=CARTESIAN_POINT('',(8.,-7.09204262251197,3.04278954164179));
#5917=CARTESIAN_POINT('',(8.,-7.08018663027837,2.99880150204384));
#5918=CARTESIAN_POINT('',(8.,-7.07497981839824,2.97695713357781));
#5919=CARTESIAN_POINT('',(8.,-7.06607889006248,2.93366870898599));
#5920=CARTESIAN_POINT('',(8.,-7.06230658278844,2.91215892267979));
#5921=CARTESIAN_POINT('',(8.,-7.05617625582684,2.86952611580005));
#5922=CARTESIAN_POINT('',(8.,-7.05375612056753,2.84833432432376));
#5923=CARTESIAN_POINT('',(8.,-7.05025090874837,2.80633024043376));
#5924=CARTESIAN_POINT('',(8.,-7.04911778982911,2.78544739288712));
#5925=CARTESIAN_POINT('',(8.,-7.0481223514232,2.74405920294121));
#5926=CARTESIAN_POINT('',(8.,-7.04822450030863,2.72348248557027));
#5927=CARTESIAN_POINT('',(8.,-7.04964715253737,2.68270894333572));
#5928=CARTESIAN_POINT('',(8.,-7.05094341330847,2.6624406885783));
#5929=CARTESIAN_POINT('',(8.,-7.05471137832161,2.62229009587967));
#5930=CARTESIAN_POINT('',(8.,-7.05716916007315,2.60233690257141));
#5931=CARTESIAN_POINT('',(8.,-7.06322513779318,2.56282543240533));
#5932=CARTESIAN_POINT('',(8.,-7.06681898369327,2.5431974156878));
#5933=CARTESIAN_POINT('',(8.,-7.07511872615788,2.5043477156503));
#5934=CARTESIAN_POINT('',(8.,-7.0798292780298,2.4850578966943));
#5935=CARTESIAN_POINT('',(8.,-7.0903399601076,2.44689797412968));
#5936=CARTESIAN_POINT('',(8.,-7.09614394758482,2.42799403861774));
#5937=CARTESIAN_POINT('',(8.,-7.10250296369401,2.40924295778091));
#5938=CARTESIAN_POINT('',(8.,-7.16216308388593,2.22562800112818));
#5939=AXIS2_PLACEMENT_3D('',#5940,#5941,#5942);
#5940=CARTESIAN_POINT('',(8.,0.,0.));
#5941=DIRECTION('',(1.,-3.08148791101958E-33,-6.12323399573677E-17));
#5942=DIRECTION('',(1.96698111811206E-17,-0.947000395336824,0.32123239443104));
#5943=CARTESIAN_POINT('',(8.,-9.31243927825345,1.61361065305573));
#5944=CARTESIAN_POINT('',(8.,-7.162163086406,2.22562800191129));
#5945=CARTESIAN_POINT('',(8.,-7.16804014145454,2.20672032050395));
#5946=CARTESIAN_POINT('',(8.,-7.1744560700923,2.18801521475358));
#5947=CARTESIAN_POINT('',(8.,-7.18838258619282,2.15096516288479));
#5948=CARTESIAN_POINT('',(8.,-7.19590993747758,2.13259057822629));
#5949=CARTESIAN_POINT('',(8.,-7.21203058503445,2.09628204487255));
#5950=CARTESIAN_POINT('',(8.,-7.22066016559518,2.07829023758813));
#5951=CARTESIAN_POINT('',(8.,-7.23898503596899,2.04276517402183));
#5952=CARTESIAN_POINT('',(8.,-7.24872483773633,2.02517805407885));
#5953=CARTESIAN_POINT('',(8.,-7.26927641526541,1.99048078861616));
#5954=CARTESIAN_POINT('',(8.,-7.28014110096439,1.97332150257025));
#5955=CARTESIAN_POINT('',(8.,-7.30295624013633,1.9394988008537));
#5956=CARTESIAN_POINT('',(8.,-7.31496829410207,1.92279184833981));
#5957=CARTESIAN_POINT('',(8.,-7.34010098850179,1.88989320129075));
#5958=CARTESIAN_POINT('',(8.,-7.3532923265098,1.87366464703044));
#5959=CARTESIAN_POINT('',(8.,-7.38081748453631,1.84174293849237));
#5960=CARTESIAN_POINT('',(8.,-7.39523164182529,1.82602094174237));
#5961=CARTESIAN_POINT('',(8.,-7.42525011492169,1.7951335960185));
#5962=CARTESIAN_POINT('',(8.,-7.44094510805691,1.77994912297409));
#5963=CARTESIAN_POINT('',(8.,-7.47359040394597,1.75015988649342));
#5964=CARTESIAN_POINT('',(8.,-7.49064259727895,1.7355479029132));
#5965=CARTESIAN_POINT('',(8.,-7.52608981844286,1.70692960900636));
#5966=CARTESIAN_POINT('',(8.,-7.54459903438555,1.69293084343724));
#5967=CARTESIAN_POINT('',(8.,-7.58307686001403,1.66556955138756));
#5968=CARTESIAN_POINT('',(8.,-7.60317326858797,1.65223311355981));
#5969=CARTESIAN_POINT('',(8.,-7.64498022931579,1.62623433614805));
#5970=CARTESIAN_POINT('',(8.,-7.66683378101307,1.61362172210511));
#5971=CARTESIAN_POINT('',(8.,-7.71236055976201,1.58911983361337));
#5972=CARTESIAN_POINT('',(8.,-7.73619388537853,1.57731089508126));
#5973=CARTESIAN_POINT('',(8.,-7.78595432306685,1.55448346767163));
#5974=CARTESIAN_POINT('',(8.,-7.81206085093501,1.54358563783142));
#5975=CARTESIAN_POINT('',(8.,-7.86673578993491,1.52267564909671));
#5976=CARTESIAN_POINT('',(8.,-7.89550545557109,1.51283829448535));
#5977=CARTESIAN_POINT('',(8.,-7.95600581525016,1.49418912747643));
#5978=CARTESIAN_POINT('',(8.,-7.98796229510265,1.48562637314644));
#5979=CARTESIAN_POINT('',(8.,-8.05552170162064,1.46973823061051));
#5980=CARTESIAN_POINT('',(8.,-8.09137744397501,1.46276618611402));
#5981=CARTESIAN_POINT('',(8.,-8.16769131630537,1.4503894038064));
#5982=CARTESIAN_POINT('',(8.,-8.20843067841176,1.44548849097845));
#5983=CARTESIAN_POINT('',(8.,-8.2958703777078,1.43778262252893));
#5984=CARTESIAN_POINT('',(8.,-8.34287844553523,1.43570551600301));
#5985=CARTESIAN_POINT('',(8.,-8.44483030728261,1.43452035371768));
#5986=CARTESIAN_POINT('',(8.,-8.50009787334758,1.43648606558505));
#5987=CARTESIAN_POINT('',(8.,-8.62151675254116,1.44487911036555));
#5988=CARTESIAN_POINT('',(8.,-8.68797602638287,1.45293809593604));
#5989=CARTESIAN_POINT('',(8.,-8.83632047466637,1.47617542799395));
#5990=CARTESIAN_POINT('',(8.,-8.91841139155868,1.49393376718156));
#5991=CARTESIAN_POINT('',(8.,-9.10528250908333,1.54154341229611));
#5992=CARTESIAN_POINT('',(8.,-9.20965035446261,1.57456327118646));
#5993=CARTESIAN_POINT('',(8.,-9.31243927825346,1.61361065305573));
#5994=CARTESIAN_POINT('',(8.,-11.9856108118873,0.587480609017171));
#5995=CARTESIAN_POINT('',(8.,-9.31243927825346,1.61361065305573));
#5996=CARTESIAN_POINT('',(8.,-9.35973189262468,1.61593824302127));
#5997=CARTESIAN_POINT('',(8.,-9.40697457292297,1.61645728538299));
#5998=CARTESIAN_POINT('',(8.,-9.50206346940849,1.61385905492829));
#5999=CARTESIAN_POINT('',(8.,-9.54998778657434,1.61019736625191));
#6000=CARTESIAN_POINT('',(8.,-9.64610909640126,1.60104257864278));
#6001=CARTESIAN_POINT('',(8.,-9.69442173711388,1.59477370496535));
#6002=CARTESIAN_POINT('',(8.,-9.79130583223585,1.58028892679826));
#6003=CARTESIAN_POINT('',(8.,-9.83993760554466,1.57163376126537));
#6004=CARTESIAN_POINT('',(8.,-9.93742183980117,1.55242733792007));
#6005=CARTESIAN_POINT('',(8.,-9.98631208696819,1.5415687783889));
#6006=CARTESIAN_POINT('',(8.,-10.0842735907642,1.51801842966281));
#6007=CARTESIAN_POINT('',(8.,-10.1333703478282,1.50508988247022));
#6008=CARTESIAN_POINT('',(8.,-10.231706473991,1.47745555059924));
#6009=CARTESIAN_POINT('',(8.,-10.2809636135275,1.4625566002313));
#6010=CARTESIAN_POINT('',(8.,-10.3795835941421,1.43102865844756));
#6011=CARTESIAN_POINT('',(8.,-10.4289588879402,1.41423593550187));
#6012=CARTESIAN_POINT('',(8.,-10.5277795473091,1.37895989032091));
#6013=CARTESIAN_POINT('',(8.,-10.5772334687936,1.36033394428312));
#6014=CARTESIAN_POINT('',(8.,-10.6761767882238,1.32142461461904));
#6015=CARTESIAN_POINT('',(8.,-10.7256717490017,1.30101442812104));
#6016=CARTESIAN_POINT('',(8.,-10.8246633743165,1.25856473852358));
#6017=CARTESIAN_POINT('',(8.,-10.874163219916,1.23641070785569));
#6018=CARTESIAN_POINT('',(8.,-10.9731314664679,1.19049745334931));
#6019=CARTESIAN_POINT('',(8.,-11.0226010934112,1.1666334789346));
#6020=CARTESIAN_POINT('',(8.,-11.1214762814724,1.11732130111258));
#6021=CARTESIAN_POINT('',(8.,-11.1708814267627,1.09177631153784));
#6022=CARTESIAN_POINT('',(8.,-11.2695954112033,1.03912051636449));
#6023=CARTESIAN_POINT('',(8.,-11.3189024246724,1.01191952734269));
#6024=CARTESIAN_POINT('',(8.,-11.417388261156,0.955968160010186));
#6025=CARTESIAN_POINT('',(8.,-11.4665640264172,0.927133156068221));
#6026=CARTESIAN_POINT('',(8.,-11.5647557254165,0.867928560377245));
#6027=CARTESIAN_POINT('',(8.,-11.6137675124076,0.837479090715517));
#6028=CARTESIAN_POINT('',(8.,-11.7115998376947,0.775059096589277));
#6029=CARTESIAN_POINT('',(8.,-11.7604152481227,0.743012786391125));
#6030=CARTESIAN_POINT('',(8.,-11.8578235924885,0.677411647399391));
#6031=CARTESIAN_POINT('',(8.,-11.90641050952,0.643784603279667));
#6032=CARTESIAN_POINT('',(8.,-11.9649473539087,0.602261203654321));
#6033=CARTESIAN_POINT('',(8.,-11.9752885175725,0.59488443844304));
#6034=CARTESIAN_POINT('',(8.,-11.9856108119989,0.587480603813543));
#6035=CARTESIAN_POINT('',(8.,-11.9856108122474,-0.587480601668955));
#6036=AXIS2_PLACEMENT_3D('',#6037,#6038,#6039);
#6037=CARTESIAN_POINT('',(8.,0.,-4.89858719658941E-16));
#6038=DIRECTION('',(-1.,0.,6.12323399573677E-17));
#6039=DIRECTION('',(-2.99773432664603E-18,-0.99880090102062,-0.0489567168057463));
#6040=CARTESIAN_POINT('',(8.,-9.31243928,-1.61361065));
#6041=CARTESIAN_POINT('',(8.,-11.9856108125076,-0.587480596358818));
#6042=CARTESIAN_POINT('',(8.,-11.9752885187846,-0.594884430551448));
#6043=CARTESIAN_POINT('',(8.,-11.9649473558817,-0.602261195409224));
#6044=CARTESIAN_POINT('',(8.,-11.9064105090353,-0.643784598777339));
#6045=CARTESIAN_POINT('',(8.,-11.8578235910975,-0.677411650305344));
#6046=CARTESIAN_POINT('',(8.,-11.7604152462027,-0.743012794254189));
#6047=CARTESIAN_POINT('',(8.,-11.7115998375524,-0.775059104055168));
#6048=CARTESIAN_POINT('',(8.,-11.6137675140494,-0.837479097955855));
#6049=CARTESIAN_POINT('',(8.,-11.5647557266999,-0.867928567334858));
#6050=CARTESIAN_POINT('',(8.,-11.4665640269863,-0.927133162066009));
#6051=CARTESIAN_POINT('',(8.,-11.4173882610743,-0.955968164910634));
#6052=CARTESIAN_POINT('',(8.,-11.318902422213,-1.01191953124672));
#6053=CARTESIAN_POINT('',(8.,-11.2695954058249,-1.03912051813721));
#6054=CARTESIAN_POINT('',(8.,-11.1708814230338,-1.09177631469303));
#6055=CARTESIAN_POINT('',(8.,-11.1214762836001,-1.11732131033091));
#6056=CARTESIAN_POINT('',(8.,-11.0226010973329,-1.16663348773273));
#6057=CARTESIAN_POINT('',(8.,-10.9731314668982,-1.19049745670515));
#6058=CARTESIAN_POINT('',(8.,-10.8741632201323,-1.23641070755292));
#6059=CARTESIAN_POINT('',(8.,-10.8246633762427,-1.25856473676893));
#6060=CARTESIAN_POINT('',(8.,-10.7256717486796,-1.30101442747539));
#6061=CARTESIAN_POINT('',(8.,-10.6761767846152,-1.32142461806451));
#6062=CARTESIAN_POINT('',(8.,-10.5772334636581,-1.36033394768529));
#6063=CARTESIAN_POINT('',(8.,-10.5277795440074,-1.37895988964123));
#6064=CARTESIAN_POINT('',(8.,-10.4289588871952,-1.4142359335241));
#6065=CARTESIAN_POINT('',(8.,-10.3795835936171,-1.43102865782084));
#6066=CARTESIAN_POINT('',(8.,-10.2809636142883,-1.46255660159346));
#6067=CARTESIAN_POINT('',(8.,-10.2317064767457,-1.47745555568207));
#6068=CARTESIAN_POINT('',(8.,-10.1333703495191,-1.50508988639485));
#6069=CARTESIAN_POINT('',(8.,-10.0842735889174,-1.51801842672442));
#6070=CARTESIAN_POINT('',(8.,-9.98631208533959,-1.54156877436978));
#6071=CARTESIAN_POINT('',(8.,-9.9374218417416,-1.55242733956197));
#6072=CARTESIAN_POINT('',(8.,-9.83993760841044,-1.57163376265915));
#6073=CARTESIAN_POINT('',(8.,-9.79130583272244,-1.58028892261076));
#6074=CARTESIAN_POINT('',(8.,-9.69442173658202,-1.59477370074587));
#6075=CARTESIAN_POINT('',(8.,-9.64610909686706,-1.60104257748923));
#6076=CARTESIAN_POINT('',(8.,-9.54998778764199,-1.61019736980035));
#6077=CARTESIAN_POINT('',(8.,-9.50206347043175,-1.61385906556553));
#6078=CARTESIAN_POINT('',(8.,-9.40697457414208,-1.61645729446074));
#6079=CARTESIAN_POINT('',(8.,-9.35973189414208,-1.61593824779408));
#6080=CARTESIAN_POINT('',(8.,-9.31243928,-1.61361065));
#6081=CARTESIAN_POINT('',(8.,-7.16216308067168,-2.22562800020872));
#6082=CARTESIAN_POINT('',(8.,-9.31243928,-1.61361065));
#6083=CARTESIAN_POINT('',(8.,-9.20965035413678,-1.57456327343714));
#6084=CARTESIAN_POINT('',(8.,-9.10528250747011,-1.54154341677047));
#6085=CARTESIAN_POINT('',(8.,-8.91841139090538,-1.49393377061102));
#6086=CARTESIAN_POINT('',(8.,-8.8363204769709,-1.47617542407129));
#6087=CARTESIAN_POINT('',(8.,-8.68797602859343,-1.45293809356939));
#6088=CARTESIAN_POINT('',(8.,-8.62151675223933,-1.44487911692649));
#6089=CARTESIAN_POINT('',(8.,-8.5000978731682,-1.43648607024319));
#6090=CARTESIAN_POINT('',(8.,-8.44483030929097,-1.43452034923027));
#6091=CARTESIAN_POINT('',(8.,-8.3428784473395,-1.43570550961232));
#6092=CARTESIAN_POINT('',(8.,-8.29587037722277,-1.4377826190944));
#6093=CARTESIAN_POINT('',(8.,-8.20843067647091,-1.44548849071766));
#6094=CARTESIAN_POINT('',(8.,-8.16769131507841,-1.4503894055508));
#6095=CARTESIAN_POINT('',(8.,-8.09137744409074,-1.46276619044737));
#6096=CARTESIAN_POINT('',(8.,-8.05552170266657,-1.46973823689891));
#6097=CARTESIAN_POINT('',(8.,-7.98796229727867,-1.48562637931182));
#6098=CARTESIAN_POINT('',(8.,-7.95600581768543,-1.49418913154726));
#6099=CARTESIAN_POINT('',(8.,-7.89550545689117,-1.51283829766294));
#6100=CARTESIAN_POINT('',(8.,-7.86673578993156,-1.52267565319553));
#6101=CARTESIAN_POINT('',(8.,-7.8120608501564,-1.54358564056386));
#6102=CARTESIAN_POINT('',(8.,-7.7859543226552,-1.55448346774446));
#6103=CARTESIAN_POINT('',(8.,-7.73619388578262,-1.5773108931943));
#6104=CARTESIAN_POINT('',(8.,-7.71236056023387,-1.58911983161759));
#6105=CARTESIAN_POINT('',(8.,-7.66683378264082,-1.61362171985588));
#6106=CARTESIAN_POINT('',(8.,-7.64498023265343,-1.62623433487055));
#6107=CARTESIAN_POINT('',(8.,-7.60317327167879,-1.6522331113616));
#6108=CARTESIAN_POINT('',(8.,-7.58307685998684,-1.66556954581149));
#6109=CARTESIAN_POINT('',(8.,-7.54459903541079,-1.69293084010222));
#6110=CARTESIAN_POINT('',(8.,-7.52608982485047,-1.70692961264761));
#6111=CARTESIAN_POINT('',(8.,-7.49064260469538,-1.73554790684538));
#6112=CARTESIAN_POINT('',(8.,-7.47359040776786,-1.75015988493119));
#6113=CARTESIAN_POINT('',(8.,-7.44094510790848,-1.77994912167821));
#6114=CARTESIAN_POINT('',(8.,-7.42525011204503,-1.79513359776251));
#6115=CARTESIAN_POINT('',(8.,-7.39523163820427,-1.82602094726636));
#6116=CARTESIAN_POINT('',(8.,-7.38081748515138,-1.84174294689796));
#6117=CARTESIAN_POINT('',(8.,-7.3532923281742,-1.87366465278465));
#6118=CARTESIAN_POINT('',(8.,-7.34010098589809,-1.889893200751));
#6119=CARTESIAN_POINT('',(8.,-7.31496829164157,-1.92279184576909));
#6120=CARTESIAN_POINT('',(8.,-7.30295624081461,-1.93949880141903));
#6121=CARTESIAN_POINT('',(8.,-7.28014110383555,-1.97332150400684));
#6122=CARTESIAN_POINT('',(8.,-7.26927641959239,-1.99048078951629));
#6123=CARTESIAN_POINT('',(8.,-7.24872484106318,-2.02517805560958));
#6124=CARTESIAN_POINT('',(8.,-7.2389850355059,-2.04276517595493));
#6125=CARTESIAN_POINT('',(8.,-7.22066016493894,-2.07829024118406));
#6126=CARTESIAN_POINT('',(8.,-7.21203058858898,-2.09628204989351));
#6127=CARTESIAN_POINT('',(8.,-7.19590994055375,-2.13259058366874));
#6128=CARTESIAN_POINT('',(8.,-7.18838258596928,-2.15096516794304));
#6129=CARTESIAN_POINT('',(8.,-7.17445606668059,-2.1880152177187));
#6130=CARTESIAN_POINT('',(8.,-7.16804013668059,-2.20672032105204));
#6131=CARTESIAN_POINT('',(8.,-7.16216308,-2.225628));
#6132=CARTESIAN_POINT('',(8.,-7.10250296750092,-2.40924295915229));
#6133=AXIS2_PLACEMENT_3D('',#6134,#6135,#6136);
#6134=CARTESIAN_POINT('',(8.,0.,0.));
#6135=DIRECTION('',(1.,0.,-6.12323399573677E-17));
#6136=DIRECTION('',(-1.8170721378693E-17,-0.954955077512448,-0.29675040005566));
#6137=CARTESIAN_POINT('',(8.,-8.48237818,-4.16827603));
#6138=CARTESIAN_POINT('',(8.,-7.10250297,-2.40924296));
#6139=CARTESIAN_POINT('',(8.,-7.09614395112487,-2.4279940418672));
#6140=CARTESIAN_POINT('',(8.,-7.09033996112487,-2.44689797853387));
#6141=CARTESIAN_POINT('',(8.,-7.07982927523749,-2.4850579009179));
#6142=CARTESIAN_POINT('',(8.,-7.07511872047022,-2.5043477182452));
#6143=CARTESIAN_POINT('',(8.,-7.06681897786636,-2.54319741766055));
#6144=CARTESIAN_POINT('',(8.,-7.06322513621044,-2.56282543570023));
#6145=CARTESIAN_POINT('',(8.,-7.05716915931155,-2.60233690440751));
#6146=CARTESIAN_POINT('',(8.,-7.05471137473039,-2.62229009516259));
#6147=CARTESIAN_POINT('',(8.,-7.05094340927879,-2.66244068676318));
#6148=CARTESIAN_POINT('',(8.,-7.04964714937015,-2.68270894281032));
#6149=CARTESIAN_POINT('',(8.,-7.0482244994276,-2.72348248562895));
#6150=CARTESIAN_POINT('',(8.,-7.04812235492482,-2.7440592023077));
#6151=CARTESIAN_POINT('',(8.,-7.04911779225282,-2.78544739398087));
#6152=CARTESIAN_POINT('',(8.,-7.0502509040196,-2.80633024411071));
#6153=CARTESIAN_POINT('',(8.,-7.05375611512924,-2.84833433076249));
#6154=CARTESIAN_POINT('',(8.,-7.05617625550938,-2.86952612239743));
#6155=CARTESIAN_POINT('',(8.,-7.06230658409061,-2.91215892578158));
#6156=CARTESIAN_POINT('',(8.,-7.06607889094426,-2.93366870802485));
#6157=CARTESIAN_POINT('',(8.,-7.07497981622452,-2.97695713006749));
#6158=CARTESIAN_POINT('',(8.,-7.08018662196707,-2.99880150086578));
#6159=CARTESIAN_POINT('',(8.,-7.09204261518783,-3.04278954082132));
#6160=CARTESIAN_POINT('',(8.,-7.0987886174862,-3.06499422422962));
#6161=CARTESIAN_POINT('',(8.,-7.11383526837576,-3.10974667293057));
#6162=CARTESIAN_POINT('',(8.,-7.12225464296472,-3.13234845036145));
#6163=CARTESIAN_POINT('',(8.,-7.14079548673642,-3.17795541807951));
#6164=CARTESIAN_POINT('',(8.,-7.15106187291967,-3.20100443258162));
#6165=CARTESIAN_POINT('',(8.,-7.17349196191796,-3.24758684589873));
#6166=CARTESIAN_POINT('',(8.,-7.18583240745979,-3.27114935516721));
#6167=CARTESIAN_POINT('',(8.,-7.21267182201801,-3.31886558330027));
#6168=CARTESIAN_POINT('',(8.,-7.22738686306542,-3.34302714491227));
#6169=CARTESIAN_POINT('',(8.,-7.25932923487888,-3.39208080396498));
#6170=CARTESIAN_POINT('',(8.,-7.27682213133891,-3.41694977619959));
#6171=CARTESIAN_POINT('',(8.,-7.3148062451497,-3.46759848841849));
#6172=CARTESIAN_POINT('',(8.,-7.33562651971659,-3.49330944976259));
#6173=CARTESIAN_POINT('',(8.,-7.38094441185059,-3.54587364988811));
#6174=CARTESIAN_POINT('',(8.,-7.40585425182784,-3.57258962893721));
#6175=CARTESIAN_POINT('',(8.,-7.4603185813384,-3.62745882486087));
#6176=CARTESIAN_POINT('',(8.,-7.49039673333943,-3.65536974286057));
#6177=CARTESIAN_POINT('',(8.,-7.55660754022222,-3.71299968710375));
#6178=CARTESIAN_POINT('',(8.,-7.59341697338397,-3.74231075059007));
#6179=CARTESIAN_POINT('',(8.,-7.67520114123287,-3.80319536779887));
#6180=CARTESIAN_POINT('',(8.,-7.72106895786308,-3.83409053375521));
#6181=CARTESIAN_POINT('',(8.,-7.82423220251244,-3.89866864443311));
#6182=CARTESIAN_POINT('',(8.,-7.88273583735098,-3.93121256919138));
#6183=CARTESIAN_POINT('',(8.,-8.01640757811977,-3.9996078516131));
#6184=CARTESIAN_POINT('',(8.,-8.09325861484915,-4.03349288371492));
#6185=CARTESIAN_POINT('',(8.,-8.27242477194964,-4.10481595868148));
#6186=CARTESIAN_POINT('',(8.,-8.37626871861631,-4.13944821201482));
#6187=CARTESIAN_POINT('',(8.,-8.48237818,-4.16827603));
#6188=CARTESIAN_POINT('',(8.,-10.041875272769,-6.56968347838392));
#6189=CARTESIAN_POINT('',(8.,-8.48237818,-4.16827603));
#6190=CARTESIAN_POINT('',(8.,-8.52200683178987,-4.19419087143171));
#6191=CARTESIAN_POINT('',(8.,-8.56053204845654,-4.22153950809837));
#6192=CARTESIAN_POINT('',(8.,-8.63593338014636,-4.27953337170248));
#6193=CARTESIAN_POINT('',(8.,-8.67255268057489,-4.31066494692606));
#6194=CARTESIAN_POINT('',(8.,-8.74493540460192,-4.37457001402904));
#6195=CARTESIAN_POINT('',(8.,-8.78033640048549,-4.40803909707985));
#6196=CARTESIAN_POINT('',(8.,-8.85020334093446,-4.47670457107118));
#6197=CARTESIAN_POINT('',(8.,-8.88445989335149,-4.51229178622016));
#6198=CARTESIAN_POINT('',(8.,-8.95203704315699,-4.58512990433467));
#6199=CARTESIAN_POINT('',(8.,-8.98520758282074,-4.62265162979552));
#6200=CARTESIAN_POINT('',(8.,-9.0506175565187,-4.69928458936208));
#6201=CARTESIAN_POINT('',(8.,-9.08273845797878,-4.73860235349105));
#6202=CARTESIAN_POINT('',(8.,-9.1460510024748,-4.81875952232897));
#6203=CARTESIAN_POINT('',(8.,-9.1771434821532,-4.85976564656464));
#6204=CARTESIAN_POINT('',(8.,-9.23839706323973,-4.94323965745198));
#6205=CARTESIAN_POINT('',(8.,-9.26847200013133,-4.98584732521899));
#6206=CARTESIAN_POINT('',(8.,-9.32768485383951,-5.07247157146357));
#6207=CARTESIAN_POINT('',(8.,-9.35674586036794,-5.11660856406107));
#6208=CARTESIAN_POINT('',(8.,-9.41392235711373,-5.206244296973));
#6209=CARTESIAN_POINT('',(8.,-9.4419678148989,-5.25184889271628));
#6210=CARTESIAN_POINT('',(8.,-9.49710242056958,-5.34437723046706));
#6211=CARTESIAN_POINT('',(8.,-9.52412682437312,-5.39139549700546));
#6212=CARTESIAN_POINT('',(8.,-9.57720668385351,-5.48671217593664));
#6213=CARTESIAN_POINT('',(8.,-9.60320156053396,-5.53509605394514));
#6214=CARTESIAN_POINT('',(8.,-9.65420829711527,-5.6331078211928));
#6215=CARTESIAN_POINT('',(8.,-9.67916293112271,-5.68281376766891));
#6216=CARTESIAN_POINT('',(8.,-9.728073922267,-5.7834358250657));
#6217=CARTESIAN_POINT('',(8.,-9.75197579391054,-5.83442382279983));
#6218=CARTESIAN_POINT('',(8.,-9.7987651207674,-5.93757795207512));
#6219=CARTESIAN_POINT('',(8.,-9.82160036050822,-5.98981074988777));
#6220=CARTESIAN_POINT('',(8.,-9.8662395254901,-6.09542390651619));
#6221=CARTESIAN_POINT('',(8.,-9.88799314488329,-6.14886645052409));
#6222=CARTESIAN_POINT('',(8.,-9.93045160664417,-6.25686968456223));
#6223=CARTESIAN_POINT('',(8.,-9.95110775474294,-6.31148867245373));
#6224=CARTESIAN_POINT('',(8.,-9.99135337869593,-6.42181629701688));
#6225=CARTESIAN_POINT('',(8.,-10.0108955396669,-6.47757982046578));
#6226=CARTESIAN_POINT('',(8.,-10.0338459996497,-6.54558005027435));
#6227=CARTESIAN_POINT('',(8.,-10.0378762229944,-6.55762636218689));
#6228=CARTESIAN_POINT('',(8.,-10.0418752698007,-6.56968348265935));
#6229=CARTESIAN_POINT('',(8.,-9.35125040140338,-7.52024706577206));
#6230=AXIS2_PLACEMENT_3D('',#6231,#6232,#6233);
#6231=CARTESIAN_POINT('',(8.,0.,-4.89858719658941E-16));
#6232=DIRECTION('',(-1.,0.,6.12323399573677E-17));
#6233=DIRECTION('',(-3.83735270745626E-17,-0.779270866783615,-0.626687255481005));
#6234=CARTESIAN_POINT('',(8.,-6.58546509359273,-6.77915290980754));
#6235=CARTESIAN_POINT('',(8.,-9.35125040473506,-7.52024706162898));
#6236=CARTESIAN_POINT('',(8.,-9.33854762914335,-7.52016959729412));
#6237=CARTESIAN_POINT('',(8.,-9.3258454990203,-7.52005914238171));
#6238=CARTESIAN_POINT('',(8.,-9.25408135099969,-7.5192451860788));
#6239=CARTESIAN_POINT('',(8.,-9.1950082237175,-7.51789136841751));
#6240=CARTESIAN_POINT('',(8.,-9.07764383235702,-7.51370862014318));
#6241=CARTESIAN_POINT('',(8.,-9.0193149888801,-7.51094165208986));
#6242=CARTESIAN_POINT('',(8.,-8.903477424704,-7.50393609099174));
#6243=CARTESIAN_POINT('',(8.,-8.84592830677246,-7.49976182339653));
#6244=CARTESIAN_POINT('',(8.,-8.73168996534666,-7.48994371368992));
#6245=CARTESIAN_POINT('',(8.,-8.67495714559056,-7.48436693105081));
#6246=CARTESIAN_POINT('',(8.,-8.56239304026851,-7.47174401363286));
#6247=CARTESIAN_POINT('',(8.,-8.50651448712662,-7.46476813722359));
#6248=CARTESIAN_POINT('',(8.,-8.39570289680298,-7.44934494820996));
#6249=CARTESIAN_POINT('',(8.,-8.34071832768577,-7.44097167145561));
#6250=CARTESIAN_POINT('',(8.,-8.2317416510384,-7.42274868469779));
#6251=CARTESIAN_POINT('',(8.,-8.17769299028814,-7.41297752194384));
#6252=CARTESIAN_POINT('',(8.,-8.07063886501793,-7.39195004625246));
#6253=CARTESIAN_POINT('',(8.,-8.01757083844033,-7.38077775415302));
#6254=CARTESIAN_POINT('',(8.,-7.91253362727932,-7.35693445655849));
#6255=CARTESIAN_POINT('',(8.,-7.86049455119046,-7.34435423766372));
#6256=CARTESIAN_POINT('',(8.,-7.75757739292857,-7.31767512169522));
#6257=CARTESIAN_POINT('',(8.,-7.70662027750096,-7.30367554063509));
#6258=CARTESIAN_POINT('',(8.,-7.60593794839104,-7.2741291349346));
#6259=CARTESIAN_POINT('',(8.,-7.55612198109662,-7.25869266487965));
#6260=CARTESIAN_POINT('',(8.,-7.45780508145011,-7.22623193775858));
#6261=CARTESIAN_POINT('',(8.,-7.40919783459596,-7.20933282579696));
#6262=CARTESIAN_POINT('',(8.,-7.31339918445869,-7.17388894362043));
#6263=CARTESIAN_POINT('',(8.,-7.26607986542381,-7.15549000064253));
#6264=CARTESIAN_POINT('',(8.,-7.17298479720251,-7.11696230501561));
#6265=CARTESIAN_POINT('',(8.,-7.12704925479158,-7.09701010462274));
#6266=CARTESIAN_POINT('',(8.,-7.03689360109725,-7.05524863262642));
#6267=CARTESIAN_POINT('',(8.,-6.99246229272324,-7.0336657635741));
#6268=CARTESIAN_POINT('',(8.,-6.90556747349043,-6.98843715235213));
#6269=CARTESIAN_POINT('',(8.,-6.86279697361973,-6.96511132304938));
#6270=CARTESIAN_POINT('',(8.,-6.7796521490268,-6.91601901761551));
#6271=CARTESIAN_POINT('',(8.,-6.73872827119075,-6.89081218483541));
#6272=CARTESIAN_POINT('',(8.,-6.66027253748936,-6.83702234527107));
#6273=CARTESIAN_POINT('',(8.,-6.62235749448547,-6.8088338771141));
#6274=CARTESIAN_POINT('',(8.,-6.58546509359273,-6.77915290980754));
#6275=CARTESIAN_POINT('',(8.,-4.48612033313634,-6.01038470865803));
#6276=CARTESIAN_POINT('',(8.,-6.58546509359273,-6.77915290980754));
#6277=CARTESIAN_POINT('',(8.,-6.5252585778202,-6.68714510386105));
#6278=CARTESIAN_POINT('',(8.,-6.46023180098202,-6.5990855975817));
#6279=CARTESIAN_POINT('',(8.,-6.33703413980272,-6.45072849834635));
#6280=CARTESIAN_POINT('',(8.,-6.28105928954711,-6.3881098656458));
#6281=CARTESIAN_POINT('',(8.,-6.17470466996022,-6.28211579135013));
#6282=CARTESIAN_POINT('',(8.,-6.12567493357516,-6.23653215976977));
#6283=CARTESIAN_POINT('',(8.,-6.03237830603091,-6.15837381590051));
#6284=CARTESIAN_POINT('',(8.,-5.98882132943804,-6.12429805521769));
#6285=CARTESIAN_POINT('',(8.,-5.90564392071696,-6.065331069209));
#6286=CARTESIAN_POINT('',(8.,-5.86639269879879,-6.03938083572583));
#6287=CARTESIAN_POINT('',(8.,-5.79112309721127,-5.99421925025871));
#6288=CARTESIAN_POINT('',(8.,-5.75528357604309,-5.97423817783238));
#6289=CARTESIAN_POINT('',(8.,-5.68626946587453,-5.93939503923752));
#6290=CARTESIAN_POINT('',(8.,-5.65316349563395,-5.92396006728325));
#6291=CARTESIAN_POINT('',(8.,-5.58916797274863,-5.89710342236369));
#6292=CARTESIAN_POINT('',(8.,-5.55828157819429,-5.88524728702069));
#6293=CARTESIAN_POINT('',(8.,-5.49837405333557,-5.86477355950596));
#6294=CARTESIAN_POINT('',(8.,-5.46931665133912,-5.85582176135931));
#6295=CARTESIAN_POINT('',(8.,-5.41279311369386,-5.84060117322263));
#6296=CARTESIAN_POINT('',(8.,-5.38526690718249,-5.83407266875972));
#6297=CARTESIAN_POINT('',(8.,-5.33159224407783,-5.82329199294514));
#6298=CARTESIAN_POINT('',(8.,-5.30536955882597,-5.81883674754447));
#6299=CARTESIAN_POINT('',(8.,-5.25413577349428,-5.81189922306993));
#6300=CARTESIAN_POINT('',(8.,-5.22904237106859,-5.80925784856748));
#6301=CARTESIAN_POINT('',(8.,-5.17993813175785,-5.80571778547764));
#6302=CARTESIAN_POINT('',(8.,-5.1558408336853,-5.80469481317544));
#6303=CARTESIAN_POINT('',(8.,-5.10862905442897,-5.80421386741863));
#6304=CARTESIAN_POINT('',(8.,-5.08542651648083,-5.80465967130931));
#6305=CARTESIAN_POINT('',(8.,-5.0399277016968,-5.8069770044234));
#6306=CARTESIAN_POINT('',(8.,-5.01754347936535,-5.80877531314307));
#6307=CARTESIAN_POINT('',(8.,-4.97362320295569,-5.81368688610686));
#6308=CARTESIAN_POINT('',(8.,-4.95200047346938,-5.81674609820641));
#6309=CARTESIAN_POINT('',(8.,-4.90955988946624,-5.8240900726463));
#6310=CARTESIAN_POINT('',(8.,-4.88865743516693,-5.82833701094505));
#6311=CARTESIAN_POINT('',(8.,-4.84762600745134,-5.8379833321586));
#6312=CARTESIAN_POINT('',(8.,-4.82741508621061,-5.84335882680956));
#6313=CARTESIAN_POINT('',(8.,-4.78774497108061,-5.85520176268675));
#6314=CARTESIAN_POINT('',(8.,-4.76820691568257,-5.86165746740594));
#6315=CARTESIAN_POINT('',(8.,-4.72986859636372,-5.87561020754985));
#6316=CARTESIAN_POINT('',(8.,-4.71099290721016,-5.88310625996938));
#6317=CARTESIAN_POINT('',(8.,-4.67397178961429,-5.8990970231264));
#6318=CARTESIAN_POINT('',(8.,-4.65575467142726,-5.90760038830114));
#6319=CARTESIAN_POINT('',(8.,-4.62004843029046,-5.92556968112836));
#6320=CARTESIAN_POINT('',(8.,-4.6024916365476,-5.9350530224218));
#6321=CARTESIAN_POINT('',(8.,-4.56810813764132,-5.9549517641143));
#6322=CARTESIAN_POINT('',(8.,-4.55121807020636,-5.96539264704325));
#6323=CARTESIAN_POINT('',(8.,-4.51817380657448,-5.98718096430055));
#6324=CARTESIAN_POINT('',(8.,-4.50198862628782,-5.99854252174501));
#6325=CARTESIAN_POINT('',(8.,-4.48612033271562,-6.01038470809436));
#6326=CARTESIAN_POINT('',(8.,-4.32992812272755,-6.12386499619295));
#6327=AXIS2_PLACEMENT_3D('',#6328,#6329,#6330);
#6328=CARTESIAN_POINT('',(8.,0.,0.));
#6329=DIRECTION('',(1.,-6.16297582203915E-33,-6.12323399573677E-17));
#6330=DIRECTION('',(-4.90706559719503E-17,-0.598149377807608,-0.801384627896226));
#6331=CARTESIAN_POINT('',(8.,-4.41233692241702,-8.3580229440872));
#6332=CARTESIAN_POINT('',(8.,-4.32992812425107,-6.12386499834769));
#6333=CARTESIAN_POINT('',(8.,-4.31376196052747,-6.13529720472732));
#6334=CARTESIAN_POINT('',(8.,-4.29795497879935,-6.14717931102479));
#6335=CARTESIAN_POINT('',(8.,-4.26702181568797,-6.17187331058142));
#6336=CARTESIAN_POINT('',(8.,-4.2518726266839,-6.18471030599528));
#6337=CARTESIAN_POINT('',(8.,-4.22232271349611,-6.21126190674828));
#6338=CARTESIAN_POINT('',(8.,-4.20787817498592,-6.22502889978386));
#6339=CARTESIAN_POINT('',(8.,-4.17975452815462,-6.25343473553137));
#6340=CARTESIAN_POINT('',(8.,-4.16603794739794,-6.26813255641412));
#6341=CARTESIAN_POINT('',(8.,-4.13938967369972,-6.2984003128296));
#6342=CARTESIAN_POINT('',(8.,-4.12642759541032,-6.31403575396065));
#6343=CARTESIAN_POINT('',(8.,-4.10131056027724,-6.34618603036638));
#6344=CARTESIAN_POINT('',(8.,-4.08913323303423,-6.3627729048156));
#6345=CARTESIAN_POINT('',(8.,-4.06561119006488,-6.39684175862661));
#6346=CARTESIAN_POINT('',(8.,-4.05425326540859,-6.41440236565835));
#6347=CARTESIAN_POINT('',(8.,-4.03239965809522,-6.45044469698926));
#6348=CARTESIAN_POINT('',(8.,-4.02190137019885,-6.46901173938711));
#6349=CARTESIAN_POINT('',(8.,-4.00180197710908,-6.50710571857448));
#6350=CARTESIAN_POINT('',(8.,-3.99221070467907,-6.52672480429029));
#6351=CARTESIAN_POINT('',(8.,-3.97396740842478,-6.56697770599395));
#6352=CARTESIAN_POINT('',(8.,-3.96534000375607,-6.58771065682822));
#6353=CARTESIAN_POINT('',(8.,-3.94907618259374,-6.63026650666794));
#6354=CARTESIAN_POINT('',(8.,-3.94148222765799,-6.65219567356288));
#6355=CARTESIAN_POINT('',(8.,-3.92735039458569,-6.69724536459112));
#6356=CARTESIAN_POINT('',(8.,-3.92087682026069,-6.7204793708527));
#6357=CARTESIAN_POINT('',(8.,-3.90906957493559,-6.76827421733259));
#6358=CARTESIAN_POINT('',(8.,-3.90382738502444,-6.79295569216124));
#6359=CARTESIAN_POINT('',(8.,-3.89459325264541,-6.84382573169458));
#6360=CARTESIAN_POINT('',(8.,-3.8907271873519,-6.8701417340191));
#6361=CARTESIAN_POINT('',(8.,-3.88439383465693,-6.92452078554372));
#6362=CARTESIAN_POINT('',(8.,-3.88209674334932,-6.952717183613));
#6363=CARTESIAN_POINT('',(8.,-3.87910564762489,-7.01117768249811));
#6364=CARTESIAN_POINT('',(8.,-3.87864008302272,-7.04157917022764));
#6365=CARTESIAN_POINT('',(8.,-3.87959931052204,-7.10488134107531));
#6366=CARTESIAN_POINT('',(8.,-3.88133074257389,-7.1379197960835));
#6367=CARTESIAN_POINT('',(8.,-3.88709722582721,-7.20708231594212));
#6368=CARTESIAN_POINT('',(8.,-3.89154645121035,-7.2433376335898));
#6369=CARTESIAN_POINT('',(8.,-3.90335771520256,-7.31974107522204));
#6370=CARTESIAN_POINT('',(8.,-3.91128582535262,-7.36000097637482));
#6371=CARTESIAN_POINT('',(8.,-3.93097746201549,-7.44554231648052));
#6372=CARTESIAN_POINT('',(8.,-3.94352830815039,-7.49089150692187));
#6373=CARTESIAN_POINT('',(8.,-3.97390600972416,-7.5882197246724));
#6374=CARTESIAN_POINT('',(8.,-3.9928541299566,-7.64017486514521));
#6375=CARTESIAN_POINT('',(8.,-4.03835688699542,-7.75305748793179));
#6376=CARTESIAN_POINT('',(8.,-4.06655848278788,-7.81377364988849));
#6377=CARTESIAN_POINT('',(8.,-4.13449945440364,-7.94767687357489));
#6378=CARTESIAN_POINT('',(8.,-4.17675612701014,-8.02026234641312));
#6379=CARTESIAN_POINT('',(8.,-4.27978194130779,-8.18327515100574));
#6380=CARTESIAN_POINT('',(8.,-4.3434371311611,-8.27233117289641));
#6381=CARTESIAN_POINT('',(8.,-4.41233692241702,-8.35802294408721));
#6382=CARTESIAN_POINT('',(8.,-4.2624846902401,-11.217451772371));
#6383=CARTESIAN_POINT('',(8.,-4.41233692241702,-8.35802294408721));
#6384=CARTESIAN_POINT('',(8.,-4.42916481357014,-8.40228162830231));
#6385=CARTESIAN_POINT('',(8.,-4.44425724326248,-8.44705169433667));
#6386=CARTESIAN_POINT('',(8.,-4.47117026424809,-8.53828950633234));
#6387=CARTESIAN_POINT('',(8.,-4.48249721981984,-8.58499976449104));
#6388=CARTESIAN_POINT('',(8.,-4.50349361766696,-8.67924554750786));
#6389=CARTESIAN_POINT('',(8.,-4.51246099152955,-8.72713078777895));
#6390=CARTESIAN_POINT('',(8.,-4.52862398074397,-8.82374908038344));
#6391=CARTESIAN_POINT('',(8.,-4.53542047358332,-8.87267523852656));
#6392=CARTESIAN_POINT('',(8.,-4.54727836457494,-8.97132336596712));
#6393=CARTESIAN_POINT('',(8.,-4.55205917800905,-9.02117623354815));
#6394=CARTESIAN_POINT('',(8.,-4.55993323485957,-9.12162061805924));
#6395=CARTESIAN_POINT('',(8.,-4.56280918810729,-9.17230954958899));
#6396=CARTESIAN_POINT('',(8.,-4.56691491085325,-9.27437224133972));
#6397=CARTESIAN_POINT('',(8.,-4.56796646023093,-9.32582259373199));
#6398=CARTESIAN_POINT('',(8.,-4.56845685574698,-9.42935843874126));
#6399=CARTESIAN_POINT('',(8.,-4.567743832049,-9.48150637042395));
#6400=CARTESIAN_POINT('',(8.,-4.56473158255084,-9.58639129991656));
#6401=CARTESIAN_POINT('',(8.,-4.56229935737664,-9.63918050806273));
#6402=CARTESIAN_POINT('',(8.,-4.55586955303874,-9.74530484085665));
#6403=CARTESIAN_POINT('',(8.,-4.55175309618731,-9.79868444031448));
#6404=CARTESIAN_POINT('',(8.,-4.54197113680401,-9.90594874612031));
#6405=CARTESIAN_POINT('',(8.,-4.5361976950843,-9.95987186880365));
#6406=CARTESIAN_POINT('',(8.,-4.52311446528972,-10.0681842405027));
#6407=CARTESIAN_POINT('',(8.,-4.51570543234877,-10.1226070252133));
#6408=CARTESIAN_POINT('',(8.,-4.49936087773136,-10.2318812180954));
#6409=CARTESIAN_POINT('',(8.,-4.49033317844189,-10.286762139362));
#6410=CARTESIAN_POINT('',(8.,-4.47075884009618,-10.3969162530746));
#6411=CARTESIAN_POINT('',(8.,-4.46012586734114,-10.4522155774049));
#6412=CARTESIAN_POINT('',(8.,-4.43734675202261,-10.5631710973197));
#6413=CARTESIAN_POINT('',(8.,-4.42511918080332,-10.6188505355661));
#6414=CARTESIAN_POINT('',(8.,-4.39915516797412,-10.7305316169591));
#6415=CARTESIAN_POINT('',(8.,-4.38534147653954,-10.7865539999474));
#6416=CARTESIAN_POINT('',(8.,-4.3562083854916,-10.8988869093898));
#6417=CARTESIAN_POINT('',(8.,-4.34081532476407,-10.9552159780312));
#6418=CARTESIAN_POINT('',(8.,-4.30852576785258,-11.0681286854807));
#6419=CARTESIAN_POINT('',(8.,-4.29155873148577,-11.1247289176337));
#6420=CARTESIAN_POINT('',(8.,-4.27015651140657,-11.1932322010815));
#6421=CARTESIAN_POINT('',(8.,-4.26633638609691,-11.2053467779837));
#6422=CARTESIAN_POINT('',(8.,-4.26248468532566,-11.2174517740852));
#6423=CARTESIAN_POINT('',(8.,-3.14503017453432,-11.5805347545469));
#6424=AXIS2_PLACEMENT_3D('',#6425,#6426,#6427);
#6425=CARTESIAN_POINT('',(8.,0.,-4.89858719658941E-16));
#6426=DIRECTION('',(-1.,0.,6.12323399573677E-17));
#6427=DIRECTION('',(-5.90919367482106E-17,-0.26208584787786,-0.965044562878908));
#6428=CARTESIAN_POINT('',(8.,-1.34306707315904,-9.35528917300135));
#6429=CARTESIAN_POINT('',(8.,-3.14503017966495,-11.5805347531534));
#6430=CARTESIAN_POINT('',(8.,-3.13479895072913,-11.573005579034));
#6431=CARTESIAN_POINT('',(8.,-3.12458763536338,-11.5654500943738));
#6432=CARTESIAN_POINT('',(8.,-3.06700765153873,-11.5226096820422));
#6433=CARTESIAN_POINT('',(8.,-3.02001224171216,-11.4867921075237));
#6434=CARTESIAN_POINT('',(8.,-2.92752101231676,-11.4144231347006));
#6435=CARTESIAN_POINT('',(8.,-2.881958369697,-11.3778997765435));
#6436=CARTESIAN_POINT('',(8.,-2.79236157718905,-11.3041445466758));
#6437=CARTESIAN_POINT('',(8.,-2.74825693570273,-11.2669409704496));
#6438=CARTESIAN_POINT('',(8.,-2.66160711617099,-11.1918503405079));
#6439=CARTESIAN_POINT('',(8.,-2.61898725144,-11.1539919138053));
#6440=CARTESIAN_POINT('',(8.,-2.53534054197703,-11.0776162380498));
#6441=CARTESIAN_POINT('',(8.,-2.49423416013934,-11.0391280460278));
#6442=CARTESIAN_POINT('',(8.,-2.41365122343934,-10.961517005433));
#6443=CARTESIAN_POINT('',(8.,-2.3740894611847,-10.9224237634094));
#6444=CARTESIAN_POINT('',(8.,-2.29663668065544,-10.8436261740569));
#6445=CARTESIAN_POINT('',(8.,-2.25865374094979,-10.803952131639));
#6446=CARTESIAN_POINT('',(8.,-2.18440477439258,-10.7240157104249));
#6447=CARTESIAN_POINT('',(8.,-2.14803874756372,-10.6837845328598));
#6448=CARTESIAN_POINT('',(8.,-2.07707659738479,-10.6027555762415));
#6449=CARTESIAN_POINT('',(8.,-2.0423705675943,-10.5619901638947));
#6450=CARTESIAN_POINT('',(8.,-1.97479042845813,-10.4799131178471));
#6451=CARTESIAN_POINT('',(8.,-1.94179400337829,-10.4386353779076));
#6452=CARTESIAN_POINT('',(8.,-1.87770722962411,-10.3555522453559));
#6453=CARTESIAN_POINT('',(8.,-1.84647859493745,-10.313782787844));
#6454=CARTESIAN_POINT('',(8.,-1.78601848896962,-10.2297322842899));
#6455=CARTESIAN_POINT('',(8.,-1.75662744900272,-10.1874899926677));
#6456=CARTESIAN_POINT('',(8.,-1.69995810423084,-10.1025062559001));
#6457=CARTESIAN_POINT('',(8.,-1.67249059830955,-10.0598076004752));
#6458=CARTESIAN_POINT('',(8.,-1.61982111732034,-9.97391813179728));
#6459=CARTESIAN_POINT('',(8.,-1.59438609200578,-9.93077622821908));
#6460=CARTESIAN_POINT('',(8.,-1.54599541338155,-9.84399832401161));
#6461=CARTESIAN_POINT('',(8.,-1.52273582195577,-9.80042134835862));
#6462=CARTESIAN_POINT('',(8.,-1.47902114713124,-9.71275514000241));
#6463=CARTESIAN_POINT('',(8.,-1.45812966433957,-9.66874427863142));
#6464=CARTESIAN_POINT('',(8.,-1.41971982138464,-9.5801564675422));
#6465=CARTESIAN_POINT('',(8.,-1.4014279133047,-9.53570925959008));
#6466=CARTESIAN_POINT('',(8.,-1.36957276585321,-9.44607724203038));
#6467=CARTESIAN_POINT('',(8.,-1.35546761758799,-9.40098638912825));
#6468=CARTESIAN_POINT('',(8.,-1.34306707315904,-9.35528917300135));
#6469=CARTESIAN_POINT('',(8.,-0.096532095964919,-7.4993787438626));
#6470=CARTESIAN_POINT('',(8.,-1.34306707315904,-9.35528917300135));
#6471=CARTESIAN_POINT('',(8.,-1.3484398101581,-9.24546479231248));
#6472=CARTESIAN_POINT('',(8.,-1.34759212172175,-9.13600137478663));
#6473=CARTESIAN_POINT('',(8.,-1.33512523516387,-8.94356419191094));
#6474=CARTESIAN_POINT('',(8.,-1.32664693886959,-8.86000346241215));
#6475=CARTESIAN_POINT('',(8.,-1.3029059978949,-8.71173877809755));
#6476=CARTESIAN_POINT('',(8.,-1.29003349431853,-8.64604188951279));
#6477=CARTESIAN_POINT('',(8.,-1.26049525898732,-8.52797207931122));
#6478=CARTESIAN_POINT('',(8.,-1.24528615429011,-8.47480206134683));
#6479=CARTESIAN_POINT('',(8.,-1.21265414183473,-8.37820631338858));
#6480=CARTESIAN_POINT('',(8.,-1.1961524007879,-8.33414084411474));
#6481=CARTESIAN_POINT('',(8.,-1.16180332785148,-8.25336199221985));
#6482=CARTESIAN_POINT('',(8.,-1.14455312585335,-8.21613102306923));
#6483=CARTESIAN_POINT('',(8.,-1.10919982088496,-8.14737685565146));
#6484=CARTESIAN_POINT('',(8.,-1.09148897722933,-8.11543049996251));
#6485=CARTESIAN_POINT('',(8.,-1.05550145146097,-8.05608739324596));
#6486=CARTESIAN_POINT('',(8.,-1.03748269487533,-8.02834101105033));
#6487=CARTESIAN_POINT('',(8.,-1.0010506442663,-7.97656465793941));
#6488=CARTESIAN_POINT('',(8.,-0.982804447170892,-7.95224298874511));
#6489=CARTESIAN_POINT('',(8.,-0.946022381871638,-7.90670557244287));
#6490=CARTESIAN_POINT('',(8.,-0.927590571656087,-7.88524440314559));
#6491=CARTESIAN_POINT('',(8.,-0.890503579290627,-7.84497347780605));
#6492=CARTESIAN_POINT('',(8.,-0.871907708825591,-7.82595580089625));
#6493=CARTESIAN_POINT('',(8.,-0.83453648037965,-7.79022876226037));
#6494=CARTESIAN_POINT('',(8.,-0.815788052348896,-7.77334231352372));
#6495=CARTESIAN_POINT('',(8.,-0.778142685127046,-7.74161559463098));
#6496=CARTESIAN_POINT('',(8.,-0.759248849500571,-7.72662395622659));
#6497=CARTESIAN_POINT('',(8.,-0.721336410570525,-7.6984844753546));
#6498=CARTESIAN_POINT('',(8.,-0.702303126105496,-7.68520702865664));
#6499=CARTESIAN_POINT('',(8.,-0.664131717492177,-7.66033825820073));
#6500=CARTESIAN_POINT('',(8.,-0.644965481875682,-7.64863600474562));
#6501=CARTESIAN_POINT('',(8.,-0.60654628170895,-7.62679385999223));
#6502=CARTESIAN_POINT('',(8.,-0.587254966334,-7.6165592930638));
#6503=CARTESIAN_POINT('',(8.,-0.548603132755279,-7.5975547438162));
#6504=CARTESIAN_POINT('',(8.,-0.529196404303596,-7.58870443470009));
#6505=CARTESIAN_POINT('',(8.,-0.490331316630012,-7.57239080440333));
#6506=CARTESIAN_POINT('',(8.,-0.470820701394677,-7.56485998948858));
#6507=CARTESIAN_POINT('',(8.,-0.431765801033237,-7.55112361724636));
#6508=CARTESIAN_POINT('',(8.,-0.412164614152086,-7.54486221125341));
#6509=CARTESIAN_POINT('',(8.,-0.372947047401712,-7.53361551645464));
#6510=CARTESIAN_POINT('',(8.,-0.353270225033332,-7.52858509854144));
#6511=CARTESIAN_POINT('',(8.,-0.31392037699092,-7.51976143074226));
#6512=CARTESIAN_POINT('',(8.,-0.294184266144506,-7.51593304426839));
#6513=CARTESIAN_POINT('',(8.,-0.254735224941616,-7.5094829055875));
#6514=CARTESIAN_POINT('',(8.,-0.234957312282164,-7.50683546541776));
#6515=CARTESIAN_POINT('',(8.,-0.195444290434887,-7.50272377203434));
#6516=CARTESIAN_POINT('',(8.,-0.175642941837316,-7.50124289121166));
#6517=CARTESIAN_POINT('',(8.,-0.13610271943641,-7.49944707931595));
#6518=CARTESIAN_POINT('',(8.,-0.116330477618549,-7.4991253620929));
#6519=CARTESIAN_POINT('',(8.,-0.0965320959558658,-7.49937874315929));
#6520=CARTESIAN_POINT('',(8.,0.0965320960837222,-7.49937874720366));
#6521=AXIS2_PLACEMENT_3D('',#6522,#6523,#6524);
#6522=CARTESIAN_POINT('',(8.,0.,0.));
#6523=DIRECTION('',(1.,0.,-6.12323399573677E-17));
#6524=DIRECTION('',(-6.12272678341755E-17,-0.0128709461298629,-0.99991716594212));
#6525=CARTESIAN_POINT('',(8.,1.34306706971316,-9.35528917228456));
#6526=CARTESIAN_POINT('',(8.,0.0965320961176865,-7.49937874984238));
#6527=CARTESIAN_POINT('',(8.,0.116330479615041,-7.49912536646383));
#6528=CARTESIAN_POINT('',(8.,0.136102723310687,-7.49944708164441));
#6529=CARTESIAN_POINT('',(8.,0.17564294671707,-7.50124288986117));
#6530=CARTESIAN_POINT('',(8.,0.19544429466037,-7.50272376742692));
#6531=CARTESIAN_POINT('',(8.,0.234957315958975,-7.50683546048565));
#6532=CARTESIAN_POINT('',(8.,0.254735228564339,-7.50948290510041));
#6533=CARTESIAN_POINT('',(8.,0.294184268126093,-7.51593304411145));
#6534=CARTESIAN_POINT('',(8.,0.313920377418681,-7.51976142710522));
#6535=CARTESIAN_POINT('',(8.,0.353270224552296,-7.52858509414809));
#6536=CARTESIAN_POINT('',(8.,0.372947047880758,-7.53361551328007));
#6537=CARTESIAN_POINT('',(8.,0.412164614480147,-7.54486221043363));
#6538=CARTESIAN_POINT('',(8.,0.431765799348681,-7.55112362038083));
#6539=CARTESIAN_POINT('',(8.,0.470820701685929,-7.56485999213164));
#6540=CARTESIAN_POINT('',(8.,0.490331321588263,-7.57239080104224));
#6541=CARTESIAN_POINT('',(8.,0.529196412107718,-7.58870443151766));
#6542=CARTESIAN_POINT('',(8.,0.548603139127863,-7.59755474555299));
#6543=CARTESIAN_POINT('',(8.,0.587254968881583,-7.61655929526074));
#6544=CARTESIAN_POINT('',(8.,0.60654628052236,-7.62679386053385));
#6545=CARTESIAN_POINT('',(8.,0.644965479208885,-7.64863600159354));
#6546=CARTESIAN_POINT('',(8.,0.664131718940109,-7.66033824993218));
#6547=CARTESIAN_POINT('',(8.,0.702303127588472,-7.68520702143744));
#6548=CARTESIAN_POINT('',(8.,0.721336407081919,-7.69848447541013));
#6549=CARTESIAN_POINT('',(8.,0.759248844205815,-7.72662395797555));
#6550=CARTESIAN_POINT('',(8.,0.77814268208131,-7.74161559237073));
#6551=CARTESIAN_POINT('',(8.,0.815788050102532,-7.77334231074421));
#6552=CARTESIAN_POINT('',(8.,0.834536477737503,-7.79022876140734));
#6553=CARTESIAN_POINT('',(8.,0.871907706781683,-7.82595580106422));
#6554=CARTESIAN_POINT('',(8.,0.890503577371144,-7.84497347800484));
#6555=CARTESIAN_POINT('',(8.,0.92759057185256,-7.88524440351458));
#6556=CARTESIAN_POINT('',(8.,0.946022384710943,-7.90670557233901));
#6557=CARTESIAN_POINT('',(8.,0.982804451070136,-7.95224298748168));
#6558=CARTESIAN_POINT('',(8.,1.00105064688044,-7.97656465570201));
#6559=CARTESIAN_POINT('',(8.,1.03748269799438,-8.0283410074763));
#6560=CARTESIAN_POINT('',(8.,1.05550145665217,-8.05608738927124));
#6561=CARTESIAN_POINT('',(8.,1.09148898288674,-8.11543049702455));
#6562=CARTESIAN_POINT('',(8.,1.10919982497045,-8.14737685420232));
#6563=CARTESIAN_POINT('',(8.,1.14455312789153,-8.21613102369709));
#6564=CARTESIAN_POINT('',(8.,1.16180332820321,-8.25336199414629));
#6565=CARTESIAN_POINT('',(8.,1.19615239767136,-8.33414084563736));
#6566=CARTESIAN_POINT('',(8.,1.21265413519927,-8.37820631364744));
#6567=CARTESIAN_POINT('',(8.,1.24528614940171,-8.47480206082345));
#6568=CARTESIAN_POINT('',(8.,1.2604952634729,-8.52797207804238));
#6569=CARTESIAN_POINT('',(8.,1.29003350065163,-8.64604188777241));
#6570=CARTESIAN_POINT('',(8.,1.30290599496099,-8.71173877672652));
#6571=CARTESIAN_POINT('',(8.,1.32664693442678,-8.86000346143257));
#6572=CARTESIAN_POINT('',(8.,1.33512523862737,-8.9435641914725));
#6573=CARTESIAN_POINT('',(8.,1.34759212647562,-9.13600137493823));
#6574=CARTESIAN_POINT('',(8.,1.34843981239931,-9.24546479192687));
#6575=CARTESIAN_POINT('',(8.,1.34306706971316,-9.35528917228456));
#6576=CARTESIAN_POINT('',(8.,3.14503016743445,-11.5805347564751));
#6577=CARTESIAN_POINT('',(8.,1.34306706971316,-9.35528917228456));
#6578=CARTESIAN_POINT('',(8.,1.3554676216583,-9.40098638621024));
#6579=CARTESIAN_POINT('',(8.,1.36957277410994,-9.44607723806574));
#6580=CARTESIAN_POINT('',(8.,1.40142792310511,-9.53570925532981));
#6581=CARTESIAN_POINT('',(8.,1.41971982442948,-9.58015646543028));
#6582=CARTESIAN_POINT('',(8.,1.45812966309855,-9.66874427854488));
#6583=CARTESIAN_POINT('',(8.,1.47902114328263,-9.71275514181213));
#6584=CARTESIAN_POINT('',(8.,1.52273581782286,-9.80042134918986));
#6585=CARTESIAN_POINT('',(8.,1.54599541382154,-9.8439983208554));
#6586=CARTESIAN_POINT('',(8.,1.5943860929677,-9.93077622586624));
#6587=CARTESIAN_POINT('',(8.,1.61982111400119,-9.97391813458815));
#6588=CARTESIAN_POINT('',(8.,1.67249059608566,-10.0598076031396));
#6589=CARTESIAN_POINT('',(8.,1.69995810744087,-10.1025062530792));
#6590=CARTESIAN_POINT('',(8.,1.75662745298555,-10.1874899884772));
#6591=CARTESIAN_POINT('',(8.,1.78601849003001,-10.2297322831454));
#6592=CARTESIAN_POINT('',(8.,1.84647859450365,-10.313782788537));
#6593=CARTESIAN_POINT('',(8.,1.87770722797335,-10.3555522466756));
#6594=CARTESIAN_POINT('',(8.,1.94179400375215,-10.4386353812577));
#6595=CARTESIAN_POINT('',(8.,1.97479043328074,-10.4799131216799));
#6596=CARTESIAN_POINT('',(8.,2.04237057198625,-10.5619901662619));
#6597=CARTESIAN_POINT('',(8.,2.07707659687026,-10.6027555767473));
#6598=CARTESIAN_POINT('',(8.,2.1480387452997,-10.68378453157));
#6599=CARTESIAN_POINT('',(8.,2.18440477403779,-10.7240157103128));
#6600=CARTESIAN_POINT('',(8.,2.25865374400843,-10.8039521301928));
#6601=CARTESIAN_POINT('',(8.,2.29663668781111,-10.8436261676084));
#6602=CARTESIAN_POINT('',(8.,2.37408946929437,-10.9224237585372));
#6603=CARTESIAN_POINT('',(8.,2.41365122759238,-10.9615170080044));
#6604=CARTESIAN_POINT('',(8.,2.49423416348732,-11.0391280505952));
#6605=CARTESIAN_POINT('',(8.,2.53534054644998,-11.0776162391824));
#6606=CARTESIAN_POINT('',(8.,2.61898725612586,-11.1539919123687));
#6607=CARTESIAN_POINT('',(8.,2.66160712169937,-11.1918503381132));
#6608=CARTESIAN_POINT('',(8.,2.74825694192322,-11.266940967079));
#6609=CARTESIAN_POINT('',(8.,2.79236158356767,-11.304144542877));
#6610=CARTESIAN_POINT('',(8.,2.88195837684146,-11.3778997743718));
#6611=CARTESIAN_POINT('',(8.,2.92752102038827,-11.4144231340967));
#6612=CARTESIAN_POINT('',(8.,3.02001224490572,-11.4867921079486));
#6613=CARTESIAN_POINT('',(8.,3.06700764740654,-11.5226096838944));
#6614=CARTESIAN_POINT('',(8.,3.12458762691216,-11.5654500950453));
#6615=CARTESIAN_POINT('',(8.,3.13479894284923,-11.5730055803199));
#6616=CARTESIAN_POINT('',(8.,3.14503017241789,-11.5805347549732));
#6617=CARTESIAN_POINT('',(8.,4.26248468336283,-11.2174517749842));
#6618=AXIS2_PLACEMENT_3D('',#6619,#6620,#6621);
#6619=CARTESIAN_POINT('',(8.,0.,-4.89858719658941E-16));
#6620=DIRECTION('',(-1.,0.,6.12323399573677E-17));
#6621=DIRECTION('',(-5.72392350451011E-17,0.355207056946902,-0.934787647915354));
#6622=CARTESIAN_POINT('',(8.,4.41233692005056,-8.35802294669254));
#6623=CARTESIAN_POINT('',(8.,4.26248467839299,-11.2174517768726));
#6624=CARTESIAN_POINT('',(8.,4.26633637896611,-11.2053467815751));
#6625=CARTESIAN_POINT('',(8.,4.27015650417469,-11.1932322055057));
#6626=CARTESIAN_POINT('',(8.,4.29155872705403,-11.1247289185641));
#6627=CARTESIAN_POINT('',(8.,4.30852577018646,-11.0681286832598));
#6628=CARTESIAN_POINT('',(8.,4.340815331649,-10.9552159737754));
#6629=CARTESIAN_POINT('',(8.,4.35620839254811,-10.8988869069474));
#6630=CARTESIAN_POINT('',(8.,4.38534148393285,-10.7865539992715));
#6631=CARTESIAN_POINT('',(8.,4.3991551749878,-10.7305316160297));
#6632=CARTESIAN_POINT('',(8.,4.42511918668341,-10.6188505342539));
#6633=CARTESIAN_POINT('',(8.,4.43734675665796,-10.5631710957277));
#6634=CARTESIAN_POINT('',(8.,4.46012587029409,-10.4522155738595));
#6635=CARTESIAN_POINT('',(8.,4.47075884012012,-10.3969162474116));
#6636=CARTESIAN_POINT('',(8.,4.49033318029037,-10.2867621348406));
#6637=CARTESIAN_POINT('',(8.,4.499360887156,-10.2318812172703));
#6638=CARTESIAN_POINT('',(8.,4.51570544192816,-10.1226070262242));
#6639=CARTESIAN_POINT('',(8.,4.52311446861427,-10.0681842398749));
#6640=CARTESIAN_POINT('',(8.,4.53619769486319,-9.95987186910291));
#6641=CARTESIAN_POINT('',(8.,4.54197113573048,-9.90594874849452));
#6642=CARTESIAN_POINT('',(8.,4.55175309547374,-9.79868444020771));
#6643=CARTESIAN_POINT('',(8.,4.55586955520047,-9.74530483635999));
#6644=CARTESIAN_POINT('',(8.,4.56229935902534,-9.63918050212727));
#6645=CARTESIAN_POINT('',(8.,4.56473158088416,-9.58639129698653));
#6646=CARTESIAN_POINT('',(8.,4.56774382993783,-9.48150637032662));
#6647=CARTESIAN_POINT('',(8.,4.56845685498868,-9.42935843843557));
#6648=CARTESIAN_POINT('',(8.,4.56796646176153,-9.32582259403464));
#6649=CARTESIAN_POINT('',(8.,4.56691491653854,-9.27437224238885));
#6650=CARTESIAN_POINT('',(8.,4.56280919236235,-9.17230954998435));
#6651=CARTESIAN_POINT('',(8.,4.5599332314943,-9.12162061721087));
#6652=CARTESIAN_POINT('',(8.,4.55205917368336,-9.02117623324124));
#6653=CARTESIAN_POINT('',(8.,4.54727836673611,-8.9713233673052));
#6654=CARTESIAN_POINT('',(8.,4.53542047579445,-8.87267524082138));
#6655=CARTESIAN_POINT('',(8.,4.52862397691179,-8.82374908214022));
#6656=CARTESIAN_POINT('',(8.,4.51246098735223,-8.72713078857701));
#6657=CARTESIAN_POINT('',(8.,4.50349361671382,-8.67924554830734));
#6658=CARTESIAN_POINT('',(8.,4.48249722352452,-8.5849997644099));
#6659=CARTESIAN_POINT('',(8.,4.4711702746809,-8.53828950401844));
#6660=CARTESIAN_POINT('',(8.,4.44425725227266,-8.44705169269094));
#6661=CARTESIAN_POINT('',(8.,4.42916481857825,-8.40228162827057));
#6662=CARTESIAN_POINT('',(8.,4.41233692005056,-8.35802294669254));
#6663=CARTESIAN_POINT('',(8.,4.32992812085983,-6.12386499342015));
#6664=CARTESIAN_POINT('',(8.,4.41233692005056,-8.35802294669254));
#6665=CARTESIAN_POINT('',(8.,4.34343713320094,-8.27233117189103));
#6666=CARTESIAN_POINT('',(8.,4.27978194506465,-8.18327514808883));
#6667=CARTESIAN_POINT('',(8.,4.17675613006988,-8.02026234473204));
#6668=CARTESIAN_POINT('',(8.,4.13449945138511,-7.9476768769788));
#6669=CARTESIAN_POINT('',(8.,4.06655848122016,-7.81377365272219));
#6670=CARTESIAN_POINT('',(8.,4.03835689314198,-7.75305748561729));
#6671=CARTESIAN_POINT('',(8.,3.99285413433132,-7.64017486353516));
#6672=CARTESIAN_POINT('',(8.,3.973906006077,-7.58821972796916));
#6673=CARTESIAN_POINT('',(8.,3.94352830263003,-7.49089151061268));
#6674=CARTESIAN_POINT('',(8.,3.93097745859918,-7.44554231708056));
#6675=CARTESIAN_POINT('',(8.,3.91128582450483,-7.36000097460955));
#6676=CARTESIAN_POINT('',(8.,3.90335771648243,-7.31974107351608));
#6677=CARTESIAN_POINT('',(8.,3.89154645536737,-7.24333763236079));
#6678=CARTESIAN_POINT('',(8.,3.88709723213104,-7.20708231499364));
#6679=CARTESIAN_POINT('',(8.,3.88133074910994,-7.13791979624781));
#6680=CARTESIAN_POINT('',(8.,3.87959931514616,-7.10488134213343));
#6681=CARTESIAN_POINT('',(8.,3.87864008645271,-7.04157917050118));
#6682=CARTESIAN_POINT('',(8.,3.87910565152207,-7.01117768122832));
#6683=CARTESIAN_POINT('',(8.,3.88209674570741,-6.95271718202813));
#6684=CARTESIAN_POINT('',(8.,3.88439383459899,-6.92452078512971));
#6685=CARTESIAN_POINT('',(8.,3.89072718568215,-6.87014173498652));
#6686=CARTESIAN_POINT('',(8.,3.89459325089312,-6.84382573276007));
#6687=CARTESIAN_POINT('',(8.,3.9038273833883,-6.79295569440438));
#6688=CARTESIAN_POINT('',(8.,3.909069574752,-6.76827422090164));
#6689=CARTESIAN_POINT('',(8.,3.92087681912518,-6.72047937447152));
#6690=CARTESIAN_POINT('',(8.,3.92735038927412,-6.69724536628836));
#6691=CARTESIAN_POINT('',(8.,3.94148222480301,-6.65219567556852));
#6692=CARTESIAN_POINT('',(8.,3.94907618803684,-6.63026651163673));
#6693=CARTESIAN_POINT('',(8.,3.96534000978761,-6.58771066266655));
#6694=CARTESIAN_POINT('',(8.,3.97396740812004,-6.56697771011154));
#6695=CARTESIAN_POINT('',(8.,3.99221070340074,-6.52672480454957));
#6696=CARTESIAN_POINT('',(8.,4.00180197787879,-6.50710571529969));
#6697=CARTESIAN_POINT('',(8.,4.02190137433353,-6.46901173423631));
#6698=CARTESIAN_POINT('',(8.,4.03239966627948,-6.45044469497676));
#6699=CARTESIAN_POINT('',(8.,4.05425327139549,-6.41440236546314));
#6700=CARTESIAN_POINT('',(8.,4.06561118874696,-6.39684175631714));
#6701=CARTESIAN_POINT('',(8.,4.089133229829,-6.36277290326992));
#6702=CARTESIAN_POINT('',(8.,4.1013105610245,-6.34618603083677));
#6703=CARTESIAN_POINT('',(8.,4.12642759766384,-6.31403575624735));
#6704=CARTESIAN_POINT('',(8.,4.13938967589291,-6.29840031666665));
#6705=CARTESIAN_POINT('',(8.,4.1660379498818,-6.26813255910511));
#6706=CARTESIAN_POINT('',(8.,4.17975452985001,-6.25343473449359));
#6707=CARTESIAN_POINT('',(8.,4.20787817820307,-6.22502889804854));
#6708=CARTESIAN_POINT('',(8.,4.22232271936973,-6.21126190857727));
#6709=CARTESIAN_POINT('',(8.,4.25187263281056,-6.18471030723908));
#6710=CARTESIAN_POINT('',(8.,4.26702182042956,-6.17187330880573));
#6711=CARTESIAN_POINT('',(8.,4.29795498056508,-6.14717930686379));
#6712=CARTESIAN_POINT('',(8.,4.3137619595735,-6.13529720001766));
#6713=CARTESIAN_POINT('',(8.,4.32992812045377,-6.12386499284584));
#6714=CARTESIAN_POINT('',(8.,4.48612033519628,-6.01038471129117));
#6715=AXIS2_PLACEMENT_3D('',#6716,#6717,#6718);
#6716=CARTESIAN_POINT('',(8.,0.,0.));
#6717=DIRECTION('',(1.,6.16297582203915E-33,-6.12323399573677E-17));
#6718=DIRECTION('',(-4.99971444220389E-17,0.57732374950212,-0.816515332532594));
#6719=CARTESIAN_POINT('',(8.,6.58546509038363,-6.77915291125309));
#6720=CARTESIAN_POINT('',(8.,4.48612033677476,-6.01038471340598));
#6721=CARTESIAN_POINT('',(8.,4.50198863047218,-5.99854252410766));
#6722=CARTESIAN_POINT('',(8.,4.51817381107747,-5.98718096390706));
#6723=CARTESIAN_POINT('',(8.,4.55121807336037,-5.96539264308244));
#6724=CARTESIAN_POINT('',(8.,4.56810813835163,-5.95495175790314));
#6725=CARTESIAN_POINT('',(8.,4.60249163662318,-5.93505301627047));
#6726=CARTESIAN_POINT('',(8.,4.620048432935,-5.92556967860492));
#6727=CARTESIAN_POINT('',(8.,4.65575467293815,-5.90760038700943));
#6728=CARTESIAN_POINT('',(8.,4.67397178782256,-5.89909701993254));
#6729=CARTESIAN_POINT('',(8.,4.71099290423865,-5.88310625669783));
#6730=CARTESIAN_POINT('',(8.,4.72986859488532,-5.8756102047));
#6731=CARTESIAN_POINT('',(8.,4.76820691546612,-5.8616574665499));
#6732=CARTESIAN_POINT('',(8.,4.78774497156017,-5.85520176621275));
#6733=CARTESIAN_POINT('',(8.,4.82741508799979,-5.84335882877665));
#6734=CARTESIAN_POINT('',(8.,4.84762600948705,-5.83798332652504));
#6735=CARTESIAN_POINT('',(8.,4.88865743961001,-5.82833700378325));
#6736=CARTESIAN_POINT('',(8.,4.90955989564262,-5.82409007030568));
#6737=CARTESIAN_POINT('',(8.,4.95200047682175,-5.81674609848634));
#6738=CARTESIAN_POINT('',(8.,4.97362320231408,-5.8136868872425));
#6739=CARTESIAN_POINT('',(8.,5.01754347535512,-5.80877531216049));
#6740=CARTESIAN_POINT('',(8.,5.03992769800806,-5.80697699688293));
#6741=CARTESIAN_POINT('',(8.,5.08542651343724,-5.80465966459718));
#6742=CARTESIAN_POINT('',(8.,5.10862905163927,-5.8042138695141));
#6743=CARTESIAN_POINT('',(8.,5.15584083042977,-5.80469481770256));
#6744=CARTESIAN_POINT('',(8.,5.17993812796525,-5.80571778543929));
#6745=CARTESIAN_POINT('',(8.,5.22904236761749,-5.80925784763919));
#6746=CARTESIAN_POINT('',(8.,5.25413577085534,-5.81189922393282));
#6747=CARTESIAN_POINT('',(8.,5.30536955727115,-5.81883674888174));
#6748=CARTESIAN_POINT('',(8.,5.33159224264178,-5.82329199423421));
#6749=CARTESIAN_POINT('',(8.,5.38526690755833,-5.83407266894276));
#6750=CARTESIAN_POINT('',(8.,5.41279311592985,-5.8406011714697));
#6751=CARTESIAN_POINT('',(8.,5.46931665375105,-5.85582175804526));
#6752=CARTESIAN_POINT('',(8.,5.49837405413534,-5.86477355615931));
#6753=CARTESIAN_POINT('',(8.,5.55828157861689,-5.88524728229591));
#6754=CARTESIAN_POINT('',(8.,5.58916797461212,-5.89710341609677));
#6755=CARTESIAN_POINT('',(8.,5.653163498484,-5.92396006158105));
#6756=CARTESIAN_POINT('',(8.,5.68626946832798,-5.93939503566375));
#6757=CARTESIAN_POINT('',(8.,5.75528357806106,-5.97423817714232));
#6758=CARTESIAN_POINT('',(8.,5.79112309862816,-5.9942192516105));
#6759=CARTESIAN_POINT('',(8.,5.86639269717243,-6.03938083878952));
#6760=CARTESIAN_POINT('',(8.,5.90564391550092,-6.06533107331865));
#6761=CARTESIAN_POINT('',(8.,5.98882132517561,-6.12429805766759));
#6762=CARTESIAN_POINT('',(8.,6.03237830891401,-6.15837381223744));
#6763=CARTESIAN_POINT('',(8.,6.12567493767577,-6.23653215463927));
#6764=CARTESIAN_POINT('',(8.,6.17470466678076,-6.28211579196545));
#6765=CARTESIAN_POINT('',(8.,6.28105928537702,-6.38810986746473));
#6766=CARTESIAN_POINT('',(8.,6.33703414234704,-6.45072849595585));
#6767=CARTESIAN_POINT('',(8.,6.4602318049171,-6.59908559491009));
#6768=CARTESIAN_POINT('',(8.,6.52525857940672,-6.68714510223173));
#6769=CARTESIAN_POINT('',(8.,6.58546509038363,-6.77915291125309));
#6770=CARTESIAN_POINT('',(8.,9.35125039679281,-7.52024707150518));
#6771=CARTESIAN_POINT('',(8.,6.58546509038363,-6.77915291125309));
#6772=CARTESIAN_POINT('',(8.,6.62235749606325,-6.80883387236091));
#6773=CARTESIAN_POINT('',(8.,6.66027254183885,-6.83702233721044));
#6774=CARTESIAN_POINT('',(8.,6.73872827661532,-6.89081217562824));
#6775=CARTESIAN_POINT('',(8.,6.77965215024878,-6.91601901411722));
#6776=CARTESIAN_POINT('',(8.,6.86279697256485,-6.96511132370883));
#6777=CARTESIAN_POINT('',(8.,6.90556747144057,-6.98843715607839));
#6778=CARTESIAN_POINT('',(8.,6.99246228986823,-7.03366576667585));
#6779=CARTESIAN_POINT('',(8.,7.03689359959802,-7.05524862981437));
#6780=CARTESIAN_POINT('',(8.,7.12704925418683,-7.09701010215386));
#6781=CARTESIAN_POINT('',(8.,7.17298479615769,-7.11696230922442));
#6782=CARTESIAN_POINT('',(8.,7.26607986519074,-7.15549000410525));
#6783=CARTESIAN_POINT('',(8.,7.31339918539756,-7.17388893945146));
#6784=CARTESIAN_POINT('',(8.,7.40919783535503,-7.20933282006573));
#6785=CARTESIAN_POINT('',(8.,7.45780508163525,-7.22623193620938));
#6786=CARTESIAN_POINT('',(8.,7.55612198115302,-7.2586926656953));
#6787=CARTESIAN_POINT('',(8.,7.60593794783122,-7.27412913697253));
#6788=CARTESIAN_POINT('',(8.,7.70662027977255,-7.30367554312563));
#6789=CARTESIAN_POINT('',(8.,7.757577399083,-7.31767512196137));
#6790=CARTESIAN_POINT('',(8.,7.86049455613505,-7.34435423699733));
#6791=CARTESIAN_POINT('',(8.,7.91253362716036,-7.35693445727013));
#6792=CARTESIAN_POINT('',(8.,8.0175708358506,-7.38077775444034));
#6793=CARTESIAN_POINT('',(8.,8.07063886466498,-7.39195004637027));
#6794=CARTESIAN_POINT('',(8.,8.17769299191257,-7.41297751897601));
#6795=CARTESIAN_POINT('',(8.,8.23174165303713,-7.42274867527486));
#6796=CARTESIAN_POINT('',(8.,8.34071833138285,-7.44097166274721));
#6797=CARTESIAN_POINT('',(8.,8.39570290167427,-7.44934494784913));
#6798=CARTESIAN_POINT('',(8.,8.50651449251983,-7.46476813895078));
#6799=CARTESIAN_POINT('',(8.,8.56239304455293,-7.47174401192003));
#6800=CARTESIAN_POINT('',(8.,8.67495714853709,-7.4843669271343));
#6801=CARTESIAN_POINT('',(8.,8.73168996841167,-7.48994370850311));
#6802=CARTESIAN_POINT('',(8.,8.84592830982374,-7.49976181701333));
#6803=CARTESIAN_POINT('',(8.,8.90347742763151,-7.50393608416916));
#6804=CARTESIAN_POINT('',(8.,9.01931499338356,-7.51094164613347));
#6805=CARTESIAN_POINT('',(8.,9.07764383853206,-7.51370861491033));
#6806=CARTESIAN_POINT('',(8.,9.19500822655091,-7.51789136688415));
#6807=CARTESIAN_POINT('',(8.,9.2540813487454,-7.51924519000615));
#6808=CARTESIAN_POINT('',(8.,9.32584549257781,-7.52005914789247));
#6809=CARTESIAN_POINT('',(8.,9.33854762352421,-7.52016960296612));
#6810=CARTESIAN_POINT('',(8.,9.35125039994174,-7.52024706736098));
#6811=CARTESIAN_POINT('',(8.,10.0418752687412,-6.56968348454045));
#6812=AXIS2_PLACEMENT_3D('',#6813,#6814,#6815);
#6813=CARTESIAN_POINT('',(8.,0.,-4.89858719658941E-16));
#6814=DIRECTION('',(-1.,0.,6.12323399573677E-17));
#6815=DIRECTION('',(-3.3523091044807E-17,0.836822939061768,-0.547473623711704));
#6816=CARTESIAN_POINT('',(8.,8.48237817961687,-4.16827603349873));
#6817=CARTESIAN_POINT('',(8.,10.0418752658305,-6.56968348898935));
#6818=CARTESIAN_POINT('',(8.,10.0378762193364,-6.55762636928375));
#6819=CARTESIAN_POINT('',(8.,10.0338459963995,-6.54558005810444));
#6820=CARTESIAN_POINT('',(8.,10.0108955366284,-6.47757982382335));
#6821=CARTESIAN_POINT('',(8.,9.99135337927867,-6.42181629384831));
#6822=CARTESIAN_POINT('',(8.,9.95110775781149,-6.31148866496387));
#6823=CARTESIAN_POINT('',(8.,9.93045161091739,-6.25686967843856));
#6824=CARTESIAN_POINT('',(8.,9.8879931504673,-6.14886644563157));
#6825=CARTESIAN_POINT('',(8.,9.86623953061799,-6.09542390164173));
#6826=CARTESIAN_POINT('',(8.,9.82160036449404,-5.98981074536996));
#6827=CARTESIAN_POINT('',(8.,9.7987651235817,-5.93757794806254));
#6828=CARTESIAN_POINT('',(8.,9.75197579421558,-5.8344238181958));
#6829=CARTESIAN_POINT('',(8.,9.72807391895775,-5.78343582047019));
#6830=CARTESIAN_POINT('',(8.,9.67916292996056,-5.68281376292453));
#6831=CARTESIAN_POINT('',(8.,9.65420830425499,-5.63310781498563));
#6832=CARTESIAN_POINT('',(8.,9.60320156887806,-5.53509604913239));
#6833=CARTESIAN_POINT('',(8.,9.5772066861741,-5.4867121734746));
#6834=CARTESIAN_POINT('',(8.,9.52412682437014,-5.39139549737753));
#6835=CARTESIAN_POINT('',(8.,9.4971024210966,-5.34437723301883));
#6836=CARTESIAN_POINT('',(8.,9.44196781425885,-5.25184889304933));
#6837=CARTESIAN_POINT('',(8.,9.41392235621953,-5.20624429206449));
#6838=CARTESIAN_POINT('',(8.,9.356745858213,-5.1166085582901));
#6839=CARTESIAN_POINT('',(8.,9.3276848507689,-5.07247157007278));
#6840=CARTESIAN_POINT('',(8.,9.26847199836613,-4.98584732638116));
#6841=CARTESIAN_POINT('',(8.,9.23839706244658,-4.9432396576504));
#6842=CARTESIAN_POINT('',(8.,9.17714348356937,-4.85976564590983));
#6843=CARTESIAN_POINT('',(8.,9.14605100769096,-4.81875951983601));
#6844=CARTESIAN_POINT('',(8.,9.08273846165358,-4.73860235130985));
#6845=CARTESIAN_POINT('',(8.,9.05061755329747,-4.69928459065378));
#6846=CARTESIAN_POINT('',(8.,8.98520757914079,-4.6226516320898));
#6847=CARTESIAN_POINT('',(8.,8.95203704569191,-4.5851299041469));
#6848=CARTESIAN_POINT('',(8.,8.8844598964892,-4.51229178677703));
#6849=CARTESIAN_POINT('',(8.,8.85020333886676,-4.47670457474495));
#6850=CARTESIAN_POINT('',(8.,8.78033639757505,-4.40803910018087));
#6851=CARTESIAN_POINT('',(8.,8.74493540430073,-4.37457001523607));
#6852=CARTESIAN_POINT('',(8.,8.67255268352435,-4.31066494468286));
#6853=CARTESIAN_POINT('',(8.,8.63593338722661,-4.27953336369824));
#6854=CARTESIAN_POINT('',(8.,8.5605320547786,-4.2215395014709));
#6855=CARTESIAN_POINT('',(8.,8.52200683582286,-4.19419086846233));
#6856=CARTESIAN_POINT('',(8.,8.48237817961687,-4.16827603349873));
#6857=CARTESIAN_POINT('',(8.,7.10250296436009,-2.40924295800685));
#6858=CARTESIAN_POINT('',(8.,8.48237817961687,-4.16827603349873));
#6859=CARTESIAN_POINT('',(8.,8.37626871967562,-4.13944821000246));
#6860=CARTESIAN_POINT('',(8.,8.27242477327449,-4.10481595411343));
#6861=CARTESIAN_POINT('',(8.,8.09325861633641,-4.03349288055642));
#6862=CARTESIAN_POINT('',(8.,8.01640757767849,-3.99960785614117));
#6863=CARTESIAN_POINT('',(8.,7.88273583774828,-3.93121257240537));
#6864=CARTESIAN_POINT('',(8.,7.82423220612468,-3.89866863894778));
#6865=CARTESIAN_POINT('',(8.,7.72106896045594,-3.83409052988126));
#6866=CARTESIAN_POINT('',(8.,7.67520114022004,-3.80319537260974));
#6867=CARTESIAN_POINT('',(8.,7.5934169710873,-3.74231075682077));
#6868=CARTESIAN_POINT('',(8.,7.55660753781106,-3.71299968959725));
#6869=CARTESIAN_POINT('',(8.,7.49039673161596,-3.65536974193075));
#6870=CARTESIAN_POINT('',(8.,7.46031858137111,-3.62745882272843));
#6871=CARTESIAN_POINT('',(8.,7.40585425446854,-3.57258962549948));
#6872=CARTESIAN_POINT('',(8.,7.38094441639299,-3.54587364541547));
#6873=CARTESIAN_POINT('',(8.,7.33562652510094,-3.49330944605372));
#6874=CARTESIAN_POINT('',(8.,7.31480624951264,-3.46759848655654));
#6875=CARTESIAN_POINT('',(8.,7.27682213427462,-3.41694977440479));
#6876=CARTESIAN_POINT('',(8.,7.2593292372854,-3.39208080064699));
#6877=CARTESIAN_POINT('',(8.,7.22738686404159,-3.34302714224403));
#6878=CARTESIAN_POINT('',(8.,7.21267182172779,-3.31886558299939));
#6879=CARTESIAN_POINT('',(8.,7.18583240667758,-3.27114935693131));
#6880=CARTESIAN_POINT('',(8.,7.17349196112661,-3.2475868477907));
#6881=CARTESIAN_POINT('',(8.,7.15106187291449,-3.20100443535806));
#6882=CARTESIAN_POINT('',(8.,7.14079548868573,-3.17795542107485));
#6883=CARTESIAN_POINT('',(8.,7.12225464417317,-3.13234845395657));
#6884=CARTESIAN_POINT('',(8.,7.11383526507623,-3.10974667742572));
#6885=CARTESIAN_POINT('',(8.,7.09878861635535,-3.06499422753033));
#6886=CARTESIAN_POINT('',(8.,7.09204262251197,-3.04278954164179));
#6887=CARTESIAN_POINT('',(8.,7.08018663027837,-2.99880150204384));
#6888=CARTESIAN_POINT('',(8.,7.07497981839824,-2.97695713357781));
#6889=CARTESIAN_POINT('',(8.,7.06607889006248,-2.93366870898599));
#6890=CARTESIAN_POINT('',(8.,7.06230658278844,-2.91215892267979));
#6891=CARTESIAN_POINT('',(8.,7.05617625582684,-2.86952611580005));
#6892=CARTESIAN_POINT('',(8.,7.05375612056753,-2.84833432432376));
#6893=CARTESIAN_POINT('',(8.,7.05025090874837,-2.80633024043376));
#6894=CARTESIAN_POINT('',(8.,7.04911778982911,-2.78544739288712));
#6895=CARTESIAN_POINT('',(8.,7.0481223514232,-2.74405920294121));
#6896=CARTESIAN_POINT('',(8.,7.04822450030863,-2.72348248557027));
#6897=CARTESIAN_POINT('',(8.,7.04964715253737,-2.68270894333572));
#6898=CARTESIAN_POINT('',(8.,7.05094341330847,-2.6624406885783));
#6899=CARTESIAN_POINT('',(8.,7.05471137832161,-2.62229009587967));
#6900=CARTESIAN_POINT('',(8.,7.05716916007315,-2.60233690257141));
#6901=CARTESIAN_POINT('',(8.,7.06322513779318,-2.56282543240533));
#6902=CARTESIAN_POINT('',(8.,7.06681898369327,-2.5431974156878));
#6903=CARTESIAN_POINT('',(8.,7.07511872615788,-2.5043477156503));
#6904=CARTESIAN_POINT('',(8.,7.0798292780298,-2.4850578966943));
#6905=CARTESIAN_POINT('',(8.,7.0903399601076,-2.44689797412968));
#6906=CARTESIAN_POINT('',(8.,7.09614394758482,-2.42799403861774));
#6907=CARTESIAN_POINT('',(8.,7.10250296369401,-2.40924295778091));
#6908=CARTESIAN_POINT('',(8.,7.16216308388593,-2.22562800112818));
#6909=AXIS2_PLACEMENT_3D('',#6910,#6911,#6912);
#6910=CARTESIAN_POINT('',(8.,0.,0.));
#6911=DIRECTION('',(1.,-3.08148791101958E-33,-6.12323399573677E-17));
#6912=DIRECTION('',(-1.96698111811206E-17,0.947000395336824,-0.32123239443104));
#6913=CARTESIAN_POINT('',(8.,9.31243927825345,-1.61361065305573));
#6914=CARTESIAN_POINT('',(8.,7.162163086406,-2.22562800191129));
#6915=CARTESIAN_POINT('',(8.,7.16804014145454,-2.20672032050395));
#6916=CARTESIAN_POINT('',(8.,7.1744560700923,-2.18801521475358));
#6917=CARTESIAN_POINT('',(8.,7.18838258619282,-2.15096516288479));
#6918=CARTESIAN_POINT('',(8.,7.19590993747758,-2.13259057822629));
#6919=CARTESIAN_POINT('',(8.,7.21203058503445,-2.09628204487255));
#6920=CARTESIAN_POINT('',(8.,7.22066016559518,-2.07829023758813));
#6921=CARTESIAN_POINT('',(8.,7.23898503596899,-2.04276517402183));
#6922=CARTESIAN_POINT('',(8.,7.24872483773633,-2.02517805407885));
#6923=CARTESIAN_POINT('',(8.,7.26927641526541,-1.99048078861616));
#6924=CARTESIAN_POINT('',(8.,7.28014110096439,-1.97332150257025));
#6925=CARTESIAN_POINT('',(8.,7.30295624013633,-1.9394988008537));
#6926=CARTESIAN_POINT('',(8.,7.31496829410207,-1.92279184833981));
#6927=CARTESIAN_POINT('',(8.,7.34010098850179,-1.88989320129075));
#6928=CARTESIAN_POINT('',(8.,7.3532923265098,-1.87366464703044));
#6929=CARTESIAN_POINT('',(8.,7.38081748453631,-1.84174293849237));
#6930=CARTESIAN_POINT('',(8.,7.39523164182529,-1.82602094174237));
#6931=CARTESIAN_POINT('',(8.,7.42525011492169,-1.7951335960185));
#6932=CARTESIAN_POINT('',(8.,7.44094510805691,-1.77994912297409));
#6933=CARTESIAN_POINT('',(8.,7.47359040394597,-1.75015988649342));
#6934=CARTESIAN_POINT('',(8.,7.49064259727895,-1.7355479029132));
#6935=CARTESIAN_POINT('',(8.,7.52608981844286,-1.70692960900636));
#6936=CARTESIAN_POINT('',(8.,7.54459903438555,-1.69293084343724));
#6937=CARTESIAN_POINT('',(8.,7.58307686001403,-1.66556955138756));
#6938=CARTESIAN_POINT('',(8.,7.60317326858797,-1.65223311355981));
#6939=CARTESIAN_POINT('',(8.,7.64498022931579,-1.62623433614805));
#6940=CARTESIAN_POINT('',(8.,7.66683378101307,-1.61362172210511));
#6941=CARTESIAN_POINT('',(8.,7.71236055976201,-1.58911983361337));
#6942=CARTESIAN_POINT('',(8.,7.73619388537853,-1.57731089508126));
#6943=CARTESIAN_POINT('',(8.,7.78595432306685,-1.55448346767163));
#6944=CARTESIAN_POINT('',(8.,7.81206085093501,-1.54358563783142));
#6945=CARTESIAN_POINT('',(8.,7.86673578993491,-1.52267564909671));
#6946=CARTESIAN_POINT('',(8.,7.89550545557109,-1.51283829448535));
#6947=CARTESIAN_POINT('',(8.,7.95600581525016,-1.49418912747643));
#6948=CARTESIAN_POINT('',(8.,7.98796229510265,-1.48562637314644));
#6949=CARTESIAN_POINT('',(8.,8.05552170162064,-1.46973823061051));
#6950=CARTESIAN_POINT('',(8.,8.09137744397501,-1.46276618611402));
#6951=CARTESIAN_POINT('',(8.,8.16769131630537,-1.4503894038064));
#6952=CARTESIAN_POINT('',(8.,8.20843067841176,-1.44548849097845));
#6953=CARTESIAN_POINT('',(8.,8.2958703777078,-1.43778262252893));
#6954=CARTESIAN_POINT('',(8.,8.34287844553523,-1.43570551600301));
#6955=CARTESIAN_POINT('',(8.,8.44483030728261,-1.43452035371768));
#6956=CARTESIAN_POINT('',(8.,8.50009787334758,-1.43648606558505));
#6957=CARTESIAN_POINT('',(8.,8.62151675254116,-1.44487911036555));
#6958=CARTESIAN_POINT('',(8.,8.68797602638287,-1.45293809593604));
#6959=CARTESIAN_POINT('',(8.,8.83632047466637,-1.47617542799395));
#6960=CARTESIAN_POINT('',(8.,8.91841139155868,-1.49393376718156));
#6961=CARTESIAN_POINT('',(8.,9.10528250908333,-1.54154341229611));
#6962=CARTESIAN_POINT('',(8.,9.20965035446261,-1.57456327118646));
#6963=CARTESIAN_POINT('',(8.,9.31243927825346,-1.61361065305573));
#6964=CARTESIAN_POINT('',(8.,11.9856108118873,-0.587480609017169));
#6965=CARTESIAN_POINT('',(8.,9.31243927825346,-1.61361065305573));
#6966=CARTESIAN_POINT('',(8.,9.35973189262468,-1.61593824302127));
#6967=CARTESIAN_POINT('',(8.,9.40697457292297,-1.61645728538299));
#6968=CARTESIAN_POINT('',(8.,9.50206346940849,-1.61385905492829));
#6969=CARTESIAN_POINT('',(8.,9.54998778657434,-1.61019736625191));
#6970=CARTESIAN_POINT('',(8.,9.64610909640126,-1.60104257864278));
#6971=CARTESIAN_POINT('',(8.,9.69442173711388,-1.59477370496535));
#6972=CARTESIAN_POINT('',(8.,9.79130583223585,-1.58028892679826));
#6973=CARTESIAN_POINT('',(8.,9.83993760554466,-1.57163376126537));
#6974=CARTESIAN_POINT('',(8.,9.93742183980117,-1.55242733792007));
#6975=CARTESIAN_POINT('',(8.,9.98631208696819,-1.5415687783889));
#6976=CARTESIAN_POINT('',(8.,10.0842735907642,-1.51801842966281));
#6977=CARTESIAN_POINT('',(8.,10.1333703478282,-1.50508988247022));
#6978=CARTESIAN_POINT('',(8.,10.231706473991,-1.47745555059924));
#6979=CARTESIAN_POINT('',(8.,10.2809636135275,-1.4625566002313));
#6980=CARTESIAN_POINT('',(8.,10.3795835941421,-1.43102865844756));
#6981=CARTESIAN_POINT('',(8.,10.4289588879402,-1.41423593550187));
#6982=CARTESIAN_POINT('',(8.,10.5277795473091,-1.37895989032091));
#6983=CARTESIAN_POINT('',(8.,10.5772334687936,-1.36033394428312));
#6984=CARTESIAN_POINT('',(8.,10.6761767882238,-1.32142461461904));
#6985=CARTESIAN_POINT('',(8.,10.7256717490017,-1.30101442812104));
#6986=CARTESIAN_POINT('',(8.,10.8246633743165,-1.25856473852358));
#6987=CARTESIAN_POINT('',(8.,10.874163219916,-1.23641070785569));
#6988=CARTESIAN_POINT('',(8.,10.9731314664679,-1.19049745334931));
#6989=CARTESIAN_POINT('',(8.,11.0226010934112,-1.1666334789346));
#6990=CARTESIAN_POINT('',(8.,11.1214762814724,-1.11732130111258));
#6991=CARTESIAN_POINT('',(8.,11.1708814267627,-1.09177631153784));
#6992=CARTESIAN_POINT('',(8.,11.2695954112033,-1.03912051636449));
#6993=CARTESIAN_POINT('',(8.,11.3189024246724,-1.01191952734269));
#6994=CARTESIAN_POINT('',(8.,11.417388261156,-0.955968160010186));
#6995=CARTESIAN_POINT('',(8.,11.4665640264172,-0.927133156068221));
#6996=CARTESIAN_POINT('',(8.,11.5647557254165,-0.867928560377245));
#6997=CARTESIAN_POINT('',(8.,11.6137675124076,-0.837479090715517));
#6998=CARTESIAN_POINT('',(8.,11.7115998376947,-0.775059096589277));
#6999=CARTESIAN_POINT('',(8.,11.7604152481227,-0.743012786391125));
#7000=CARTESIAN_POINT('',(8.,11.8578235924885,-0.677411647399391));
#7001=CARTESIAN_POINT('',(8.,11.90641050952,-0.643784603279667));
#7002=CARTESIAN_POINT('',(8.,11.9649473539087,-0.602261203654321));
#7003=CARTESIAN_POINT('',(8.,11.9752885175725,-0.59488443844304));
#7004=CARTESIAN_POINT('',(8.,11.9856108119989,-0.587480603813543));
#7005=CARTESIAN_POINT('',(8.,11.9856108122474,0.587480601668957));
#7006=AXIS2_PLACEMENT_3D('',#7007,#7008,#7009);
#7007=CARTESIAN_POINT('',(8.,0.,-4.89858719658941E-16));
#7008=DIRECTION('',(-1.,0.,6.12323399573677E-17));
#7009=DIRECTION('',(2.99773432664604E-18,0.99880090102062,0.0489567168057465));
#7010=CARTESIAN_POINT('',(8.,9.31243928,1.61361065));
#7011=CARTESIAN_POINT('',(8.,11.9856108125076,0.587480596358818));
#7012=CARTESIAN_POINT('',(8.,11.9752885187846,0.594884430551448));
#7013=CARTESIAN_POINT('',(8.,11.9649473558817,0.602261195409224));
#7014=CARTESIAN_POINT('',(8.,11.9064105090353,0.643784598777339));
#7015=CARTESIAN_POINT('',(8.,11.8578235910975,0.677411650305344));
#7016=CARTESIAN_POINT('',(8.,11.7604152462027,0.743012794254189));
#7017=CARTESIAN_POINT('',(8.,11.7115998375524,0.775059104055168));
#7018=CARTESIAN_POINT('',(8.,11.6137675140494,0.837479097955855));
#7019=CARTESIAN_POINT('',(8.,11.5647557266999,0.867928567334858));
#7020=CARTESIAN_POINT('',(8.,11.4665640269863,0.927133162066009));
#7021=CARTESIAN_POINT('',(8.,11.4173882610743,0.955968164910634));
#7022=CARTESIAN_POINT('',(8.,11.318902422213,1.01191953124672));
#7023=CARTESIAN_POINT('',(8.,11.2695954058249,1.03912051813721));
#7024=CARTESIAN_POINT('',(8.,11.1708814230338,1.09177631469303));
#7025=CARTESIAN_POINT('',(8.,11.1214762836001,1.11732131033091));
#7026=CARTESIAN_POINT('',(8.,11.0226010973329,1.16663348773273));
#7027=CARTESIAN_POINT('',(8.,10.9731314668982,1.19049745670515));
#7028=CARTESIAN_POINT('',(8.,10.8741632201323,1.23641070755292));
#7029=CARTESIAN_POINT('',(8.,10.8246633762427,1.25856473676893));
#7030=CARTESIAN_POINT('',(8.,10.7256717486796,1.30101442747539));
#7031=CARTESIAN_POINT('',(8.,10.6761767846152,1.32142461806451));
#7032=CARTESIAN_POINT('',(8.,10.5772334636581,1.36033394768529));
#7033=CARTESIAN_POINT('',(8.,10.5277795440074,1.37895988964123));
#7034=CARTESIAN_POINT('',(8.,10.4289588871952,1.4142359335241));
#7035=CARTESIAN_POINT('',(8.,10.3795835936171,1.43102865782084));
#7036=CARTESIAN_POINT('',(8.,10.2809636142883,1.46255660159346));
#7037=CARTESIAN_POINT('',(8.,10.2317064767457,1.47745555568207));
#7038=CARTESIAN_POINT('',(8.,10.1333703495191,1.50508988639485));
#7039=CARTESIAN_POINT('',(8.,10.0842735889174,1.51801842672442));
#7040=CARTESIAN_POINT('',(8.,9.98631208533959,1.54156877436978));
#7041=CARTESIAN_POINT('',(8.,9.9374218417416,1.55242733956197));
#7042=CARTESIAN_POINT('',(8.,9.83993760841044,1.57163376265915));
#7043=CARTESIAN_POINT('',(8.,9.79130583272244,1.58028892261076));
#7044=CARTESIAN_POINT('',(8.,9.69442173658202,1.59477370074587));
#7045=CARTESIAN_POINT('',(8.,9.64610909686706,1.60104257748923));
#7046=CARTESIAN_POINT('',(8.,9.54998778764199,1.61019736980035));
#7047=CARTESIAN_POINT('',(8.,9.50206347043175,1.61385906556553));
#7048=CARTESIAN_POINT('',(8.,9.40697457414208,1.61645729446074));
#7049=CARTESIAN_POINT('',(8.,9.35973189414208,1.61593824779408));
#7050=CARTESIAN_POINT('',(8.,9.31243928,1.61361065));
#7051=CARTESIAN_POINT('',(8.,7.16216308067168,2.22562800020872));
#7052=CARTESIAN_POINT('',(8.,9.31243928,1.61361065));
#7053=CARTESIAN_POINT('',(8.,9.20965035413678,1.57456327343714));
#7054=CARTESIAN_POINT('',(8.,9.10528250747011,1.54154341677047));
#7055=CARTESIAN_POINT('',(8.,8.91841139090538,1.49393377061102));
#7056=CARTESIAN_POINT('',(8.,8.8363204769709,1.47617542407129));
#7057=CARTESIAN_POINT('',(8.,8.68797602859343,1.45293809356939));
#7058=CARTESIAN_POINT('',(8.,8.62151675223933,1.44487911692649));
#7059=CARTESIAN_POINT('',(8.,8.5000978731682,1.43648607024319));
#7060=CARTESIAN_POINT('',(8.,8.44483030929097,1.43452034923027));
#7061=CARTESIAN_POINT('',(8.,8.3428784473395,1.43570550961232));
#7062=CARTESIAN_POINT('',(8.,8.29587037722277,1.4377826190944));
#7063=CARTESIAN_POINT('',(8.,8.20843067647091,1.44548849071766));
#7064=CARTESIAN_POINT('',(8.,8.16769131507841,1.4503894055508));
#7065=CARTESIAN_POINT('',(8.,8.09137744409074,1.46276619044737));
#7066=CARTESIAN_POINT('',(8.,8.05552170266657,1.46973823689891));
#7067=CARTESIAN_POINT('',(8.,7.98796229727867,1.48562637931182));
#7068=CARTESIAN_POINT('',(8.,7.95600581768543,1.49418913154726));
#7069=CARTESIAN_POINT('',(8.,7.89550545689117,1.51283829766294));
#7070=CARTESIAN_POINT('',(8.,7.86673578993156,1.52267565319553));
#7071=CARTESIAN_POINT('',(8.,7.8120608501564,1.54358564056386));
#7072=CARTESIAN_POINT('',(8.,7.7859543226552,1.55448346774446));
#7073=CARTESIAN_POINT('',(8.,7.73619388578262,1.5773108931943));
#7074=CARTESIAN_POINT('',(8.,7.71236056023387,1.58911983161759));
#7075=CARTESIAN_POINT('',(8.,7.66683378264082,1.61362171985588));
#7076=CARTESIAN_POINT('',(8.,7.64498023265343,1.62623433487055));
#7077=CARTESIAN_POINT('',(8.,7.60317327167879,1.6522331113616));
#7078=CARTESIAN_POINT('',(8.,7.58307685998684,1.66556954581149));
#7079=CARTESIAN_POINT('',(8.,7.54459903541079,1.69293084010222));
#7080=CARTESIAN_POINT('',(8.,7.52608982485047,1.70692961264761));
#7081=CARTESIAN_POINT('',(8.,7.49064260469538,1.73554790684538));
#7082=CARTESIAN_POINT('',(8.,7.47359040776786,1.75015988493119));
#7083=CARTESIAN_POINT('',(8.,7.44094510790848,1.77994912167821));
#7084=CARTESIAN_POINT('',(8.,7.42525011204503,1.79513359776251));
#7085=CARTESIAN_POINT('',(8.,7.39523163820427,1.82602094726636));
#7086=CARTESIAN_POINT('',(8.,7.38081748515138,1.84174294689796));
#7087=CARTESIAN_POINT('',(8.,7.3532923281742,1.87366465278465));
#7088=CARTESIAN_POINT('',(8.,7.34010098589809,1.889893200751));
#7089=CARTESIAN_POINT('',(8.,7.31496829164157,1.92279184576909));
#7090=CARTESIAN_POINT('',(8.,7.30295624081461,1.93949880141903));
#7091=CARTESIAN_POINT('',(8.,7.28014110383555,1.97332150400684));
#7092=CARTESIAN_POINT('',(8.,7.26927641959239,1.99048078951629));
#7093=CARTESIAN_POINT('',(8.,7.24872484106318,2.02517805560958));
#7094=CARTESIAN_POINT('',(8.,7.2389850355059,2.04276517595493));
#7095=CARTESIAN_POINT('',(8.,7.22066016493894,2.07829024118406));
#7096=CARTESIAN_POINT('',(8.,7.21203058858898,2.09628204989351));
#7097=CARTESIAN_POINT('',(8.,7.19590994055375,2.13259058366874));
#7098=CARTESIAN_POINT('',(8.,7.18838258596928,2.15096516794304));
#7099=CARTESIAN_POINT('',(8.,7.17445606668059,2.1880152177187));
#7100=CARTESIAN_POINT('',(8.,7.16804013668059,2.20672032105204));
#7101=CARTESIAN_POINT('',(8.,7.16216308,2.225628));
#7102=AXIS2_PLACEMENT_3D('',#7103,#7104,#7105);
#7103=CARTESIAN_POINT('',(8.,0.,0.));
#7104=DIRECTION('',(1.,0.,-6.12323399573677E-17));
#7105=DIRECTION('',(1.8170721378693E-17,0.954955077512448,0.29675040005566));
#7106=CARTESIAN_POINT('',(8.,-9.79717439317883E-16,-4.));
#7107=AXIS2_PLACEMENT_3D('',#7108,#7109,#7110);
#7108=CARTESIAN_POINT('',(8.,0.,-4.89858719658941E-16));
#7109=DIRECTION('',(1.,0.,-6.12323399573677E-17));
#7110=DIRECTION('',(-6.12323399573677E-17,-1.22464679914735E-16,-1.));
#7111=CARTESIAN_POINT('',(8.,8.48237818,4.16827603));
#7112=VECTOR('',#7113,1.);
#7113=DIRECTION('',(-1.,0.,0.));
#7114=CARTESIAN_POINT('',(8.,7.10250296500183,2.40924295830457));
#7115=VECTOR('',#7116,1.);
#7116=DIRECTION('',(-1.,0.,0.));
#7117=CARTESIAN_POINT('',(8.,7.16216308,2.225628));
#7118=VECTOR('',#7119,1.);
#7119=DIRECTION('',(-1.,0.,0.));
#7120=CARTESIAN_POINT('',(8.,9.31243928,1.61361065));
#7121=VECTOR('',#7122,1.);
#7122=DIRECTION('',(-1.,0.,0.));
#7123=CARTESIAN_POINT('',(8.,11.9856108122474,0.587480601668957));
#7124=VECTOR('',#7125,1.);
#7125=DIRECTION('',(-1.,0.,5.55111512312578E-17));
#7126=CARTESIAN_POINT('',(8.,11.9856108118873,-0.587480609017169));
#7127=VECTOR('',#7128,1.);
#7128=DIRECTION('',(-1.,0.,5.55111512312578E-17));
#7129=CARTESIAN_POINT('',(8.,9.31243927825345,-1.61361065305573));
#7130=VECTOR('',#7131,1.);
#7131=DIRECTION('',(-1.,0.,0.));
#7132=CARTESIAN_POINT('',(8.,7.16216308136585,-2.22562800034507));
#7133=VECTOR('',#7134,1.);
#7134=DIRECTION('',(-1.,0.,0.));
#7135=CARTESIAN_POINT('',(8.,7.10250296369401,-2.40924295778091));
#7136=VECTOR('',#7137,1.);
#7137=DIRECTION('',(-1.,0.,0.));
#7138=CARTESIAN_POINT('',(8.,8.48237817961687,-4.16827603349873));
#7139=VECTOR('',#7140,1.);
#7140=DIRECTION('',(-1.,0.,0.));
#7141=CARTESIAN_POINT('',(8.,10.0418752687412,-6.56968348454045));
#7142=VECTOR('',#7143,1.);
#7143=DIRECTION('',(-1.,0.,1.11022302462516E-16));
#7144=CARTESIAN_POINT('',(8.,9.35125039679281,-7.52024707150518));
#7145=VECTOR('',#7146,1.);
#7146=DIRECTION('',(-1.,0.,1.11022302462516E-16));
#7147=CARTESIAN_POINT('',(8.,6.58546509038363,-6.77915291125309));
#7148=VECTOR('',#7149,1.);
#7149=DIRECTION('',(-1.,0.,0.));
#7150=CARTESIAN_POINT('',(8.,4.48612033361779,-6.01038470917636));
#7151=VECTOR('',#7152,1.);
#7152=DIRECTION('',(-1.,0.,0.));
#7153=CARTESIAN_POINT('',(8.,4.32992812045377,-6.12386499284584));
#7154=VECTOR('',#7155,1.);
#7155=DIRECTION('',(-1.,0.,0.));
#7156=CARTESIAN_POINT('',(8.,4.41233692005056,-8.35802294669254));
#7157=VECTOR('',#7158,1.);
#7158=DIRECTION('',(-1.,0.,0.));
#7159=CARTESIAN_POINT('',(8.,4.26248468336283,-11.2174517749842));
#7160=VECTOR('',#7161,1.);
#7161=DIRECTION('',(-1.,0.,0.));
#7162=CARTESIAN_POINT('',(8.,3.14503016743445,-11.5805347564751));
#7163=VECTOR('',#7164,1.);
#7164=DIRECTION('',(-1.,0.,0.));
#7165=CARTESIAN_POINT('',(8.,1.34306706971316,-9.35528917228456));
#7166=VECTOR('',#7167,1.);
#7167=DIRECTION('',(-1.,0.,0.));
#7168=CARTESIAN_POINT('',(8.,0.0965320960497557,-7.49937874456493));
#7169=VECTOR('',#7170,1.);
#7170=DIRECTION('',(-1.,0.,0.));
#7171=CARTESIAN_POINT('',(8.,-0.0965320959558658,-7.49937874315929));
#7172=VECTOR('',#7173,1.);
#7173=DIRECTION('',(-1.,0.,0.));
#7174=CARTESIAN_POINT('',(8.,-1.34306707315904,-9.35528917300135));
#7175=VECTOR('',#7176,1.);
#7176=DIRECTION('',(-1.,0.,0.));
#7177=CARTESIAN_POINT('',(8.,-3.14503017453432,-11.5805347545469));
#7178=VECTOR('',#7179,1.);
#7179=DIRECTION('',(-1.,0.,0.));
#7180=CARTESIAN_POINT('',(8.,-4.2624846902401,-11.217451772371));
#7181=VECTOR('',#7182,1.);
#7182=DIRECTION('',(-1.,0.,0.));
#7183=CARTESIAN_POINT('',(8.,-4.41233692241702,-8.3580229440872));
#7184=VECTOR('',#7185,1.);
#7185=DIRECTION('',(-1.,0.,0.));
#7186=CARTESIAN_POINT('',(8.,-4.32992812120402,-6.12386499403821));
#7187=VECTOR('',#7188,1.);
#7188=DIRECTION('',(-1.,0.,0.));
#7189=CARTESIAN_POINT('',(8.,-4.48612033271562,-6.01038470809436));
#7190=VECTOR('',#7191,1.);
#7191=DIRECTION('',(-1.,0.,0.));
#7192=CARTESIAN_POINT('',(8.,-6.58546509359273,-6.77915290980754));
#7193=VECTOR('',#7194,1.);
#7194=DIRECTION('',(-1.,0.,0.));
#7195=CARTESIAN_POINT('',(8.,-9.35125040140338,-7.52024706577206));
#7196=VECTOR('',#7197,1.);
#7197=DIRECTION('',(-1.,0.,1.11022302462516E-16));
#7198=CARTESIAN_POINT('',(8.,-10.041875272769,-6.56968347838391));
#7199=VECTOR('',#7200,1.);
#7200=DIRECTION('',(-1.,0.,1.11022302462516E-16));
#7201=CARTESIAN_POINT('',(8.,-8.48237818,-4.16827603));
#7202=VECTOR('',#7203,1.);
#7203=DIRECTION('',(-1.,0.,0.));
#7204=CARTESIAN_POINT('',(8.,-7.10250296500183,-2.40924295830457));
#7205=VECTOR('',#7206,1.);
#7206=DIRECTION('',(-1.,0.,0.));
#7207=CARTESIAN_POINT('',(8.,-7.16216308,-2.225628));
#7208=VECTOR('',#7209,1.);
#7209=DIRECTION('',(-1.,0.,0.));
#7210=CARTESIAN_POINT('',(8.,-9.31243928,-1.61361065));
#7211=VECTOR('',#7212,1.);
#7212=DIRECTION('',(-1.,0.,0.));
#7213=CARTESIAN_POINT('',(8.,-11.9856108122474,-0.587480601668954));
#7214=VECTOR('',#7215,1.);
#7215=DIRECTION('',(-1.,0.,5.55111512312578E-17));
#7216=CARTESIAN_POINT('',(8.,-11.9856108118873,0.587480609017173));
#7217=VECTOR('',#7218,1.);
#7218=DIRECTION('',(-1.,0.,5.55111512312578E-17));
#7219=CARTESIAN_POINT('',(8.,-9.31243927825345,1.61361065305573));
#7220=VECTOR('',#7221,1.);
#7221=DIRECTION('',(-1.,0.,0.));
#7222=CARTESIAN_POINT('',(8.,-7.16216308136585,2.22562800034507));
#7223=VECTOR('',#7224,1.);
#7224=DIRECTION('',(-1.,0.,0.));
#7225=CARTESIAN_POINT('',(8.,-7.10250296369401,2.40924295778091));
#7226=VECTOR('',#7227,1.);
#7227=DIRECTION('',(-1.,0.,0.));
#7228=CARTESIAN_POINT('',(8.,-8.48237817961687,4.16827603349873));
#7229=VECTOR('',#7230,1.);
#7230=DIRECTION('',(-1.,0.,0.));
#7231=CARTESIAN_POINT('',(8.,-10.0418752687412,6.56968348454045));
#7232=VECTOR('',#7233,1.);
#7233=DIRECTION('',(-1.,0.,1.11022302462516E-16));
#7234=CARTESIAN_POINT('',(8.,-9.35125039679281,7.52024707150519));
#7235=VECTOR('',#7236,1.);
#7236=DIRECTION('',(-1.,0.,1.11022302462516E-16));
#7237=CARTESIAN_POINT('',(8.,-6.58546509038363,6.77915291125309));
#7238=VECTOR('',#7239,1.);
#7239=DIRECTION('',(-1.,0.,0.));
#7240=CARTESIAN_POINT('',(8.,-4.48612033361779,6.01038470917636));
#7241=VECTOR('',#7242,1.);
#7242=DIRECTION('',(-1.,0.,0.));
#7243=CARTESIAN_POINT('',(8.,-4.32992812045377,6.12386499284584));
#7244=VECTOR('',#7245,1.);
#7245=DIRECTION('',(-1.,0.,0.));
#7246=CARTESIAN_POINT('',(8.,-4.41233692005056,8.35802294669254));
#7247=VECTOR('',#7248,1.);
#7248=DIRECTION('',(-1.,0.,0.));
#7249=CARTESIAN_POINT('',(8.,-4.26248468336283,11.2174517749842));
#7250=VECTOR('',#7251,1.);
#7251=DIRECTION('',(-1.,0.,0.));
#7252=CARTESIAN_POINT('',(8.,-3.14503016743445,11.5805347564751));
#7253=VECTOR('',#7254,1.);
#7254=DIRECTION('',(-1.,0.,0.));
#7255=CARTESIAN_POINT('',(8.,-1.34306706971316,9.35528917228456));
#7256=VECTOR('',#7257,1.);
#7257=DIRECTION('',(-1.,0.,0.));
#7258=CARTESIAN_POINT('',(8.,-0.0965320960497557,7.49937874456493));
#7259=VECTOR('',#7260,1.);
#7260=DIRECTION('',(-1.,0.,0.));
#7261=CARTESIAN_POINT('',(8.,0.0965320959558658,7.49937874315929));
#7262=VECTOR('',#7263,1.);
#7263=DIRECTION('',(-1.,0.,0.));
#7264=CARTESIAN_POINT('',(8.,1.34306707315904,9.35528917300135));
#7265=VECTOR('',#7266,1.);
#7266=DIRECTION('',(-1.,0.,0.));
#7267=CARTESIAN_POINT('',(8.,3.14503017453432,11.5805347545469));
#7268=VECTOR('',#7269,1.);
#7269=DIRECTION('',(-1.,0.,0.));
#7270=CARTESIAN_POINT('',(8.,4.2624846902401,11.217451772371));
#7271=VECTOR('',#7272,1.);
#7272=DIRECTION('',(-1.,0.,0.));
#7273=CARTESIAN_POINT('',(8.,4.41233692241702,8.3580229440872));
#7274=VECTOR('',#7275,1.);
#7275=DIRECTION('',(-1.,0.,0.));
#7276=CARTESIAN_POINT('',(8.,4.32992812120402,6.12386499403821));
#7277=VECTOR('',#7278,1.);
#7278=DIRECTION('',(-1.,0.,0.));
#7279=CARTESIAN_POINT('',(8.,4.48612033271562,6.01038470809436));
#7280=VECTOR('',#7281,1.);
#7281=DIRECTION('',(-1.,0.,0.));
#7282=CARTESIAN_POINT('',(8.,6.58546509359273,6.77915290980754));
#7283=VECTOR('',#7284,1.);
#7284=DIRECTION('',(-1.,0.,0.));
#7285=CARTESIAN_POINT('',(8.,9.35125040140337,7.52024706577206));
#7286=VECTOR('',#7287,1.);
#7287=DIRECTION('',(-1.,0.,1.11022302462516E-16));
#7288=CARTESIAN_POINT('',(8.,10.041875272769,6.56968347838391));
#7289=VECTOR('',#7290,1.);
#7290=DIRECTION('',(-1.,0.,1.11022302462516E-16));
ENDSEC;
END-ISO-10303-21;
